$date
	Mon Jan  5 11:07:42 2026
$end
$version
	Icarus Verilog
$end
$timescale
	1s
$end
$scope module CR_to_MS $end
$var wire 8 ! x [7:0] $end
$var wire 1 " sgn_x $end
$var wire 8 # abs_x [7:0] $end
$var parameter 32 $ N $end
$upscope $end
$scope module MS_to_CR $end
$var wire 8 % abs_x [7:0] $end
$var wire 1 & ow $end
$var wire 1 ' sgn_x $end
$var wire 8 ( x [7:0] $end
$var parameter 32 ) N $end
$upscope $end
$scope module comp_nat $end
$var wire 2 * a [1:0] $end
$var wire 2 + b [1:0] $end
$var wire 1 , min $end
$var wire 1 - eq $end
$var parameter 32 . N $end
$upscope $end
$scope module diff $end
$var wire 1 / b_in $end
$var wire 8 0 x [7:0] $end
$var wire 8 1 y [7:0] $end
$var wire 1 2 ow $end
$var wire 8 3 d [7:0] $end
$var wire 1 4 b_out $end
$var parameter 32 5 N $end
$upscope $end
$scope module imul $end
$var wire 1 6 sgn_m $end
$var wire 8 7 x [7:0] $end
$var wire 8 8 y [7:0] $end
$var wire 1 9 sgn_y $end
$var wire 1 : sgn_x $end
$var wire 16 ; m [15:0] $end
$var wire 8 < abs_y [7:0] $end
$var wire 8 = abs_x [7:0] $end
$var wire 16 > abs_m [15:0] $end
$var parameter 32 ? M $end
$var parameter 32 @ N $end
$upscope $end
$scope module mul_add_nat $end
$var wire 2 A c [1:0] $end
$var wire 2 B x [1:0] $end
$var wire 2 C y [1:0] $end
$var wire 4 D m [3:0] $end
$var parameter 32 E M $end
$var parameter 32 F N $end
$upscope $end
$scope module testbench $end
$var wire 8 G out [7:0] $end
$var wire 1 H signal $end
$var wire 1 I ow $end
$var wire 1 J clock $end
$var parameter 32 K mark $end
$var parameter 32 L space $end
$var reg 1 M error $end
$var reg 1 N reset_ $end
$var reg 1 O rxd $end
$scope function get_expected $end
$upscope $end
$scope function get_x_n $end
$upscope $end
$scope module clk $end
$var wire 1 J clock $end
$var parameter 32 P HALF_PERIOD $end
$var reg 1 Q CLOCK $end
$upscope $end
$scope module dut $end
$var wire 1 R c1 $end
$var wire 1 J clock $end
$var wire 8 S out [7:0] $end
$var wire 1 N reset_ $end
$var wire 1 O rxd $end
$var wire 1 H signal $end
$var wire 1 I ow $end
$var wire 1 T c0 $end
$var wire 1 U b9 $end
$var wire 1 V b8 $end
$var wire 1 W b7 $end
$var wire 1 X b6 $end
$var wire 1 Y b5 $end
$var wire 1 Z b4 $end
$var wire 1 [ b3 $end
$var wire 1 \ b2 $end
$var wire 1 ] b11 $end
$var wire 1 ^ b10 $end
$var wire 1 _ b1 $end
$var wire 1 ` b0 $end
$scope module pc $end
$var wire 1 R c1 $end
$var wire 1 J clock $end
$var wire 1 N reset_ $end
$var wire 1 T c0 $end
$var wire 1 U b9 $end
$var wire 1 V b8 $end
$var wire 1 W b7 $end
$var wire 1 X b6 $end
$var wire 1 Y b5 $end
$var wire 1 Z b4 $end
$var wire 1 [ b3 $end
$var wire 1 \ b2 $end
$var wire 1 ] b11 $end
$var wire 1 ^ b10 $end
$var wire 1 _ b1 $end
$var wire 1 ` b0 $end
$var parameter 32 a S0 $end
$var parameter 32 b S1 $end
$var parameter 32 c S2 $end
$var parameter 32 d S3 $end
$var parameter 32 e S4 $end
$var reg 2 f STAR [1:0] $end
$upscope $end
$scope module po $end
$var wire 1 ` b0 $end
$var wire 1 _ b1 $end
$var wire 1 ^ b10 $end
$var wire 1 ] b11 $end
$var wire 1 \ b2 $end
$var wire 1 [ b3 $end
$var wire 1 Z b4 $end
$var wire 1 Y b5 $end
$var wire 1 X b6 $end
$var wire 1 W b7 $end
$var wire 1 V b8 $end
$var wire 1 U b9 $end
$var wire 1 T c0 $end
$var wire 1 R c1 $end
$var wire 1 J clock $end
$var wire 8 g out [7:0] $end
$var wire 1 I ow $end
$var wire 1 N reset_ $end
$var wire 1 O rxd $end
$var wire 1 H signal $end
$var wire 1 h sum_ow $end
$var wire 8 i sum [7:0] $end
$var reg 4 j COUNT_BIT [3:0] $end
$var reg 3 k COUNT_BYTE [2:0] $end
$var reg 8 l CUR_BYTE [7:0] $end
$var reg 8 m OUT [7:0] $end
$var reg 1 n OW $end
$var reg 8 o PREV_BYTE [7:0] $end
$var reg 1 p SIGNAL $end
$scope module rc $end
$var wire 8 q x [7:0] $end
$var wire 8 r xprev [7:0] $end
$var wire 8 s s [7:0] $end
$var wire 1 h ow $end
$scope module add_x $end
$var wire 1 t c_in $end
$var wire 1 h ow $end
$var wire 8 u x [7:0] $end
$var wire 8 v y [7:0] $end
$var wire 8 w s [7:0] $end
$var wire 1 x c_out $end
$var parameter 32 y N $end
$upscope $end
$upscope $end
$upscope $end
$upscope $end
$scope fork f $end
$scope begin out_correctness $end
$var reg 8 z byte_curr [7:0] $end
$var reg 8 { byte_prev [7:0] $end
$var reg 1 | expected_ow $end
$var reg 8 } expected_sum [7:0] $end
$var reg 6 ~ i [5:0] $end
$upscope $end
$scope begin transmitter $end
$var reg 4 !" bit_idx [3:0] $end
$var reg 4 "" bit_len [3:0] $end
$var reg 8 #" byte [7:0] $end
$var reg 6 $" i [5:0] $end
$upscope $end
$upscope $end
$upscope $end
$enddefinitions $end
$comment Show the parameter values. $end
$dumpall
b1000 y
b100 e
b11 d
b10 c
b1 b
b0 a
b101 P
b0 L
b1 K
b10 F
b10 E
b1000 @
b1000 ?
b1000 5
b10 .
b1000 )
b1000 $
$end
#0
$dumpvars
bx $"
bx #"
bx ""
bx !"
bx ~
bx }
x|
bx {
bx z
xx
bx w
b0 v
b0 u
0t
bx s
b0 r
b0 q
xp
b0 o
xn
bx m
b0 l
b0 k
b0 j
bx i
xh
bz g
b0 f
x`
x_
x^
x]
x\
x[
xZ
xY
xX
xW
xV
xU
xT
bz S
xR
0Q
1O
0N
0M
0J
xI
xH
bz G
bx D
bz C
bz B
bz A
bx >
bx =
bx <
bx ;
z:
z9
bz 8
bz 7
x6
x4
bx 3
x2
bz 1
bz 0
z/
x-
x,
bz +
bz *
bx (
z'
x&
bz %
bx #
z"
bz !
$end
#1
b0 i
b0 s
b0 w
0x
1`
1_
1[
1Z
1X
0W
0V
0U
0^
1]
0T
#2
0h
#5
0H
0p
0I
0n
1J
1Q
0O
b1111 ""
b0 !"
b1110010 #"
b1 $"
b1110010 }
0|
b1110010 z
b1 ~
b0 {
1N
#6
1T
#10
0J
0Q
#15
b1 f
1J
1Q
#16
0`
#20
0J
0Q
#25
b1 j
1J
1Q
#30
0J
0Q
#35
b10 j
1J
1Q
#40
0J
0Q
#45
b11 j
1J
1Q
#50
0J
0Q
#55
b100 j
1J
1Q
#60
0J
0Q
#65
b101 j
1J
1Q
#70
0J
0Q
#75
b110 j
1J
1Q
#80
0J
0Q
#85
b111 j
1J
1Q
#90
0J
0Q
#95
b1000 j
1J
1Q
#100
0J
0Q
#105
b1001 j
1J
1Q
#110
0J
0Q
#115
b1010 j
1J
1Q
#120
0J
0Q
#125
b1011 j
1J
1Q
#130
0J
0Q
#135
b1100 j
1J
1Q
#140
0J
0Q
#145
b1101 j
1J
1Q
#150
0J
0Q
#155
b1110 j
1J
1Q
1O
#156
0T
#160
0J
0Q
#165
b1111 j
b10 f
1J
1Q
#166
x`
0_
0\
0[
0Y
0X
xW
1V
xU
1^
#170
0J
0Q
#175
bx f
b1 k
b0 j
1J
1Q
#176
x_
x\
x[
xY
xX
xV
x^
x]
#180
0J
0Q
#185
b10 k
b10000000 l
b10000000 q
b10000000 u
b0 m
b0 f
1J
1Q
#186
1`
1_
1[
1X
0W
0V
0U
0^
1]
b10000000 i
b10000000 s
b10000000 w
#190
0J
0Q
#195
1J
1Q
#200
0J
0Q
#205
1J
1Q
#210
0J
0Q
#215
1J
1Q
#220
0J
0Q
#225
1J
1Q
#230
0J
0Q
#235
1J
1Q
#240
0J
0Q
#245
1J
1Q
#250
0J
0Q
#255
1J
1Q
#260
0J
0Q
#265
1J
1Q
#270
0J
0Q
#275
1J
1Q
#280
0J
0Q
#285
1J
1Q
#290
0J
0Q
#295
1J
1Q
#300
0J
0Q
#305
1J
1Q
#310
0J
0Q
#315
1J
1Q
#320
0J
0Q
#325
1J
1Q
#330
0J
0Q
#335
1J
1Q
#340
0J
0Q
#345
1J
1Q
#350
0J
0Q
#355
1J
1Q
0O
b11 ""
b1 !"
#356
1T
#360
0J
0Q
#365
b1 f
1J
1Q
#366
0`
#370
0J
0Q
#375
b1 j
1J
1Q
#380
0J
0Q
#385
b10 j
1J
1Q
1O
#386
0T
#390
0J
0Q
#395
b10 f
b11 j
1J
1Q
#396
x`
0_
0\
0[
0Y
0X
xW
1V
xU
1^
#400
0J
0Q
#405
b0 j
b11 k
b11000000 l
b11000000 q
b11000000 u
bx f
1J
1Q
#406
x_
x\
x[
xY
xX
xV
x^
x]
b11000000 i
b11000000 s
b11000000 w
#410
0J
0Q
#415
b0 f
b11000000 m
b11100000 l
b11100000 q
b11100000 u
b100 k
1J
1Q
#416
1`
1_
1[
1X
0W
0V
0U
0^
1]
b11100000 i
b11100000 s
b11100000 w
#420
0J
0Q
#425
1J
1Q
#430
0J
0Q
#435
1J
1Q
#440
0J
0Q
#445
1J
1Q
#450
0J
0Q
#455
1J
1Q
#460
0J
0Q
#465
1J
1Q
#470
0J
0Q
#475
1J
1Q
#480
0J
0Q
#485
1J
1Q
#490
0J
0Q
#495
1J
1Q
#500
0J
0Q
#505
1J
1Q
#510
0J
0Q
#515
1J
1Q
#520
0J
0Q
#525
1J
1Q
#530
0J
0Q
#535
1J
1Q
#540
0J
0Q
#545
1J
1Q
#550
0J
0Q
#555
1J
1Q
#560
0J
0Q
#565
1J
1Q
#570
0J
0Q
#575
1J
1Q
#580
0J
0Q
#585
1J
1Q
0O
b1100 ""
b10 !"
#586
1T
#590
0J
0Q
#595
b1 f
1J
1Q
#596
0`
#600
0J
0Q
#605
b1 j
1J
1Q
#610
0J
0Q
#615
b10 j
1J
1Q
#620
0J
0Q
#625
b11 j
1J
1Q
#630
0J
0Q
#635
b100 j
1J
1Q
#640
0J
0Q
#645
b101 j
1J
1Q
#650
0J
0Q
#655
b110 j
1J
1Q
#660
0J
0Q
#665
b111 j
1J
1Q
#670
0J
0Q
#675
b1000 j
1J
1Q
#680
0J
0Q
#685
b1001 j
1J
1Q
#690
0J
0Q
#695
b1010 j
1J
1Q
#700
0J
0Q
#705
b1011 j
1J
1Q
1O
#706
0T
#710
0J
0Q
#715
b10 f
b1100 j
1J
1Q
#716
x`
0_
0\
0[
0Y
0X
xW
1V
xU
1^
#720
0J
0Q
#725
b0 j
b101 k
b1110000 l
b1110000 q
b1110000 u
bx f
1J
1Q
#726
x_
x\
x[
xY
xX
xV
x^
x]
b1110000 i
b1110000 s
b1110000 w
1h
#727
0h
#730
0J
0Q
#735
b0 f
b1110000 m
b10111000 l
b10111000 q
b10111000 u
b110 k
1J
1Q
#736
1`
1_
1[
1X
0W
0V
0U
0^
1]
b10111000 i
b10111000 s
b10111000 w
#740
0J
0Q
#745
1J
1Q
#750
0J
0Q
#755
1J
1Q
#760
0J
0Q
#765
1J
1Q
#770
0J
0Q
#775
1J
1Q
#780
0J
0Q
#785
1J
1Q
#790
0J
0Q
#795
1J
1Q
#800
0J
0Q
#805
1J
1Q
#810
0J
0Q
#815
1J
1Q
#820
0J
0Q
#825
1J
1Q
#830
0J
0Q
#835
1J
1Q
#840
0J
0Q
#845
1J
1Q
#850
0J
0Q
#855
1J
1Q
#860
0J
0Q
#865
1J
1Q
#870
0J
0Q
#875
1J
1Q
#880
0J
0Q
#885
1J
1Q
#890
0J
0Q
#895
1J
1Q
#900
0J
0Q
#905
1J
1Q
0O
b1101 ""
b11 !"
#906
1T
#910
0J
0Q
#915
b1 f
1J
1Q
#916
0`
#920
0J
0Q
#925
b1 j
1J
1Q
#930
0J
0Q
#935
b10 j
1J
1Q
#940
0J
0Q
#945
b11 j
1J
1Q
#950
0J
0Q
#955
b100 j
1J
1Q
#960
0J
0Q
#965
b101 j
1J
1Q
#970
0J
0Q
#975
b110 j
1J
1Q
#980
0J
0Q
#985
b111 j
1J
1Q
#990
0J
0Q
#995
b1000 j
1J
1Q
#1000
0J
0Q
#1005
b1001 j
1J
1Q
#1010
0J
0Q
#1015
b1010 j
1J
1Q
#1020
0J
0Q
#1025
b1011 j
1J
1Q
#1030
0J
0Q
#1035
b1100 j
1J
1Q
1O
#1036
0T
#1040
0J
0Q
#1045
b1101 j
b10 f
1J
1Q
#1046
x`
0_
0\
0[
0Y
0X
xW
1V
xU
1^
#1050
0J
0Q
#1055
bx f
b1011100 l
b1011100 q
b1011100 u
b111 k
b0 j
1J
1Q
#1056
x_
x\
x[
xY
xX
xV
x^
x]
b1011100 i
b1011100 s
b1011100 w
1h
#1057
0h
#1060
0J
0Q
#1065
b0 k
b10101110 l
b10101110 q
b10101110 u
b1011100 m
b0 f
1J
1Q
#1066
1`
1_
1[
1X
0W
0V
0U
0^
1]
b10101110 i
b10101110 s
b10101110 w
#1070
0J
0Q
#1075
1J
1Q
#1080
0J
0Q
#1085
1J
1Q
#1090
0J
0Q
#1095
1J
1Q
#1100
0J
0Q
#1105
1J
1Q
#1110
0J
0Q
#1115
1J
1Q
#1120
0J
0Q
#1125
1J
1Q
#1130
0J
0Q
#1135
1J
1Q
#1140
0J
0Q
#1145
1J
1Q
#1150
0J
0Q
#1155
1J
1Q
#1160
0J
0Q
#1165
1J
1Q
#1170
0J
0Q
#1175
1J
1Q
#1180
0J
0Q
#1185
1J
1Q
#1190
0J
0Q
#1195
1J
1Q
#1200
0J
0Q
#1205
1J
1Q
#1210
0J
0Q
#1215
1J
1Q
#1220
0J
0Q
#1225
1J
1Q
#1230
0J
0Q
#1235
1J
1Q
0O
b110 ""
b100 !"
#1236
1T
#1240
0J
0Q
#1245
b1 f
1J
1Q
#1246
0`
#1250
0J
0Q
#1255
b1 j
1J
1Q
#1260
0J
0Q
#1265
b10 j
1J
1Q
#1270
0J
0Q
#1275
b11 j
1J
1Q
#1280
0J
0Q
#1285
b100 j
1J
1Q
#1290
0J
0Q
#1295
b101 j
1J
1Q
1O
#1296
0T
#1300
0J
0Q
#1305
b110 j
b10 f
1J
1Q
#1306
x`
0_
0\
0[
0Y
0X
xW
1V
xU
1^
#1310
0J
0Q
#1315
bx f
b11010111 l
b11010111 q
b11010111 u
b1 k
b0 j
1J
1Q
#1316
x_
x\
x[
xY
xX
xV
x^
x]
b11010111 i
b11010111 s
b11010111 w
#1320
0J
0Q
#1325
b10 k
b11101011 l
b11101011 q
b11101011 u
b11010111 m
b0 f
1J
1Q
#1326
1`
1_
1[
1X
0W
0V
0U
0^
1]
b11101011 i
b11101011 s
b11101011 w
#1330
0J
0Q
#1335
1J
1Q
#1340
0J
0Q
#1345
1J
1Q
#1350
0J
0Q
#1355
1J
1Q
#1360
0J
0Q
#1365
1J
1Q
#1370
0J
0Q
#1375
1J
1Q
#1380
0J
0Q
#1385
1J
1Q
#1390
0J
0Q
#1395
1J
1Q
#1400
0J
0Q
#1405
1J
1Q
#1410
0J
0Q
#1415
1J
1Q
#1420
0J
0Q
#1425
1J
1Q
#1430
0J
0Q
#1435
1J
1Q
#1440
0J
0Q
#1445
1J
1Q
#1450
0J
0Q
#1455
1J
1Q
#1460
0J
0Q
#1465
1J
1Q
#1470
0J
0Q
#1475
1J
1Q
#1480
0J
0Q
#1485
1J
1Q
#1490
0J
0Q
#1495
1J
1Q
0O
b111 ""
b101 !"
#1496
1T
#1500
0J
0Q
#1505
b1 f
1J
1Q
#1506
0`
#1510
0J
0Q
#1515
b1 j
1J
1Q
#1520
0J
0Q
#1525
b10 j
1J
1Q
#1530
0J
0Q
#1535
b11 j
1J
1Q
#1540
0J
0Q
#1545
b100 j
1J
1Q
#1550
0J
0Q
#1555
b101 j
1J
1Q
#1560
0J
0Q
#1565
b110 j
1J
1Q
1O
#1566
0T
#1570
0J
0Q
#1575
b10 f
b111 j
1J
1Q
#1576
x`
0_
0\
0[
0Y
0X
xW
1V
xU
1^
#1580
0J
0Q
#1585
b0 j
b11 k
b11110101 l
b11110101 q
b11110101 u
bx f
1J
1Q
#1586
x_
x\
x[
xY
xX
xV
x^
x]
b11110101 i
b11110101 s
b11110101 w
#1590
0J
0Q
#1595
b0 f
b11110101 m
b11111010 l
b11111010 q
b11111010 u
b100 k
1J
1Q
#1596
1`
1_
1[
1X
0W
0V
0U
0^
1]
b11111010 i
b11111010 s
b11111010 w
#1600
0J
0Q
#1605
1J
1Q
#1610
0J
0Q
#1615
1J
1Q
#1620
0J
0Q
#1625
1J
1Q
#1630
0J
0Q
#1635
1J
1Q
#1640
0J
0Q
#1645
1J
1Q
#1650
0J
0Q
#1655
1J
1Q
#1660
0J
0Q
#1665
1J
1Q
#1670
0J
0Q
#1675
1J
1Q
#1680
0J
0Q
#1685
1J
1Q
#1690
0J
0Q
#1695
1J
1Q
#1700
0J
0Q
#1705
1J
1Q
#1710
0J
0Q
#1715
1J
1Q
#1720
0J
0Q
#1725
1J
1Q
#1730
0J
0Q
#1735
1J
1Q
#1740
0J
0Q
#1745
1J
1Q
#1750
0J
0Q
#1755
1J
1Q
#1760
0J
0Q
#1765
1J
1Q
0O
b10 ""
b110 !"
#1766
1T
#1770
0J
0Q
#1775
b1 f
1J
1Q
#1776
0`
#1780
0J
0Q
#1785
b1 j
1J
1Q
1O
#1786
0T
#1790
0J
0Q
#1795
b10 f
b10 j
1J
1Q
#1796
x`
0_
0\
0[
0Y
0X
xW
1V
xU
1^
#1800
0J
0Q
#1805
b0 j
b101 k
b11111101 l
b11111101 q
b11111101 u
bx f
1J
1Q
#1806
x_
x\
x[
xY
xX
xV
x^
x]
b11111101 i
b11111101 s
b11111101 w
#1810
0J
0Q
#1815
b0 f
b11111101 m
b11111110 l
b11111110 q
b11111110 u
b110 k
1J
1Q
#1816
1`
1_
1[
1X
0W
0V
0U
0^
1]
b11111110 i
b11111110 s
b11111110 w
#1820
0J
0Q
#1825
1J
1Q
#1830
0J
0Q
#1835
1J
1Q
#1840
0J
0Q
#1845
1J
1Q
#1850
0J
0Q
#1855
1J
1Q
#1860
0J
0Q
#1865
1J
1Q
#1870
0J
0Q
#1875
1J
1Q
#1880
0J
0Q
#1885
1J
1Q
#1890
0J
0Q
#1895
1J
1Q
#1900
0J
0Q
#1905
1J
1Q
#1910
0J
0Q
#1915
1J
1Q
#1920
0J
0Q
#1925
1J
1Q
#1930
0J
0Q
#1935
1J
1Q
#1940
0J
0Q
#1945
1J
1Q
#1950
0J
0Q
#1955
1J
1Q
#1960
0J
0Q
#1965
1J
1Q
#1970
0J
0Q
#1975
1J
1Q
#1980
0J
0Q
#1985
1J
1Q
0O
b1100 ""
b111 !"
#1986
1T
#1990
0J
0Q
#1995
b1 f
1J
1Q
#1996
0`
#2000
0J
0Q
#2005
b1 j
1J
1Q
#2010
0J
0Q
#2015
b10 j
1J
1Q
#2020
0J
0Q
#2025
b11 j
1J
1Q
#2030
0J
0Q
#2035
b100 j
1J
1Q
#2040
0J
0Q
#2045
b101 j
1J
1Q
#2050
0J
0Q
#2055
b110 j
1J
1Q
#2060
0J
0Q
#2065
b111 j
1J
1Q
#2070
0J
0Q
#2075
b1000 j
1J
1Q
#2080
0J
0Q
#2085
b1001 j
1J
1Q
#2090
0J
0Q
#2095
b1010 j
1J
1Q
#2100
0J
0Q
#2105
b1011 j
1J
1Q
1O
#2106
0T
#2110
0J
0Q
#2115
b10 f
b1100 j
1J
1Q
#2116
x`
0_
0\
0[
0Y
0X
xW
1V
xU
1^
#2120
0J
0Q
#2125
b0 j
b111 k
b1111111 l
b1111111 q
b1111111 u
bx f
1J
1Q
#2126
x_
x\
x[
xY
xX
xV
x^
x]
b1111111 i
b1111111 s
b1111111 w
1h
#2127
0h
#2130
0J
0Q
#2135
b0 f
b1111111 m
b10111111 l
b10111111 q
b10111111 u
b0 k
1J
1Q
#2136
1`
1_
1[
1X
0W
0V
0U
0^
1]
b10111111 i
b10111111 s
b10111111 w
#2140
0J
0Q
#2145
1J
1Q
#2150
0J
0Q
#2155
1J
1Q
#2160
0J
0Q
#2165
1J
1Q
#2170
0J
0Q
#2175
1J
1Q
#2180
0J
0Q
#2185
1J
1Q
#2190
0J
0Q
#2195
1J
1Q
#2200
0J
0Q
#2205
1J
1Q
#2210
0J
0Q
#2215
1J
1Q
#2220
0J
0Q
#2225
1J
1Q
#2230
0J
0Q
#2235
1J
1Q
#2240
0J
0Q
#2245
1J
1Q
#2250
0J
0Q
#2255
1J
1Q
#2260
0J
0Q
#2265
1J
1Q
#2270
0J
0Q
#2275
1J
1Q
#2280
0J
0Q
#2285
1J
1Q
#2290
0J
0Q
#2295
1J
1Q
#2300
0J
0Q
#2305
1J
1Q
0O
b110 ""
b10000101 #"
b10 $"
b0 !"
#2306
1T
#2310
0J
0Q
#2315
b1 f
1J
1Q
#2316
0`
#2320
0J
0Q
#2325
b1 j
1J
1Q
#2330
0J
0Q
#2335
b10 j
1J
1Q
#2340
0J
0Q
#2345
b11 j
1J
1Q
#2350
0J
0Q
#2355
b100 j
1J
1Q
#2360
0J
0Q
#2365
b101 j
1J
1Q
1O
#2366
0T
#2370
0J
0Q
#2375
b10 f
b110 j
1J
1Q
#2376
x`
0_
0\
0[
0Y
0X
xW
1V
xU
1^
#2380
0J
0Q
#2385
b0 j
b1 k
b11011111 l
b11011111 q
b11011111 u
bx f
1J
1Q
#2386
x_
x\
x[
xY
xX
xV
x^
x]
b11011111 i
b11011111 s
b11011111 w
#2390
0J
0Q
#2395
b0 f
b11011111 m
b11101111 l
b11101111 q
b11101111 u
b10 k
1J
1Q
#2396
1`
1_
1[
1X
0W
0V
0U
0^
1]
b11101111 i
b11101111 s
b11101111 w
#2400
0J
0Q
#2405
1J
1Q
#2410
0J
0Q
#2415
1J
1Q
#2420
0J
0Q
#2425
1J
1Q
#2430
0J
0Q
#2435
1J
1Q
#2440
0J
0Q
#2445
1J
1Q
#2450
0J
0Q
#2455
1J
1Q
#2460
0J
0Q
#2465
1J
1Q
#2470
0J
0Q
#2475
1J
1Q
#2480
0J
0Q
#2485
1J
1Q
#2490
0J
0Q
#2495
1J
1Q
#2500
0J
0Q
#2505
1J
1Q
#2510
0J
0Q
#2515
1J
1Q
#2520
0J
0Q
#2525
1J
1Q
#2530
0J
0Q
#2535
1J
1Q
#2540
0J
0Q
#2545
1J
1Q
#2550
0J
0Q
#2555
1J
1Q
#2560
0J
0Q
#2565
1J
1Q
0O
b1111 ""
b1 !"
#2566
1T
#2570
0J
0Q
#2575
b1 f
1J
1Q
#2576
0`
#2580
0J
0Q
#2585
b1 j
1J
1Q
#2590
0J
0Q
#2595
b10 j
1J
1Q
#2600
0J
0Q
#2605
b11 j
1J
1Q
#2610
0J
0Q
#2615
b100 j
1J
1Q
#2620
0J
0Q
#2625
b101 j
1J
1Q
#2630
0J
0Q
#2635
b110 j
1J
1Q
#2640
0J
0Q
#2645
b111 j
1J
1Q
#2650
0J
0Q
#2655
b1000 j
1J
1Q
#2660
0J
0Q
#2665
b1001 j
1J
1Q
#2670
0J
0Q
#2675
b1010 j
1J
1Q
#2680
0J
0Q
#2685
b1011 j
1J
1Q
#2690
0J
0Q
#2695
b1100 j
1J
1Q
#2700
0J
0Q
#2705
b1101 j
1J
1Q
#2710
0J
0Q
#2715
b1110 j
1J
1Q
1O
#2716
0T
#2720
0J
0Q
#2725
b1111 j
b10 f
1J
1Q
#2726
x`
0_
0\
0[
0Y
0X
xW
1V
xU
1^
#2730
0J
0Q
#2735
bx f
b1110111 l
b1110111 q
b1110111 u
b11 k
b0 j
1J
1Q
#2736
x_
x\
x[
xY
xX
xV
x^
x]
b1110111 i
b1110111 s
b1110111 w
1h
#2737
0h
#2740
0J
0Q
#2745
b100 k
b10111011 l
b10111011 q
b10111011 u
b1110111 m
b0 f
1J
1Q
#2746
1`
1_
1[
1X
0W
0V
0U
0^
1]
b10111011 i
b10111011 s
b10111011 w
#2750
0J
0Q
#2755
1J
1Q
#2760
0J
0Q
#2765
1J
1Q
#2770
0J
0Q
#2775
1J
1Q
#2780
0J
0Q
#2785
1J
1Q
#2790
0J
0Q
#2795
1J
1Q
#2800
0J
0Q
#2805
1J
1Q
#2810
0J
0Q
#2815
1J
1Q
#2820
0J
0Q
#2825
1J
1Q
#2830
0J
0Q
#2835
1J
1Q
#2840
0J
0Q
#2845
1J
1Q
#2850
0J
0Q
#2855
1J
1Q
#2860
0J
0Q
#2865
1J
1Q
#2870
0J
0Q
#2875
1J
1Q
#2880
0J
0Q
#2885
1J
1Q
#2890
0J
0Q
#2895
1J
1Q
#2900
0J
0Q
#2905
1J
1Q
#2910
0J
0Q
#2915
1J
1Q
0O
b10 ""
b10 !"
#2916
1T
#2920
0J
0Q
#2925
b1 f
1J
1Q
#2926
0`
#2930
0J
0Q
#2935
b1 j
1J
1Q
1O
#2936
0T
#2940
0J
0Q
#2945
b10 j
b10 f
1J
1Q
#2946
x`
0_
0\
0[
0Y
0X
xW
1V
xU
1^
#2950
0J
0Q
#2955
bx f
b11011101 l
b11011101 q
b11011101 u
b101 k
b0 j
1J
1Q
#2956
x_
x\
x[
xY
xX
xV
x^
x]
b11011101 i
b11011101 s
b11011101 w
#2960
0J
0Q
#2965
b110 k
b11101110 l
b11101110 q
b11101110 u
b11011101 m
b0 f
1J
1Q
#2966
1`
1_
1[
1X
0W
0V
0U
0^
1]
b11101110 i
b11101110 s
b11101110 w
#2970
0J
0Q
#2975
1J
1Q
#2980
0J
0Q
#2985
1J
1Q
#2990
0J
0Q
#2995
1J
1Q
#3000
0J
0Q
#3005
1J
1Q
#3010
0J
0Q
#3015
1J
1Q
#3020
0J
0Q
#3025
1J
1Q
#3030
0J
0Q
#3035
1J
1Q
#3040
0J
0Q
#3045
1J
1Q
#3050
0J
0Q
#3055
1J
1Q
#3060
0J
0Q
#3065
1J
1Q
#3070
0J
0Q
#3075
1J
1Q
#3080
0J
0Q
#3085
1J
1Q
#3090
0J
0Q
#3095
1J
1Q
#3100
0J
0Q
#3105
1J
1Q
#3110
0J
0Q
#3115
1J
1Q
#3120
0J
0Q
#3125
1J
1Q
#3130
0J
0Q
#3135
1J
1Q
0O
b1100 ""
b11 !"
#3136
1T
#3140
0J
0Q
#3145
b1 f
1J
1Q
#3146
0`
#3150
0J
0Q
#3155
b1 j
1J
1Q
#3160
0J
0Q
#3165
b10 j
1J
1Q
#3170
0J
0Q
#3175
b11 j
1J
1Q
#3180
0J
0Q
#3185
b100 j
1J
1Q
#3190
0J
0Q
#3195
b101 j
1J
1Q
#3200
0J
0Q
#3205
b110 j
1J
1Q
#3210
0J
0Q
#3215
b111 j
1J
1Q
#3220
0J
0Q
#3225
b1000 j
1J
1Q
#3230
0J
0Q
#3235
b1001 j
1J
1Q
#3240
0J
0Q
#3245
b1010 j
1J
1Q
#3250
0J
0Q
#3255
b1011 j
1J
1Q
1O
#3256
0T
#3260
0J
0Q
#3265
b1100 j
b10 f
1J
1Q
#3266
x`
0_
0\
0[
0Y
0X
xW
1V
xU
1^
#3270
0J
0Q
#3275
bx f
b1110111 l
b1110111 q
b1110111 u
b111 k
b0 j
1J
1Q
#3276
x_
x\
x[
xY
xX
xV
x^
x]
b1110111 i
b1110111 s
b1110111 w
1h
#3277
0h
#3280
0J
0Q
#3285
b0 k
b10111011 l
b10111011 q
b10111011 u
b1110111 m
b0 f
1J
1Q
#3286
1`
1_
1[
1X
0W
0V
0U
0^
1]
b10111011 i
b10111011 s
b10111011 w
#3290
0J
0Q
#3295
1J
1Q
#3300
0J
0Q
#3305
1J
1Q
#3310
0J
0Q
#3315
1J
1Q
#3320
0J
0Q
#3325
1J
1Q
#3330
0J
0Q
#3335
1J
1Q
#3340
0J
0Q
#3345
1J
1Q
#3350
0J
0Q
#3355
1J
1Q
#3360
0J
0Q
#3365
1J
1Q
#3370
0J
0Q
#3375
1J
1Q
#3380
0J
0Q
#3385
1J
1Q
#3390
0J
0Q
#3395
1J
1Q
#3400
0J
0Q
#3405
1J
1Q
#3410
0J
0Q
#3415
1J
1Q
#3420
0J
0Q
#3425
1J
1Q
#3430
0J
0Q
#3435
1J
1Q
#3440
0J
0Q
#3445
1J
1Q
#3450
0J
0Q
#3455
1J
1Q
0O
b1101 ""
b100 !"
#3456
1T
#3460
0J
0Q
#3465
b1 f
1J
1Q
#3466
0`
#3470
0J
0Q
#3475
b1 j
1J
1Q
#3480
0J
0Q
#3485
b10 j
1J
1Q
#3490
0J
0Q
#3495
b11 j
1J
1Q
#3500
0J
0Q
#3505
b100 j
1J
1Q
#3510
0J
0Q
#3515
b101 j
1J
1Q
#3520
0J
0Q
#3525
b110 j
1J
1Q
#3530
0J
0Q
#3535
b111 j
1J
1Q
#3540
0J
0Q
#3545
b1000 j
1J
1Q
#3550
0J
0Q
#3555
b1001 j
1J
1Q
#3560
0J
0Q
#3565
b1010 j
1J
1Q
#3570
0J
0Q
#3575
b1011 j
1J
1Q
#3580
0J
0Q
#3585
b1100 j
1J
1Q
1O
#3586
0T
#3590
0J
0Q
#3595
b10 f
b1101 j
1J
1Q
#3596
x`
0_
0\
0[
0Y
0X
xW
1V
xU
1^
#3600
0J
0Q
#3605
b0 j
b1 k
b1011101 l
b1011101 q
b1011101 u
bx f
1J
1Q
#3606
x_
x\
x[
xY
xX
xV
x^
x]
b1011101 i
b1011101 s
b1011101 w
1h
#3607
0h
#3610
0J
0Q
#3615
b0 f
b1011101 m
b10101110 l
b10101110 q
b10101110 u
b10 k
1J
1Q
#3616
1`
1_
1[
1X
0W
0V
0U
0^
1]
b10101110 i
b10101110 s
b10101110 w
#3620
0J
0Q
#3625
1J
1Q
#3630
0J
0Q
#3635
1J
1Q
#3640
0J
0Q
#3645
1J
1Q
#3650
0J
0Q
#3655
1J
1Q
#3660
0J
0Q
#3665
1J
1Q
#3670
0J
0Q
#3675
1J
1Q
#3680
0J
0Q
#3685
1J
1Q
#3690
0J
0Q
#3695
1J
1Q
#3700
0J
0Q
#3705
1J
1Q
#3710
0J
0Q
#3715
1J
1Q
#3720
0J
0Q
#3725
1J
1Q
#3730
0J
0Q
#3735
1J
1Q
#3740
0J
0Q
#3745
1J
1Q
#3750
0J
0Q
#3755
1J
1Q
#3760
0J
0Q
#3765
1J
1Q
#3770
0J
0Q
#3775
1J
1Q
#3780
0J
0Q
#3785
1J
1Q
0O
b1110 ""
b101 !"
#3786
1T
#3790
0J
0Q
#3795
b1 f
1J
1Q
#3796
0`
#3800
0J
0Q
#3805
b1 j
1J
1Q
#3810
0J
0Q
#3815
b10 j
1J
1Q
#3820
0J
0Q
#3825
b11 j
1J
1Q
#3830
0J
0Q
#3835
b100 j
1J
1Q
#3840
0J
0Q
#3845
b101 j
1J
1Q
#3850
0J
0Q
#3855
b110 j
1J
1Q
#3860
0J
0Q
#3865
b111 j
1J
1Q
#3870
0J
0Q
#3875
b1000 j
1J
1Q
#3880
0J
0Q
#3885
b1001 j
1J
1Q
#3890
0J
0Q
#3895
b1010 j
1J
1Q
#3900
0J
0Q
#3905
b1011 j
1J
1Q
#3910
0J
0Q
#3915
b1100 j
1J
1Q
#3920
0J
0Q
#3925
b1101 j
1J
1Q
1O
#3926
0T
#3930
0J
0Q
#3935
b10 f
b1110 j
1J
1Q
#3936
x`
0_
0\
0[
0Y
0X
xW
1V
xU
1^
#3940
0J
0Q
#3945
b0 j
b11 k
b1010111 l
b1010111 q
b1010111 u
bx f
1J
1Q
#3946
x_
x\
x[
xY
xX
xV
x^
x]
b1010111 i
b1010111 s
b1010111 w
1h
#3947
0h
#3950
0J
0Q
#3955
b0 f
b1010111 m
b10101011 l
b10101011 q
b10101011 u
b100 k
1J
1Q
#3956
1`
1_
1[
1X
0W
0V
0U
0^
1]
b10101011 i
b10101011 s
b10101011 w
#3960
0J
0Q
#3965
1J
1Q
#3970
0J
0Q
#3975
1J
1Q
#3980
0J
0Q
#3985
1J
1Q
#3990
0J
0Q
#3995
1J
1Q
#4000
0J
0Q
#4005
1J
1Q
#4010
0J
0Q
#4015
1J
1Q
#4020
0J
0Q
#4025
1J
1Q
#4030
0J
0Q
#4035
1J
1Q
#4040
0J
0Q
#4045
1J
1Q
#4050
0J
0Q
#4055
1J
1Q
#4060
0J
0Q
#4065
1J
1Q
#4070
0J
0Q
#4075
1J
1Q
#4080
0J
0Q
#4085
1J
1Q
#4090
0J
0Q
#4095
1J
1Q
#4100
0J
0Q
#4105
1J
1Q
#4110
0J
0Q
#4115
1J
1Q
#4120
0J
0Q
#4125
1J
1Q
0O
b1111 ""
b110 !"
#4126
1T
#4130
0J
0Q
#4135
b1 f
1J
1Q
#4136
0`
#4140
0J
0Q
#4145
b1 j
1J
1Q
#4150
0J
0Q
#4155
b10 j
1J
1Q
#4160
0J
0Q
#4165
b11 j
1J
1Q
#4170
0J
0Q
#4175
b100 j
1J
1Q
#4180
0J
0Q
#4185
b101 j
1J
1Q
#4190
0J
0Q
#4195
b110 j
1J
1Q
#4200
0J
0Q
#4205
b111 j
1J
1Q
#4210
0J
0Q
#4215
b1000 j
1J
1Q
#4220
0J
0Q
#4225
b1001 j
1J
1Q
#4230
0J
0Q
#4235
b1010 j
1J
1Q
#4240
0J
0Q
#4245
b1011 j
1J
1Q
#4250
0J
0Q
#4255
b1100 j
1J
1Q
#4260
0J
0Q
#4265
b1101 j
1J
1Q
#4270
0J
0Q
#4275
b1110 j
1J
1Q
1O
#4276
0T
#4280
0J
0Q
#4285
b1111 j
b10 f
1J
1Q
#4286
x`
0_
0\
0[
0Y
0X
xW
1V
xU
1^
#4290
0J
0Q
#4295
bx f
b1010101 l
b1010101 q
b1010101 u
b101 k
b0 j
1J
1Q
#4296
x_
x\
x[
xY
xX
xV
x^
x]
b1010101 i
b1010101 s
b1010101 w
1h
#4297
0h
#4300
0J
0Q
#4305
b110 k
b10101010 l
b10101010 q
b10101010 u
b1010101 m
b0 f
1J
1Q
#4306
1`
1_
1[
1X
0W
0V
0U
0^
1]
b10101010 i
b10101010 s
b10101010 w
#4310
0J
0Q
#4315
1J
1Q
#4320
0J
0Q
#4325
1J
1Q
#4330
0J
0Q
#4335
1J
1Q
#4340
0J
0Q
#4345
1J
1Q
#4350
0J
0Q
#4355
1J
1Q
#4360
0J
0Q
#4365
1J
1Q
#4370
0J
0Q
#4375
1J
1Q
#4380
0J
0Q
#4385
1J
1Q
#4390
0J
0Q
#4395
1J
1Q
#4400
0J
0Q
#4405
1J
1Q
#4410
0J
0Q
#4415
1J
1Q
#4420
0J
0Q
#4425
1J
1Q
#4430
0J
0Q
#4435
1J
1Q
#4440
0J
0Q
#4445
1J
1Q
#4450
0J
0Q
#4455
1J
1Q
#4460
0J
0Q
#4465
1J
1Q
#4470
0J
0Q
#4475
1J
1Q
0O
b111 ""
b111 !"
#4476
1T
#4480
0J
0Q
#4485
b1 f
1J
1Q
#4486
0`
#4490
0J
0Q
#4495
b1 j
1J
1Q
#4500
0J
0Q
#4505
b10 j
1J
1Q
#4510
0J
0Q
#4515
b11 j
1J
1Q
#4520
0J
0Q
#4525
b100 j
1J
1Q
#4530
0J
0Q
#4535
b101 j
1J
1Q
#4540
0J
0Q
#4545
b110 j
1J
1Q
1O
#4546
0T
#4550
0J
0Q
#4555
b10 f
b111 j
1J
1Q
#4556
x`
0_
0\
0[
0Y
0X
xW
1V
xU
1^
#4560
0J
0Q
#4565
b0 j
b111 k
b11010101 l
b11010101 q
b11010101 u
bx f
1J
1Q
#4566
x_
x\
x[
xY
xX
xV
x^
x]
b11010101 i
b11010101 s
b11010101 w
#4570
0J
0Q
#4575
b0 f
b11010101 m
b11101010 l
b11101010 q
b11101010 u
b0 k
1J
1Q
#4576
1`
1_
1[
1X
0W
0V
0U
0^
1]
b11101010 i
b11101010 s
b11101010 w
#4580
0J
0Q
#4585
1J
1Q
#4590
0J
0Q
#4595
1J
1Q
#4600
0J
0Q
#4605
1J
1Q
#4610
0J
0Q
#4615
1J
1Q
#4620
0J
0Q
#4625
1J
1Q
#4630
0J
0Q
#4635
1J
1Q
#4640
0J
0Q
#4645
1J
1Q
#4650
0J
0Q
#4655
1J
1Q
#4660
0J
0Q
#4665
1J
1Q
#4670
0J
0Q
#4675
1J
1Q
#4680
0J
0Q
#4685
1J
1Q
#4690
0J
0Q
#4695
1J
1Q
#4700
0J
0Q
#4705
1J
1Q
#4710
0J
0Q
#4715
1J
1Q
#4720
0J
0Q
#4725
1J
1Q
#4730
0J
0Q
#4735
1J
1Q
#4740
0J
0Q
#4745
1J
1Q
0O
b1101 ""
b10011000 #"
b11 $"
b0 !"
#4746
1T
#4750
0J
0Q
#4755
b1 f
1J
1Q
#4756
0`
#4760
0J
0Q
#4765
b1 j
1J
1Q
#4770
0J
0Q
#4775
b10 j
1J
1Q
#4780
0J
0Q
#4785
b11 j
1J
1Q
#4790
0J
0Q
#4795
b100 j
1J
1Q
#4800
0J
0Q
#4805
b101 j
1J
1Q
#4810
0J
0Q
#4815
b110 j
1J
1Q
#4820
0J
0Q
#4825
b111 j
1J
1Q
#4830
0J
0Q
#4835
b1000 j
1J
1Q
#4840
0J
0Q
#4845
b1001 j
1J
1Q
#4850
0J
0Q
#4855
b1010 j
1J
1Q
#4860
0J
0Q
#4865
b1011 j
1J
1Q
#4870
0J
0Q
#4875
b1100 j
1J
1Q
1O
#4876
0T
#4880
0J
0Q
#4885
b1101 j
b10 f
1J
1Q
#4886
x`
0_
0\
0[
0Y
0X
xW
1V
xU
1^
#4890
0J
0Q
#4895
bx f
b1110101 l
b1110101 q
b1110101 u
b1 k
b0 j
1J
1Q
#4896
x_
x\
x[
xY
xX
xV
x^
x]
b1110101 i
b1110101 s
b1110101 w
1h
#4897
0h
#4900
0J
0Q
#4905
b10 k
b10111010 l
b10111010 q
b10111010 u
b1110101 m
b0 f
1J
1Q
#4906
1`
1_
1[
1X
0W
0V
0U
0^
1]
b10111010 i
b10111010 s
b10111010 w
#4910
0J
0Q
#4915
1J
1Q
#4920
0J
0Q
#4925
1J
1Q
#4930
0J
0Q
#4935
1J
1Q
#4940
0J
0Q
#4945
1J
1Q
#4950
0J
0Q
#4955
1J
1Q
#4960
0J
0Q
#4965
1J
1Q
#4970
0J
0Q
#4975
1J
1Q
#4980
0J
0Q
#4985
1J
1Q
#4990
0J
0Q
#4995
1J
1Q
#5000
0J
0Q
#5005
1J
1Q
#5010
0J
0Q
#5015
1J
1Q
#5020
0J
0Q
#5025
1J
1Q
#5030
0J
0Q
#5035
1J
1Q
#5040
0J
0Q
#5045
1J
1Q
#5050
0J
0Q
#5055
1J
1Q
#5060
0J
0Q
#5065
1J
1Q
#5070
0J
0Q
#5075
1J
1Q
0O
b1110 ""
b1 !"
#5076
1T
#5080
0J
0Q
#5085
b1 f
1J
1Q
#5086
0`
#5090
0J
0Q
#5095
b1 j
1J
1Q
#5100
0J
0Q
#5105
b10 j
1J
1Q
#5110
0J
0Q
#5115
b11 j
1J
1Q
#5120
0J
0Q
#5125
b100 j
1J
1Q
#5130
0J
0Q
#5135
b101 j
1J
1Q
#5140
0J
0Q
#5145
b110 j
1J
1Q
#5150
0J
0Q
#5155
b111 j
1J
1Q
#5160
0J
0Q
#5165
b1000 j
1J
1Q
#5170
0J
0Q
#5175
b1001 j
1J
1Q
#5180
0J
0Q
#5185
b1010 j
1J
1Q
#5190
0J
0Q
#5195
b1011 j
1J
1Q
#5200
0J
0Q
#5205
b1100 j
1J
1Q
#5210
0J
0Q
#5215
b1101 j
1J
1Q
1O
#5216
0T
#5220
0J
0Q
#5225
b1110 j
b10 f
1J
1Q
#5226
x`
0_
0\
0[
0Y
0X
xW
1V
xU
1^
#5230
0J
0Q
#5235
bx f
b1011101 l
b1011101 q
b1011101 u
b11 k
b0 j
1J
1Q
#5236
x_
x\
x[
xY
xX
xV
x^
x]
b1011101 i
b1011101 s
b1011101 w
1h
#5237
0h
#5240
0J
0Q
#5245
b100 k
b10101110 l
b10101110 q
b10101110 u
b1011101 m
b0 f
1J
1Q
#5246
1`
1_
1[
1X
0W
0V
0U
0^
1]
b10101110 i
b10101110 s
b10101110 w
#5250
0J
0Q
#5255
1J
1Q
#5260
0J
0Q
#5265
1J
1Q
#5270
0J
0Q
#5275
1J
1Q
#5280
0J
0Q
#5285
1J
1Q
#5290
0J
0Q
#5295
1J
1Q
#5300
0J
0Q
#5305
1J
1Q
#5310
0J
0Q
#5315
1J
1Q
#5320
0J
0Q
#5325
1J
1Q
#5330
0J
0Q
#5335
1J
1Q
#5340
0J
0Q
#5345
1J
1Q
#5350
0J
0Q
#5355
1J
1Q
#5360
0J
0Q
#5365
1J
1Q
#5370
0J
0Q
#5375
1J
1Q
#5380
0J
0Q
#5385
1J
1Q
#5390
0J
0Q
#5395
1J
1Q
#5400
0J
0Q
#5405
1J
1Q
#5410
0J
0Q
#5415
1J
1Q
0O
b1111 ""
b10 !"
#5416
1T
#5420
0J
0Q
#5425
b1 f
1J
1Q
#5426
0`
#5430
0J
0Q
#5435
b1 j
1J
1Q
#5440
0J
0Q
#5445
b10 j
1J
1Q
#5450
0J
0Q
#5455
b11 j
1J
1Q
#5460
0J
0Q
#5465
b100 j
1J
1Q
#5470
0J
0Q
#5475
b101 j
1J
1Q
#5480
0J
0Q
#5485
b110 j
1J
1Q
#5490
0J
0Q
#5495
b111 j
1J
1Q
#5500
0J
0Q
#5505
b1000 j
1J
1Q
#5510
0J
0Q
#5515
b1001 j
1J
1Q
#5520
0J
0Q
#5525
b1010 j
1J
1Q
#5530
0J
0Q
#5535
b1011 j
1J
1Q
#5540
0J
0Q
#5545
b1100 j
1J
1Q
#5550
0J
0Q
#5555
b1101 j
1J
1Q
#5560
0J
0Q
#5565
b1110 j
1J
1Q
1O
#5566
0T
#5570
0J
0Q
#5575
b10 f
b1111 j
1J
1Q
#5576
x`
0_
0\
0[
0Y
0X
xW
1V
xU
1^
#5580
0J
0Q
#5585
b0 j
b101 k
b1010111 l
b1010111 q
b1010111 u
bx f
1J
1Q
#5586
x_
x\
x[
xY
xX
xV
x^
x]
b1010111 i
b1010111 s
b1010111 w
1h
#5587
0h
#5590
0J
0Q
#5595
b0 f
b1010111 m
b10101011 l
b10101011 q
b10101011 u
b110 k
1J
1Q
#5596
1`
1_
1[
1X
0W
0V
0U
0^
1]
b10101011 i
b10101011 s
b10101011 w
#5600
0J
0Q
#5605
1J
1Q
#5610
0J
0Q
#5615
1J
1Q
#5620
0J
0Q
#5625
1J
1Q
#5630
0J
0Q
#5635
1J
1Q
#5640
0J
0Q
#5645
1J
1Q
#5650
0J
0Q
#5655
1J
1Q
#5660
0J
0Q
#5665
1J
1Q
#5670
0J
0Q
#5675
1J
1Q
#5680
0J
0Q
#5685
1J
1Q
#5690
0J
0Q
#5695
1J
1Q
#5700
0J
0Q
#5705
1J
1Q
#5710
0J
0Q
#5715
1J
1Q
#5720
0J
0Q
#5725
1J
1Q
#5730
0J
0Q
#5735
1J
1Q
#5740
0J
0Q
#5745
1J
1Q
#5750
0J
0Q
#5755
1J
1Q
#5760
0J
0Q
#5765
1J
1Q
0O
b111 ""
b11 !"
#5766
1T
#5770
0J
0Q
#5775
b1 f
1J
1Q
#5776
0`
#5780
0J
0Q
#5785
b1 j
1J
1Q
#5790
0J
0Q
#5795
b10 j
1J
1Q
#5800
0J
0Q
#5805
b11 j
1J
1Q
#5810
0J
0Q
#5815
b100 j
1J
1Q
#5820
0J
0Q
#5825
b101 j
1J
1Q
#5830
0J
0Q
#5835
b110 j
1J
1Q
1O
#5836
0T
#5840
0J
0Q
#5845
b111 j
b10 f
1J
1Q
#5846
x`
0_
0\
0[
0Y
0X
xW
1V
xU
1^
#5850
0J
0Q
#5855
bx f
b11010101 l
b11010101 q
b11010101 u
b111 k
b0 j
1J
1Q
#5856
x_
x\
x[
xY
xX
xV
x^
x]
b11010101 i
b11010101 s
b11010101 w
#5860
0J
0Q
#5865
b0 k
b11101010 l
b11101010 q
b11101010 u
b11010101 m
b0 f
1J
1Q
#5866
1`
1_
1[
1X
0W
0V
0U
0^
1]
b11101010 i
b11101010 s
b11101010 w
#5870
0J
0Q
#5875
1J
1Q
#5880
0J
0Q
#5885
1J
1Q
#5890
0J
0Q
#5895
1J
1Q
#5900
0J
0Q
#5905
1J
1Q
#5910
0J
0Q
#5915
1J
1Q
#5920
0J
0Q
#5925
1J
1Q
#5930
0J
0Q
#5935
1J
1Q
#5940
0J
0Q
#5945
1J
1Q
#5950
0J
0Q
#5955
1J
1Q
#5960
0J
0Q
#5965
1J
1Q
#5970
0J
0Q
#5975
1J
1Q
#5980
0J
0Q
#5985
1J
1Q
#5990
0J
0Q
#5995
1J
1Q
#6000
0J
0Q
#6005
1J
1Q
#6010
0J
0Q
#6015
1J
1Q
#6020
0J
0Q
#6025
1J
1Q
#6030
0J
0Q
#6035
1J
1Q
0O
b10 ""
b100 !"
#6036
1T
#6040
0J
0Q
#6045
b1 f
1J
1Q
#6046
0`
#6050
0J
0Q
#6055
b1 j
1J
1Q
1O
#6056
0T
#6060
0J
0Q
#6065
b10 j
b10 f
1J
1Q
#6066
x`
0_
0\
0[
0Y
0X
xW
1V
xU
1^
#6070
0J
0Q
#6075
bx f
b11110101 l
b11110101 q
b11110101 u
b1 k
b0 j
1J
1Q
#6076
x_
x\
x[
xY
xX
xV
x^
x]
b11110101 i
b11110101 s
b11110101 w
#6080
0J
0Q
#6085
b10 k
b11111010 l
b11111010 q
b11111010 u
b11110101 m
b0 f
1J
1Q
#6086
1`
1_
1[
1X
0W
0V
0U
0^
1]
b11111010 i
b11111010 s
b11111010 w
#6090
0J
0Q
#6095
1J
1Q
#6100
0J
0Q
#6105
1J
1Q
#6110
0J
0Q
#6115
1J
1Q
#6120
0J
0Q
#6125
1J
1Q
#6130
0J
0Q
#6135
1J
1Q
#6140
0J
0Q
#6145
1J
1Q
#6150
0J
0Q
#6155
1J
1Q
#6160
0J
0Q
#6165
1J
1Q
#6170
0J
0Q
#6175
1J
1Q
#6180
0J
0Q
#6185
1J
1Q
#6190
0J
0Q
#6195
1J
1Q
#6200
0J
0Q
#6205
1J
1Q
#6210
0J
0Q
#6215
1J
1Q
#6220
0J
0Q
#6225
1J
1Q
#6230
0J
0Q
#6235
1J
1Q
#6240
0J
0Q
#6245
1J
1Q
#6250
0J
0Q
#6255
1J
1Q
0O
b1101 ""
b101 !"
#6256
1T
#6260
0J
0Q
#6265
b1 f
1J
1Q
#6266
0`
#6270
0J
0Q
#6275
b1 j
1J
1Q
#6280
0J
0Q
#6285
b10 j
1J
1Q
#6290
0J
0Q
#6295
b11 j
1J
1Q
#6300
0J
0Q
#6305
b100 j
1J
1Q
#6310
0J
0Q
#6315
b101 j
1J
1Q
#6320
0J
0Q
#6325
b110 j
1J
1Q
#6330
0J
0Q
#6335
b111 j
1J
1Q
#6340
0J
0Q
#6345
b1000 j
1J
1Q
#6350
0J
0Q
#6355
b1001 j
1J
1Q
#6360
0J
0Q
#6365
b1010 j
1J
1Q
#6370
0J
0Q
#6375
b1011 j
1J
1Q
#6380
0J
0Q
#6385
b1100 j
1J
1Q
1O
#6386
0T
#6390
0J
0Q
#6395
b10 f
b1101 j
1J
1Q
#6396
x`
0_
0\
0[
0Y
0X
xW
1V
xU
1^
#6400
0J
0Q
#6405
b0 j
b11 k
b1111101 l
b1111101 q
b1111101 u
bx f
1J
1Q
#6406
x_
x\
x[
xY
xX
xV
x^
x]
b1111101 i
b1111101 s
b1111101 w
1h
#6407
0h
#6410
0J
0Q
#6415
b0 f
b1111101 m
b10111110 l
b10111110 q
b10111110 u
b100 k
1J
1Q
#6416
1`
1_
1[
1X
0W
0V
0U
0^
1]
b10111110 i
b10111110 s
b10111110 w
#6420
0J
0Q
#6425
1J
1Q
#6430
0J
0Q
#6435
1J
1Q
#6440
0J
0Q
#6445
1J
1Q
#6450
0J
0Q
#6455
1J
1Q
#6460
0J
0Q
#6465
1J
1Q
#6470
0J
0Q
#6475
1J
1Q
#6480
0J
0Q
#6485
1J
1Q
#6490
0J
0Q
#6495
1J
1Q
#6500
0J
0Q
#6505
1J
1Q
#6510
0J
0Q
#6515
1J
1Q
#6520
0J
0Q
#6525
1J
1Q
#6530
0J
0Q
#6535
1J
1Q
#6540
0J
0Q
#6545
1J
1Q
#6550
0J
0Q
#6555
1J
1Q
#6560
0J
0Q
#6565
1J
1Q
#6570
0J
0Q
#6575
1J
1Q
#6580
0J
0Q
#6585
1J
1Q
0O
b1110 ""
b110 !"
#6586
1T
#6590
0J
0Q
#6595
b1 f
1J
1Q
#6596
0`
#6600
0J
0Q
#6605
b1 j
1J
1Q
#6610
0J
0Q
#6615
b10 j
1J
1Q
#6620
0J
0Q
#6625
b11 j
1J
1Q
#6630
0J
0Q
#6635
b100 j
1J
1Q
#6640
0J
0Q
#6645
b101 j
1J
1Q
#6650
0J
0Q
#6655
b110 j
1J
1Q
#6660
0J
0Q
#6665
b111 j
1J
1Q
#6670
0J
0Q
#6675
b1000 j
1J
1Q
#6680
0J
0Q
#6685
b1001 j
1J
1Q
#6690
0J
0Q
#6695
b1010 j
1J
1Q
#6700
0J
0Q
#6705
b1011 j
1J
1Q
#6710
0J
0Q
#6715
b1100 j
1J
1Q
#6720
0J
0Q
#6725
b1101 j
1J
1Q
1O
#6726
0T
#6730
0J
0Q
#6735
b10 f
b1110 j
1J
1Q
#6736
x`
0_
0\
0[
0Y
0X
xW
1V
xU
1^
#6740
0J
0Q
#6745
b0 j
b101 k
b1011111 l
b1011111 q
b1011111 u
bx f
1J
1Q
#6746
x_
x\
x[
xY
xX
xV
x^
x]
b1011111 i
b1011111 s
b1011111 w
1h
#6747
0h
#6750
0J
0Q
#6755
b0 f
b1011111 m
b10101111 l
b10101111 q
b10101111 u
b110 k
1J
1Q
#6756
1`
1_
1[
1X
0W
0V
0U
0^
1]
b10101111 i
b10101111 s
b10101111 w
#6760
0J
0Q
#6765
1J
1Q
#6770
0J
0Q
#6775
1J
1Q
#6780
0J
0Q
#6785
1J
1Q
#6790
0J
0Q
#6795
1J
1Q
#6800
0J
0Q
#6805
1J
1Q
#6810
0J
0Q
#6815
1J
1Q
#6820
0J
0Q
#6825
1J
1Q
#6830
0J
0Q
#6835
1J
1Q
#6840
0J
0Q
#6845
1J
1Q
#6850
0J
0Q
#6855
1J
1Q
#6860
0J
0Q
#6865
1J
1Q
#6870
0J
0Q
#6875
1J
1Q
#6880
0J
0Q
#6885
1J
1Q
#6890
0J
0Q
#6895
1J
1Q
#6900
0J
0Q
#6905
1J
1Q
#6910
0J
0Q
#6915
1J
1Q
#6920
0J
0Q
#6925
1J
1Q
0O
b101 ""
b111 !"
#6926
1T
#6930
0J
0Q
#6935
b1 f
1J
1Q
#6936
0`
#6940
0J
0Q
#6945
b1 j
1J
1Q
#6950
0J
0Q
#6955
b10 j
1J
1Q
#6960
0J
0Q
#6965
b11 j
1J
1Q
#6970
0J
0Q
#6975
b100 j
1J
1Q
1O
#6976
0T
#6980
0J
0Q
#6985
b101 j
b10 f
1J
1Q
#6986
x`
0_
0\
0[
0Y
0X
xW
1V
xU
1^
#6990
0J
0Q
#6995
bx f
b11010111 l
b11010111 q
b11010111 u
b111 k
b0 j
1J
1Q
#6996
x_
x\
x[
xY
xX
xV
x^
x]
b11010111 i
b11010111 s
b11010111 w
#7000
0J
0Q
#7005
b0 k
b11101011 l
b11101011 q
b11101011 u
b11010111 m
b0 f
1J
1Q
#7006
1`
1_
1[
1X
0W
0V
0U
0^
1]
b11101011 i
b11101011 s
b11101011 w
#7010
0J
0Q
#7015
1J
1Q
#7020
0J
0Q
#7025
1J
1Q
#7030
0J
0Q
#7035
1J
1Q
#7040
0J
0Q
#7045
1J
1Q
#7050
0J
0Q
#7055
1J
1Q
#7060
0J
0Q
#7065
1J
1Q
#7070
0J
0Q
#7075
1J
1Q
#7080
0J
0Q
#7085
1J
1Q
#7090
0J
0Q
#7095
1J
1Q
#7100
0J
0Q
#7105
1J
1Q
#7110
0J
0Q
#7115
1J
1Q
#7120
0J
0Q
#7125
1J
1Q
#7130
0J
0Q
#7135
1J
1Q
#7140
0J
0Q
#7145
1J
1Q
#7150
0J
0Q
#7155
1J
1Q
#7160
0J
0Q
#7165
1J
1Q
#7170
0J
0Q
#7175
1J
1Q
0O
b10 ""
b10101011 #"
b100 $"
b0 !"
#7176
1T
#7180
0J
0Q
#7185
b1 f
1J
1Q
#7186
0`
#7190
0J
0Q
#7195
b1 j
1J
1Q
1O
#7196
0T
#7200
0J
0Q
#7205
b10 j
b10 f
1J
1Q
#7206
x`
0_
0\
0[
0Y
0X
xW
1V
xU
1^
#7210
0J
0Q
#7215
bx f
b11110101 l
b11110101 q
b11110101 u
b1 k
b0 j
1J
1Q
#7216
x_
x\
x[
xY
xX
xV
x^
x]
b11110101 i
b11110101 s
b11110101 w
#7220
0J
0Q
#7225
b10 k
b11111010 l
b11111010 q
b11111010 u
b11110101 m
b0 f
1J
1Q
#7226
1`
1_
1[
1X
0W
0V
0U
0^
1]
b11111010 i
b11111010 s
b11111010 w
#7230
0J
0Q
#7235
1J
1Q
#7240
0J
0Q
#7245
1J
1Q
#7250
0J
0Q
#7255
1J
1Q
#7260
0J
0Q
#7265
1J
1Q
#7270
0J
0Q
#7275
1J
1Q
#7280
0J
0Q
#7285
1J
1Q
#7290
0J
0Q
#7295
1J
1Q
#7300
0J
0Q
#7305
1J
1Q
#7310
0J
0Q
#7315
1J
1Q
#7320
0J
0Q
#7325
1J
1Q
#7330
0J
0Q
#7335
1J
1Q
#7340
0J
0Q
#7345
1J
1Q
#7350
0J
0Q
#7355
1J
1Q
#7360
0J
0Q
#7365
1J
1Q
#7370
0J
0Q
#7375
1J
1Q
#7380
0J
0Q
#7385
1J
1Q
#7390
0J
0Q
#7395
1J
1Q
0O
b11 ""
b1 !"
#7396
1T
#7400
0J
0Q
#7405
b1 f
1J
1Q
#7406
0`
#7410
0J
0Q
#7415
b1 j
1J
1Q
#7420
0J
0Q
#7425
b10 j
1J
1Q
1O
#7426
0T
#7430
0J
0Q
#7435
b10 f
b11 j
1J
1Q
#7436
x`
0_
0\
0[
0Y
0X
xW
1V
xU
1^
#7440
0J
0Q
#7445
b0 j
b11 k
b11111101 l
b11111101 q
b11111101 u
bx f
1J
1Q
#7446
x_
x\
x[
xY
xX
xV
x^
x]
b11111101 i
b11111101 s
b11111101 w
#7450
0J
0Q
#7455
b0 f
b11111101 m
b11111110 l
b11111110 q
b11111110 u
b100 k
1J
1Q
#7456
1`
1_
1[
1X
0W
0V
0U
0^
1]
b11111110 i
b11111110 s
b11111110 w
#7460
0J
0Q
#7465
1J
1Q
#7470
0J
0Q
#7475
1J
1Q
#7480
0J
0Q
#7485
1J
1Q
#7490
0J
0Q
#7495
1J
1Q
#7500
0J
0Q
#7505
1J
1Q
#7510
0J
0Q
#7515
1J
1Q
#7520
0J
0Q
#7525
1J
1Q
#7530
0J
0Q
#7535
1J
1Q
#7540
0J
0Q
#7545
1J
1Q
#7550
0J
0Q
#7555
1J
1Q
#7560
0J
0Q
#7565
1J
1Q
#7570
0J
0Q
#7575
1J
1Q
#7580
0J
0Q
#7585
1J
1Q
#7590
0J
0Q
#7595
1J
1Q
#7600
0J
0Q
#7605
1J
1Q
#7610
0J
0Q
#7615
1J
1Q
#7620
0J
0Q
#7625
1J
1Q
0O
b1110 ""
b10 !"
#7626
1T
#7630
0J
0Q
#7635
b1 f
1J
1Q
#7636
0`
#7640
0J
0Q
#7645
b1 j
1J
1Q
#7650
0J
0Q
#7655
b10 j
1J
1Q
#7660
0J
0Q
#7665
b11 j
1J
1Q
#7670
0J
0Q
#7675
b100 j
1J
1Q
#7680
0J
0Q
#7685
b101 j
1J
1Q
#7690
0J
0Q
#7695
b110 j
1J
1Q
#7700
0J
0Q
#7705
b111 j
1J
1Q
#7710
0J
0Q
#7715
b1000 j
1J
1Q
#7720
0J
0Q
#7725
b1001 j
1J
1Q
#7730
0J
0Q
#7735
b1010 j
1J
1Q
#7740
0J
0Q
#7745
b1011 j
1J
1Q
#7750
0J
0Q
#7755
b1100 j
1J
1Q
#7760
0J
0Q
#7765
b1101 j
1J
1Q
1O
#7766
0T
#7770
0J
0Q
#7775
b10 f
b1110 j
1J
1Q
#7776
x`
0_
0\
0[
0Y
0X
xW
1V
xU
1^
#7780
0J
0Q
#7785
b0 j
b101 k
b1111111 l
b1111111 q
b1111111 u
bx f
1J
1Q
#7786
x_
x\
x[
xY
xX
xV
x^
x]
b1111111 i
b1111111 s
b1111111 w
1h
#7787
0h
#7790
0J
0Q
#7795
b0 f
b1111111 m
b10111111 l
b10111111 q
b10111111 u
b110 k
1J
1Q
#7796
1`
1_
1[
1X
0W
0V
0U
0^
1]
b10111111 i
b10111111 s
b10111111 w
#7800
0J
0Q
#7805
1J
1Q
#7810
0J
0Q
#7815
1J
1Q
#7820
0J
0Q
#7825
1J
1Q
#7830
0J
0Q
#7835
1J
1Q
#7840
0J
0Q
#7845
1J
1Q
#7850
0J
0Q
#7855
1J
1Q
#7860
0J
0Q
#7865
1J
1Q
#7870
0J
0Q
#7875
1J
1Q
#7880
0J
0Q
#7885
1J
1Q
#7890
0J
0Q
#7895
1J
1Q
#7900
0J
0Q
#7905
1J
1Q
#7910
0J
0Q
#7915
1J
1Q
#7920
0J
0Q
#7925
1J
1Q
#7930
0J
0Q
#7935
1J
1Q
#7940
0J
0Q
#7945
1J
1Q
#7950
0J
0Q
#7955
1J
1Q
#7960
0J
0Q
#7965
1J
1Q
0O
b101 ""
b11 !"
#7966
1T
#7970
0J
0Q
#7975
b1 f
1J
1Q
#7976
0`
#7980
0J
0Q
#7985
b1 j
1J
1Q
#7990
0J
0Q
#7995
b10 j
1J
1Q
#8000
0J
0Q
#8005
b11 j
1J
1Q
#8010
0J
0Q
#8015
b100 j
1J
1Q
1O
#8016
0T
#8020
0J
0Q
#8025
b101 j
b10 f
1J
1Q
#8026
x`
0_
0\
0[
0Y
0X
xW
1V
xU
1^
#8030
0J
0Q
#8035
bx f
b11011111 l
b11011111 q
b11011111 u
b111 k
b0 j
1J
1Q
#8036
x_
x\
x[
xY
xX
xV
x^
x]
b11011111 i
b11011111 s
b11011111 w
#8040
0J
0Q
#8045
b0 k
b11101111 l
b11101111 q
b11101111 u
b11011111 m
b0 f
1J
1Q
#8046
1`
1_
1[
1X
0W
0V
0U
0^
1]
b11101111 i
b11101111 s
b11101111 w
#8050
0J
0Q
#8055
1J
1Q
#8060
0J
0Q
#8065
1J
1Q
#8070
0J
0Q
#8075
1J
1Q
#8080
0J
0Q
#8085
1J
1Q
#8090
0J
0Q
#8095
1J
1Q
#8100
0J
0Q
#8105
1J
1Q
#8110
0J
0Q
#8115
1J
1Q
#8120
0J
0Q
#8125
1J
1Q
#8130
0J
0Q
#8135
1J
1Q
#8140
0J
0Q
#8145
1J
1Q
#8150
0J
0Q
#8155
1J
1Q
#8160
0J
0Q
#8165
1J
1Q
#8170
0J
0Q
#8175
1J
1Q
#8180
0J
0Q
#8185
1J
1Q
#8190
0J
0Q
#8195
1J
1Q
#8200
0J
0Q
#8205
1J
1Q
#8210
0J
0Q
#8215
1J
1Q
0O
b1011 ""
b100 !"
#8216
1T
#8220
0J
0Q
#8225
b1 f
1J
1Q
#8226
0`
#8230
0J
0Q
#8235
b1 j
1J
1Q
#8240
0J
0Q
#8245
b10 j
1J
1Q
#8250
0J
0Q
#8255
b11 j
1J
1Q
#8260
0J
0Q
#8265
b100 j
1J
1Q
#8270
0J
0Q
#8275
b101 j
1J
1Q
#8280
0J
0Q
#8285
b110 j
1J
1Q
#8290
0J
0Q
#8295
b111 j
1J
1Q
#8300
0J
0Q
#8305
b1000 j
1J
1Q
#8310
0J
0Q
#8315
b1001 j
1J
1Q
#8320
0J
0Q
#8325
b1010 j
1J
1Q
1O
#8326
0T
#8330
0J
0Q
#8335
b10 f
b1011 j
1J
1Q
#8336
x`
0_
0\
0[
0Y
0X
xW
1V
xU
1^
#8340
0J
0Q
#8345
b0 j
b1 k
b1110111 l
b1110111 q
b1110111 u
bx f
1J
1Q
#8346
x_
x\
x[
xY
xX
xV
x^
x]
b1110111 i
b1110111 s
b1110111 w
1h
#8347
0h
#8350
0J
0Q
#8355
b0 f
b1110111 m
b10111011 l
b10111011 q
b10111011 u
b10 k
1J
1Q
#8356
1`
1_
1[
1X
0W
0V
0U
0^
1]
b10111011 i
b10111011 s
b10111011 w
#8360
0J
0Q
#8365
1J
1Q
#8370
0J
0Q
#8375
1J
1Q
#8380
0J
0Q
#8385
1J
1Q
#8390
0J
0Q
#8395
1J
1Q
#8400
0J
0Q
#8405
1J
1Q
#8410
0J
0Q
#8415
1J
1Q
#8420
0J
0Q
#8425
1J
1Q
#8430
0J
0Q
#8435
1J
1Q
#8440
0J
0Q
#8445
1J
1Q
#8450
0J
0Q
#8455
1J
1Q
#8460
0J
0Q
#8465
1J
1Q
#8470
0J
0Q
#8475
1J
1Q
#8480
0J
0Q
#8485
1J
1Q
#8490
0J
0Q
#8495
1J
1Q
#8500
0J
0Q
#8505
1J
1Q
#8510
0J
0Q
#8515
1J
1Q
#8520
0J
0Q
#8525
1J
1Q
0O
b111 ""
b101 !"
#8526
1T
#8530
0J
0Q
#8535
b1 f
1J
1Q
#8536
0`
#8540
0J
0Q
#8545
b1 j
1J
1Q
#8550
0J
0Q
#8555
b10 j
1J
1Q
#8560
0J
0Q
#8565
b11 j
1J
1Q
#8570
0J
0Q
#8575
b100 j
1J
1Q
#8580
0J
0Q
#8585
b101 j
1J
1Q
#8590
0J
0Q
#8595
b110 j
1J
1Q
1O
#8596
0T
#8600
0J
0Q
#8605
b111 j
b10 f
1J
1Q
#8606
x`
0_
0\
0[
0Y
0X
xW
1V
xU
1^
#8610
0J
0Q
#8615
bx f
b11011101 l
b11011101 q
b11011101 u
b11 k
b0 j
1J
1Q
#8616
x_
x\
x[
xY
xX
xV
x^
x]
b11011101 i
b11011101 s
b11011101 w
#8620
0J
0Q
#8625
b100 k
b11101110 l
b11101110 q
b11101110 u
b11011101 m
b0 f
1J
1Q
#8626
1`
1_
1[
1X
0W
0V
0U
0^
1]
b11101110 i
b11101110 s
b11101110 w
#8630
0J
0Q
#8635
1J
1Q
#8640
0J
0Q
#8645
1J
1Q
#8650
0J
0Q
#8655
1J
1Q
#8660
0J
0Q
#8665
1J
1Q
#8670
0J
0Q
#8675
1J
1Q
#8680
0J
0Q
#8685
1J
1Q
#8690
0J
0Q
#8695
1J
1Q
#8700
0J
0Q
#8705
1J
1Q
#8710
0J
0Q
#8715
1J
1Q
#8720
0J
0Q
#8725
1J
1Q
#8730
0J
0Q
#8735
1J
1Q
#8740
0J
0Q
#8745
1J
1Q
#8750
0J
0Q
#8755
1J
1Q
#8760
0J
0Q
#8765
1J
1Q
#8770
0J
0Q
#8775
1J
1Q
#8780
0J
0Q
#8785
1J
1Q
#8790
0J
0Q
#8795
1J
1Q
0O
b1101 ""
b110 !"
#8796
1T
#8800
0J
0Q
#8805
b1 f
1J
1Q
#8806
0`
#8810
0J
0Q
#8815
b1 j
1J
1Q
#8820
0J
0Q
#8825
b10 j
1J
1Q
#8830
0J
0Q
#8835
b11 j
1J
1Q
#8840
0J
0Q
#8845
b100 j
1J
1Q
#8850
0J
0Q
#8855
b101 j
1J
1Q
#8860
0J
0Q
#8865
b110 j
1J
1Q
#8870
0J
0Q
#8875
b111 j
1J
1Q
#8880
0J
0Q
#8885
b1000 j
1J
1Q
#8890
0J
0Q
#8895
b1001 j
1J
1Q
#8900
0J
0Q
#8905
b1010 j
1J
1Q
#8910
0J
0Q
#8915
b1011 j
1J
1Q
#8920
0J
0Q
#8925
b1100 j
1J
1Q
1O
#8926
0T
#8930
0J
0Q
#8935
b10 f
b1101 j
1J
1Q
#8936
x`
0_
0\
0[
0Y
0X
xW
1V
xU
1^
#8940
0J
0Q
#8945
b0 j
b101 k
b1110111 l
b1110111 q
b1110111 u
bx f
1J
1Q
#8946
x_
x\
x[
xY
xX
xV
x^
x]
b1110111 i
b1110111 s
b1110111 w
1h
#8947
0h
#8950
0J
0Q
#8955
b0 f
b1110111 m
b10111011 l
b10111011 q
b10111011 u
b110 k
1J
1Q
#8956
1`
1_
1[
1X
0W
0V
0U
0^
1]
b10111011 i
b10111011 s
b10111011 w
#8960
0J
0Q
#8965
1J
1Q
#8970
0J
0Q
#8975
1J
1Q
#8980
0J
0Q
#8985
1J
1Q
#8990
0J
0Q
#8995
1J
1Q
#9000
0J
0Q
#9005
1J
1Q
#9010
0J
0Q
#9015
1J
1Q
#9020
0J
0Q
#9025
1J
1Q
#9030
0J
0Q
#9035
1J
1Q
#9040
0J
0Q
#9045
1J
1Q
#9050
0J
0Q
#9055
1J
1Q
#9060
0J
0Q
#9065
1J
1Q
#9070
0J
0Q
#9075
1J
1Q
#9080
0J
0Q
#9085
1J
1Q
#9090
0J
0Q
#9095
1J
1Q
#9100
0J
0Q
#9105
1J
1Q
#9110
0J
0Q
#9115
1J
1Q
#9120
0J
0Q
#9125
1J
1Q
0O
b11 ""
b111 !"
#9126
1T
#9130
0J
0Q
#9135
b1 f
1J
1Q
#9136
0`
#9140
0J
0Q
#9145
b1 j
1J
1Q
#9150
0J
0Q
#9155
b10 j
1J
1Q
1O
#9156
0T
#9160
0J
0Q
#9165
b11 j
b10 f
1J
1Q
#9166
x`
0_
0\
0[
0Y
0X
xW
1V
xU
1^
#9170
0J
0Q
#9175
bx f
b11011101 l
b11011101 q
b11011101 u
b111 k
b0 j
1J
1Q
#9176
x_
x\
x[
xY
xX
xV
x^
x]
b11011101 i
b11011101 s
b11011101 w
#9180
0J
0Q
#9185
b0 k
b11101110 l
b11101110 q
b11101110 u
b11011101 m
b0 f
1J
1Q
#9186
1`
1_
1[
1X
0W
0V
0U
0^
1]
b11101110 i
b11101110 s
b11101110 w
#9190
0J
0Q
#9195
1J
1Q
#9200
0J
0Q
#9205
1J
1Q
#9210
0J
0Q
#9215
1J
1Q
#9220
0J
0Q
#9225
1J
1Q
#9230
0J
0Q
#9235
1J
1Q
#9240
0J
0Q
#9245
1J
1Q
#9250
0J
0Q
#9255
1J
1Q
#9260
0J
0Q
#9265
1J
1Q
#9270
0J
0Q
#9275
1J
1Q
#9280
0J
0Q
#9285
1J
1Q
#9290
0J
0Q
#9295
1J
1Q
#9300
0J
0Q
#9305
1J
1Q
#9310
0J
0Q
#9315
1J
1Q
#9320
0J
0Q
#9325
1J
1Q
#9330
0J
0Q
#9335
1J
1Q
#9340
0J
0Q
#9345
1J
1Q
#9350
0J
0Q
#9355
1J
1Q
0O
b1011 ""
b10111110 #"
b101 $"
b0 !"
#9356
1T
#9360
0J
0Q
#9365
b1 f
1J
1Q
#9366
0`
#9370
0J
0Q
#9375
b1 j
1J
1Q
#9380
0J
0Q
#9385
b10 j
1J
1Q
#9390
0J
0Q
#9395
b11 j
1J
1Q
#9400
0J
0Q
#9405
b100 j
1J
1Q
#9410
0J
0Q
#9415
b101 j
1J
1Q
#9420
0J
0Q
#9425
b110 j
1J
1Q
#9430
0J
0Q
#9435
b111 j
1J
1Q
#9440
0J
0Q
#9445
b1000 j
1J
1Q
#9450
0J
0Q
#9455
b1001 j
1J
1Q
#9460
0J
0Q
#9465
b1010 j
1J
1Q
1O
#9466
0T
#9470
0J
0Q
#9475
b10 f
b1011 j
1J
1Q
#9476
x`
0_
0\
0[
0Y
0X
xW
1V
xU
1^
#9480
0J
0Q
#9485
b0 j
b1 k
b1110111 l
b1110111 q
b1110111 u
bx f
1J
1Q
#9486
x_
x\
x[
xY
xX
xV
x^
x]
b1110111 i
b1110111 s
b1110111 w
1h
#9487
0h
#9490
0J
0Q
#9495
b0 f
b1110111 m
b10111011 l
b10111011 q
b10111011 u
b10 k
1J
1Q
#9496
1`
1_
1[
1X
0W
0V
0U
0^
1]
b10111011 i
b10111011 s
b10111011 w
#9500
0J
0Q
#9505
1J
1Q
#9510
0J
0Q
#9515
1J
1Q
#9520
0J
0Q
#9525
1J
1Q
#9530
0J
0Q
#9535
1J
1Q
#9540
0J
0Q
#9545
1J
1Q
#9550
0J
0Q
#9555
1J
1Q
#9560
0J
0Q
#9565
1J
1Q
#9570
0J
0Q
#9575
1J
1Q
#9580
0J
0Q
#9585
1J
1Q
#9590
0J
0Q
#9595
1J
1Q
#9600
0J
0Q
#9605
1J
1Q
#9610
0J
0Q
#9615
1J
1Q
#9620
0J
0Q
#9625
1J
1Q
#9630
0J
0Q
#9635
1J
1Q
#9640
0J
0Q
#9645
1J
1Q
#9650
0J
0Q
#9655
1J
1Q
#9660
0J
0Q
#9665
1J
1Q
0O
b111 ""
b1 !"
#9666
1T
#9670
0J
0Q
#9675
b1 f
1J
1Q
#9676
0`
#9680
0J
0Q
#9685
b1 j
1J
1Q
#9690
0J
0Q
#9695
b10 j
1J
1Q
#9700
0J
0Q
#9705
b11 j
1J
1Q
#9710
0J
0Q
#9715
b100 j
1J
1Q
#9720
0J
0Q
#9725
b101 j
1J
1Q
#9730
0J
0Q
#9735
b110 j
1J
1Q
1O
#9736
0T
#9740
0J
0Q
#9745
b111 j
b10 f
1J
1Q
#9746
x`
0_
0\
0[
0Y
0X
xW
1V
xU
1^
#9750
0J
0Q
#9755
bx f
b11011101 l
b11011101 q
b11011101 u
b11 k
b0 j
1J
1Q
#9756
x_
x\
x[
xY
xX
xV
x^
x]
b11011101 i
b11011101 s
b11011101 w
#9760
0J
0Q
#9765
b100 k
b11101110 l
b11101110 q
b11101110 u
b11011101 m
b0 f
1J
1Q
#9766
1`
1_
1[
1X
0W
0V
0U
0^
1]
b11101110 i
b11101110 s
b11101110 w
#9770
0J
0Q
#9775
1J
1Q
#9780
0J
0Q
#9785
1J
1Q
#9790
0J
0Q
#9795
1J
1Q
#9800
0J
0Q
#9805
1J
1Q
#9810
0J
0Q
#9815
1J
1Q
#9820
0J
0Q
#9825
1J
1Q
#9830
0J
0Q
#9835
1J
1Q
#9840
0J
0Q
#9845
1J
1Q
#9850
0J
0Q
#9855
1J
1Q
#9860
0J
0Q
#9865
1J
1Q
#9870
0J
0Q
#9875
1J
1Q
#9880
0J
0Q
#9885
1J
1Q
#9890
0J
0Q
#9895
1J
1Q
#9900
0J
0Q
#9905
1J
1Q
#9910
0J
0Q
#9915
1J
1Q
#9920
0J
0Q
#9925
1J
1Q
#9930
0J
0Q
#9935
1J
1Q
0O
b10 ""
b10 !"
#9936
1T
#9940
0J
0Q
#9945
b1 f
1J
1Q
#9946
0`
#9950
0J
0Q
#9955
b1 j
1J
1Q
1O
#9956
0T
#9960
0J
0Q
#9965
b10 j
b10 f
1J
1Q
#9966
x`
0_
0\
0[
0Y
0X
xW
1V
xU
1^
#9970
0J
0Q
#9975
bx f
b11110111 l
b11110111 q
b11110111 u
b101 k
b0 j
1J
1Q
#9976
x_
x\
x[
xY
xX
xV
x^
x]
b11110111 i
b11110111 s
b11110111 w
#9980
0J
0Q
#9985
b110 k
b11111011 l
b11111011 q
b11111011 u
b11110111 m
b0 f
1J
1Q
#9986
1`
1_
1[
1X
0W
0V
0U
0^
1]
b11111011 i
b11111011 s
b11111011 w
#9990
0J
0Q
#9995
1J
1Q
#10000
0J
0Q
#10005
1J
1Q
#10010
0J
0Q
#10015
1J
1Q
#10020
0J
0Q
#10025
1J
1Q
#10030
0J
0Q
#10035
1J
1Q
#10040
0J
0Q
#10045
1J
1Q
#10050
0J
0Q
#10055
1J
1Q
#10060
0J
0Q
#10065
1J
1Q
#10070
0J
0Q
#10075
1J
1Q
#10080
0J
0Q
#10085
1J
1Q
#10090
0J
0Q
#10095
1J
1Q
#10100
0J
0Q
#10105
1J
1Q
#10110
0J
0Q
#10115
1J
1Q
#10120
0J
0Q
#10125
1J
1Q
#10130
0J
0Q
#10135
1J
1Q
#10140
0J
0Q
#10145
1J
1Q
#10150
0J
0Q
#10155
1J
1Q
0O
b11 ""
b11 !"
#10156
1T
#10160
0J
0Q
#10165
b1 f
1J
1Q
#10166
0`
#10170
0J
0Q
#10175
b1 j
1J
1Q
#10180
0J
0Q
#10185
b10 j
1J
1Q
1O
#10186
0T
#10190
0J
0Q
#10195
b10 f
b11 j
1J
1Q
#10196
x`
0_
0\
0[
0Y
0X
xW
1V
xU
1^
#10200
0J
0Q
#10205
b0 j
b111 k
b11111101 l
b11111101 q
b11111101 u
bx f
1J
1Q
#10206
x_
x\
x[
xY
xX
xV
x^
x]
b11111101 i
b11111101 s
b11111101 w
#10210
0J
0Q
#10215
b0 f
b11111101 m
b11111110 l
b11111110 q
b11111110 u
b0 k
1J
1Q
#10216
1`
1_
1[
1X
0W
0V
0U
0^
1]
b11111110 i
b11111110 s
b11111110 w
#10220
0J
0Q
#10225
1J
1Q
#10230
0J
0Q
#10235
1J
1Q
#10240
0J
0Q
#10245
1J
1Q
#10250
0J
0Q
#10255
1J
1Q
#10260
0J
0Q
#10265
1J
1Q
#10270
0J
0Q
#10275
1J
1Q
#10280
0J
0Q
#10285
1J
1Q
#10290
0J
0Q
#10295
1J
1Q
#10300
0J
0Q
#10305
1J
1Q
#10310
0J
0Q
#10315
1J
1Q
#10320
0J
0Q
#10325
1J
1Q
#10330
0J
0Q
#10335
1J
1Q
#10340
0J
0Q
#10345
1J
1Q
#10350
0J
0Q
#10355
1J
1Q
#10360
0J
0Q
#10365
1J
1Q
#10370
0J
0Q
#10375
1J
1Q
#10380
0J
0Q
#10385
1J
1Q
0O
b100 ""
b100 !"
#10386
1T
#10390
0J
0Q
#10395
b1 f
1J
1Q
#10396
0`
#10400
0J
0Q
#10405
b1 j
1J
1Q
#10410
0J
0Q
#10415
b10 j
1J
1Q
#10420
0J
0Q
#10425
b11 j
1J
1Q
1O
#10426
0T
#10430
0J
0Q
#10435
b10 f
b100 j
1J
1Q
#10436
x`
0_
0\
0[
0Y
0X
xW
1V
xU
1^
#10440
0J
0Q
#10445
b0 j
b1 k
b11111111 l
b11111111 q
b11111111 u
bx f
1J
1Q
#10446
x_
x\
x[
xY
xX
xV
x^
x]
b11111111 i
b11111111 s
b11111111 w
#10450
0J
0Q
#10455
b0 f
b11111111 m
b10 k
1J
1Q
#10456
1`
1_
1[
1X
0W
0V
0U
0^
1]
#10460
0J
0Q
#10465
1J
1Q
#10470
0J
0Q
#10475
1J
1Q
#10480
0J
0Q
#10485
1J
1Q
#10490
0J
0Q
#10495
1J
1Q
#10500
0J
0Q
#10505
1J
1Q
#10510
0J
0Q
#10515
1J
1Q
#10520
0J
0Q
#10525
1J
1Q
#10530
0J
0Q
#10535
1J
1Q
#10540
0J
0Q
#10545
1J
1Q
#10550
0J
0Q
#10555
1J
1Q
#10560
0J
0Q
#10565
1J
1Q
#10570
0J
0Q
#10575
1J
1Q
#10580
0J
0Q
#10585
1J
1Q
#10590
0J
0Q
#10595
1J
1Q
#10600
0J
0Q
#10605
1J
1Q
#10610
0J
0Q
#10615
1J
1Q
#10620
0J
0Q
#10625
1J
1Q
0O
b101 ""
b101 !"
#10626
1T
#10630
0J
0Q
#10635
b1 f
1J
1Q
#10636
0`
#10640
0J
0Q
#10645
b1 j
1J
1Q
#10650
0J
0Q
#10655
b10 j
1J
1Q
#10660
0J
0Q
#10665
b11 j
1J
1Q
#10670
0J
0Q
#10675
b100 j
1J
1Q
1O
#10676
0T
#10680
0J
0Q
#10685
b101 j
b10 f
1J
1Q
#10686
x`
0_
0\
0[
0Y
0X
xW
1V
xU
1^
#10690
0J
0Q
#10695
bx f
b11 k
b0 j
1J
1Q
#10696
x_
x\
x[
xY
xX
xV
x^
x]
#10700
0J
0Q
#10705
b100 k
b0 f
1J
1Q
#10706
1`
1_
1[
1X
0W
0V
0U
0^
1]
#10710
0J
0Q
#10715
1J
1Q
#10720
0J
0Q
#10725
1J
1Q
#10730
0J
0Q
#10735
1J
1Q
#10740
0J
0Q
#10745
1J
1Q
#10750
0J
0Q
#10755
1J
1Q
#10760
0J
0Q
#10765
1J
1Q
#10770
0J
0Q
#10775
1J
1Q
#10780
0J
0Q
#10785
1J
1Q
#10790
0J
0Q
#10795
1J
1Q
#10800
0J
0Q
#10805
1J
1Q
#10810
0J
0Q
#10815
1J
1Q
#10820
0J
0Q
#10825
1J
1Q
#10830
0J
0Q
#10835
1J
1Q
#10840
0J
0Q
#10845
1J
1Q
#10850
0J
0Q
#10855
1J
1Q
#10860
0J
0Q
#10865
1J
1Q
#10870
0J
0Q
#10875
1J
1Q
0O
b1100 ""
b110 !"
#10876
1T
#10880
0J
0Q
#10885
b1 f
1J
1Q
#10886
0`
#10890
0J
0Q
#10895
b1 j
1J
1Q
#10900
0J
0Q
#10905
b10 j
1J
1Q
#10910
0J
0Q
#10915
b11 j
1J
1Q
#10920
0J
0Q
#10925
b100 j
1J
1Q
#10930
0J
0Q
#10935
b101 j
1J
1Q
#10940
0J
0Q
#10945
b110 j
1J
1Q
#10950
0J
0Q
#10955
b111 j
1J
1Q
#10960
0J
0Q
#10965
b1000 j
1J
1Q
#10970
0J
0Q
#10975
b1001 j
1J
1Q
#10980
0J
0Q
#10985
b1010 j
1J
1Q
#10990
0J
0Q
#10995
b1011 j
1J
1Q
1O
#10996
0T
#11000
0J
0Q
#11005
b1100 j
b10 f
1J
1Q
#11006
x`
0_
0\
0[
0Y
0X
xW
1V
xU
1^
#11010
0J
0Q
#11015
bx f
b1111111 l
b1111111 q
b1111111 u
b101 k
b0 j
1J
1Q
#11016
x_
x\
x[
xY
xX
xV
x^
x]
b1111111 i
b1111111 s
b1111111 w
1h
#11017
0h
#11020
0J
0Q
#11025
b110 k
b10111111 l
b10111111 q
b10111111 u
b1111111 m
b0 f
1J
1Q
#11026
1`
1_
1[
1X
0W
0V
0U
0^
1]
b10111111 i
b10111111 s
b10111111 w
#11030
0J
0Q
#11035
1J
1Q
#11040
0J
0Q
#11045
1J
1Q
#11050
0J
0Q
#11055
1J
1Q
#11060
0J
0Q
#11065
1J
1Q
#11070
0J
0Q
#11075
1J
1Q
#11080
0J
0Q
#11085
1J
1Q
#11090
0J
0Q
#11095
1J
1Q
#11100
0J
0Q
#11105
1J
1Q
#11110
0J
0Q
#11115
1J
1Q
#11120
0J
0Q
#11125
1J
1Q
#11130
0J
0Q
#11135
1J
1Q
#11140
0J
0Q
#11145
1J
1Q
#11150
0J
0Q
#11155
1J
1Q
#11160
0J
0Q
#11165
1J
1Q
#11170
0J
0Q
#11175
1J
1Q
#11180
0J
0Q
#11185
1J
1Q
#11190
0J
0Q
#11195
1J
1Q
0O
b111 ""
b111 !"
#11196
1T
#11200
0J
0Q
#11205
b1 f
1J
1Q
#11206
0`
#11210
0J
0Q
#11215
b1 j
1J
1Q
#11220
0J
0Q
#11225
b10 j
1J
1Q
#11230
0J
0Q
#11235
b11 j
1J
1Q
#11240
0J
0Q
#11245
b100 j
1J
1Q
#11250
0J
0Q
#11255
b101 j
1J
1Q
#11260
0J
0Q
#11265
b110 j
1J
1Q
1O
#11266
0T
#11270
0J
0Q
#11275
b10 f
b111 j
1J
1Q
#11276
x`
0_
0\
0[
0Y
0X
xW
1V
xU
1^
#11280
0J
0Q
#11285
b0 j
b111 k
b11011111 l
b11011111 q
b11011111 u
bx f
1J
1Q
#11286
x_
x\
x[
xY
xX
xV
x^
x]
b11011111 i
b11011111 s
b11011111 w
#11290
0J
0Q
#11295
b0 f
b11011111 m
b11101111 l
b11101111 q
b11101111 u
b0 k
1J
1Q
#11296
1`
1_
1[
1X
0W
0V
0U
0^
1]
b11101111 i
b11101111 s
b11101111 w
#11300
0J
0Q
#11305
1J
1Q
#11310
0J
0Q
#11315
1J
1Q
#11320
0J
0Q
#11325
1J
1Q
#11330
0J
0Q
#11335
1J
1Q
#11340
0J
0Q
#11345
1J
1Q
#11350
0J
0Q
#11355
1J
1Q
#11360
0J
0Q
#11365
1J
1Q
#11370
0J
0Q
#11375
1J
1Q
#11380
0J
0Q
#11385
1J
1Q
#11390
0J
0Q
#11395
1J
1Q
#11400
0J
0Q
#11405
1J
1Q
#11410
0J
0Q
#11415
1J
1Q
#11420
0J
0Q
#11425
1J
1Q
#11430
0J
0Q
#11435
1J
1Q
#11440
0J
0Q
#11445
1J
1Q
#11450
0J
0Q
#11455
1J
1Q
#11460
0J
0Q
#11465
1J
1Q
0O
b100 ""
b11010001 #"
b110 $"
b0 !"
#11466
1T
#11470
0J
0Q
#11475
b1 f
1J
1Q
#11476
0`
#11480
0J
0Q
#11485
b1 j
1J
1Q
#11490
0J
0Q
#11495
b10 j
1J
1Q
#11500
0J
0Q
#11505
b11 j
1J
1Q
1O
#11506
0T
#11510
0J
0Q
#11515
b10 f
b100 j
1J
1Q
#11516
x`
0_
0\
0[
0Y
0X
xW
1V
xU
1^
#11520
0J
0Q
#11525
b0 j
b1 k
b11110111 l
b11110111 q
b11110111 u
bx f
1J
1Q
#11526
x_
x\
x[
xY
xX
xV
x^
x]
b11110111 i
b11110111 s
b11110111 w
#11530
0J
0Q
#11535
b0 f
b11110111 m
b11111011 l
b11111011 q
b11111011 u
b10 k
1J
1Q
#11536
1`
1_
1[
1X
0W
0V
0U
0^
1]
b11111011 i
b11111011 s
b11111011 w
#11540
0J
0Q
#11545
1J
1Q
#11550
0J
0Q
#11555
1J
1Q
#11560
0J
0Q
#11565
1J
1Q
#11570
0J
0Q
#11575
1J
1Q
#11580
0J
0Q
#11585
1J
1Q
#11590
0J
0Q
#11595
1J
1Q
#11600
0J
0Q
#11605
1J
1Q
#11610
0J
0Q
#11615
1J
1Q
#11620
0J
0Q
#11625
1J
1Q
#11630
0J
0Q
#11635
1J
1Q
#11640
0J
0Q
#11645
1J
1Q
#11650
0J
0Q
#11655
1J
1Q
#11660
0J
0Q
#11665
1J
1Q
#11670
0J
0Q
#11675
1J
1Q
#11680
0J
0Q
#11685
1J
1Q
#11690
0J
0Q
#11695
1J
1Q
#11700
0J
0Q
#11705
1J
1Q
0O
b1011 ""
b1 !"
#11706
1T
#11710
0J
0Q
#11715
b1 f
1J
1Q
#11716
0`
#11720
0J
0Q
#11725
b1 j
1J
1Q
#11730
0J
0Q
#11735
b10 j
1J
1Q
#11740
0J
0Q
#11745
b11 j
1J
1Q
#11750
0J
0Q
#11755
b100 j
1J
1Q
#11760
0J
0Q
#11765
b101 j
1J
1Q
#11770
0J
0Q
#11775
b110 j
1J
1Q
#11780
0J
0Q
#11785
b111 j
1J
1Q
#11790
0J
0Q
#11795
b1000 j
1J
1Q
#11800
0J
0Q
#11805
b1001 j
1J
1Q
#11810
0J
0Q
#11815
b1010 j
1J
1Q
1O
#11816
0T
#11820
0J
0Q
#11825
b1011 j
b10 f
1J
1Q
#11826
x`
0_
0\
0[
0Y
0X
xW
1V
xU
1^
#11830
0J
0Q
#11835
bx f
b1111101 l
b1111101 q
b1111101 u
b11 k
b0 j
1J
1Q
#11836
x_
x\
x[
xY
xX
xV
x^
x]
b1111101 i
b1111101 s
b1111101 w
1h
#11837
0h
#11840
0J
0Q
#11845
b100 k
b10111110 l
b10111110 q
b10111110 u
b1111101 m
b0 f
1J
1Q
#11846
1`
1_
1[
1X
0W
0V
0U
0^
1]
b10111110 i
b10111110 s
b10111110 w
#11850
0J
0Q
#11855
1J
1Q
#11860
0J
0Q
#11865
1J
1Q
#11870
0J
0Q
#11875
1J
1Q
#11880
0J
0Q
#11885
1J
1Q
#11890
0J
0Q
#11895
1J
1Q
#11900
0J
0Q
#11905
1J
1Q
#11910
0J
0Q
#11915
1J
1Q
#11920
0J
0Q
#11925
1J
1Q
#11930
0J
0Q
#11935
1J
1Q
#11940
0J
0Q
#11945
1J
1Q
#11950
0J
0Q
#11955
1J
1Q
#11960
0J
0Q
#11965
1J
1Q
#11970
0J
0Q
#11975
1J
1Q
#11980
0J
0Q
#11985
1J
1Q
#11990
0J
0Q
#11995
1J
1Q
#12000
0J
0Q
#12005
1J
1Q
#12010
0J
0Q
#12015
1J
1Q
0O
b1100 ""
b10 !"
#12016
1T
#12020
0J
0Q
#12025
b1 f
1J
1Q
#12026
0`
#12030
0J
0Q
#12035
b1 j
1J
1Q
#12040
0J
0Q
#12045
b10 j
1J
1Q
#12050
0J
0Q
#12055
b11 j
1J
1Q
#12060
0J
0Q
#12065
b100 j
1J
1Q
#12070
0J
0Q
#12075
b101 j
1J
1Q
#12080
0J
0Q
#12085
b110 j
1J
1Q
#12090
0J
0Q
#12095
b111 j
1J
1Q
#12100
0J
0Q
#12105
b1000 j
1J
1Q
#12110
0J
0Q
#12115
b1001 j
1J
1Q
#12120
0J
0Q
#12125
b1010 j
1J
1Q
#12130
0J
0Q
#12135
b1011 j
1J
1Q
1O
#12136
0T
#12140
0J
0Q
#12145
b1100 j
b10 f
1J
1Q
#12146
x`
0_
0\
0[
0Y
0X
xW
1V
xU
1^
#12150
0J
0Q
#12155
bx f
b1011111 l
b1011111 q
b1011111 u
b101 k
b0 j
1J
1Q
#12156
x_
x\
x[
xY
xX
xV
x^
x]
b1011111 i
b1011111 s
b1011111 w
1h
#12157
0h
#12160
0J
0Q
#12165
b110 k
b10101111 l
b10101111 q
b10101111 u
b1011111 m
b0 f
1J
1Q
#12166
1`
1_
1[
1X
0W
0V
0U
0^
1]
b10101111 i
b10101111 s
b10101111 w
#12170
0J
0Q
#12175
1J
1Q
#12180
0J
0Q
#12185
1J
1Q
#12190
0J
0Q
#12195
1J
1Q
#12200
0J
0Q
#12205
1J
1Q
#12210
0J
0Q
#12215
1J
1Q
#12220
0J
0Q
#12225
1J
1Q
#12230
0J
0Q
#12235
1J
1Q
#12240
0J
0Q
#12245
1J
1Q
#12250
0J
0Q
#12255
1J
1Q
#12260
0J
0Q
#12265
1J
1Q
#12270
0J
0Q
#12275
1J
1Q
#12280
0J
0Q
#12285
1J
1Q
#12290
0J
0Q
#12295
1J
1Q
#12300
0J
0Q
#12305
1J
1Q
#12310
0J
0Q
#12315
1J
1Q
#12320
0J
0Q
#12325
1J
1Q
#12330
0J
0Q
#12335
1J
1Q
0O
b1101 ""
b11 !"
#12336
1T
#12340
0J
0Q
#12345
b1 f
1J
1Q
#12346
0`
#12350
0J
0Q
#12355
b1 j
1J
1Q
#12360
0J
0Q
#12365
b10 j
1J
1Q
#12370
0J
0Q
#12375
b11 j
1J
1Q
#12380
0J
0Q
#12385
b100 j
1J
1Q
#12390
0J
0Q
#12395
b101 j
1J
1Q
#12400
0J
0Q
#12405
b110 j
1J
1Q
#12410
0J
0Q
#12415
b111 j
1J
1Q
#12420
0J
0Q
#12425
b1000 j
1J
1Q
#12430
0J
0Q
#12435
b1001 j
1J
1Q
#12440
0J
0Q
#12445
b1010 j
1J
1Q
#12450
0J
0Q
#12455
b1011 j
1J
1Q
#12460
0J
0Q
#12465
b1100 j
1J
1Q
1O
#12466
0T
#12470
0J
0Q
#12475
b10 f
b1101 j
1J
1Q
#12476
x`
0_
0\
0[
0Y
0X
xW
1V
xU
1^
#12480
0J
0Q
#12485
b0 j
b111 k
b1010111 l
b1010111 q
b1010111 u
bx f
1J
1Q
#12486
x_
x\
x[
xY
xX
xV
x^
x]
b1010111 i
b1010111 s
b1010111 w
1h
#12487
0h
#12490
0J
0Q
#12495
b0 f
b1010111 m
b10101011 l
b10101011 q
b10101011 u
b0 k
1J
1Q
#12496
1`
1_
1[
1X
0W
0V
0U
0^
1]
b10101011 i
b10101011 s
b10101011 w
#12500
0J
0Q
#12505
1J
1Q
#12510
0J
0Q
#12515
1J
1Q
#12520
0J
0Q
#12525
1J
1Q
#12530
0J
0Q
#12535
1J
1Q
#12540
0J
0Q
#12545
1J
1Q
#12550
0J
0Q
#12555
1J
1Q
#12560
0J
0Q
#12565
1J
1Q
#12570
0J
0Q
#12575
1J
1Q
#12580
0J
0Q
#12585
1J
1Q
#12590
0J
0Q
#12595
1J
1Q
#12600
0J
0Q
#12605
1J
1Q
#12610
0J
0Q
#12615
1J
1Q
#12620
0J
0Q
#12625
1J
1Q
#12630
0J
0Q
#12635
1J
1Q
#12640
0J
0Q
#12645
1J
1Q
#12650
0J
0Q
#12655
1J
1Q
#12660
0J
0Q
#12665
1J
1Q
0O
b10 ""
b100 !"
#12666
1T
#12670
0J
0Q
#12675
b1 f
1J
1Q
#12676
0`
#12680
0J
0Q
#12685
b1 j
1J
1Q
1O
#12686
0T
#12690
0J
0Q
#12695
b10 f
b10 j
1J
1Q
#12696
x`
0_
0\
0[
0Y
0X
xW
1V
xU
1^
#12700
0J
0Q
#12705
b0 j
b1 k
b11010101 l
b11010101 q
b11010101 u
bx f
1J
1Q
#12706
x_
x\
x[
xY
xX
xV
x^
x]
b11010101 i
b11010101 s
b11010101 w
#12710
0J
0Q
#12715
b0 f
b11010101 m
b11101010 l
b11101010 q
b11101010 u
b10 k
1J
1Q
#12716
1`
1_
1[
1X
0W
0V
0U
0^
1]
b11101010 i
b11101010 s
b11101010 w
#12720
0J
0Q
#12725
1J
1Q
#12730
0J
0Q
#12735
1J
1Q
#12740
0J
0Q
#12745
1J
1Q
#12750
0J
0Q
#12755
1J
1Q
#12760
0J
0Q
#12765
1J
1Q
#12770
0J
0Q
#12775
1J
1Q
#12780
0J
0Q
#12785
1J
1Q
#12790
0J
0Q
#12795
1J
1Q
#12800
0J
0Q
#12805
1J
1Q
#12810
0J
0Q
#12815
1J
1Q
#12820
0J
0Q
#12825
1J
1Q
#12830
0J
0Q
#12835
1J
1Q
#12840
0J
0Q
#12845
1J
1Q
#12850
0J
0Q
#12855
1J
1Q
#12860
0J
0Q
#12865
1J
1Q
#12870
0J
0Q
#12875
1J
1Q
#12880
0J
0Q
#12885
1J
1Q
0O
b1111 ""
b101 !"
#12886
1T
#12890
0J
0Q
#12895
b1 f
1J
1Q
#12896
0`
#12900
0J
0Q
#12905
b1 j
1J
1Q
#12910
0J
0Q
#12915
b10 j
1J
1Q
#12920
0J
0Q
#12925
b11 j
1J
1Q
#12930
0J
0Q
#12935
b100 j
1J
1Q
#12940
0J
0Q
#12945
b101 j
1J
1Q
#12950
0J
0Q
#12955
b110 j
1J
1Q
#12960
0J
0Q
#12965
b111 j
1J
1Q
#12970
0J
0Q
#12975
b1000 j
1J
1Q
#12980
0J
0Q
#12985
b1001 j
1J
1Q
#12990
0J
0Q
#12995
b1010 j
1J
1Q
#13000
0J
0Q
#13005
b1011 j
1J
1Q
#13010
0J
0Q
#13015
b1100 j
1J
1Q
#13020
0J
0Q
#13025
b1101 j
1J
1Q
#13030
0J
0Q
#13035
b1110 j
1J
1Q
1O
#13036
0T
#13040
0J
0Q
#13045
b1111 j
b10 f
1J
1Q
#13046
x`
0_
0\
0[
0Y
0X
xW
1V
xU
1^
#13050
0J
0Q
#13055
bx f
b1110101 l
b1110101 q
b1110101 u
b11 k
b0 j
1J
1Q
#13056
x_
x\
x[
xY
xX
xV
x^
x]
b1110101 i
b1110101 s
b1110101 w
1h
#13057
0h
#13060
0J
0Q
#13065
b100 k
b10111010 l
b10111010 q
b10111010 u
b1110101 m
b0 f
1J
1Q
#13066
1`
1_
1[
1X
0W
0V
0U
0^
1]
b10111010 i
b10111010 s
b10111010 w
#13070
0J
0Q
#13075
1J
1Q
#13080
0J
0Q
#13085
1J
1Q
#13090
0J
0Q
#13095
1J
1Q
#13100
0J
0Q
#13105
1J
1Q
#13110
0J
0Q
#13115
1J
1Q
#13120
0J
0Q
#13125
1J
1Q
#13130
0J
0Q
#13135
1J
1Q
#13140
0J
0Q
#13145
1J
1Q
#13150
0J
0Q
#13155
1J
1Q
#13160
0J
0Q
#13165
1J
1Q
#13170
0J
0Q
#13175
1J
1Q
#13180
0J
0Q
#13185
1J
1Q
#13190
0J
0Q
#13195
1J
1Q
#13200
0J
0Q
#13205
1J
1Q
#13210
0J
0Q
#13215
1J
1Q
#13220
0J
0Q
#13225
1J
1Q
#13230
0J
0Q
#13235
1J
1Q
0O
b100 ""
b110 !"
#13236
1T
#13240
0J
0Q
#13245
b1 f
1J
1Q
#13246
0`
#13250
0J
0Q
#13255
b1 j
1J
1Q
#13260
0J
0Q
#13265
b10 j
1J
1Q
#13270
0J
0Q
#13275
b11 j
1J
1Q
1O
#13276
0T
#13280
0J
0Q
#13285
b100 j
b10 f
1J
1Q
#13286
x`
0_
0\
0[
0Y
0X
xW
1V
xU
1^
#13290
0J
0Q
#13295
bx f
b11011101 l
b11011101 q
b11011101 u
b101 k
b0 j
1J
1Q
#13296
x_
x\
x[
xY
xX
xV
x^
x]
b11011101 i
b11011101 s
b11011101 w
#13300
0J
0Q
#13305
b110 k
b11101110 l
b11101110 q
b11101110 u
b11011101 m
b0 f
1J
1Q
#13306
1`
1_
1[
1X
0W
0V
0U
0^
1]
b11101110 i
b11101110 s
b11101110 w
#13310
0J
0Q
#13315
1J
1Q
#13320
0J
0Q
#13325
1J
1Q
#13330
0J
0Q
#13335
1J
1Q
#13340
0J
0Q
#13345
1J
1Q
#13350
0J
0Q
#13355
1J
1Q
#13360
0J
0Q
#13365
1J
1Q
#13370
0J
0Q
#13375
1J
1Q
#13380
0J
0Q
#13385
1J
1Q
#13390
0J
0Q
#13395
1J
1Q
#13400
0J
0Q
#13405
1J
1Q
#13410
0J
0Q
#13415
1J
1Q
#13420
0J
0Q
#13425
1J
1Q
#13430
0J
0Q
#13435
1J
1Q
#13440
0J
0Q
#13445
1J
1Q
#13450
0J
0Q
#13455
1J
1Q
#13460
0J
0Q
#13465
1J
1Q
#13470
0J
0Q
#13475
1J
1Q
0O
b101 ""
b111 !"
#13476
1T
#13480
0J
0Q
#13485
b1 f
1J
1Q
#13486
0`
#13490
0J
0Q
#13495
b1 j
1J
1Q
#13500
0J
0Q
#13505
b10 j
1J
1Q
#13510
0J
0Q
#13515
b11 j
1J
1Q
#13520
0J
0Q
#13525
b100 j
1J
1Q
1O
#13526
0T
#13530
0J
0Q
#13535
b10 f
b101 j
1J
1Q
#13536
x`
0_
0\
0[
0Y
0X
xW
1V
xU
1^
#13540
0J
0Q
#13545
b0 j
b111 k
b11110111 l
b11110111 q
b11110111 u
bx f
1J
1Q
#13546
x_
x\
x[
xY
xX
xV
x^
x]
b11110111 i
b11110111 s
b11110111 w
#13550
0J
0Q
#13555
b0 f
b11110111 m
b11111011 l
b11111011 q
b11111011 u
b0 k
1J
1Q
#13556
1`
1_
1[
1X
0W
0V
0U
0^
1]
b11111011 i
b11111011 s
b11111011 w
#13560
0J
0Q
#13565
1J
1Q
#13570
0J
0Q
#13575
1J
1Q
#13580
0J
0Q
#13585
1J
1Q
#13590
0J
0Q
#13595
1J
1Q
#13600
0J
0Q
#13605
1J
1Q
#13610
0J
0Q
#13615
1J
1Q
#13620
0J
0Q
#13625
1J
1Q
#13630
0J
0Q
#13635
1J
1Q
#13640
0J
0Q
#13645
1J
1Q
#13650
0J
0Q
#13655
1J
1Q
#13660
0J
0Q
#13665
1J
1Q
#13670
0J
0Q
#13675
1J
1Q
#13680
0J
0Q
#13685
1J
1Q
#13690
0J
0Q
#13695
1J
1Q
#13700
0J
0Q
#13705
1J
1Q
#13710
0J
0Q
#13715
1J
1Q
#13720
0J
0Q
#13725
1J
1Q
0O
b1110 ""
b11100100 #"
b111 $"
b0 !"
#13726
1T
#13730
0J
0Q
#13735
b1 f
1J
1Q
#13736
0`
#13740
0J
0Q
#13745
b1 j
1J
1Q
#13750
0J
0Q
#13755
b10 j
1J
1Q
#13760
0J
0Q
#13765
b11 j
1J
1Q
#13770
0J
0Q
#13775
b100 j
1J
1Q
#13780
0J
0Q
#13785
b101 j
1J
1Q
#13790
0J
0Q
#13795
b110 j
1J
1Q
#13800
0J
0Q
#13805
b111 j
1J
1Q
#13810
0J
0Q
#13815
b1000 j
1J
1Q
#13820
0J
0Q
#13825
b1001 j
1J
1Q
#13830
0J
0Q
#13835
b1010 j
1J
1Q
#13840
0J
0Q
#13845
b1011 j
1J
1Q
#13850
0J
0Q
#13855
b1100 j
1J
1Q
#13860
0J
0Q
#13865
b1101 j
1J
1Q
1O
#13866
0T
#13870
0J
0Q
#13875
b10 f
b1110 j
1J
1Q
#13876
x`
0_
0\
0[
0Y
0X
xW
1V
xU
1^
#13880
0J
0Q
#13885
b0 j
b1 k
b1111101 l
b1111101 q
b1111101 u
bx f
1J
1Q
#13886
x_
x\
x[
xY
xX
xV
x^
x]
b1111101 i
b1111101 s
b1111101 w
1h
#13887
0h
#13890
0J
0Q
#13895
b0 f
b1111101 m
b10111110 l
b10111110 q
b10111110 u
b10 k
1J
1Q
#13896
1`
1_
1[
1X
0W
0V
0U
0^
1]
b10111110 i
b10111110 s
b10111110 w
#13900
0J
0Q
#13905
1J
1Q
#13910
0J
0Q
#13915
1J
1Q
#13920
0J
0Q
#13925
1J
1Q
#13930
0J
0Q
#13935
1J
1Q
#13940
0J
0Q
#13945
1J
1Q
#13950
0J
0Q
#13955
1J
1Q
#13960
0J
0Q
#13965
1J
1Q
#13970
0J
0Q
#13975
1J
1Q
#13980
0J
0Q
#13985
1J
1Q
#13990
0J
0Q
#13995
1J
1Q
#14000
0J
0Q
#14005
1J
1Q
#14010
0J
0Q
#14015
1J
1Q
#14020
0J
0Q
#14025
1J
1Q
#14030
0J
0Q
#14035
1J
1Q
#14040
0J
0Q
#14045
1J
1Q
#14050
0J
0Q
#14055
1J
1Q
#14060
0J
0Q
#14065
1J
1Q
0O
b1111 ""
b1 !"
#14066
1T
#14070
0J
0Q
#14075
b1 f
1J
1Q
#14076
0`
#14080
0J
0Q
#14085
b1 j
1J
1Q
#14090
0J
0Q
#14095
b10 j
1J
1Q
#14100
0J
0Q
#14105
b11 j
1J
1Q
#14110
0J
0Q
#14115
b100 j
1J
1Q
#14120
0J
0Q
#14125
b101 j
1J
1Q
#14130
0J
0Q
#14135
b110 j
1J
1Q
#14140
0J
0Q
#14145
b111 j
1J
1Q
#14150
0J
0Q
#14155
b1000 j
1J
1Q
#14160
0J
0Q
#14165
b1001 j
1J
1Q
#14170
0J
0Q
#14175
b1010 j
1J
1Q
#14180
0J
0Q
#14185
b1011 j
1J
1Q
#14190
0J
0Q
#14195
b1100 j
1J
1Q
#14200
0J
0Q
#14205
b1101 j
1J
1Q
#14210
0J
0Q
#14215
b1110 j
1J
1Q
1O
#14216
0T
#14220
0J
0Q
#14225
b1111 j
b10 f
1J
1Q
#14226
x`
0_
0\
0[
0Y
0X
xW
1V
xU
1^
#14230
0J
0Q
#14235
bx f
b1011111 l
b1011111 q
b1011111 u
b11 k
b0 j
1J
1Q
#14236
x_
x\
x[
xY
xX
xV
x^
x]
b1011111 i
b1011111 s
b1011111 w
1h
#14237
0h
#14240
0J
0Q
#14245
b100 k
b10101111 l
b10101111 q
b10101111 u
b1011111 m
b0 f
1J
1Q
#14246
1`
1_
1[
1X
0W
0V
0U
0^
1]
b10101111 i
b10101111 s
b10101111 w
#14250
0J
0Q
#14255
1J
1Q
#14260
0J
0Q
#14265
1J
1Q
#14270
0J
0Q
#14275
1J
1Q
#14280
0J
0Q
#14285
1J
1Q
#14290
0J
0Q
#14295
1J
1Q
#14300
0J
0Q
#14305
1J
1Q
#14310
0J
0Q
#14315
1J
1Q
#14320
0J
0Q
#14325
1J
1Q
#14330
0J
0Q
#14335
1J
1Q
#14340
0J
0Q
#14345
1J
1Q
#14350
0J
0Q
#14355
1J
1Q
#14360
0J
0Q
#14365
1J
1Q
#14370
0J
0Q
#14375
1J
1Q
#14380
0J
0Q
#14385
1J
1Q
#14390
0J
0Q
#14395
1J
1Q
#14400
0J
0Q
#14405
1J
1Q
#14410
0J
0Q
#14415
1J
1Q
0O
b100 ""
b10 !"
#14416
1T
#14420
0J
0Q
#14425
b1 f
1J
1Q
#14426
0`
#14430
0J
0Q
#14435
b1 j
1J
1Q
#14440
0J
0Q
#14445
b10 j
1J
1Q
#14450
0J
0Q
#14455
b11 j
1J
1Q
1O
#14456
0T
#14460
0J
0Q
#14465
b100 j
b10 f
1J
1Q
#14466
x`
0_
0\
0[
0Y
0X
xW
1V
xU
1^
#14470
0J
0Q
#14475
bx f
b11010111 l
b11010111 q
b11010111 u
b101 k
b0 j
1J
1Q
#14476
x_
x\
x[
xY
xX
xV
x^
x]
b11010111 i
b11010111 s
b11010111 w
#14480
0J
0Q
#14485
b110 k
b11101011 l
b11101011 q
b11101011 u
b11010111 m
b0 f
1J
1Q
#14486
1`
1_
1[
1X
0W
0V
0U
0^
1]
b11101011 i
b11101011 s
b11101011 w
#14490
0J
0Q
#14495
1J
1Q
#14500
0J
0Q
#14505
1J
1Q
#14510
0J
0Q
#14515
1J
1Q
#14520
0J
0Q
#14525
1J
1Q
#14530
0J
0Q
#14535
1J
1Q
#14540
0J
0Q
#14545
1J
1Q
#14550
0J
0Q
#14555
1J
1Q
#14560
0J
0Q
#14565
1J
1Q
#14570
0J
0Q
#14575
1J
1Q
#14580
0J
0Q
#14585
1J
1Q
#14590
0J
0Q
#14595
1J
1Q
#14600
0J
0Q
#14605
1J
1Q
#14610
0J
0Q
#14615
1J
1Q
#14620
0J
0Q
#14625
1J
1Q
#14630
0J
0Q
#14635
1J
1Q
#14640
0J
0Q
#14645
1J
1Q
#14650
0J
0Q
#14655
1J
1Q
0O
b1100 ""
b11 !"
#14656
1T
#14660
0J
0Q
#14665
b1 f
1J
1Q
#14666
0`
#14670
0J
0Q
#14675
b1 j
1J
1Q
#14680
0J
0Q
#14685
b10 j
1J
1Q
#14690
0J
0Q
#14695
b11 j
1J
1Q
#14700
0J
0Q
#14705
b100 j
1J
1Q
#14710
0J
0Q
#14715
b101 j
1J
1Q
#14720
0J
0Q
#14725
b110 j
1J
1Q
#14730
0J
0Q
#14735
b111 j
1J
1Q
#14740
0J
0Q
#14745
b1000 j
1J
1Q
#14750
0J
0Q
#14755
b1001 j
1J
1Q
#14760
0J
0Q
#14765
b1010 j
1J
1Q
#14770
0J
0Q
#14775
b1011 j
1J
1Q
1O
#14776
0T
#14780
0J
0Q
#14785
b1100 j
b10 f
1J
1Q
#14786
x`
0_
0\
0[
0Y
0X
xW
1V
xU
1^
#14790
0J
0Q
#14795
bx f
b1110101 l
b1110101 q
b1110101 u
b111 k
b0 j
1J
1Q
#14796
x_
x\
x[
xY
xX
xV
x^
x]
b1110101 i
b1110101 s
b1110101 w
1h
#14797
0h
#14800
0J
0Q
#14805
b0 k
b10111010 l
b10111010 q
b10111010 u
b1110101 m
b0 f
1J
1Q
#14806
1`
1_
1[
1X
0W
0V
0U
0^
1]
b10111010 i
b10111010 s
b10111010 w
#14810
0J
0Q
#14815
1J
1Q
#14820
0J
0Q
#14825
1J
1Q
#14830
0J
0Q
#14835
1J
1Q
#14840
0J
0Q
#14845
1J
1Q
#14850
0J
0Q
#14855
1J
1Q
#14860
0J
0Q
#14865
1J
1Q
#14870
0J
0Q
#14875
1J
1Q
#14880
0J
0Q
#14885
1J
1Q
#14890
0J
0Q
#14895
1J
1Q
#14900
0J
0Q
#14905
1J
1Q
#14910
0J
0Q
#14915
1J
1Q
#14920
0J
0Q
#14925
1J
1Q
#14930
0J
0Q
#14935
1J
1Q
#14940
0J
0Q
#14945
1J
1Q
#14950
0J
0Q
#14955
1J
1Q
#14960
0J
0Q
#14965
1J
1Q
#14970
0J
0Q
#14975
1J
1Q
0O
b1101 ""
b100 !"
#14976
1T
#14980
0J
0Q
#14985
b1 f
1J
1Q
#14986
0`
#14990
0J
0Q
#14995
b1 j
1J
1Q
#15000
0J
0Q
#15005
b10 j
1J
1Q
#15010
0J
0Q
#15015
b11 j
1J
1Q
#15020
0J
0Q
#15025
b100 j
1J
1Q
#15030
0J
0Q
#15035
b101 j
1J
1Q
#15040
0J
0Q
#15045
b110 j
1J
1Q
#15050
0J
0Q
#15055
b111 j
1J
1Q
#15060
0J
0Q
#15065
b1000 j
1J
1Q
#15070
0J
0Q
#15075
b1001 j
1J
1Q
#15080
0J
0Q
#15085
b1010 j
1J
1Q
#15090
0J
0Q
#15095
b1011 j
1J
1Q
#15100
0J
0Q
#15105
b1100 j
1J
1Q
1O
#15106
0T
#15110
0J
0Q
#15115
b10 f
b1101 j
1J
1Q
#15116
x`
0_
0\
0[
0Y
0X
xW
1V
xU
1^
#15120
0J
0Q
#15125
b0 j
b1 k
b1011101 l
b1011101 q
b1011101 u
bx f
1J
1Q
#15126
x_
x\
x[
xY
xX
xV
x^
x]
b1011101 i
b1011101 s
b1011101 w
1h
#15127
0h
#15130
0J
0Q
#15135
b0 f
b1011101 m
b10101110 l
b10101110 q
b10101110 u
b10 k
1J
1Q
#15136
1`
1_
1[
1X
0W
0V
0U
0^
1]
b10101110 i
b10101110 s
b10101110 w
#15140
0J
0Q
#15145
1J
1Q
#15150
0J
0Q
#15155
1J
1Q
#15160
0J
0Q
#15165
1J
1Q
#15170
0J
0Q
#15175
1J
1Q
#15180
0J
0Q
#15185
1J
1Q
#15190
0J
0Q
#15195
1J
1Q
#15200
0J
0Q
#15205
1J
1Q
#15210
0J
0Q
#15215
1J
1Q
#15220
0J
0Q
#15225
1J
1Q
#15230
0J
0Q
#15235
1J
1Q
#15240
0J
0Q
#15245
1J
1Q
#15250
0J
0Q
#15255
1J
1Q
#15260
0J
0Q
#15265
1J
1Q
#15270
0J
0Q
#15275
1J
1Q
#15280
0J
0Q
#15285
1J
1Q
#15290
0J
0Q
#15295
1J
1Q
#15300
0J
0Q
#15305
1J
1Q
0O
b111 ""
b101 !"
#15306
1T
#15310
0J
0Q
#15315
b1 f
1J
1Q
#15316
0`
#15320
0J
0Q
#15325
b1 j
1J
1Q
#15330
0J
0Q
#15335
b10 j
1J
1Q
#15340
0J
0Q
#15345
b11 j
1J
1Q
#15350
0J
0Q
#15355
b100 j
1J
1Q
#15360
0J
0Q
#15365
b101 j
1J
1Q
#15370
0J
0Q
#15375
b110 j
1J
1Q
1O
#15376
0T
#15380
0J
0Q
#15385
b111 j
b10 f
1J
1Q
#15386
x`
0_
0\
0[
0Y
0X
xW
1V
xU
1^
#15390
0J
0Q
#15395
bx f
b11010111 l
b11010111 q
b11010111 u
b11 k
b0 j
1J
1Q
#15396
x_
x\
x[
xY
xX
xV
x^
x]
b11010111 i
b11010111 s
b11010111 w
#15400
0J
0Q
#15405
b100 k
b11101011 l
b11101011 q
b11101011 u
b11010111 m
b0 f
1J
1Q
#15406
1`
1_
1[
1X
0W
0V
0U
0^
1]
b11101011 i
b11101011 s
b11101011 w
#15410
0J
0Q
#15415
1J
1Q
#15420
0J
0Q
#15425
1J
1Q
#15430
0J
0Q
#15435
1J
1Q
#15440
0J
0Q
#15445
1J
1Q
#15450
0J
0Q
#15455
1J
1Q
#15460
0J
0Q
#15465
1J
1Q
#15470
0J
0Q
#15475
1J
1Q
#15480
0J
0Q
#15485
1J
1Q
#15490
0J
0Q
#15495
1J
1Q
#15500
0J
0Q
#15505
1J
1Q
#15510
0J
0Q
#15515
1J
1Q
#15520
0J
0Q
#15525
1J
1Q
#15530
0J
0Q
#15535
1J
1Q
#15540
0J
0Q
#15545
1J
1Q
#15550
0J
0Q
#15555
1J
1Q
#15560
0J
0Q
#15565
1J
1Q
#15570
0J
0Q
#15575
1J
1Q
0O
b10 ""
b110 !"
#15576
1T
#15580
0J
0Q
#15585
b1 f
1J
1Q
#15586
0`
#15590
0J
0Q
#15595
b1 j
1J
1Q
1O
#15596
0T
#15600
0J
0Q
#15605
b10 j
b10 f
1J
1Q
#15606
x`
0_
0\
0[
0Y
0X
xW
1V
xU
1^
#15610
0J
0Q
#15615
bx f
b11110101 l
b11110101 q
b11110101 u
b101 k
b0 j
1J
1Q
#15616
x_
x\
x[
xY
xX
xV
x^
x]
b11110101 i
b11110101 s
b11110101 w
#15620
0J
0Q
#15625
b110 k
b11111010 l
b11111010 q
b11111010 u
b11110101 m
b0 f
1J
1Q
#15626
1`
1_
1[
1X
0W
0V
0U
0^
1]
b11111010 i
b11111010 s
b11111010 w
#15630
0J
0Q
#15635
1J
1Q
#15640
0J
0Q
#15645
1J
1Q
#15650
0J
0Q
#15655
1J
1Q
#15660
0J
0Q
#15665
1J
1Q
#15670
0J
0Q
#15675
1J
1Q
#15680
0J
0Q
#15685
1J
1Q
#15690
0J
0Q
#15695
1J
1Q
#15700
0J
0Q
#15705
1J
1Q
#15710
0J
0Q
#15715
1J
1Q
#15720
0J
0Q
#15725
1J
1Q
#15730
0J
0Q
#15735
1J
1Q
#15740
0J
0Q
#15745
1J
1Q
#15750
0J
0Q
#15755
1J
1Q
#15760
0J
0Q
#15765
1J
1Q
#15770
0J
0Q
#15775
1J
1Q
#15780
0J
0Q
#15785
1J
1Q
#15790
0J
0Q
#15795
1J
1Q
0O
b11 ""
b111 !"
#15796
1T
#15800
0J
0Q
#15805
b1 f
1J
1Q
#15806
0`
#15810
0J
0Q
#15815
b1 j
1J
1Q
#15820
0J
0Q
#15825
b10 j
1J
1Q
1O
#15826
0T
#15830
0J
0Q
#15835
b10 f
b11 j
1J
1Q
#15836
x`
0_
0\
0[
0Y
0X
xW
1V
xU
1^
#15840
0J
0Q
#15845
b0 j
b111 k
b11111101 l
b11111101 q
b11111101 u
bx f
1J
1Q
#15846
x_
x\
x[
xY
xX
xV
x^
x]
b11111101 i
b11111101 s
b11111101 w
#15850
0J
0Q
#15855
b0 f
b11111101 m
b11111110 l
b11111110 q
b11111110 u
b0 k
1J
1Q
#15856
1`
1_
1[
1X
0W
0V
0U
0^
1]
b11111110 i
b11111110 s
b11111110 w
#15860
0J
0Q
#15865
1J
1Q
#15870
0J
0Q
#15875
1J
1Q
#15880
0J
0Q
#15885
1J
1Q
#15890
0J
0Q
#15895
1J
1Q
#15900
0J
0Q
#15905
1J
1Q
#15910
0J
0Q
#15915
1J
1Q
#15920
0J
0Q
#15925
1J
1Q
#15930
0J
0Q
#15935
1J
1Q
#15940
0J
0Q
#15945
1J
1Q
#15950
0J
0Q
#15955
1J
1Q
#15960
0J
0Q
#15965
1J
1Q
#15970
0J
0Q
#15975
1J
1Q
#15980
0J
0Q
#15985
1J
1Q
#15990
0J
0Q
#15995
1J
1Q
#16000
0J
0Q
#16005
1J
1Q
#16010
0J
0Q
#16015
1J
1Q
#16020
0J
0Q
#16025
1J
1Q
0O
b1110 ""
b11101110 #"
b1000 $"
b0 !"
#16026
1T
#16030
0J
0Q
#16035
b1 f
1J
1Q
#16036
0`
#16040
0J
0Q
#16045
b1 j
1J
1Q
#16050
0J
0Q
#16055
b10 j
1J
1Q
#16060
0J
0Q
#16065
b11 j
1J
1Q
#16070
0J
0Q
#16075
b100 j
1J
1Q
#16080
0J
0Q
#16085
b101 j
1J
1Q
#16090
0J
0Q
#16095
b110 j
1J
1Q
#16100
0J
0Q
#16105
b111 j
1J
1Q
#16110
0J
0Q
#16115
b1000 j
1J
1Q
#16120
0J
0Q
#16125
b1001 j
1J
1Q
#16130
0J
0Q
#16135
b1010 j
1J
1Q
#16140
0J
0Q
#16145
b1011 j
1J
1Q
#16150
0J
0Q
#16155
b1100 j
1J
1Q
#16160
0J
0Q
#16165
b1101 j
1J
1Q
1O
#16166
0T
#16170
0J
0Q
#16175
b10 f
b1110 j
1J
1Q
#16176
x`
0_
0\
0[
0Y
0X
xW
1V
xU
1^
#16180
0J
0Q
#16185
b0 j
b1 k
b1111111 l
b1111111 q
b1111111 u
bx f
1J
1Q
#16186
x_
x\
x[
xY
xX
xV
x^
x]
b1111111 i
b1111111 s
b1111111 w
1h
#16187
0h
#16190
0J
0Q
#16195
b0 f
b1111111 m
b10111111 l
b10111111 q
b10111111 u
b10 k
1J
1Q
#16196
1`
1_
1[
1X
0W
0V
0U
0^
1]
b10111111 i
b10111111 s
b10111111 w
#16200
0J
0Q
#16205
1J
1Q
#16210
0J
0Q
#16215
1J
1Q
#16220
0J
0Q
#16225
1J
1Q
#16230
0J
0Q
#16235
1J
1Q
#16240
0J
0Q
#16245
1J
1Q
#16250
0J
0Q
#16255
1J
1Q
#16260
0J
0Q
#16265
1J
1Q
#16270
0J
0Q
#16275
1J
1Q
#16280
0J
0Q
#16285
1J
1Q
#16290
0J
0Q
#16295
1J
1Q
#16300
0J
0Q
#16305
1J
1Q
#16310
0J
0Q
#16315
1J
1Q
#16320
0J
0Q
#16325
1J
1Q
#16330
0J
0Q
#16335
1J
1Q
#16340
0J
0Q
#16345
1J
1Q
#16350
0J
0Q
#16355
1J
1Q
#16360
0J
0Q
#16365
1J
1Q
0O
b111 ""
b1 !"
#16366
1T
#16370
0J
0Q
#16375
b1 f
1J
1Q
#16376
0`
#16380
0J
0Q
#16385
b1 j
1J
1Q
#16390
0J
0Q
#16395
b10 j
1J
1Q
#16400
0J
0Q
#16405
b11 j
1J
1Q
#16410
0J
0Q
#16415
b100 j
1J
1Q
#16420
0J
0Q
#16425
b101 j
1J
1Q
#16430
0J
0Q
#16435
b110 j
1J
1Q
1O
#16436
0T
#16440
0J
0Q
#16445
b111 j
b10 f
1J
1Q
#16446
x`
0_
0\
0[
0Y
0X
xW
1V
xU
1^
#16450
0J
0Q
#16455
bx f
b11011111 l
b11011111 q
b11011111 u
b11 k
b0 j
1J
1Q
#16456
x_
x\
x[
xY
xX
xV
x^
x]
b11011111 i
b11011111 s
b11011111 w
#16460
0J
0Q
#16465
b100 k
b11101111 l
b11101111 q
b11101111 u
b11011111 m
b0 f
1J
1Q
#16466
1`
1_
1[
1X
0W
0V
0U
0^
1]
b11101111 i
b11101111 s
b11101111 w
#16470
0J
0Q
#16475
1J
1Q
#16480
0J
0Q
#16485
1J
1Q
#16490
0J
0Q
#16495
1J
1Q
#16500
0J
0Q
#16505
1J
1Q
#16510
0J
0Q
#16515
1J
1Q
#16520
0J
0Q
#16525
1J
1Q
#16530
0J
0Q
#16535
1J
1Q
#16540
0J
0Q
#16545
1J
1Q
#16550
0J
0Q
#16555
1J
1Q
#16560
0J
0Q
#16565
1J
1Q
#16570
0J
0Q
#16575
1J
1Q
#16580
0J
0Q
#16585
1J
1Q
#16590
0J
0Q
#16595
1J
1Q
#16600
0J
0Q
#16605
1J
1Q
#16610
0J
0Q
#16615
1J
1Q
#16620
0J
0Q
#16625
1J
1Q
#16630
0J
0Q
#16635
1J
1Q
0O
b10 ""
b10 !"
#16636
1T
#16640
0J
0Q
#16645
b1 f
1J
1Q
#16646
0`
#16650
0J
0Q
#16655
b1 j
1J
1Q
1O
#16656
0T
#16660
0J
0Q
#16665
b10 j
b10 f
1J
1Q
#16666
x`
0_
0\
0[
0Y
0X
xW
1V
xU
1^
#16670
0J
0Q
#16675
bx f
b11110111 l
b11110111 q
b11110111 u
b101 k
b0 j
1J
1Q
#16676
x_
x\
x[
xY
xX
xV
x^
x]
b11110111 i
b11110111 s
b11110111 w
#16680
0J
0Q
#16685
b110 k
b11111011 l
b11111011 q
b11111011 u
b11110111 m
b0 f
1J
1Q
#16686
1`
1_
1[
1X
0W
0V
0U
0^
1]
b11111011 i
b11111011 s
b11111011 w
#16690
0J
0Q
#16695
1J
1Q
#16700
0J
0Q
#16705
1J
1Q
#16710
0J
0Q
#16715
1J
1Q
#16720
0J
0Q
#16725
1J
1Q
#16730
0J
0Q
#16735
1J
1Q
#16740
0J
0Q
#16745
1J
1Q
#16750
0J
0Q
#16755
1J
1Q
#16760
0J
0Q
#16765
1J
1Q
#16770
0J
0Q
#16775
1J
1Q
#16780
0J
0Q
#16785
1J
1Q
#16790
0J
0Q
#16795
1J
1Q
#16800
0J
0Q
#16805
1J
1Q
#16810
0J
0Q
#16815
1J
1Q
#16820
0J
0Q
#16825
1J
1Q
#16830
0J
0Q
#16835
1J
1Q
#16840
0J
0Q
#16845
1J
1Q
#16850
0J
0Q
#16855
1J
1Q
0O
b11 ""
b11 !"
#16856
1T
#16860
0J
0Q
#16865
b1 f
1J
1Q
#16866
0`
#16870
0J
0Q
#16875
b1 j
1J
1Q
#16880
0J
0Q
#16885
b10 j
1J
1Q
1O
#16886
0T
#16890
0J
0Q
#16895
b10 f
b11 j
1J
1Q
#16896
x`
0_
0\
0[
0Y
0X
xW
1V
xU
1^
#16900
0J
0Q
#16905
b0 j
b111 k
b11111101 l
b11111101 q
b11111101 u
bx f
1J
1Q
#16906
x_
x\
x[
xY
xX
xV
x^
x]
b11111101 i
b11111101 s
b11111101 w
#16910
0J
0Q
#16915
b0 f
b11111101 m
b11111110 l
b11111110 q
b11111110 u
b0 k
1J
1Q
#16916
1`
1_
1[
1X
0W
0V
0U
0^
1]
b11111110 i
b11111110 s
b11111110 w
#16920
0J
0Q
#16925
1J
1Q
#16930
0J
0Q
#16935
1J
1Q
#16940
0J
0Q
#16945
1J
1Q
#16950
0J
0Q
#16955
1J
1Q
#16960
0J
0Q
#16965
1J
1Q
#16970
0J
0Q
#16975
1J
1Q
#16980
0J
0Q
#16985
1J
1Q
#16990
0J
0Q
#16995
1J
1Q
#17000
0J
0Q
#17005
1J
1Q
#17010
0J
0Q
#17015
1J
1Q
#17020
0J
0Q
#17025
1J
1Q
#17030
0J
0Q
#17035
1J
1Q
#17040
0J
0Q
#17045
1J
1Q
#17050
0J
0Q
#17055
1J
1Q
#17060
0J
0Q
#17065
1J
1Q
#17070
0J
0Q
#17075
1J
1Q
#17080
0J
0Q
#17085
1J
1Q
0O
b1101 ""
b100 !"
#17086
1T
#17090
0J
0Q
#17095
b1 f
1J
1Q
#17096
0`
#17100
0J
0Q
#17105
b1 j
1J
1Q
#17110
0J
0Q
#17115
b10 j
1J
1Q
#17120
0J
0Q
#17125
b11 j
1J
1Q
#17130
0J
0Q
#17135
b100 j
1J
1Q
#17140
0J
0Q
#17145
b101 j
1J
1Q
#17150
0J
0Q
#17155
b110 j
1J
1Q
#17160
0J
0Q
#17165
b111 j
1J
1Q
#17170
0J
0Q
#17175
b1000 j
1J
1Q
#17180
0J
0Q
#17185
b1001 j
1J
1Q
#17190
0J
0Q
#17195
b1010 j
1J
1Q
#17200
0J
0Q
#17205
b1011 j
1J
1Q
#17210
0J
0Q
#17215
b1100 j
1J
1Q
1O
#17216
0T
#17220
0J
0Q
#17225
b1101 j
b10 f
1J
1Q
#17226
x`
0_
0\
0[
0Y
0X
xW
1V
xU
1^
#17230
0J
0Q
#17235
bx f
b1111111 l
b1111111 q
b1111111 u
b1 k
b0 j
1J
1Q
#17236
x_
x\
x[
xY
xX
xV
x^
x]
b1111111 i
b1111111 s
b1111111 w
1h
#17237
0h
#17240
0J
0Q
#17245
b10 k
b10111111 l
b10111111 q
b10111111 u
b1111111 m
b0 f
1J
1Q
#17246
1`
1_
1[
1X
0W
0V
0U
0^
1]
b10111111 i
b10111111 s
b10111111 w
#17250
0J
0Q
#17255
1J
1Q
#17260
0J
0Q
#17265
1J
1Q
#17270
0J
0Q
#17275
1J
1Q
#17280
0J
0Q
#17285
1J
1Q
#17290
0J
0Q
#17295
1J
1Q
#17300
0J
0Q
#17305
1J
1Q
#17310
0J
0Q
#17315
1J
1Q
#17320
0J
0Q
#17325
1J
1Q
#17330
0J
0Q
#17335
1J
1Q
#17340
0J
0Q
#17345
1J
1Q
#17350
0J
0Q
#17355
1J
1Q
#17360
0J
0Q
#17365
1J
1Q
#17370
0J
0Q
#17375
1J
1Q
#17380
0J
0Q
#17385
1J
1Q
#17390
0J
0Q
#17395
1J
1Q
#17400
0J
0Q
#17405
1J
1Q
#17410
0J
0Q
#17415
1J
1Q
0O
b101 ""
b101 !"
#17416
1T
#17420
0J
0Q
#17425
b1 f
1J
1Q
#17426
0`
#17430
0J
0Q
#17435
b1 j
1J
1Q
#17440
0J
0Q
#17445
b10 j
1J
1Q
#17450
0J
0Q
#17455
b11 j
1J
1Q
#17460
0J
0Q
#17465
b100 j
1J
1Q
1O
#17466
0T
#17470
0J
0Q
#17475
b10 f
b101 j
1J
1Q
#17476
x`
0_
0\
0[
0Y
0X
xW
1V
xU
1^
#17480
0J
0Q
#17485
b0 j
b11 k
b11011111 l
b11011111 q
b11011111 u
bx f
1J
1Q
#17486
x_
x\
x[
xY
xX
xV
x^
x]
b11011111 i
b11011111 s
b11011111 w
#17490
0J
0Q
#17495
b0 f
b11011111 m
b11101111 l
b11101111 q
b11101111 u
b100 k
1J
1Q
#17496
1`
1_
1[
1X
0W
0V
0U
0^
1]
b11101111 i
b11101111 s
b11101111 w
#17500
0J
0Q
#17505
1J
1Q
#17510
0J
0Q
#17515
1J
1Q
#17520
0J
0Q
#17525
1J
1Q
#17530
0J
0Q
#17535
1J
1Q
#17540
0J
0Q
#17545
1J
1Q
#17550
0J
0Q
#17555
1J
1Q
#17560
0J
0Q
#17565
1J
1Q
#17570
0J
0Q
#17575
1J
1Q
#17580
0J
0Q
#17585
1J
1Q
#17590
0J
0Q
#17595
1J
1Q
#17600
0J
0Q
#17605
1J
1Q
#17610
0J
0Q
#17615
1J
1Q
#17620
0J
0Q
#17625
1J
1Q
#17630
0J
0Q
#17635
1J
1Q
#17640
0J
0Q
#17645
1J
1Q
#17650
0J
0Q
#17655
1J
1Q
#17660
0J
0Q
#17665
1J
1Q
0O
b110 ""
b110 !"
#17666
1T
#17670
0J
0Q
#17675
b1 f
1J
1Q
#17676
0`
#17680
0J
0Q
#17685
b1 j
1J
1Q
#17690
0J
0Q
#17695
b10 j
1J
1Q
#17700
0J
0Q
#17705
b11 j
1J
1Q
#17710
0J
0Q
#17715
b100 j
1J
1Q
#17720
0J
0Q
#17725
b101 j
1J
1Q
1O
#17726
0T
#17730
0J
0Q
#17735
b10 f
b110 j
1J
1Q
#17736
x`
0_
0\
0[
0Y
0X
xW
1V
xU
1^
#17740
0J
0Q
#17745
b0 j
b101 k
b11110111 l
b11110111 q
b11110111 u
bx f
1J
1Q
#17746
x_
x\
x[
xY
xX
xV
x^
x]
b11110111 i
b11110111 s
b11110111 w
#17750
0J
0Q
#17755
b0 f
b11110111 m
b11111011 l
b11111011 q
b11111011 u
b110 k
1J
1Q
#17756
1`
1_
1[
1X
0W
0V
0U
0^
1]
b11111011 i
b11111011 s
b11111011 w
#17760
0J
0Q
#17765
1J
1Q
#17770
0J
0Q
#17775
1J
1Q
#17780
0J
0Q
#17785
1J
1Q
#17790
0J
0Q
#17795
1J
1Q
#17800
0J
0Q
#17805
1J
1Q
#17810
0J
0Q
#17815
1J
1Q
#17820
0J
0Q
#17825
1J
1Q
#17830
0J
0Q
#17835
1J
1Q
#17840
0J
0Q
#17845
1J
1Q
#17850
0J
0Q
#17855
1J
1Q
#17860
0J
0Q
#17865
1J
1Q
#17870
0J
0Q
#17875
1J
1Q
#17880
0J
0Q
#17885
1J
1Q
#17890
0J
0Q
#17895
1J
1Q
#17900
0J
0Q
#17905
1J
1Q
#17910
0J
0Q
#17915
1J
1Q
#17920
0J
0Q
#17925
1J
1Q
0O
b111 ""
b111 !"
#17926
1T
#17930
0J
0Q
#17935
b1 f
1J
1Q
#17936
0`
#17940
0J
0Q
#17945
b1 j
1J
1Q
#17950
0J
0Q
#17955
b10 j
1J
1Q
#17960
0J
0Q
#17965
b11 j
1J
1Q
#17970
0J
0Q
#17975
b100 j
1J
1Q
#17980
0J
0Q
#17985
b101 j
1J
1Q
#17990
0J
0Q
#17995
b110 j
1J
1Q
1O
#17996
0T
#18000
0J
0Q
#18005
b111 j
b10 f
1J
1Q
#18006
x`
0_
0\
0[
0Y
0X
xW
1V
xU
1^
#18010
0J
0Q
#18015
bx f
b11111101 l
b11111101 q
b11111101 u
b111 k
b0 j
1J
1Q
#18016
x_
x\
x[
xY
xX
xV
x^
x]
b11111101 i
b11111101 s
b11111101 w
#18020
0J
0Q
#18025
b0 k
b11111110 l
b11111110 q
b11111110 u
b11111101 m
b0 f
1J
1Q
#18026
1`
1_
1[
1X
0W
0V
0U
0^
1]
b11111110 i
b11111110 s
b11111110 w
#18030
0J
0Q
#18035
1J
1Q
#18040
0J
0Q
#18045
1J
1Q
#18050
0J
0Q
#18055
1J
1Q
#18060
0J
0Q
#18065
1J
1Q
#18070
0J
0Q
#18075
1J
1Q
#18080
0J
0Q
#18085
1J
1Q
#18090
0J
0Q
#18095
1J
1Q
#18100
0J
0Q
#18105
1J
1Q
#18110
0J
0Q
#18115
1J
1Q
#18120
0J
0Q
#18125
1J
1Q
#18130
0J
0Q
#18135
1J
1Q
#18140
0J
0Q
#18145
1J
1Q
#18150
0J
0Q
#18155
1J
1Q
#18160
0J
0Q
#18165
1J
1Q
#18170
0J
0Q
#18175
1J
1Q
#18180
0J
0Q
#18185
1J
1Q
#18190
0J
0Q
#18195
1J
1Q
0O
b10 ""
b11001111 #"
b1001 $"
b0 !"
#18196
1T
#18200
0J
0Q
#18205
b1 f
1J
1Q
#18206
0`
#18210
0J
0Q
#18215
b1 j
1J
1Q
1O
#18216
0T
#18220
0J
0Q
#18225
b10 j
b10 f
1J
1Q
#18226
x`
0_
0\
0[
0Y
0X
xW
1V
xU
1^
#18230
0J
0Q
#18235
bx f
b11111111 l
b11111111 q
b11111111 u
b1 k
b0 j
1J
1Q
#18236
x_
x\
x[
xY
xX
xV
x^
x]
b11111111 i
b11111111 s
b11111111 w
#18240
0J
0Q
#18245
b10 k
b11111111 m
b0 f
1J
1Q
#18246
1`
1_
1[
1X
0W
0V
0U
0^
1]
#18250
0J
0Q
#18255
1J
1Q
#18260
0J
0Q
#18265
1J
1Q
#18270
0J
0Q
#18275
1J
1Q
#18280
0J
0Q
#18285
1J
1Q
#18290
0J
0Q
#18295
1J
1Q
#18300
0J
0Q
#18305
1J
1Q
#18310
0J
0Q
#18315
1J
1Q
#18320
0J
0Q
#18325
1J
1Q
#18330
0J
0Q
#18335
1J
1Q
#18340
0J
0Q
#18345
1J
1Q
#18350
0J
0Q
#18355
1J
1Q
#18360
0J
0Q
#18365
1J
1Q
#18370
0J
0Q
#18375
1J
1Q
#18380
0J
0Q
#18385
1J
1Q
#18390
0J
0Q
#18395
1J
1Q
#18400
0J
0Q
#18405
1J
1Q
#18410
0J
0Q
#18415
1J
1Q
0O
b11 ""
b1 !"
#18416
1T
#18420
0J
0Q
#18425
b1 f
1J
1Q
#18426
0`
#18430
0J
0Q
#18435
b1 j
1J
1Q
#18440
0J
0Q
#18445
b10 j
1J
1Q
1O
#18446
0T
#18450
0J
0Q
#18455
b10 f
b11 j
1J
1Q
#18456
x`
0_
0\
0[
0Y
0X
xW
1V
xU
1^
#18460
0J
0Q
#18465
b0 j
b11 k
bx f
1J
1Q
#18466
x_
x\
x[
xY
xX
xV
x^
x]
#18470
0J
0Q
#18475
b0 f
b100 k
1J
1Q
#18476
1`
1_
1[
1X
0W
0V
0U
0^
1]
#18480
0J
0Q
#18485
1J
1Q
#18490
0J
0Q
#18495
1J
1Q
#18500
0J
0Q
#18505
1J
1Q
#18510
0J
0Q
#18515
1J
1Q
#18520
0J
0Q
#18525
1J
1Q
#18530
0J
0Q
#18535
1J
1Q
#18540
0J
0Q
#18545
1J
1Q
#18550
0J
0Q
#18555
1J
1Q
#18560
0J
0Q
#18565
1J
1Q
#18570
0J
0Q
#18575
1J
1Q
#18580
0J
0Q
#18585
1J
1Q
#18590
0J
0Q
#18595
1J
1Q
#18600
0J
0Q
#18605
1J
1Q
#18610
0J
0Q
#18615
1J
1Q
#18620
0J
0Q
#18625
1J
1Q
#18630
0J
0Q
#18635
1J
1Q
#18640
0J
0Q
#18645
1J
1Q
0O
b100 ""
b10 !"
#18646
1T
#18650
0J
0Q
#18655
b1 f
1J
1Q
#18656
0`
#18660
0J
0Q
#18665
b1 j
1J
1Q
#18670
0J
0Q
#18675
b10 j
1J
1Q
#18680
0J
0Q
#18685
b11 j
1J
1Q
1O
#18686
0T
#18690
0J
0Q
#18695
b10 f
b100 j
1J
1Q
#18696
x`
0_
0\
0[
0Y
0X
xW
1V
xU
1^
#18700
0J
0Q
#18705
b0 j
b101 k
bx f
1J
1Q
#18706
x_
x\
x[
xY
xX
xV
x^
x]
#18710
0J
0Q
#18715
b0 f
b110 k
1J
1Q
#18716
1`
1_
1[
1X
0W
0V
0U
0^
1]
#18720
0J
0Q
#18725
1J
1Q
#18730
0J
0Q
#18735
1J
1Q
#18740
0J
0Q
#18745
1J
1Q
#18750
0J
0Q
#18755
1J
1Q
#18760
0J
0Q
#18765
1J
1Q
#18770
0J
0Q
#18775
1J
1Q
#18780
0J
0Q
#18785
1J
1Q
#18790
0J
0Q
#18795
1J
1Q
#18800
0J
0Q
#18805
1J
1Q
#18810
0J
0Q
#18815
1J
1Q
#18820
0J
0Q
#18825
1J
1Q
#18830
0J
0Q
#18835
1J
1Q
#18840
0J
0Q
#18845
1J
1Q
#18850
0J
0Q
#18855
1J
1Q
#18860
0J
0Q
#18865
1J
1Q
#18870
0J
0Q
#18875
1J
1Q
#18880
0J
0Q
#18885
1J
1Q
0O
b101 ""
b11 !"
#18886
1T
#18890
0J
0Q
#18895
b1 f
1J
1Q
#18896
0`
#18900
0J
0Q
#18905
b1 j
1J
1Q
#18910
0J
0Q
#18915
b10 j
1J
1Q
#18920
0J
0Q
#18925
b11 j
1J
1Q
#18930
0J
0Q
#18935
b100 j
1J
1Q
1O
#18936
0T
#18940
0J
0Q
#18945
b101 j
b10 f
1J
1Q
#18946
x`
0_
0\
0[
0Y
0X
xW
1V
xU
1^
#18950
0J
0Q
#18955
bx f
b111 k
b0 j
1J
1Q
#18956
x_
x\
x[
xY
xX
xV
x^
x]
#18960
0J
0Q
#18965
b0 k
b0 f
1J
1Q
#18966
1`
1_
1[
1X
0W
0V
0U
0^
1]
#18970
0J
0Q
#18975
1J
1Q
#18980
0J
0Q
#18985
1J
1Q
#18990
0J
0Q
#18995
1J
1Q
#19000
0J
0Q
#19005
1J
1Q
#19010
0J
0Q
#19015
1J
1Q
#19020
0J
0Q
#19025
1J
1Q
#19030
0J
0Q
#19035
1J
1Q
#19040
0J
0Q
#19045
1J
1Q
#19050
0J
0Q
#19055
1J
1Q
#19060
0J
0Q
#19065
1J
1Q
#19070
0J
0Q
#19075
1J
1Q
#19080
0J
0Q
#19085
1J
1Q
#19090
0J
0Q
#19095
1J
1Q
#19100
0J
0Q
#19105
1J
1Q
#19110
0J
0Q
#19115
1J
1Q
#19120
0J
0Q
#19125
1J
1Q
#19130
0J
0Q
#19135
1J
1Q
0O
b1100 ""
b100 !"
#19136
1T
#19140
0J
0Q
#19145
b1 f
1J
1Q
#19146
0`
#19150
0J
0Q
#19155
b1 j
1J
1Q
#19160
0J
0Q
#19165
b10 j
1J
1Q
#19170
0J
0Q
#19175
b11 j
1J
1Q
#19180
0J
0Q
#19185
b100 j
1J
1Q
#19190
0J
0Q
#19195
b101 j
1J
1Q
#19200
0J
0Q
#19205
b110 j
1J
1Q
#19210
0J
0Q
#19215
b111 j
1J
1Q
#19220
0J
0Q
#19225
b1000 j
1J
1Q
#19230
0J
0Q
#19235
b1001 j
1J
1Q
#19240
0J
0Q
#19245
b1010 j
1J
1Q
#19250
0J
0Q
#19255
b1011 j
1J
1Q
1O
#19256
0T
#19260
0J
0Q
#19265
b1100 j
b10 f
1J
1Q
#19266
x`
0_
0\
0[
0Y
0X
xW
1V
xU
1^
#19270
0J
0Q
#19275
bx f
b1111111 l
b1111111 q
b1111111 u
b1 k
b0 j
1J
1Q
#19276
x_
x\
x[
xY
xX
xV
x^
x]
b1111111 i
b1111111 s
b1111111 w
1h
#19277
0h
#19280
0J
0Q
#19285
b10 k
b10111111 l
b10111111 q
b10111111 u
b1111111 m
b0 f
1J
1Q
#19286
1`
1_
1[
1X
0W
0V
0U
0^
1]
b10111111 i
b10111111 s
b10111111 w
#19290
0J
0Q
#19295
1J
1Q
#19300
0J
0Q
#19305
1J
1Q
#19310
0J
0Q
#19315
1J
1Q
#19320
0J
0Q
#19325
1J
1Q
#19330
0J
0Q
#19335
1J
1Q
#19340
0J
0Q
#19345
1J
1Q
#19350
0J
0Q
#19355
1J
1Q
#19360
0J
0Q
#19365
1J
1Q
#19370
0J
0Q
#19375
1J
1Q
#19380
0J
0Q
#19385
1J
1Q
#19390
0J
0Q
#19395
1J
1Q
#19400
0J
0Q
#19405
1J
1Q
#19410
0J
0Q
#19415
1J
1Q
#19420
0J
0Q
#19425
1J
1Q
#19430
0J
0Q
#19435
1J
1Q
#19440
0J
0Q
#19445
1J
1Q
#19450
0J
0Q
#19455
1J
1Q
0O
b1101 ""
b101 !"
#19456
1T
#19460
0J
0Q
#19465
b1 f
1J
1Q
#19466
0`
#19470
0J
0Q
#19475
b1 j
1J
1Q
#19480
0J
0Q
#19485
b10 j
1J
1Q
#19490
0J
0Q
#19495
b11 j
1J
1Q
#19500
0J
0Q
#19505
b100 j
1J
1Q
#19510
0J
0Q
#19515
b101 j
1J
1Q
#19520
0J
0Q
#19525
b110 j
1J
1Q
#19530
0J
0Q
#19535
b111 j
1J
1Q
#19540
0J
0Q
#19545
b1000 j
1J
1Q
#19550
0J
0Q
#19555
b1001 j
1J
1Q
#19560
0J
0Q
#19565
b1010 j
1J
1Q
#19570
0J
0Q
#19575
b1011 j
1J
1Q
#19580
0J
0Q
#19585
b1100 j
1J
1Q
1O
#19586
0T
#19590
0J
0Q
#19595
b10 f
b1101 j
1J
1Q
#19596
x`
0_
0\
0[
0Y
0X
xW
1V
xU
1^
#19600
0J
0Q
#19605
b0 j
b11 k
b1011111 l
b1011111 q
b1011111 u
bx f
1J
1Q
#19606
x_
x\
x[
xY
xX
xV
x^
x]
b1011111 i
b1011111 s
b1011111 w
1h
#19607
0h
#19610
0J
0Q
#19615
b0 f
b1011111 m
b10101111 l
b10101111 q
b10101111 u
b100 k
1J
1Q
#19616
1`
1_
1[
1X
0W
0V
0U
0^
1]
b10101111 i
b10101111 s
b10101111 w
#19620
0J
0Q
#19625
1J
1Q
#19630
0J
0Q
#19635
1J
1Q
#19640
0J
0Q
#19645
1J
1Q
#19650
0J
0Q
#19655
1J
1Q
#19660
0J
0Q
#19665
1J
1Q
#19670
0J
0Q
#19675
1J
1Q
#19680
0J
0Q
#19685
1J
1Q
#19690
0J
0Q
#19695
1J
1Q
#19700
0J
0Q
#19705
1J
1Q
#19710
0J
0Q
#19715
1J
1Q
#19720
0J
0Q
#19725
1J
1Q
#19730
0J
0Q
#19735
1J
1Q
#19740
0J
0Q
#19745
1J
1Q
#19750
0J
0Q
#19755
1J
1Q
#19760
0J
0Q
#19765
1J
1Q
#19770
0J
0Q
#19775
1J
1Q
#19780
0J
0Q
#19785
1J
1Q
0O
b10 ""
b110 !"
#19786
1T
#19790
0J
0Q
#19795
b1 f
1J
1Q
#19796
0`
#19800
0J
0Q
#19805
b1 j
1J
1Q
1O
#19806
0T
#19810
0J
0Q
#19815
b10 f
b10 j
1J
1Q
#19816
x`
0_
0\
0[
0Y
0X
xW
1V
xU
1^
#19820
0J
0Q
#19825
b0 j
b101 k
b11010111 l
b11010111 q
b11010111 u
bx f
1J
1Q
#19826
x_
x\
x[
xY
xX
xV
x^
x]
b11010111 i
b11010111 s
b11010111 w
#19830
0J
0Q
#19835
b0 f
b11010111 m
b11101011 l
b11101011 q
b11101011 u
b110 k
1J
1Q
#19836
1`
1_
1[
1X
0W
0V
0U
0^
1]
b11101011 i
b11101011 s
b11101011 w
#19840
0J
0Q
#19845
1J
1Q
#19850
0J
0Q
#19855
1J
1Q
#19860
0J
0Q
#19865
1J
1Q
#19870
0J
0Q
#19875
1J
1Q
#19880
0J
0Q
#19885
1J
1Q
#19890
0J
0Q
#19895
1J
1Q
#19900
0J
0Q
#19905
1J
1Q
#19910
0J
0Q
#19915
1J
1Q
#19920
0J
0Q
#19925
1J
1Q
#19930
0J
0Q
#19935
1J
1Q
#19940
0J
0Q
#19945
1J
1Q
#19950
0J
0Q
#19955
1J
1Q
#19960
0J
0Q
#19965
1J
1Q
#19970
0J
0Q
#19975
1J
1Q
#19980
0J
0Q
#19985
1J
1Q
#19990
0J
0Q
#19995
1J
1Q
#20000
0J
0Q
#20005
1J
1Q
0O
b11 ""
b111 !"
#20006
1T
#20010
0J
0Q
#20015
b1 f
1J
1Q
#20016
0`
#20020
0J
0Q
#20025
b1 j
1J
1Q
#20030
0J
0Q
#20035
b10 j
1J
1Q
1O
#20036
0T
#20040
0J
0Q
#20045
b11 j
b10 f
1J
1Q
#20046
x`
0_
0\
0[
0Y
0X
xW
1V
xU
1^
#20050
0J
0Q
#20055
bx f
b11110101 l
b11110101 q
b11110101 u
b111 k
b0 j
1J
1Q
#20056
x_
x\
x[
xY
xX
xV
x^
x]
b11110101 i
b11110101 s
b11110101 w
#20060
0J
0Q
#20065
b0 k
b11111010 l
b11111010 q
b11111010 u
b11110101 m
b0 f
1J
1Q
#20066
1`
1_
1[
1X
0W
0V
0U
0^
1]
b11111010 i
b11111010 s
b11111010 w
#20070
0J
0Q
#20075
1J
1Q
#20080
0J
0Q
#20085
1J
1Q
#20090
0J
0Q
#20095
1J
1Q
#20100
0J
0Q
#20105
1J
1Q
#20110
0J
0Q
#20115
1J
1Q
#20120
0J
0Q
#20125
1J
1Q
#20130
0J
0Q
#20135
1J
1Q
#20140
0J
0Q
#20145
1J
1Q
#20150
0J
0Q
#20155
1J
1Q
#20160
0J
0Q
#20165
1J
1Q
#20170
0J
0Q
#20175
1J
1Q
#20180
0J
0Q
#20185
1J
1Q
#20190
0J
0Q
#20195
1J
1Q
#20200
0J
0Q
#20205
1J
1Q
#20210
0J
0Q
#20215
1J
1Q
#20220
0J
0Q
#20225
1J
1Q
#20230
0J
0Q
#20235
1J
1Q
0O
b1100 ""
b10110000 #"
b1010 $"
b0 !"
#20236
1T
#20240
0J
0Q
#20245
b1 f
1J
1Q
#20246
0`
#20250
0J
0Q
#20255
b1 j
1J
1Q
#20260
0J
0Q
#20265
b10 j
1J
1Q
#20270
0J
0Q
#20275
b11 j
1J
1Q
#20280
0J
0Q
#20285
b100 j
1J
1Q
#20290
0J
0Q
#20295
b101 j
1J
1Q
#20300
0J
0Q
#20305
b110 j
1J
1Q
#20310
0J
0Q
#20315
b111 j
1J
1Q
#20320
0J
0Q
#20325
b1000 j
1J
1Q
#20330
0J
0Q
#20335
b1001 j
1J
1Q
#20340
0J
0Q
#20345
b1010 j
1J
1Q
#20350
0J
0Q
#20355
b1011 j
1J
1Q
1O
#20356
0T
#20360
0J
0Q
#20365
b1100 j
b10 f
1J
1Q
#20366
x`
0_
0\
0[
0Y
0X
xW
1V
xU
1^
#20370
0J
0Q
#20375
bx f
b1111101 l
b1111101 q
b1111101 u
b1 k
b0 j
1J
1Q
#20376
x_
x\
x[
xY
xX
xV
x^
x]
b1111101 i
b1111101 s
b1111101 w
1h
#20377
0h
#20380
0J
0Q
#20385
b10 k
b10111110 l
b10111110 q
b10111110 u
b1111101 m
b0 f
1J
1Q
#20386
1`
1_
1[
1X
0W
0V
0U
0^
1]
b10111110 i
b10111110 s
b10111110 w
#20390
0J
0Q
#20395
1J
1Q
#20400
0J
0Q
#20405
1J
1Q
#20410
0J
0Q
#20415
1J
1Q
#20420
0J
0Q
#20425
1J
1Q
#20430
0J
0Q
#20435
1J
1Q
#20440
0J
0Q
#20445
1J
1Q
#20450
0J
0Q
#20455
1J
1Q
#20460
0J
0Q
#20465
1J
1Q
#20470
0J
0Q
#20475
1J
1Q
#20480
0J
0Q
#20485
1J
1Q
#20490
0J
0Q
#20495
1J
1Q
#20500
0J
0Q
#20505
1J
1Q
#20510
0J
0Q
#20515
1J
1Q
#20520
0J
0Q
#20525
1J
1Q
#20530
0J
0Q
#20535
1J
1Q
#20540
0J
0Q
#20545
1J
1Q
#20550
0J
0Q
#20555
1J
1Q
0O
b1101 ""
b1 !"
#20556
1T
#20560
0J
0Q
#20565
b1 f
1J
1Q
#20566
0`
#20570
0J
0Q
#20575
b1 j
1J
1Q
#20580
0J
0Q
#20585
b10 j
1J
1Q
#20590
0J
0Q
#20595
b11 j
1J
1Q
#20600
0J
0Q
#20605
b100 j
1J
1Q
#20610
0J
0Q
#20615
b101 j
1J
1Q
#20620
0J
0Q
#20625
b110 j
1J
1Q
#20630
0J
0Q
#20635
b111 j
1J
1Q
#20640
0J
0Q
#20645
b1000 j
1J
1Q
#20650
0J
0Q
#20655
b1001 j
1J
1Q
#20660
0J
0Q
#20665
b1010 j
1J
1Q
#20670
0J
0Q
#20675
b1011 j
1J
1Q
#20680
0J
0Q
#20685
b1100 j
1J
1Q
1O
#20686
0T
#20690
0J
0Q
#20695
b10 f
b1101 j
1J
1Q
#20696
x`
0_
0\
0[
0Y
0X
xW
1V
xU
1^
#20700
0J
0Q
#20705
b0 j
b11 k
b1011111 l
b1011111 q
b1011111 u
bx f
1J
1Q
#20706
x_
x\
x[
xY
xX
xV
x^
x]
b1011111 i
b1011111 s
b1011111 w
1h
#20707
0h
#20710
0J
0Q
#20715
b0 f
b1011111 m
b10101111 l
b10101111 q
b10101111 u
b100 k
1J
1Q
#20716
1`
1_
1[
1X
0W
0V
0U
0^
1]
b10101111 i
b10101111 s
b10101111 w
#20720
0J
0Q
#20725
1J
1Q
#20730
0J
0Q
#20735
1J
1Q
#20740
0J
0Q
#20745
1J
1Q
#20750
0J
0Q
#20755
1J
1Q
#20760
0J
0Q
#20765
1J
1Q
#20770
0J
0Q
#20775
1J
1Q
#20780
0J
0Q
#20785
1J
1Q
#20790
0J
0Q
#20795
1J
1Q
#20800
0J
0Q
#20805
1J
1Q
#20810
0J
0Q
#20815
1J
1Q
#20820
0J
0Q
#20825
1J
1Q
#20830
0J
0Q
#20835
1J
1Q
#20840
0J
0Q
#20845
1J
1Q
#20850
0J
0Q
#20855
1J
1Q
#20860
0J
0Q
#20865
1J
1Q
#20870
0J
0Q
#20875
1J
1Q
#20880
0J
0Q
#20885
1J
1Q
0O
b1110 ""
b10 !"
#20886
1T
#20890
0J
0Q
#20895
b1 f
1J
1Q
#20896
0`
#20900
0J
0Q
#20905
b1 j
1J
1Q
#20910
0J
0Q
#20915
b10 j
1J
1Q
#20920
0J
0Q
#20925
b11 j
1J
1Q
#20930
0J
0Q
#20935
b100 j
1J
1Q
#20940
0J
0Q
#20945
b101 j
1J
1Q
#20950
0J
0Q
#20955
b110 j
1J
1Q
#20960
0J
0Q
#20965
b111 j
1J
1Q
#20970
0J
0Q
#20975
b1000 j
1J
1Q
#20980
0J
0Q
#20985
b1001 j
1J
1Q
#20990
0J
0Q
#20995
b1010 j
1J
1Q
#21000
0J
0Q
#21005
b1011 j
1J
1Q
#21010
0J
0Q
#21015
b1100 j
1J
1Q
#21020
0J
0Q
#21025
b1101 j
1J
1Q
1O
#21026
0T
#21030
0J
0Q
#21035
b10 f
b1110 j
1J
1Q
#21036
x`
0_
0\
0[
0Y
0X
xW
1V
xU
1^
#21040
0J
0Q
#21045
b0 j
b101 k
b1010111 l
b1010111 q
b1010111 u
bx f
1J
1Q
#21046
x_
x\
x[
xY
xX
xV
x^
x]
b1010111 i
b1010111 s
b1010111 w
1h
#21047
0h
#21050
0J
0Q
#21055
b0 f
b1010111 m
b10101011 l
b10101011 q
b10101011 u
b110 k
1J
1Q
#21056
1`
1_
1[
1X
0W
0V
0U
0^
1]
b10101011 i
b10101011 s
b10101011 w
#21060
0J
0Q
#21065
1J
1Q
#21070
0J
0Q
#21075
1J
1Q
#21080
0J
0Q
#21085
1J
1Q
#21090
0J
0Q
#21095
1J
1Q
#21100
0J
0Q
#21105
1J
1Q
#21110
0J
0Q
#21115
1J
1Q
#21120
0J
0Q
#21125
1J
1Q
#21130
0J
0Q
#21135
1J
1Q
#21140
0J
0Q
#21145
1J
1Q
#21150
0J
0Q
#21155
1J
1Q
#21160
0J
0Q
#21165
1J
1Q
#21170
0J
0Q
#21175
1J
1Q
#21180
0J
0Q
#21185
1J
1Q
#21190
0J
0Q
#21195
1J
1Q
#21200
0J
0Q
#21205
1J
1Q
#21210
0J
0Q
#21215
1J
1Q
#21220
0J
0Q
#21225
1J
1Q
0O
b1111 ""
b11 !"
#21226
1T
#21230
0J
0Q
#21235
b1 f
1J
1Q
#21236
0`
#21240
0J
0Q
#21245
b1 j
1J
1Q
#21250
0J
0Q
#21255
b10 j
1J
1Q
#21260
0J
0Q
#21265
b11 j
1J
1Q
#21270
0J
0Q
#21275
b100 j
1J
1Q
#21280
0J
0Q
#21285
b101 j
1J
1Q
#21290
0J
0Q
#21295
b110 j
1J
1Q
#21300
0J
0Q
#21305
b111 j
1J
1Q
#21310
0J
0Q
#21315
b1000 j
1J
1Q
#21320
0J
0Q
#21325
b1001 j
1J
1Q
#21330
0J
0Q
#21335
b1010 j
1J
1Q
#21340
0J
0Q
#21345
b1011 j
1J
1Q
#21350
0J
0Q
#21355
b1100 j
1J
1Q
#21360
0J
0Q
#21365
b1101 j
1J
1Q
#21370
0J
0Q
#21375
b1110 j
1J
1Q
1O
#21376
0T
#21380
0J
0Q
#21385
b1111 j
b10 f
1J
1Q
#21386
x`
0_
0\
0[
0Y
0X
xW
1V
xU
1^
#21390
0J
0Q
#21395
bx f
b1010101 l
b1010101 q
b1010101 u
b111 k
b0 j
1J
1Q
#21396
x_
x\
x[
xY
xX
xV
x^
x]
b1010101 i
b1010101 s
b1010101 w
1h
#21397
0h
#21400
0J
0Q
#21405
b0 k
b10101010 l
b10101010 q
b10101010 u
b1010101 m
b0 f
1J
1Q
#21406
1`
1_
1[
1X
0W
0V
0U
0^
1]
b10101010 i
b10101010 s
b10101010 w
#21410
0J
0Q
#21415
1J
1Q
#21420
0J
0Q
#21425
1J
1Q
#21430
0J
0Q
#21435
1J
1Q
#21440
0J
0Q
#21445
1J
1Q
#21450
0J
0Q
#21455
1J
1Q
#21460
0J
0Q
#21465
1J
1Q
#21470
0J
0Q
#21475
1J
1Q
#21480
0J
0Q
#21485
1J
1Q
#21490
0J
0Q
#21495
1J
1Q
#21500
0J
0Q
#21505
1J
1Q
#21510
0J
0Q
#21515
1J
1Q
#21520
0J
0Q
#21525
1J
1Q
#21530
0J
0Q
#21535
1J
1Q
#21540
0J
0Q
#21545
1J
1Q
#21550
0J
0Q
#21555
1J
1Q
#21560
0J
0Q
#21565
1J
1Q
#21570
0J
0Q
#21575
1J
1Q
0O
b10 ""
b100 !"
#21576
1T
#21580
0J
0Q
#21585
b1 f
1J
1Q
#21586
0`
#21590
0J
0Q
#21595
b1 j
1J
1Q
1O
#21596
0T
#21600
0J
0Q
#21605
b10 j
b10 f
1J
1Q
#21606
x`
0_
0\
0[
0Y
0X
xW
1V
xU
1^
#21610
0J
0Q
#21615
bx f
b11010101 l
b11010101 q
b11010101 u
b1 k
b0 j
1J
1Q
#21616
x_
x\
x[
xY
xX
xV
x^
x]
b11010101 i
b11010101 s
b11010101 w
#21620
0J
0Q
#21625
b10 k
b11101010 l
b11101010 q
b11101010 u
b11010101 m
b0 f
1J
1Q
#21626
1`
1_
1[
1X
0W
0V
0U
0^
1]
b11101010 i
b11101010 s
b11101010 w
#21630
0J
0Q
#21635
1J
1Q
#21640
0J
0Q
#21645
1J
1Q
#21650
0J
0Q
#21655
1J
1Q
#21660
0J
0Q
#21665
1J
1Q
#21670
0J
0Q
#21675
1J
1Q
#21680
0J
0Q
#21685
1J
1Q
#21690
0J
0Q
#21695
1J
1Q
#21700
0J
0Q
#21705
1J
1Q
#21710
0J
0Q
#21715
1J
1Q
#21720
0J
0Q
#21725
1J
1Q
#21730
0J
0Q
#21735
1J
1Q
#21740
0J
0Q
#21745
1J
1Q
#21750
0J
0Q
#21755
1J
1Q
#21760
0J
0Q
#21765
1J
1Q
#21770
0J
0Q
#21775
1J
1Q
#21780
0J
0Q
#21785
1J
1Q
#21790
0J
0Q
#21795
1J
1Q
0O
b11 ""
b101 !"
#21796
1T
#21800
0J
0Q
#21805
b1 f
1J
1Q
#21806
0`
#21810
0J
0Q
#21815
b1 j
1J
1Q
#21820
0J
0Q
#21825
b10 j
1J
1Q
1O
#21826
0T
#21830
0J
0Q
#21835
b10 f
b11 j
1J
1Q
#21836
x`
0_
0\
0[
0Y
0X
xW
1V
xU
1^
#21840
0J
0Q
#21845
b0 j
b11 k
b11110101 l
b11110101 q
b11110101 u
bx f
1J
1Q
#21846
x_
x\
x[
xY
xX
xV
x^
x]
b11110101 i
b11110101 s
b11110101 w
#21850
0J
0Q
#21855
b0 f
b11110101 m
b11111010 l
b11111010 q
b11111010 u
b100 k
1J
1Q
#21856
1`
1_
1[
1X
0W
0V
0U
0^
1]
b11111010 i
b11111010 s
b11111010 w
#21860
0J
0Q
#21865
1J
1Q
#21870
0J
0Q
#21875
1J
1Q
#21880
0J
0Q
#21885
1J
1Q
#21890
0J
0Q
#21895
1J
1Q
#21900
0J
0Q
#21905
1J
1Q
#21910
0J
0Q
#21915
1J
1Q
#21920
0J
0Q
#21925
1J
1Q
#21930
0J
0Q
#21935
1J
1Q
#21940
0J
0Q
#21945
1J
1Q
#21950
0J
0Q
#21955
1J
1Q
#21960
0J
0Q
#21965
1J
1Q
#21970
0J
0Q
#21975
1J
1Q
#21980
0J
0Q
#21985
1J
1Q
#21990
0J
0Q
#21995
1J
1Q
#22000
0J
0Q
#22005
1J
1Q
#22010
0J
0Q
#22015
1J
1Q
#22020
0J
0Q
#22025
1J
1Q
0O
b1101 ""
b110 !"
#22026
1T
#22030
0J
0Q
#22035
b1 f
1J
1Q
#22036
0`
#22040
0J
0Q
#22045
b1 j
1J
1Q
#22050
0J
0Q
#22055
b10 j
1J
1Q
#22060
0J
0Q
#22065
b11 j
1J
1Q
#22070
0J
0Q
#22075
b100 j
1J
1Q
#22080
0J
0Q
#22085
b101 j
1J
1Q
#22090
0J
0Q
#22095
b110 j
1J
1Q
#22100
0J
0Q
#22105
b111 j
1J
1Q
#22110
0J
0Q
#22115
b1000 j
1J
1Q
#22120
0J
0Q
#22125
b1001 j
1J
1Q
#22130
0J
0Q
#22135
b1010 j
1J
1Q
#22140
0J
0Q
#22145
b1011 j
1J
1Q
#22150
0J
0Q
#22155
b1100 j
1J
1Q
1O
#22156
0T
#22160
0J
0Q
#22165
b1101 j
b10 f
1J
1Q
#22166
x`
0_
0\
0[
0Y
0X
xW
1V
xU
1^
#22170
0J
0Q
#22175
bx f
b1111101 l
b1111101 q
b1111101 u
b101 k
b0 j
1J
1Q
#22176
x_
x\
x[
xY
xX
xV
x^
x]
b1111101 i
b1111101 s
b1111101 w
1h
#22177
0h
#22180
0J
0Q
#22185
b110 k
b10111110 l
b10111110 q
b10111110 u
b1111101 m
b0 f
1J
1Q
#22186
1`
1_
1[
1X
0W
0V
0U
0^
1]
b10111110 i
b10111110 s
b10111110 w
#22190
0J
0Q
#22195
1J
1Q
#22200
0J
0Q
#22205
1J
1Q
#22210
0J
0Q
#22215
1J
1Q
#22220
0J
0Q
#22225
1J
1Q
#22230
0J
0Q
#22235
1J
1Q
#22240
0J
0Q
#22245
1J
1Q
#22250
0J
0Q
#22255
1J
1Q
#22260
0J
0Q
#22265
1J
1Q
#22270
0J
0Q
#22275
1J
1Q
#22280
0J
0Q
#22285
1J
1Q
#22290
0J
0Q
#22295
1J
1Q
#22300
0J
0Q
#22305
1J
1Q
#22310
0J
0Q
#22315
1J
1Q
#22320
0J
0Q
#22325
1J
1Q
#22330
0J
0Q
#22335
1J
1Q
#22340
0J
0Q
#22345
1J
1Q
#22350
0J
0Q
#22355
1J
1Q
0O
b101 ""
b111 !"
#22356
1T
#22360
0J
0Q
#22365
b1 f
1J
1Q
#22366
0`
#22370
0J
0Q
#22375
b1 j
1J
1Q
#22380
0J
0Q
#22385
b10 j
1J
1Q
#22390
0J
0Q
#22395
b11 j
1J
1Q
#22400
0J
0Q
#22405
b100 j
1J
1Q
1O
#22406
0T
#22410
0J
0Q
#22415
b10 f
b101 j
1J
1Q
#22416
x`
0_
0\
0[
0Y
0X
xW
1V
xU
1^
#22420
0J
0Q
#22425
b0 j
b111 k
b11011111 l
b11011111 q
b11011111 u
bx f
1J
1Q
#22426
x_
x\
x[
xY
xX
xV
x^
x]
b11011111 i
b11011111 s
b11011111 w
#22430
0J
0Q
#22435
b0 f
b11011111 m
b11101111 l
b11101111 q
b11101111 u
b0 k
1J
1Q
#22436
1`
1_
1[
1X
0W
0V
0U
0^
1]
b11101111 i
b11101111 s
b11101111 w
#22440
0J
0Q
#22445
1J
1Q
#22450
0J
0Q
#22455
1J
1Q
#22460
0J
0Q
#22465
1J
1Q
#22470
0J
0Q
#22475
1J
1Q
#22480
0J
0Q
#22485
1J
1Q
#22490
0J
0Q
#22495
1J
1Q
#22500
0J
0Q
#22505
1J
1Q
#22510
0J
0Q
#22515
1J
1Q
#22520
0J
0Q
#22525
1J
1Q
#22530
0J
0Q
#22535
1J
1Q
#22540
0J
0Q
#22545
1J
1Q
#22550
0J
0Q
#22555
1J
1Q
#22560
0J
0Q
#22565
1J
1Q
#22570
0J
0Q
#22575
1J
1Q
#22580
0J
0Q
#22585
1J
1Q
#22590
0J
0Q
#22595
1J
1Q
#22600
0J
0Q
#22605
1J
1Q
0O
b110 ""
b10010001 #"
b1011 $"
b0 !"
#22606
1T
#22610
0J
0Q
#22615
b1 f
1J
1Q
#22616
0`
#22620
0J
0Q
#22625
b1 j
1J
1Q
#22630
0J
0Q
#22635
b10 j
1J
1Q
#22640
0J
0Q
#22645
b11 j
1J
1Q
#22650
0J
0Q
#22655
b100 j
1J
1Q
#22660
0J
0Q
#22665
b101 j
1J
1Q
1O
#22666
0T
#22670
0J
0Q
#22675
b10 f
b110 j
1J
1Q
#22676
x`
0_
0\
0[
0Y
0X
xW
1V
xU
1^
#22680
0J
0Q
#22685
b0 j
b1 k
b11110111 l
b11110111 q
b11110111 u
bx f
1J
1Q
#22686
x_
x\
x[
xY
xX
xV
x^
x]
b11110111 i
b11110111 s
b11110111 w
#22690
0J
0Q
#22695
b0 f
b11110111 m
b11111011 l
b11111011 q
b11111011 u
b10 k
1J
1Q
#22696
1`
1_
1[
1X
0W
0V
0U
0^
1]
b11111011 i
b11111011 s
b11111011 w
#22700
0J
0Q
#22705
1J
1Q
#22710
0J
0Q
#22715
1J
1Q
#22720
0J
0Q
#22725
1J
1Q
#22730
0J
0Q
#22735
1J
1Q
#22740
0J
0Q
#22745
1J
1Q
#22750
0J
0Q
#22755
1J
1Q
#22760
0J
0Q
#22765
1J
1Q
#22770
0J
0Q
#22775
1J
1Q
#22780
0J
0Q
#22785
1J
1Q
#22790
0J
0Q
#22795
1J
1Q
#22800
0J
0Q
#22805
1J
1Q
#22810
0J
0Q
#22815
1J
1Q
#22820
0J
0Q
#22825
1J
1Q
#22830
0J
0Q
#22835
1J
1Q
#22840
0J
0Q
#22845
1J
1Q
#22850
0J
0Q
#22855
1J
1Q
#22860
0J
0Q
#22865
1J
1Q
0O
b1100 ""
b1 !"
#22866
1T
#22870
0J
0Q
#22875
b1 f
1J
1Q
#22876
0`
#22880
0J
0Q
#22885
b1 j
1J
1Q
#22890
0J
0Q
#22895
b10 j
1J
1Q
#22900
0J
0Q
#22905
b11 j
1J
1Q
#22910
0J
0Q
#22915
b100 j
1J
1Q
#22920
0J
0Q
#22925
b101 j
1J
1Q
#22930
0J
0Q
#22935
b110 j
1J
1Q
#22940
0J
0Q
#22945
b111 j
1J
1Q
#22950
0J
0Q
#22955
b1000 j
1J
1Q
#22960
0J
0Q
#22965
b1001 j
1J
1Q
#22970
0J
0Q
#22975
b1010 j
1J
1Q
#22980
0J
0Q
#22985
b1011 j
1J
1Q
1O
#22986
0T
#22990
0J
0Q
#22995
b10 f
b1100 j
1J
1Q
#22996
x`
0_
0\
0[
0Y
0X
xW
1V
xU
1^
#23000
0J
0Q
#23005
b0 j
b11 k
b1111101 l
b1111101 q
b1111101 u
bx f
1J
1Q
#23006
x_
x\
x[
xY
xX
xV
x^
x]
b1111101 i
b1111101 s
b1111101 w
1h
#23007
0h
#23010
0J
0Q
#23015
b0 f
b1111101 m
b10111110 l
b10111110 q
b10111110 u
b100 k
1J
1Q
#23016
1`
1_
1[
1X
0W
0V
0U
0^
1]
b10111110 i
b10111110 s
b10111110 w
#23020
0J
0Q
#23025
1J
1Q
#23030
0J
0Q
#23035
1J
1Q
#23040
0J
0Q
#23045
1J
1Q
#23050
0J
0Q
#23055
1J
1Q
#23060
0J
0Q
#23065
1J
1Q
#23070
0J
0Q
#23075
1J
1Q
#23080
0J
0Q
#23085
1J
1Q
#23090
0J
0Q
#23095
1J
1Q
#23100
0J
0Q
#23105
1J
1Q
#23110
0J
0Q
#23115
1J
1Q
#23120
0J
0Q
#23125
1J
1Q
#23130
0J
0Q
#23135
1J
1Q
#23140
0J
0Q
#23145
1J
1Q
#23150
0J
0Q
#23155
1J
1Q
#23160
0J
0Q
#23165
1J
1Q
#23170
0J
0Q
#23175
1J
1Q
#23180
0J
0Q
#23185
1J
1Q
0O
b1101 ""
b10 !"
#23186
1T
#23190
0J
0Q
#23195
b1 f
1J
1Q
#23196
0`
#23200
0J
0Q
#23205
b1 j
1J
1Q
#23210
0J
0Q
#23215
b10 j
1J
1Q
#23220
0J
0Q
#23225
b11 j
1J
1Q
#23230
0J
0Q
#23235
b100 j
1J
1Q
#23240
0J
0Q
#23245
b101 j
1J
1Q
#23250
0J
0Q
#23255
b110 j
1J
1Q
#23260
0J
0Q
#23265
b111 j
1J
1Q
#23270
0J
0Q
#23275
b1000 j
1J
1Q
#23280
0J
0Q
#23285
b1001 j
1J
1Q
#23290
0J
0Q
#23295
b1010 j
1J
1Q
#23300
0J
0Q
#23305
b1011 j
1J
1Q
#23310
0J
0Q
#23315
b1100 j
1J
1Q
1O
#23316
0T
#23320
0J
0Q
#23325
b1101 j
b10 f
1J
1Q
#23326
x`
0_
0\
0[
0Y
0X
xW
1V
xU
1^
#23330
0J
0Q
#23335
bx f
b1011111 l
b1011111 q
b1011111 u
b101 k
b0 j
1J
1Q
#23336
x_
x\
x[
xY
xX
xV
x^
x]
b1011111 i
b1011111 s
b1011111 w
1h
#23337
0h
#23340
0J
0Q
#23345
b110 k
b10101111 l
b10101111 q
b10101111 u
b1011111 m
b0 f
1J
1Q
#23346
1`
1_
1[
1X
0W
0V
0U
0^
1]
b10101111 i
b10101111 s
b10101111 w
#23350
0J
0Q
#23355
1J
1Q
#23360
0J
0Q
#23365
1J
1Q
#23370
0J
0Q
#23375
1J
1Q
#23380
0J
0Q
#23385
1J
1Q
#23390
0J
0Q
#23395
1J
1Q
#23400
0J
0Q
#23405
1J
1Q
#23410
0J
0Q
#23415
1J
1Q
#23420
0J
0Q
#23425
1J
1Q
#23430
0J
0Q
#23435
1J
1Q
#23440
0J
0Q
#23445
1J
1Q
#23450
0J
0Q
#23455
1J
1Q
#23460
0J
0Q
#23465
1J
1Q
#23470
0J
0Q
#23475
1J
1Q
#23480
0J
0Q
#23485
1J
1Q
#23490
0J
0Q
#23495
1J
1Q
#23500
0J
0Q
#23505
1J
1Q
#23510
0J
0Q
#23515
1J
1Q
0O
b1110 ""
b11 !"
#23516
1T
#23520
0J
0Q
#23525
b1 f
1J
1Q
#23526
0`
#23530
0J
0Q
#23535
b1 j
1J
1Q
#23540
0J
0Q
#23545
b10 j
1J
1Q
#23550
0J
0Q
#23555
b11 j
1J
1Q
#23560
0J
0Q
#23565
b100 j
1J
1Q
#23570
0J
0Q
#23575
b101 j
1J
1Q
#23580
0J
0Q
#23585
b110 j
1J
1Q
#23590
0J
0Q
#23595
b111 j
1J
1Q
#23600
0J
0Q
#23605
b1000 j
1J
1Q
#23610
0J
0Q
#23615
b1001 j
1J
1Q
#23620
0J
0Q
#23625
b1010 j
1J
1Q
#23630
0J
0Q
#23635
b1011 j
1J
1Q
#23640
0J
0Q
#23645
b1100 j
1J
1Q
#23650
0J
0Q
#23655
b1101 j
1J
1Q
1O
#23656
0T
#23660
0J
0Q
#23665
b1110 j
b10 f
1J
1Q
#23666
x`
0_
0\
0[
0Y
0X
xW
1V
xU
1^
#23670
0J
0Q
#23675
bx f
b1010111 l
b1010111 q
b1010111 u
b111 k
b0 j
1J
1Q
#23676
x_
x\
x[
xY
xX
xV
x^
x]
b1010111 i
b1010111 s
b1010111 w
1h
#23677
0h
#23680
0J
0Q
#23685
b0 k
b10101011 l
b10101011 q
b10101011 u
b1010111 m
b0 f
1J
1Q
#23686
1`
1_
1[
1X
0W
0V
0U
0^
1]
b10101011 i
b10101011 s
b10101011 w
#23690
0J
0Q
#23695
1J
1Q
#23700
0J
0Q
#23705
1J
1Q
#23710
0J
0Q
#23715
1J
1Q
#23720
0J
0Q
#23725
1J
1Q
#23730
0J
0Q
#23735
1J
1Q
#23740
0J
0Q
#23745
1J
1Q
#23750
0J
0Q
#23755
1J
1Q
#23760
0J
0Q
#23765
1J
1Q
#23770
0J
0Q
#23775
1J
1Q
#23780
0J
0Q
#23785
1J
1Q
#23790
0J
0Q
#23795
1J
1Q
#23800
0J
0Q
#23805
1J
1Q
#23810
0J
0Q
#23815
1J
1Q
#23820
0J
0Q
#23825
1J
1Q
#23830
0J
0Q
#23835
1J
1Q
#23840
0J
0Q
#23845
1J
1Q
#23850
0J
0Q
#23855
1J
1Q
0O
b100 ""
b100 !"
#23856
1T
#23860
0J
0Q
#23865
b1 f
1J
1Q
#23866
0`
#23870
0J
0Q
#23875
b1 j
1J
1Q
#23880
0J
0Q
#23885
b10 j
1J
1Q
#23890
0J
0Q
#23895
b11 j
1J
1Q
1O
#23896
0T
#23900
0J
0Q
#23905
b100 j
b10 f
1J
1Q
#23906
x`
0_
0\
0[
0Y
0X
xW
1V
xU
1^
#23910
0J
0Q
#23915
bx f
b11010101 l
b11010101 q
b11010101 u
b1 k
b0 j
1J
1Q
#23916
x_
x\
x[
xY
xX
xV
x^
x]
b11010101 i
b11010101 s
b11010101 w
#23920
0J
0Q
#23925
b10 k
b11101010 l
b11101010 q
b11101010 u
b11010101 m
b0 f
1J
1Q
#23926
1`
1_
1[
1X
0W
0V
0U
0^
1]
b11101010 i
b11101010 s
b11101010 w
#23930
0J
0Q
#23935
1J
1Q
#23940
0J
0Q
#23945
1J
1Q
#23950
0J
0Q
#23955
1J
1Q
#23960
0J
0Q
#23965
1J
1Q
#23970
0J
0Q
#23975
1J
1Q
#23980
0J
0Q
#23985
1J
1Q
#23990
0J
0Q
#23995
1J
1Q
#24000
0J
0Q
#24005
1J
1Q
#24010
0J
0Q
#24015
1J
1Q
#24020
0J
0Q
#24025
1J
1Q
#24030
0J
0Q
#24035
1J
1Q
#24040
0J
0Q
#24045
1J
1Q
#24050
0J
0Q
#24055
1J
1Q
#24060
0J
0Q
#24065
1J
1Q
#24070
0J
0Q
#24075
1J
1Q
#24080
0J
0Q
#24085
1J
1Q
#24090
0J
0Q
#24095
1J
1Q
0O
b1011 ""
b101 !"
#24096
1T
#24100
0J
0Q
#24105
b1 f
1J
1Q
#24106
0`
#24110
0J
0Q
#24115
b1 j
1J
1Q
#24120
0J
0Q
#24125
b10 j
1J
1Q
#24130
0J
0Q
#24135
b11 j
1J
1Q
#24140
0J
0Q
#24145
b100 j
1J
1Q
#24150
0J
0Q
#24155
b101 j
1J
1Q
#24160
0J
0Q
#24165
b110 j
1J
1Q
#24170
0J
0Q
#24175
b111 j
1J
1Q
#24180
0J
0Q
#24185
b1000 j
1J
1Q
#24190
0J
0Q
#24195
b1001 j
1J
1Q
#24200
0J
0Q
#24205
b1010 j
1J
1Q
1O
#24206
0T
#24210
0J
0Q
#24215
b10 f
b1011 j
1J
1Q
#24216
x`
0_
0\
0[
0Y
0X
xW
1V
xU
1^
#24220
0J
0Q
#24225
b0 j
b11 k
b1110101 l
b1110101 q
b1110101 u
bx f
1J
1Q
#24226
x_
x\
x[
xY
xX
xV
x^
x]
b1110101 i
b1110101 s
b1110101 w
1h
#24227
0h
#24230
0J
0Q
#24235
b0 f
b1110101 m
b10111010 l
b10111010 q
b10111010 u
b100 k
1J
1Q
#24236
1`
1_
1[
1X
0W
0V
0U
0^
1]
b10111010 i
b10111010 s
b10111010 w
#24240
0J
0Q
#24245
1J
1Q
#24250
0J
0Q
#24255
1J
1Q
#24260
0J
0Q
#24265
1J
1Q
#24270
0J
0Q
#24275
1J
1Q
#24280
0J
0Q
#24285
1J
1Q
#24290
0J
0Q
#24295
1J
1Q
#24300
0J
0Q
#24305
1J
1Q
#24310
0J
0Q
#24315
1J
1Q
#24320
0J
0Q
#24325
1J
1Q
#24330
0J
0Q
#24335
1J
1Q
#24340
0J
0Q
#24345
1J
1Q
#24350
0J
0Q
#24355
1J
1Q
#24360
0J
0Q
#24365
1J
1Q
#24370
0J
0Q
#24375
1J
1Q
#24380
0J
0Q
#24385
1J
1Q
#24390
0J
0Q
#24395
1J
1Q
#24400
0J
0Q
#24405
1J
1Q
0O
b1100 ""
b110 !"
#24406
1T
#24410
0J
0Q
#24415
b1 f
1J
1Q
#24416
0`
#24420
0J
0Q
#24425
b1 j
1J
1Q
#24430
0J
0Q
#24435
b10 j
1J
1Q
#24440
0J
0Q
#24445
b11 j
1J
1Q
#24450
0J
0Q
#24455
b100 j
1J
1Q
#24460
0J
0Q
#24465
b101 j
1J
1Q
#24470
0J
0Q
#24475
b110 j
1J
1Q
#24480
0J
0Q
#24485
b111 j
1J
1Q
#24490
0J
0Q
#24495
b1000 j
1J
1Q
#24500
0J
0Q
#24505
b1001 j
1J
1Q
#24510
0J
0Q
#24515
b1010 j
1J
1Q
#24520
0J
0Q
#24525
b1011 j
1J
1Q
1O
#24526
0T
#24530
0J
0Q
#24535
b10 f
b1100 j
1J
1Q
#24536
x`
0_
0\
0[
0Y
0X
xW
1V
xU
1^
#24540
0J
0Q
#24545
b0 j
b101 k
b1011101 l
b1011101 q
b1011101 u
bx f
1J
1Q
#24546
x_
x\
x[
xY
xX
xV
x^
x]
b1011101 i
b1011101 s
b1011101 w
1h
#24547
0h
#24550
0J
0Q
#24555
b0 f
b1011101 m
b10101110 l
b10101110 q
b10101110 u
b110 k
1J
1Q
#24556
1`
1_
1[
1X
0W
0V
0U
0^
1]
b10101110 i
b10101110 s
b10101110 w
#24560
0J
0Q
#24565
1J
1Q
#24570
0J
0Q
#24575
1J
1Q
#24580
0J
0Q
#24585
1J
1Q
#24590
0J
0Q
#24595
1J
1Q
#24600
0J
0Q
#24605
1J
1Q
#24610
0J
0Q
#24615
1J
1Q
#24620
0J
0Q
#24625
1J
1Q
#24630
0J
0Q
#24635
1J
1Q
#24640
0J
0Q
#24645
1J
1Q
#24650
0J
0Q
#24655
1J
1Q
#24660
0J
0Q
#24665
1J
1Q
#24670
0J
0Q
#24675
1J
1Q
#24680
0J
0Q
#24685
1J
1Q
#24690
0J
0Q
#24695
1J
1Q
#24700
0J
0Q
#24705
1J
1Q
#24710
0J
0Q
#24715
1J
1Q
#24720
0J
0Q
#24725
1J
1Q
0O
b111 ""
b111 !"
#24726
1T
#24730
0J
0Q
#24735
b1 f
1J
1Q
#24736
0`
#24740
0J
0Q
#24745
b1 j
1J
1Q
#24750
0J
0Q
#24755
b10 j
1J
1Q
#24760
0J
0Q
#24765
b11 j
1J
1Q
#24770
0J
0Q
#24775
b100 j
1J
1Q
#24780
0J
0Q
#24785
b101 j
1J
1Q
#24790
0J
0Q
#24795
b110 j
1J
1Q
1O
#24796
0T
#24800
0J
0Q
#24805
b111 j
b10 f
1J
1Q
#24806
x`
0_
0\
0[
0Y
0X
xW
1V
xU
1^
#24810
0J
0Q
#24815
bx f
b11010111 l
b11010111 q
b11010111 u
b111 k
b0 j
1J
1Q
#24816
x_
x\
x[
xY
xX
xV
x^
x]
b11010111 i
b11010111 s
b11010111 w
#24820
0J
0Q
#24825
b0 k
b11101011 l
b11101011 q
b11101011 u
b11010111 m
b0 f
1J
1Q
#24826
1`
1_
1[
1X
0W
0V
0U
0^
1]
b11101011 i
b11101011 s
b11101011 w
#24830
0J
0Q
#24835
1J
1Q
#24840
0J
0Q
#24845
1J
1Q
#24850
0J
0Q
#24855
1J
1Q
#24860
0J
0Q
#24865
1J
1Q
#24870
0J
0Q
#24875
1J
1Q
#24880
0J
0Q
#24885
1J
1Q
#24890
0J
0Q
#24895
1J
1Q
#24900
0J
0Q
#24905
1J
1Q
#24910
0J
0Q
#24915
1J
1Q
#24920
0J
0Q
#24925
1J
1Q
#24930
0J
0Q
#24935
1J
1Q
#24940
0J
0Q
#24945
1J
1Q
#24950
0J
0Q
#24955
1J
1Q
#24960
0J
0Q
#24965
1J
1Q
#24970
0J
0Q
#24975
1J
1Q
#24980
0J
0Q
#24985
1J
1Q
#24990
0J
0Q
#24995
1J
1Q
0O
b1111 ""
b1110010 #"
b1100 $"
b0 !"
#24996
1T
#25000
0J
0Q
#25005
b1 f
1J
1Q
#25006
0`
#25010
0J
0Q
#25015
b1 j
1J
1Q
#25020
0J
0Q
#25025
b10 j
1J
1Q
#25030
0J
0Q
#25035
b11 j
1J
1Q
#25040
0J
0Q
#25045
b100 j
1J
1Q
#25050
0J
0Q
#25055
b101 j
1J
1Q
#25060
0J
0Q
#25065
b110 j
1J
1Q
#25070
0J
0Q
#25075
b111 j
1J
1Q
#25080
0J
0Q
#25085
b1000 j
1J
1Q
#25090
0J
0Q
#25095
b1001 j
1J
1Q
#25100
0J
0Q
#25105
b1010 j
1J
1Q
#25110
0J
0Q
#25115
b1011 j
1J
1Q
#25120
0J
0Q
#25125
b1100 j
1J
1Q
#25130
0J
0Q
#25135
b1101 j
1J
1Q
#25140
0J
0Q
#25145
b1110 j
1J
1Q
1O
#25146
0T
#25150
0J
0Q
#25155
b10 f
b1111 j
1J
1Q
#25156
x`
0_
0\
0[
0Y
0X
xW
1V
xU
1^
#25160
0J
0Q
#25165
b0 j
b1 k
b1110101 l
b1110101 q
b1110101 u
bx f
1J
1Q
#25166
x_
x\
x[
xY
xX
xV
x^
x]
b1110101 i
b1110101 s
b1110101 w
1h
#25167
0h
#25170
0J
0Q
#25175
b0 f
b1110101 m
b10111010 l
b10111010 q
b10111010 u
b10 k
1J
1Q
#25176
1`
1_
1[
1X
0W
0V
0U
0^
1]
b10111010 i
b10111010 s
b10111010 w
#25180
0J
0Q
#25185
1J
1Q
#25190
0J
0Q
#25195
1J
1Q
#25200
0J
0Q
#25205
1J
1Q
#25210
0J
0Q
#25215
1J
1Q
#25220
0J
0Q
#25225
1J
1Q
#25230
0J
0Q
#25235
1J
1Q
#25240
0J
0Q
#25245
1J
1Q
#25250
0J
0Q
#25255
1J
1Q
#25260
0J
0Q
#25265
1J
1Q
#25270
0J
0Q
#25275
1J
1Q
#25280
0J
0Q
#25285
1J
1Q
#25290
0J
0Q
#25295
1J
1Q
#25300
0J
0Q
#25305
1J
1Q
#25310
0J
0Q
#25315
1J
1Q
#25320
0J
0Q
#25325
1J
1Q
#25330
0J
0Q
#25335
1J
1Q
#25340
0J
0Q
#25345
1J
1Q
0O
b11 ""
b1 !"
#25346
1T
#25350
0J
0Q
#25355
b1 f
1J
1Q
#25356
0`
#25360
0J
0Q
#25365
b1 j
1J
1Q
#25370
0J
0Q
#25375
b10 j
1J
1Q
1O
#25376
0T
#25380
0J
0Q
#25385
b11 j
b10 f
1J
1Q
#25386
x`
0_
0\
0[
0Y
0X
xW
1V
xU
1^
#25390
0J
0Q
#25395
bx f
b11011101 l
b11011101 q
b11011101 u
b11 k
b0 j
1J
1Q
#25396
x_
x\
x[
xY
xX
xV
x^
x]
b11011101 i
b11011101 s
b11011101 w
#25400
0J
0Q
#25405
b100 k
b11101110 l
b11101110 q
b11101110 u
b11011101 m
b0 f
1J
1Q
#25406
1`
1_
1[
1X
0W
0V
0U
0^
1]
b11101110 i
b11101110 s
b11101110 w
#25410
0J
0Q
#25415
1J
1Q
#25420
0J
0Q
#25425
1J
1Q
#25430
0J
0Q
#25435
1J
1Q
#25440
0J
0Q
#25445
1J
1Q
#25450
0J
0Q
#25455
1J
1Q
#25460
0J
0Q
#25465
1J
1Q
#25470
0J
0Q
#25475
1J
1Q
#25480
0J
0Q
#25485
1J
1Q
#25490
0J
0Q
#25495
1J
1Q
#25500
0J
0Q
#25505
1J
1Q
#25510
0J
0Q
#25515
1J
1Q
#25520
0J
0Q
#25525
1J
1Q
#25530
0J
0Q
#25535
1J
1Q
#25540
0J
0Q
#25545
1J
1Q
#25550
0J
0Q
#25555
1J
1Q
#25560
0J
0Q
#25565
1J
1Q
#25570
0J
0Q
#25575
1J
1Q
0O
b1100 ""
b10 !"
#25576
1T
#25580
0J
0Q
#25585
b1 f
1J
1Q
#25586
0`
#25590
0J
0Q
#25595
b1 j
1J
1Q
#25600
0J
0Q
#25605
b10 j
1J
1Q
#25610
0J
0Q
#25615
b11 j
1J
1Q
#25620
0J
0Q
#25625
b100 j
1J
1Q
#25630
0J
0Q
#25635
b101 j
1J
1Q
#25640
0J
0Q
#25645
b110 j
1J
1Q
#25650
0J
0Q
#25655
b111 j
1J
1Q
#25660
0J
0Q
#25665
b1000 j
1J
1Q
#25670
0J
0Q
#25675
b1001 j
1J
1Q
#25680
0J
0Q
#25685
b1010 j
1J
1Q
#25690
0J
0Q
#25695
b1011 j
1J
1Q
1O
#25696
0T
#25700
0J
0Q
#25705
b1100 j
b10 f
1J
1Q
#25706
x`
0_
0\
0[
0Y
0X
xW
1V
xU
1^
#25710
0J
0Q
#25715
bx f
b1110111 l
b1110111 q
b1110111 u
b101 k
b0 j
1J
1Q
#25716
x_
x\
x[
xY
xX
xV
x^
x]
b1110111 i
b1110111 s
b1110111 w
1h
#25717
0h
#25720
0J
0Q
#25725
b110 k
b10111011 l
b10111011 q
b10111011 u
b1110111 m
b0 f
1J
1Q
#25726
1`
1_
1[
1X
0W
0V
0U
0^
1]
b10111011 i
b10111011 s
b10111011 w
#25730
0J
0Q
#25735
1J
1Q
#25740
0J
0Q
#25745
1J
1Q
#25750
0J
0Q
#25755
1J
1Q
#25760
0J
0Q
#25765
1J
1Q
#25770
0J
0Q
#25775
1J
1Q
#25780
0J
0Q
#25785
1J
1Q
#25790
0J
0Q
#25795
1J
1Q
#25800
0J
0Q
#25805
1J
1Q
#25810
0J
0Q
#25815
1J
1Q
#25820
0J
0Q
#25825
1J
1Q
#25830
0J
0Q
#25835
1J
1Q
#25840
0J
0Q
#25845
1J
1Q
#25850
0J
0Q
#25855
1J
1Q
#25860
0J
0Q
#25865
1J
1Q
#25870
0J
0Q
#25875
1J
1Q
#25880
0J
0Q
#25885
1J
1Q
#25890
0J
0Q
#25895
1J
1Q
0O
b1101 ""
b11 !"
#25896
1T
#25900
0J
0Q
#25905
b1 f
1J
1Q
#25906
0`
#25910
0J
0Q
#25915
b1 j
1J
1Q
#25920
0J
0Q
#25925
b10 j
1J
1Q
#25930
0J
0Q
#25935
b11 j
1J
1Q
#25940
0J
0Q
#25945
b100 j
1J
1Q
#25950
0J
0Q
#25955
b101 j
1J
1Q
#25960
0J
0Q
#25965
b110 j
1J
1Q
#25970
0J
0Q
#25975
b111 j
1J
1Q
#25980
0J
0Q
#25985
b1000 j
1J
1Q
#25990
0J
0Q
#25995
b1001 j
1J
1Q
#26000
0J
0Q
#26005
b1010 j
1J
1Q
#26010
0J
0Q
#26015
b1011 j
1J
1Q
#26020
0J
0Q
#26025
b1100 j
1J
1Q
1O
#26026
0T
#26030
0J
0Q
#26035
b10 f
b1101 j
1J
1Q
#26036
x`
0_
0\
0[
0Y
0X
xW
1V
xU
1^
#26040
0J
0Q
#26045
b0 j
b111 k
b1011101 l
b1011101 q
b1011101 u
bx f
1J
1Q
#26046
x_
x\
x[
xY
xX
xV
x^
x]
b1011101 i
b1011101 s
b1011101 w
1h
#26047
0h
#26050
0J
0Q
#26055
b0 f
b1011101 m
b10101110 l
b10101110 q
b10101110 u
b0 k
1J
1Q
#26056
1`
1_
1[
1X
0W
0V
0U
0^
1]
b10101110 i
b10101110 s
b10101110 w
#26060
0J
0Q
#26065
1J
1Q
#26070
0J
0Q
#26075
1J
1Q
#26080
0J
0Q
#26085
1J
1Q
#26090
0J
0Q
#26095
1J
1Q
#26100
0J
0Q
#26105
1J
1Q
#26110
0J
0Q
#26115
1J
1Q
#26120
0J
0Q
#26125
1J
1Q
#26130
0J
0Q
#26135
1J
1Q
#26140
0J
0Q
#26145
1J
1Q
#26150
0J
0Q
#26155
1J
1Q
#26160
0J
0Q
#26165
1J
1Q
#26170
0J
0Q
#26175
1J
1Q
#26180
0J
0Q
#26185
1J
1Q
#26190
0J
0Q
#26195
1J
1Q
#26200
0J
0Q
#26205
1J
1Q
#26210
0J
0Q
#26215
1J
1Q
#26220
0J
0Q
#26225
1J
1Q
0O
b110 ""
b100 !"
#26226
1T
#26230
0J
0Q
#26235
b1 f
1J
1Q
#26236
0`
#26240
0J
0Q
#26245
b1 j
1J
1Q
#26250
0J
0Q
#26255
b10 j
1J
1Q
#26260
0J
0Q
#26265
b11 j
1J
1Q
#26270
0J
0Q
#26275
b100 j
1J
1Q
#26280
0J
0Q
#26285
b101 j
1J
1Q
1O
#26286
0T
#26290
0J
0Q
#26295
b10 f
b110 j
1J
1Q
#26296
x`
0_
0\
0[
0Y
0X
xW
1V
xU
1^
#26300
0J
0Q
#26305
b0 j
b1 k
b11010111 l
b11010111 q
b11010111 u
bx f
1J
1Q
#26306
x_
x\
x[
xY
xX
xV
x^
x]
b11010111 i
b11010111 s
b11010111 w
#26310
0J
0Q
#26315
b0 f
b11010111 m
b11101011 l
b11101011 q
b11101011 u
b10 k
1J
1Q
#26316
1`
1_
1[
1X
0W
0V
0U
0^
1]
b11101011 i
b11101011 s
b11101011 w
#26320
0J
0Q
#26325
1J
1Q
#26330
0J
0Q
#26335
1J
1Q
#26340
0J
0Q
#26345
1J
1Q
#26350
0J
0Q
#26355
1J
1Q
#26360
0J
0Q
#26365
1J
1Q
#26370
0J
0Q
#26375
1J
1Q
#26380
0J
0Q
#26385
1J
1Q
#26390
0J
0Q
#26395
1J
1Q
#26400
0J
0Q
#26405
1J
1Q
#26410
0J
0Q
#26415
1J
1Q
#26420
0J
0Q
#26425
1J
1Q
#26430
0J
0Q
#26435
1J
1Q
#26440
0J
0Q
#26445
1J
1Q
#26450
0J
0Q
#26455
1J
1Q
#26460
0J
0Q
#26465
1J
1Q
#26470
0J
0Q
#26475
1J
1Q
#26480
0J
0Q
#26485
1J
1Q
0O
b111 ""
b101 !"
#26486
1T
#26490
0J
0Q
#26495
b1 f
1J
1Q
#26496
0`
#26500
0J
0Q
#26505
b1 j
1J
1Q
#26510
0J
0Q
#26515
b10 j
1J
1Q
#26520
0J
0Q
#26525
b11 j
1J
1Q
#26530
0J
0Q
#26535
b100 j
1J
1Q
#26540
0J
0Q
#26545
b101 j
1J
1Q
#26550
0J
0Q
#26555
b110 j
1J
1Q
1O
#26556
0T
#26560
0J
0Q
#26565
b111 j
b10 f
1J
1Q
#26566
x`
0_
0\
0[
0Y
0X
xW
1V
xU
1^
#26570
0J
0Q
#26575
bx f
b11110101 l
b11110101 q
b11110101 u
b11 k
b0 j
1J
1Q
#26576
x_
x\
x[
xY
xX
xV
x^
x]
b11110101 i
b11110101 s
b11110101 w
#26580
0J
0Q
#26585
b100 k
b11111010 l
b11111010 q
b11111010 u
b11110101 m
b0 f
1J
1Q
#26586
1`
1_
1[
1X
0W
0V
0U
0^
1]
b11111010 i
b11111010 s
b11111010 w
#26590
0J
0Q
#26595
1J
1Q
#26600
0J
0Q
#26605
1J
1Q
#26610
0J
0Q
#26615
1J
1Q
#26620
0J
0Q
#26625
1J
1Q
#26630
0J
0Q
#26635
1J
1Q
#26640
0J
0Q
#26645
1J
1Q
#26650
0J
0Q
#26655
1J
1Q
#26660
0J
0Q
#26665
1J
1Q
#26670
0J
0Q
#26675
1J
1Q
#26680
0J
0Q
#26685
1J
1Q
#26690
0J
0Q
#26695
1J
1Q
#26700
0J
0Q
#26705
1J
1Q
#26710
0J
0Q
#26715
1J
1Q
#26720
0J
0Q
#26725
1J
1Q
#26730
0J
0Q
#26735
1J
1Q
#26740
0J
0Q
#26745
1J
1Q
#26750
0J
0Q
#26755
1J
1Q
0O
b10 ""
b110 !"
#26756
1T
#26760
0J
0Q
#26765
b1 f
1J
1Q
#26766
0`
#26770
0J
0Q
#26775
b1 j
1J
1Q
1O
#26776
0T
#26780
0J
0Q
#26785
b10 j
b10 f
1J
1Q
#26786
x`
0_
0\
0[
0Y
0X
xW
1V
xU
1^
#26790
0J
0Q
#26795
bx f
b11111101 l
b11111101 q
b11111101 u
b101 k
b0 j
1J
1Q
#26796
x_
x\
x[
xY
xX
xV
x^
x]
b11111101 i
b11111101 s
b11111101 w
#26800
0J
0Q
#26805
b110 k
b11111110 l
b11111110 q
b11111110 u
b11111101 m
b0 f
1J
1Q
#26806
1`
1_
1[
1X
0W
0V
0U
0^
1]
b11111110 i
b11111110 s
b11111110 w
#26810
0J
0Q
#26815
1J
1Q
#26820
0J
0Q
#26825
1J
1Q
#26830
0J
0Q
#26835
1J
1Q
#26840
0J
0Q
#26845
1J
1Q
#26850
0J
0Q
#26855
1J
1Q
#26860
0J
0Q
#26865
1J
1Q
#26870
0J
0Q
#26875
1J
1Q
#26880
0J
0Q
#26885
1J
1Q
#26890
0J
0Q
#26895
1J
1Q
#26900
0J
0Q
#26905
1J
1Q
#26910
0J
0Q
#26915
1J
1Q
#26920
0J
0Q
#26925
1J
1Q
#26930
0J
0Q
#26935
1J
1Q
#26940
0J
0Q
#26945
1J
1Q
#26950
0J
0Q
#26955
1J
1Q
#26960
0J
0Q
#26965
1J
1Q
#26970
0J
0Q
#26975
1J
1Q
0O
b1100 ""
b111 !"
#26976
1T
#26980
0J
0Q
#26985
b1 f
1J
1Q
#26986
0`
#26990
0J
0Q
#26995
b1 j
1J
1Q
#27000
0J
0Q
#27005
b10 j
1J
1Q
#27010
0J
0Q
#27015
b11 j
1J
1Q
#27020
0J
0Q
#27025
b100 j
1J
1Q
#27030
0J
0Q
#27035
b101 j
1J
1Q
#27040
0J
0Q
#27045
b110 j
1J
1Q
#27050
0J
0Q
#27055
b111 j
1J
1Q
#27060
0J
0Q
#27065
b1000 j
1J
1Q
#27070
0J
0Q
#27075
b1001 j
1J
1Q
#27080
0J
0Q
#27085
b1010 j
1J
1Q
#27090
0J
0Q
#27095
b1011 j
1J
1Q
1O
#27096
0T
#27100
0J
0Q
#27105
b1100 j
b10 f
1J
1Q
#27106
x`
0_
0\
0[
0Y
0X
xW
1V
xU
1^
#27110
0J
0Q
#27115
bx f
b1111111 l
b1111111 q
b1111111 u
b111 k
b0 j
1J
1Q
#27116
x_
x\
x[
xY
xX
xV
x^
x]
b1111111 i
b1111111 s
b1111111 w
1h
#27117
0h
#27120
0J
0Q
#27125
b0 k
b10111111 l
b10111111 q
b10111111 u
b1111111 m
b0 f
1J
1Q
#27126
1`
1_
1[
1X
0W
0V
0U
0^
1]
b10111111 i
b10111111 s
b10111111 w
#27130
0J
0Q
#27135
1J
1Q
#27140
0J
0Q
#27145
1J
1Q
#27150
0J
0Q
#27155
1J
1Q
#27160
0J
0Q
#27165
1J
1Q
#27170
0J
0Q
#27175
1J
1Q
#27180
0J
0Q
#27185
1J
1Q
#27190
0J
0Q
#27195
1J
1Q
#27200
0J
0Q
#27205
1J
1Q
#27210
0J
0Q
#27215
1J
1Q
#27220
0J
0Q
#27225
1J
1Q
#27230
0J
0Q
#27235
1J
1Q
#27240
0J
0Q
#27245
1J
1Q
#27250
0J
0Q
#27255
1J
1Q
#27260
0J
0Q
#27265
1J
1Q
#27270
0J
0Q
#27275
1J
1Q
#27280
0J
0Q
#27285
1J
1Q
#27290
0J
0Q
#27295
1J
1Q
0O
b100 ""
b1010011 #"
b1101 $"
b0 !"
#27296
1T
#27300
0J
0Q
#27305
b1 f
1J
1Q
#27306
0`
#27310
0J
0Q
#27315
b1 j
1J
1Q
#27320
0J
0Q
#27325
b10 j
1J
1Q
#27330
0J
0Q
#27335
b11 j
1J
1Q
1O
#27336
0T
#27340
0J
0Q
#27345
b100 j
b10 f
1J
1Q
#27346
x`
0_
0\
0[
0Y
0X
xW
1V
xU
1^
#27350
0J
0Q
#27355
bx f
b11011111 l
b11011111 q
b11011111 u
b1 k
b0 j
1J
1Q
#27356
x_
x\
x[
xY
xX
xV
x^
x]
b11011111 i
b11011111 s
b11011111 w
#27360
0J
0Q
#27365
b10 k
b11101111 l
b11101111 q
b11101111 u
b11011111 m
b0 f
1J
1Q
#27366
1`
1_
1[
1X
0W
0V
0U
0^
1]
b11101111 i
b11101111 s
b11101111 w
#27370
0J
0Q
#27375
1J
1Q
#27380
0J
0Q
#27385
1J
1Q
#27390
0J
0Q
#27395
1J
1Q
#27400
0J
0Q
#27405
1J
1Q
#27410
0J
0Q
#27415
1J
1Q
#27420
0J
0Q
#27425
1J
1Q
#27430
0J
0Q
#27435
1J
1Q
#27440
0J
0Q
#27445
1J
1Q
#27450
0J
0Q
#27455
1J
1Q
#27460
0J
0Q
#27465
1J
1Q
#27470
0J
0Q
#27475
1J
1Q
#27480
0J
0Q
#27485
1J
1Q
#27490
0J
0Q
#27495
1J
1Q
#27500
0J
0Q
#27505
1J
1Q
#27510
0J
0Q
#27515
1J
1Q
#27520
0J
0Q
#27525
1J
1Q
#27530
0J
0Q
#27535
1J
1Q
0O
b101 ""
b1 !"
#27536
1T
#27540
0J
0Q
#27545
b1 f
1J
1Q
#27546
0`
#27550
0J
0Q
#27555
b1 j
1J
1Q
#27560
0J
0Q
#27565
b10 j
1J
1Q
#27570
0J
0Q
#27575
b11 j
1J
1Q
#27580
0J
0Q
#27585
b100 j
1J
1Q
1O
#27586
0T
#27590
0J
0Q
#27595
b10 f
b101 j
1J
1Q
#27596
x`
0_
0\
0[
0Y
0X
xW
1V
xU
1^
#27600
0J
0Q
#27605
b0 j
b11 k
b11110111 l
b11110111 q
b11110111 u
bx f
1J
1Q
#27606
x_
x\
x[
xY
xX
xV
x^
x]
b11110111 i
b11110111 s
b11110111 w
#27610
0J
0Q
#27615
b0 f
b11110111 m
b11111011 l
b11111011 q
b11111011 u
b100 k
1J
1Q
#27616
1`
1_
1[
1X
0W
0V
0U
0^
1]
b11111011 i
b11111011 s
b11111011 w
#27620
0J
0Q
#27625
1J
1Q
#27630
0J
0Q
#27635
1J
1Q
#27640
0J
0Q
#27645
1J
1Q
#27650
0J
0Q
#27655
1J
1Q
#27660
0J
0Q
#27665
1J
1Q
#27670
0J
0Q
#27675
1J
1Q
#27680
0J
0Q
#27685
1J
1Q
#27690
0J
0Q
#27695
1J
1Q
#27700
0J
0Q
#27705
1J
1Q
#27710
0J
0Q
#27715
1J
1Q
#27720
0J
0Q
#27725
1J
1Q
#27730
0J
0Q
#27735
1J
1Q
#27740
0J
0Q
#27745
1J
1Q
#27750
0J
0Q
#27755
1J
1Q
#27760
0J
0Q
#27765
1J
1Q
#27770
0J
0Q
#27775
1J
1Q
#27780
0J
0Q
#27785
1J
1Q
0O
b1011 ""
b10 !"
#27786
1T
#27790
0J
0Q
#27795
b1 f
1J
1Q
#27796
0`
#27800
0J
0Q
#27805
b1 j
1J
1Q
#27810
0J
0Q
#27815
b10 j
1J
1Q
#27820
0J
0Q
#27825
b11 j
1J
1Q
#27830
0J
0Q
#27835
b100 j
1J
1Q
#27840
0J
0Q
#27845
b101 j
1J
1Q
#27850
0J
0Q
#27855
b110 j
1J
1Q
#27860
0J
0Q
#27865
b111 j
1J
1Q
#27870
0J
0Q
#27875
b1000 j
1J
1Q
#27880
0J
0Q
#27885
b1001 j
1J
1Q
#27890
0J
0Q
#27895
b1010 j
1J
1Q
1O
#27896
0T
#27900
0J
0Q
#27905
b1011 j
b10 f
1J
1Q
#27906
x`
0_
0\
0[
0Y
0X
xW
1V
xU
1^
#27910
0J
0Q
#27915
bx f
b1111101 l
b1111101 q
b1111101 u
b101 k
b0 j
1J
1Q
#27916
x_
x\
x[
xY
xX
xV
x^
x]
b1111101 i
b1111101 s
b1111101 w
1h
#27917
0h
#27920
0J
0Q
#27925
b110 k
b10111110 l
b10111110 q
b10111110 u
b1111101 m
b0 f
1J
1Q
#27926
1`
1_
1[
1X
0W
0V
0U
0^
1]
b10111110 i
b10111110 s
b10111110 w
#27930
0J
0Q
#27935
1J
1Q
#27940
0J
0Q
#27945
1J
1Q
#27950
0J
0Q
#27955
1J
1Q
#27960
0J
0Q
#27965
1J
1Q
#27970
0J
0Q
#27975
1J
1Q
#27980
0J
0Q
#27985
1J
1Q
#27990
0J
0Q
#27995
1J
1Q
#28000
0J
0Q
#28005
1J
1Q
#28010
0J
0Q
#28015
1J
1Q
#28020
0J
0Q
#28025
1J
1Q
#28030
0J
0Q
#28035
1J
1Q
#28040
0J
0Q
#28045
1J
1Q
#28050
0J
0Q
#28055
1J
1Q
#28060
0J
0Q
#28065
1J
1Q
#28070
0J
0Q
#28075
1J
1Q
#28080
0J
0Q
#28085
1J
1Q
#28090
0J
0Q
#28095
1J
1Q
0O
b1100 ""
b11 !"
#28096
1T
#28100
0J
0Q
#28105
b1 f
1J
1Q
#28106
0`
#28110
0J
0Q
#28115
b1 j
1J
1Q
#28120
0J
0Q
#28125
b10 j
1J
1Q
#28130
0J
0Q
#28135
b11 j
1J
1Q
#28140
0J
0Q
#28145
b100 j
1J
1Q
#28150
0J
0Q
#28155
b101 j
1J
1Q
#28160
0J
0Q
#28165
b110 j
1J
1Q
#28170
0J
0Q
#28175
b111 j
1J
1Q
#28180
0J
0Q
#28185
b1000 j
1J
1Q
#28190
0J
0Q
#28195
b1001 j
1J
1Q
#28200
0J
0Q
#28205
b1010 j
1J
1Q
#28210
0J
0Q
#28215
b1011 j
1J
1Q
1O
#28216
0T
#28220
0J
0Q
#28225
b1100 j
b10 f
1J
1Q
#28226
x`
0_
0\
0[
0Y
0X
xW
1V
xU
1^
#28230
0J
0Q
#28235
bx f
b1011111 l
b1011111 q
b1011111 u
b111 k
b0 j
1J
1Q
#28236
x_
x\
x[
xY
xX
xV
x^
x]
b1011111 i
b1011111 s
b1011111 w
1h
#28237
0h
#28240
0J
0Q
#28245
b0 k
b10101111 l
b10101111 q
b10101111 u
b1011111 m
b0 f
1J
1Q
#28246
1`
1_
1[
1X
0W
0V
0U
0^
1]
b10101111 i
b10101111 s
b10101111 w
#28250
0J
0Q
#28255
1J
1Q
#28260
0J
0Q
#28265
1J
1Q
#28270
0J
0Q
#28275
1J
1Q
#28280
0J
0Q
#28285
1J
1Q
#28290
0J
0Q
#28295
1J
1Q
#28300
0J
0Q
#28305
1J
1Q
#28310
0J
0Q
#28315
1J
1Q
#28320
0J
0Q
#28325
1J
1Q
#28330
0J
0Q
#28335
1J
1Q
#28340
0J
0Q
#28345
1J
1Q
#28350
0J
0Q
#28355
1J
1Q
#28360
0J
0Q
#28365
1J
1Q
#28370
0J
0Q
#28375
1J
1Q
#28380
0J
0Q
#28385
1J
1Q
#28390
0J
0Q
#28395
1J
1Q
#28400
0J
0Q
#28405
1J
1Q
#28410
0J
0Q
#28415
1J
1Q
0O
b10 ""
b100 !"
#28416
1T
#28420
0J
0Q
#28425
b1 f
1J
1Q
#28426
0`
#28430
0J
0Q
#28435
b1 j
1J
1Q
1O
#28436
0T
#28440
0J
0Q
#28445
b10 j
b10 f
1J
1Q
#28446
x`
0_
0\
0[
0Y
0X
xW
1V
xU
1^
#28450
0J
0Q
#28455
bx f
b11010111 l
b11010111 q
b11010111 u
b1 k
b0 j
1J
1Q
#28456
x_
x\
x[
xY
xX
xV
x^
x]
b11010111 i
b11010111 s
b11010111 w
#28460
0J
0Q
#28465
b10 k
b11101011 l
b11101011 q
b11101011 u
b11010111 m
b0 f
1J
1Q
#28466
1`
1_
1[
1X
0W
0V
0U
0^
1]
b11101011 i
b11101011 s
b11101011 w
#28470
0J
0Q
#28475
1J
1Q
#28480
0J
0Q
#28485
1J
1Q
#28490
0J
0Q
#28495
1J
1Q
#28500
0J
0Q
#28505
1J
1Q
#28510
0J
0Q
#28515
1J
1Q
#28520
0J
0Q
#28525
1J
1Q
#28530
0J
0Q
#28535
1J
1Q
#28540
0J
0Q
#28545
1J
1Q
#28550
0J
0Q
#28555
1J
1Q
#28560
0J
0Q
#28565
1J
1Q
#28570
0J
0Q
#28575
1J
1Q
#28580
0J
0Q
#28585
1J
1Q
#28590
0J
0Q
#28595
1J
1Q
#28600
0J
0Q
#28605
1J
1Q
#28610
0J
0Q
#28615
1J
1Q
#28620
0J
0Q
#28625
1J
1Q
#28630
0J
0Q
#28635
1J
1Q
0O
b1110 ""
b101 !"
#28636
1T
#28640
0J
0Q
#28645
b1 f
1J
1Q
#28646
0`
#28650
0J
0Q
#28655
b1 j
1J
1Q
#28660
0J
0Q
#28665
b10 j
1J
1Q
#28670
0J
0Q
#28675
b11 j
1J
1Q
#28680
0J
0Q
#28685
b100 j
1J
1Q
#28690
0J
0Q
#28695
b101 j
1J
1Q
#28700
0J
0Q
#28705
b110 j
1J
1Q
#28710
0J
0Q
#28715
b111 j
1J
1Q
#28720
0J
0Q
#28725
b1000 j
1J
1Q
#28730
0J
0Q
#28735
b1001 j
1J
1Q
#28740
0J
0Q
#28745
b1010 j
1J
1Q
#28750
0J
0Q
#28755
b1011 j
1J
1Q
#28760
0J
0Q
#28765
b1100 j
1J
1Q
#28770
0J
0Q
#28775
b1101 j
1J
1Q
1O
#28776
0T
#28780
0J
0Q
#28785
b1110 j
b10 f
1J
1Q
#28786
x`
0_
0\
0[
0Y
0X
xW
1V
xU
1^
#28790
0J
0Q
#28795
bx f
b1110101 l
b1110101 q
b1110101 u
b11 k
b0 j
1J
1Q
#28796
x_
x\
x[
xY
xX
xV
x^
x]
b1110101 i
b1110101 s
b1110101 w
1h
#28797
0h
#28800
0J
0Q
#28805
b100 k
b10111010 l
b10111010 q
b10111010 u
b1110101 m
b0 f
1J
1Q
#28806
1`
1_
1[
1X
0W
0V
0U
0^
1]
b10111010 i
b10111010 s
b10111010 w
#28810
0J
0Q
#28815
1J
1Q
#28820
0J
0Q
#28825
1J
1Q
#28830
0J
0Q
#28835
1J
1Q
#28840
0J
0Q
#28845
1J
1Q
#28850
0J
0Q
#28855
1J
1Q
#28860
0J
0Q
#28865
1J
1Q
#28870
0J
0Q
#28875
1J
1Q
#28880
0J
0Q
#28885
1J
1Q
#28890
0J
0Q
#28895
1J
1Q
#28900
0J
0Q
#28905
1J
1Q
#28910
0J
0Q
#28915
1J
1Q
#28920
0J
0Q
#28925
1J
1Q
#28930
0J
0Q
#28935
1J
1Q
#28940
0J
0Q
#28945
1J
1Q
#28950
0J
0Q
#28955
1J
1Q
#28960
0J
0Q
#28965
1J
1Q
#28970
0J
0Q
#28975
1J
1Q
0O
b100 ""
b110 !"
#28976
1T
#28980
0J
0Q
#28985
b1 f
1J
1Q
#28986
0`
#28990
0J
0Q
#28995
b1 j
1J
1Q
#29000
0J
0Q
#29005
b10 j
1J
1Q
#29010
0J
0Q
#29015
b11 j
1J
1Q
1O
#29016
0T
#29020
0J
0Q
#29025
b100 j
b10 f
1J
1Q
#29026
x`
0_
0\
0[
0Y
0X
xW
1V
xU
1^
#29030
0J
0Q
#29035
bx f
b11011101 l
b11011101 q
b11011101 u
b101 k
b0 j
1J
1Q
#29036
x_
x\
x[
xY
xX
xV
x^
x]
b11011101 i
b11011101 s
b11011101 w
#29040
0J
0Q
#29045
b110 k
b11101110 l
b11101110 q
b11101110 u
b11011101 m
b0 f
1J
1Q
#29046
1`
1_
1[
1X
0W
0V
0U
0^
1]
b11101110 i
b11101110 s
b11101110 w
#29050
0J
0Q
#29055
1J
1Q
#29060
0J
0Q
#29065
1J
1Q
#29070
0J
0Q
#29075
1J
1Q
#29080
0J
0Q
#29085
1J
1Q
#29090
0J
0Q
#29095
1J
1Q
#29100
0J
0Q
#29105
1J
1Q
#29110
0J
0Q
#29115
1J
1Q
#29120
0J
0Q
#29125
1J
1Q
#29130
0J
0Q
#29135
1J
1Q
#29140
0J
0Q
#29145
1J
1Q
#29150
0J
0Q
#29155
1J
1Q
#29160
0J
0Q
#29165
1J
1Q
#29170
0J
0Q
#29175
1J
1Q
#29180
0J
0Q
#29185
1J
1Q
#29190
0J
0Q
#29195
1J
1Q
#29200
0J
0Q
#29205
1J
1Q
#29210
0J
0Q
#29215
1J
1Q
0O
b1011 ""
b111 !"
#29216
1T
#29220
0J
0Q
#29225
b1 f
1J
1Q
#29226
0`
#29230
0J
0Q
#29235
b1 j
1J
1Q
#29240
0J
0Q
#29245
b10 j
1J
1Q
#29250
0J
0Q
#29255
b11 j
1J
1Q
#29260
0J
0Q
#29265
b100 j
1J
1Q
#29270
0J
0Q
#29275
b101 j
1J
1Q
#29280
0J
0Q
#29285
b110 j
1J
1Q
#29290
0J
0Q
#29295
b111 j
1J
1Q
#29300
0J
0Q
#29305
b1000 j
1J
1Q
#29310
0J
0Q
#29315
b1001 j
1J
1Q
#29320
0J
0Q
#29325
b1010 j
1J
1Q
1O
#29326
0T
#29330
0J
0Q
#29335
b10 f
b1011 j
1J
1Q
#29336
x`
0_
0\
0[
0Y
0X
xW
1V
xU
1^
#29340
0J
0Q
#29345
b0 j
b111 k
b1110111 l
b1110111 q
b1110111 u
bx f
1J
1Q
#29346
x_
x\
x[
xY
xX
xV
x^
x]
b1110111 i
b1110111 s
b1110111 w
1h
#29347
0h
#29350
0J
0Q
#29355
b0 f
b1110111 m
b10111011 l
b10111011 q
b10111011 u
b0 k
1J
1Q
#29356
1`
1_
1[
1X
0W
0V
0U
0^
1]
b10111011 i
b10111011 s
b10111011 w
#29360
0J
0Q
#29365
1J
1Q
#29370
0J
0Q
#29375
1J
1Q
#29380
0J
0Q
#29385
1J
1Q
#29390
0J
0Q
#29395
1J
1Q
#29400
0J
0Q
#29405
1J
1Q
#29410
0J
0Q
#29415
1J
1Q
#29420
0J
0Q
#29425
1J
1Q
#29430
0J
0Q
#29435
1J
1Q
#29440
0J
0Q
#29445
1J
1Q
#29450
0J
0Q
#29455
1J
1Q
#29460
0J
0Q
#29465
1J
1Q
#29470
0J
0Q
#29475
1J
1Q
#29480
0J
0Q
#29485
1J
1Q
#29490
0J
0Q
#29495
1J
1Q
#29500
0J
0Q
#29505
1J
1Q
#29510
0J
0Q
#29515
1J
1Q
#29520
0J
0Q
#29525
1J
1Q
0O
b1101 ""
b110100 #"
b1110 $"
b0 !"
#29526
1T
#29530
0J
0Q
#29535
b1 f
1J
1Q
#29536
0`
#29540
0J
0Q
#29545
b1 j
1J
1Q
#29550
0J
0Q
#29555
b10 j
1J
1Q
#29560
0J
0Q
#29565
b11 j
1J
1Q
#29570
0J
0Q
#29575
b100 j
1J
1Q
#29580
0J
0Q
#29585
b101 j
1J
1Q
#29590
0J
0Q
#29595
b110 j
1J
1Q
#29600
0J
0Q
#29605
b111 j
1J
1Q
#29610
0J
0Q
#29615
b1000 j
1J
1Q
#29620
0J
0Q
#29625
b1001 j
1J
1Q
#29630
0J
0Q
#29635
b1010 j
1J
1Q
#29640
0J
0Q
#29645
b1011 j
1J
1Q
#29650
0J
0Q
#29655
b1100 j
1J
1Q
1O
#29656
0T
#29660
0J
0Q
#29665
b1101 j
b10 f
1J
1Q
#29666
x`
0_
0\
0[
0Y
0X
xW
1V
xU
1^
#29670
0J
0Q
#29675
bx f
b1011101 l
b1011101 q
b1011101 u
b1 k
b0 j
1J
1Q
#29676
x_
x\
x[
xY
xX
xV
x^
x]
b1011101 i
b1011101 s
b1011101 w
1h
#29677
0h
#29680
0J
0Q
#29685
b10 k
b10101110 l
b10101110 q
b10101110 u
b1011101 m
b0 f
1J
1Q
#29686
1`
1_
1[
1X
0W
0V
0U
0^
1]
b10101110 i
b10101110 s
b10101110 w
#29690
0J
0Q
#29695
1J
1Q
#29700
0J
0Q
#29705
1J
1Q
#29710
0J
0Q
#29715
1J
1Q
#29720
0J
0Q
#29725
1J
1Q
#29730
0J
0Q
#29735
1J
1Q
#29740
0J
0Q
#29745
1J
1Q
#29750
0J
0Q
#29755
1J
1Q
#29760
0J
0Q
#29765
1J
1Q
#29770
0J
0Q
#29775
1J
1Q
#29780
0J
0Q
#29785
1J
1Q
#29790
0J
0Q
#29795
1J
1Q
#29800
0J
0Q
#29805
1J
1Q
#29810
0J
0Q
#29815
1J
1Q
#29820
0J
0Q
#29825
1J
1Q
#29830
0J
0Q
#29835
1J
1Q
#29840
0J
0Q
#29845
1J
1Q
#29850
0J
0Q
#29855
1J
1Q
0O
b1110 ""
b1 !"
#29856
1T
#29860
0J
0Q
#29865
b1 f
1J
1Q
#29866
0`
#29870
0J
0Q
#29875
b1 j
1J
1Q
#29880
0J
0Q
#29885
b10 j
1J
1Q
#29890
0J
0Q
#29895
b11 j
1J
1Q
#29900
0J
0Q
#29905
b100 j
1J
1Q
#29910
0J
0Q
#29915
b101 j
1J
1Q
#29920
0J
0Q
#29925
b110 j
1J
1Q
#29930
0J
0Q
#29935
b111 j
1J
1Q
#29940
0J
0Q
#29945
b1000 j
1J
1Q
#29950
0J
0Q
#29955
b1001 j
1J
1Q
#29960
0J
0Q
#29965
b1010 j
1J
1Q
#29970
0J
0Q
#29975
b1011 j
1J
1Q
#29980
0J
0Q
#29985
b1100 j
1J
1Q
#29990
0J
0Q
#29995
b1101 j
1J
1Q
1O
#29996
0T
#30000
0J
0Q
#30005
b1110 j
b10 f
1J
1Q
#30006
x`
0_
0\
0[
0Y
0X
xW
1V
xU
1^
#30010
0J
0Q
#30015
bx f
b1010111 l
b1010111 q
b1010111 u
b11 k
b0 j
1J
1Q
#30016
x_
x\
x[
xY
xX
xV
x^
x]
b1010111 i
b1010111 s
b1010111 w
1h
#30017
0h
#30020
0J
0Q
#30025
b100 k
b10101011 l
b10101011 q
b10101011 u
b1010111 m
b0 f
1J
1Q
#30026
1`
1_
1[
1X
0W
0V
0U
0^
1]
b10101011 i
b10101011 s
b10101011 w
#30030
0J
0Q
#30035
1J
1Q
#30040
0J
0Q
#30045
1J
1Q
#30050
0J
0Q
#30055
1J
1Q
#30060
0J
0Q
#30065
1J
1Q
#30070
0J
0Q
#30075
1J
1Q
#30080
0J
0Q
#30085
1J
1Q
#30090
0J
0Q
#30095
1J
1Q
#30100
0J
0Q
#30105
1J
1Q
#30110
0J
0Q
#30115
1J
1Q
#30120
0J
0Q
#30125
1J
1Q
#30130
0J
0Q
#30135
1J
1Q
#30140
0J
0Q
#30145
1J
1Q
#30150
0J
0Q
#30155
1J
1Q
#30160
0J
0Q
#30165
1J
1Q
#30170
0J
0Q
#30175
1J
1Q
#30180
0J
0Q
#30185
1J
1Q
#30190
0J
0Q
#30195
1J
1Q
0O
b10 ""
b10 !"
#30196
1T
#30200
0J
0Q
#30205
b1 f
1J
1Q
#30206
0`
#30210
0J
0Q
#30215
b1 j
1J
1Q
1O
#30216
0T
#30220
0J
0Q
#30225
b10 j
b10 f
1J
1Q
#30226
x`
0_
0\
0[
0Y
0X
xW
1V
xU
1^
#30230
0J
0Q
#30235
bx f
b11010101 l
b11010101 q
b11010101 u
b101 k
b0 j
1J
1Q
#30236
x_
x\
x[
xY
xX
xV
x^
x]
b11010101 i
b11010101 s
b11010101 w
#30240
0J
0Q
#30245
b110 k
b11101010 l
b11101010 q
b11101010 u
b11010101 m
b0 f
1J
1Q
#30246
1`
1_
1[
1X
0W
0V
0U
0^
1]
b11101010 i
b11101010 s
b11101010 w
#30250
0J
0Q
#30255
1J
1Q
#30260
0J
0Q
#30265
1J
1Q
#30270
0J
0Q
#30275
1J
1Q
#30280
0J
0Q
#30285
1J
1Q
#30290
0J
0Q
#30295
1J
1Q
#30300
0J
0Q
#30305
1J
1Q
#30310
0J
0Q
#30315
1J
1Q
#30320
0J
0Q
#30325
1J
1Q
#30330
0J
0Q
#30335
1J
1Q
#30340
0J
0Q
#30345
1J
1Q
#30350
0J
0Q
#30355
1J
1Q
#30360
0J
0Q
#30365
1J
1Q
#30370
0J
0Q
#30375
1J
1Q
#30380
0J
0Q
#30385
1J
1Q
#30390
0J
0Q
#30395
1J
1Q
#30400
0J
0Q
#30405
1J
1Q
#30410
0J
0Q
#30415
1J
1Q
0O
b1011 ""
b11 !"
#30416
1T
#30420
0J
0Q
#30425
b1 f
1J
1Q
#30426
0`
#30430
0J
0Q
#30435
b1 j
1J
1Q
#30440
0J
0Q
#30445
b10 j
1J
1Q
#30450
0J
0Q
#30455
b11 j
1J
1Q
#30460
0J
0Q
#30465
b100 j
1J
1Q
#30470
0J
0Q
#30475
b101 j
1J
1Q
#30480
0J
0Q
#30485
b110 j
1J
1Q
#30490
0J
0Q
#30495
b111 j
1J
1Q
#30500
0J
0Q
#30505
b1000 j
1J
1Q
#30510
0J
0Q
#30515
b1001 j
1J
1Q
#30520
0J
0Q
#30525
b1010 j
1J
1Q
1O
#30526
0T
#30530
0J
0Q
#30535
b10 f
b1011 j
1J
1Q
#30536
x`
0_
0\
0[
0Y
0X
xW
1V
xU
1^
#30540
0J
0Q
#30545
b0 j
b111 k
b1110101 l
b1110101 q
b1110101 u
bx f
1J
1Q
#30546
x_
x\
x[
xY
xX
xV
x^
x]
b1110101 i
b1110101 s
b1110101 w
1h
#30547
0h
#30550
0J
0Q
#30555
b0 f
b1110101 m
b10111010 l
b10111010 q
b10111010 u
b0 k
1J
1Q
#30556
1`
1_
1[
1X
0W
0V
0U
0^
1]
b10111010 i
b10111010 s
b10111010 w
#30560
0J
0Q
#30565
1J
1Q
#30570
0J
0Q
#30575
1J
1Q
#30580
0J
0Q
#30585
1J
1Q
#30590
0J
0Q
#30595
1J
1Q
#30600
0J
0Q
#30605
1J
1Q
#30610
0J
0Q
#30615
1J
1Q
#30620
0J
0Q
#30625
1J
1Q
#30630
0J
0Q
#30635
1J
1Q
#30640
0J
0Q
#30645
1J
1Q
#30650
0J
0Q
#30655
1J
1Q
#30660
0J
0Q
#30665
1J
1Q
#30670
0J
0Q
#30675
1J
1Q
#30680
0J
0Q
#30685
1J
1Q
#30690
0J
0Q
#30695
1J
1Q
#30700
0J
0Q
#30705
1J
1Q
#30710
0J
0Q
#30715
1J
1Q
#30720
0J
0Q
#30725
1J
1Q
0O
b100 ""
b100 !"
#30726
1T
#30730
0J
0Q
#30735
b1 f
1J
1Q
#30736
0`
#30740
0J
0Q
#30745
b1 j
1J
1Q
#30750
0J
0Q
#30755
b10 j
1J
1Q
#30760
0J
0Q
#30765
b11 j
1J
1Q
1O
#30766
0T
#30770
0J
0Q
#30775
b10 f
b100 j
1J
1Q
#30776
x`
0_
0\
0[
0Y
0X
xW
1V
xU
1^
#30780
0J
0Q
#30785
b0 j
b1 k
b11011101 l
b11011101 q
b11011101 u
bx f
1J
1Q
#30786
x_
x\
x[
xY
xX
xV
x^
x]
b11011101 i
b11011101 s
b11011101 w
#30790
0J
0Q
#30795
b0 f
b11011101 m
b11101110 l
b11101110 q
b11101110 u
b10 k
1J
1Q
#30796
1`
1_
1[
1X
0W
0V
0U
0^
1]
b11101110 i
b11101110 s
b11101110 w
#30800
0J
0Q
#30805
1J
1Q
#30810
0J
0Q
#30815
1J
1Q
#30820
0J
0Q
#30825
1J
1Q
#30830
0J
0Q
#30835
1J
1Q
#30840
0J
0Q
#30845
1J
1Q
#30850
0J
0Q
#30855
1J
1Q
#30860
0J
0Q
#30865
1J
1Q
#30870
0J
0Q
#30875
1J
1Q
#30880
0J
0Q
#30885
1J
1Q
#30890
0J
0Q
#30895
1J
1Q
#30900
0J
0Q
#30905
1J
1Q
#30910
0J
0Q
#30915
1J
1Q
#30920
0J
0Q
#30925
1J
1Q
#30930
0J
0Q
#30935
1J
1Q
#30940
0J
0Q
#30945
1J
1Q
#30950
0J
0Q
#30955
1J
1Q
#30960
0J
0Q
#30965
1J
1Q
0O
b101 ""
b101 !"
#30966
1T
#30970
0J
0Q
#30975
b1 f
1J
1Q
#30976
0`
#30980
0J
0Q
#30985
b1 j
1J
1Q
#30990
0J
0Q
#30995
b10 j
1J
1Q
#31000
0J
0Q
#31005
b11 j
1J
1Q
#31010
0J
0Q
#31015
b100 j
1J
1Q
1O
#31016
0T
#31020
0J
0Q
#31025
b101 j
b10 f
1J
1Q
#31026
x`
0_
0\
0[
0Y
0X
xW
1V
xU
1^
#31030
0J
0Q
#31035
bx f
b11110111 l
b11110111 q
b11110111 u
b11 k
b0 j
1J
1Q
#31036
x_
x\
x[
xY
xX
xV
x^
x]
b11110111 i
b11110111 s
b11110111 w
#31040
0J
0Q
#31045
b100 k
b11111011 l
b11111011 q
b11111011 u
b11110111 m
b0 f
1J
1Q
#31046
1`
1_
1[
1X
0W
0V
0U
0^
1]
b11111011 i
b11111011 s
b11111011 w
#31050
0J
0Q
#31055
1J
1Q
#31060
0J
0Q
#31065
1J
1Q
#31070
0J
0Q
#31075
1J
1Q
#31080
0J
0Q
#31085
1J
1Q
#31090
0J
0Q
#31095
1J
1Q
#31100
0J
0Q
#31105
1J
1Q
#31110
0J
0Q
#31115
1J
1Q
#31120
0J
0Q
#31125
1J
1Q
#31130
0J
0Q
#31135
1J
1Q
#31140
0J
0Q
#31145
1J
1Q
#31150
0J
0Q
#31155
1J
1Q
#31160
0J
0Q
#31165
1J
1Q
#31170
0J
0Q
#31175
1J
1Q
#31180
0J
0Q
#31185
1J
1Q
#31190
0J
0Q
#31195
1J
1Q
#31200
0J
0Q
#31205
1J
1Q
#31210
0J
0Q
#31215
1J
1Q
0O
b1110 ""
b110 !"
#31216
1T
#31220
0J
0Q
#31225
b1 f
1J
1Q
#31226
0`
#31230
0J
0Q
#31235
b1 j
1J
1Q
#31240
0J
0Q
#31245
b10 j
1J
1Q
#31250
0J
0Q
#31255
b11 j
1J
1Q
#31260
0J
0Q
#31265
b100 j
1J
1Q
#31270
0J
0Q
#31275
b101 j
1J
1Q
#31280
0J
0Q
#31285
b110 j
1J
1Q
#31290
0J
0Q
#31295
b111 j
1J
1Q
#31300
0J
0Q
#31305
b1000 j
1J
1Q
#31310
0J
0Q
#31315
b1001 j
1J
1Q
#31320
0J
0Q
#31325
b1010 j
1J
1Q
#31330
0J
0Q
#31335
b1011 j
1J
1Q
#31340
0J
0Q
#31345
b1100 j
1J
1Q
#31350
0J
0Q
#31355
b1101 j
1J
1Q
1O
#31356
0T
#31360
0J
0Q
#31365
b1110 j
b10 f
1J
1Q
#31366
x`
0_
0\
0[
0Y
0X
xW
1V
xU
1^
#31370
0J
0Q
#31375
bx f
b1111101 l
b1111101 q
b1111101 u
b101 k
b0 j
1J
1Q
#31376
x_
x\
x[
xY
xX
xV
x^
x]
b1111101 i
b1111101 s
b1111101 w
1h
#31377
0h
#31380
0J
0Q
#31385
b110 k
b10111110 l
b10111110 q
b10111110 u
b1111101 m
b0 f
1J
1Q
#31386
1`
1_
1[
1X
0W
0V
0U
0^
1]
b10111110 i
b10111110 s
b10111110 w
#31390
0J
0Q
#31395
1J
1Q
#31400
0J
0Q
#31405
1J
1Q
#31410
0J
0Q
#31415
1J
1Q
#31420
0J
0Q
#31425
1J
1Q
#31430
0J
0Q
#31435
1J
1Q
#31440
0J
0Q
#31445
1J
1Q
#31450
0J
0Q
#31455
1J
1Q
#31460
0J
0Q
#31465
1J
1Q
#31470
0J
0Q
#31475
1J
1Q
#31480
0J
0Q
#31485
1J
1Q
#31490
0J
0Q
#31495
1J
1Q
#31500
0J
0Q
#31505
1J
1Q
#31510
0J
0Q
#31515
1J
1Q
#31520
0J
0Q
#31525
1J
1Q
#31530
0J
0Q
#31535
1J
1Q
#31540
0J
0Q
#31545
1J
1Q
#31550
0J
0Q
#31555
1J
1Q
0O
b1111 ""
b111 !"
#31556
1T
#31560
0J
0Q
#31565
b1 f
1J
1Q
#31566
0`
#31570
0J
0Q
#31575
b1 j
1J
1Q
#31580
0J
0Q
#31585
b10 j
1J
1Q
#31590
0J
0Q
#31595
b11 j
1J
1Q
#31600
0J
0Q
#31605
b100 j
1J
1Q
#31610
0J
0Q
#31615
b101 j
1J
1Q
#31620
0J
0Q
#31625
b110 j
1J
1Q
#31630
0J
0Q
#31635
b111 j
1J
1Q
#31640
0J
0Q
#31645
b1000 j
1J
1Q
#31650
0J
0Q
#31655
b1001 j
1J
1Q
#31660
0J
0Q
#31665
b1010 j
1J
1Q
#31670
0J
0Q
#31675
b1011 j
1J
1Q
#31680
0J
0Q
#31685
b1100 j
1J
1Q
#31690
0J
0Q
#31695
b1101 j
1J
1Q
#31700
0J
0Q
#31705
b1110 j
1J
1Q
1O
#31706
0T
#31710
0J
0Q
#31715
b10 f
b1111 j
1J
1Q
#31716
x`
0_
0\
0[
0Y
0X
xW
1V
xU
1^
#31720
0J
0Q
#31725
b0 j
b111 k
b1011111 l
b1011111 q
b1011111 u
bx f
1J
1Q
#31726
x_
x\
x[
xY
xX
xV
x^
x]
b1011111 i
b1011111 s
b1011111 w
1h
#31727
0h
#31730
0J
0Q
#31735
b0 f
b1011111 m
b10101111 l
b10101111 q
b10101111 u
b0 k
1J
1Q
#31736
1`
1_
1[
1X
0W
0V
0U
0^
1]
b10101111 i
b10101111 s
b10101111 w
#31740
0J
0Q
#31745
1J
1Q
#31750
0J
0Q
#31755
1J
1Q
#31760
0J
0Q
#31765
1J
1Q
#31770
0J
0Q
#31775
1J
1Q
#31780
0J
0Q
#31785
1J
1Q
#31790
0J
0Q
#31795
1J
1Q
#31800
0J
0Q
#31805
1J
1Q
#31810
0J
0Q
#31815
1J
1Q
#31820
0J
0Q
#31825
1J
1Q
#31830
0J
0Q
#31835
1J
1Q
#31840
0J
0Q
#31845
1J
1Q
#31850
0J
0Q
#31855
1J
1Q
#31860
0J
0Q
#31865
1J
1Q
#31870
0J
0Q
#31875
1J
1Q
#31880
0J
0Q
#31885
1J
1Q
#31890
0J
0Q
#31895
1J
1Q
#31900
0J
0Q
#31905
1J
1Q
0O
b10 ""
b10101 #"
b1111 $"
b0 !"
#31906
1T
#31910
0J
0Q
#31915
b1 f
1J
1Q
#31916
0`
#31920
0J
0Q
#31925
b1 j
1J
1Q
1O
#31926
0T
#31930
0J
0Q
#31935
b10 f
b10 j
1J
1Q
#31936
x`
0_
0\
0[
0Y
0X
xW
1V
xU
1^
#31940
0J
0Q
#31945
b0 j
b1 k
b11010111 l
b11010111 q
b11010111 u
bx f
1J
1Q
#31946
x_
x\
x[
xY
xX
xV
x^
x]
b11010111 i
b11010111 s
b11010111 w
#31950
0J
0Q
#31955
b0 f
b11010111 m
b11101011 l
b11101011 q
b11101011 u
b10 k
1J
1Q
#31956
1`
1_
1[
1X
0W
0V
0U
0^
1]
b11101011 i
b11101011 s
b11101011 w
#31960
0J
0Q
#31965
1J
1Q
#31970
0J
0Q
#31975
1J
1Q
#31980
0J
0Q
#31985
1J
1Q
#31990
0J
0Q
#31995
1J
1Q
#32000
0J
0Q
#32005
1J
1Q
#32010
0J
0Q
#32015
1J
1Q
#32020
0J
0Q
#32025
1J
1Q
#32030
0J
0Q
#32035
1J
1Q
#32040
0J
0Q
#32045
1J
1Q
#32050
0J
0Q
#32055
1J
1Q
#32060
0J
0Q
#32065
1J
1Q
#32070
0J
0Q
#32075
1J
1Q
#32080
0J
0Q
#32085
1J
1Q
#32090
0J
0Q
#32095
1J
1Q
#32100
0J
0Q
#32105
1J
1Q
#32110
0J
0Q
#32115
1J
1Q
#32120
0J
0Q
#32125
1J
1Q
0O
b1101 ""
b1 !"
#32126
1T
#32130
0J
0Q
#32135
b1 f
1J
1Q
#32136
0`
#32140
0J
0Q
#32145
b1 j
1J
1Q
#32150
0J
0Q
#32155
b10 j
1J
1Q
#32160
0J
0Q
#32165
b11 j
1J
1Q
#32170
0J
0Q
#32175
b100 j
1J
1Q
#32180
0J
0Q
#32185
b101 j
1J
1Q
#32190
0J
0Q
#32195
b110 j
1J
1Q
#32200
0J
0Q
#32205
b111 j
1J
1Q
#32210
0J
0Q
#32215
b1000 j
1J
1Q
#32220
0J
0Q
#32225
b1001 j
1J
1Q
#32230
0J
0Q
#32235
b1010 j
1J
1Q
#32240
0J
0Q
#32245
b1011 j
1J
1Q
#32250
0J
0Q
#32255
b1100 j
1J
1Q
1O
#32256
0T
#32260
0J
0Q
#32265
b1101 j
b10 f
1J
1Q
#32266
x`
0_
0\
0[
0Y
0X
xW
1V
xU
1^
#32270
0J
0Q
#32275
bx f
b1110101 l
b1110101 q
b1110101 u
b11 k
b0 j
1J
1Q
#32276
x_
x\
x[
xY
xX
xV
x^
x]
b1110101 i
b1110101 s
b1110101 w
1h
#32277
0h
#32280
0J
0Q
#32285
b100 k
b10111010 l
b10111010 q
b10111010 u
b1110101 m
b0 f
1J
1Q
#32286
1`
1_
1[
1X
0W
0V
0U
0^
1]
b10111010 i
b10111010 s
b10111010 w
#32290
0J
0Q
#32295
1J
1Q
#32300
0J
0Q
#32305
1J
1Q
#32310
0J
0Q
#32315
1J
1Q
#32320
0J
0Q
#32325
1J
1Q
#32330
0J
0Q
#32335
1J
1Q
#32340
0J
0Q
#32345
1J
1Q
#32350
0J
0Q
#32355
1J
1Q
#32360
0J
0Q
#32365
1J
1Q
#32370
0J
0Q
#32375
1J
1Q
#32380
0J
0Q
#32385
1J
1Q
#32390
0J
0Q
#32395
1J
1Q
#32400
0J
0Q
#32405
1J
1Q
#32410
0J
0Q
#32415
1J
1Q
#32420
0J
0Q
#32425
1J
1Q
#32430
0J
0Q
#32435
1J
1Q
#32440
0J
0Q
#32445
1J
1Q
#32450
0J
0Q
#32455
1J
1Q
0O
b100 ""
b10 !"
#32456
1T
#32460
0J
0Q
#32465
b1 f
1J
1Q
#32466
0`
#32470
0J
0Q
#32475
b1 j
1J
1Q
#32480
0J
0Q
#32485
b10 j
1J
1Q
#32490
0J
0Q
#32495
b11 j
1J
1Q
1O
#32496
0T
#32500
0J
0Q
#32505
b100 j
b10 f
1J
1Q
#32506
x`
0_
0\
0[
0Y
0X
xW
1V
xU
1^
#32510
0J
0Q
#32515
bx f
b11011101 l
b11011101 q
b11011101 u
b101 k
b0 j
1J
1Q
#32516
x_
x\
x[
xY
xX
xV
x^
x]
b11011101 i
b11011101 s
b11011101 w
#32520
0J
0Q
#32525
b110 k
b11101110 l
b11101110 q
b11101110 u
b11011101 m
b0 f
1J
1Q
#32526
1`
1_
1[
1X
0W
0V
0U
0^
1]
b11101110 i
b11101110 s
b11101110 w
#32530
0J
0Q
#32535
1J
1Q
#32540
0J
0Q
#32545
1J
1Q
#32550
0J
0Q
#32555
1J
1Q
#32560
0J
0Q
#32565
1J
1Q
#32570
0J
0Q
#32575
1J
1Q
#32580
0J
0Q
#32585
1J
1Q
#32590
0J
0Q
#32595
1J
1Q
#32600
0J
0Q
#32605
1J
1Q
#32610
0J
0Q
#32615
1J
1Q
#32620
0J
0Q
#32625
1J
1Q
#32630
0J
0Q
#32635
1J
1Q
#32640
0J
0Q
#32645
1J
1Q
#32650
0J
0Q
#32655
1J
1Q
#32660
0J
0Q
#32665
1J
1Q
#32670
0J
0Q
#32675
1J
1Q
#32680
0J
0Q
#32685
1J
1Q
#32690
0J
0Q
#32695
1J
1Q
0O
b1111 ""
b11 !"
#32696
1T
#32700
0J
0Q
#32705
b1 f
1J
1Q
#32706
0`
#32710
0J
0Q
#32715
b1 j
1J
1Q
#32720
0J
0Q
#32725
b10 j
1J
1Q
#32730
0J
0Q
#32735
b11 j
1J
1Q
#32740
0J
0Q
#32745
b100 j
1J
1Q
#32750
0J
0Q
#32755
b101 j
1J
1Q
#32760
0J
0Q
#32765
b110 j
1J
1Q
#32770
0J
0Q
#32775
b111 j
1J
1Q
#32780
0J
0Q
#32785
b1000 j
1J
1Q
#32790
0J
0Q
#32795
b1001 j
1J
1Q
#32800
0J
0Q
#32805
b1010 j
1J
1Q
#32810
0J
0Q
#32815
b1011 j
1J
1Q
#32820
0J
0Q
#32825
b1100 j
1J
1Q
#32830
0J
0Q
#32835
b1101 j
1J
1Q
#32840
0J
0Q
#32845
b1110 j
1J
1Q
1O
#32846
0T
#32850
0J
0Q
#32855
b10 f
b1111 j
1J
1Q
#32856
x`
0_
0\
0[
0Y
0X
xW
1V
xU
1^
#32860
0J
0Q
#32865
b0 j
b111 k
b1110111 l
b1110111 q
b1110111 u
bx f
1J
1Q
#32866
x_
x\
x[
xY
xX
xV
x^
x]
b1110111 i
b1110111 s
b1110111 w
1h
#32867
0h
#32870
0J
0Q
#32875
b0 f
b1110111 m
b10111011 l
b10111011 q
b10111011 u
b0 k
1J
1Q
#32876
1`
1_
1[
1X
0W
0V
0U
0^
1]
b10111011 i
b10111011 s
b10111011 w
#32880
0J
0Q
#32885
1J
1Q
#32890
0J
0Q
#32895
1J
1Q
#32900
0J
0Q
#32905
1J
1Q
#32910
0J
0Q
#32915
1J
1Q
#32920
0J
0Q
#32925
1J
1Q
#32930
0J
0Q
#32935
1J
1Q
#32940
0J
0Q
#32945
1J
1Q
#32950
0J
0Q
#32955
1J
1Q
#32960
0J
0Q
#32965
1J
1Q
#32970
0J
0Q
#32975
1J
1Q
#32980
0J
0Q
#32985
1J
1Q
#32990
0J
0Q
#32995
1J
1Q
#33000
0J
0Q
#33005
1J
1Q
#33010
0J
0Q
#33015
1J
1Q
#33020
0J
0Q
#33025
1J
1Q
#33030
0J
0Q
#33035
1J
1Q
#33040
0J
0Q
#33045
1J
1Q
0O
b110 ""
b100 !"
#33046
1T
#33050
0J
0Q
#33055
b1 f
1J
1Q
#33056
0`
#33060
0J
0Q
#33065
b1 j
1J
1Q
#33070
0J
0Q
#33075
b10 j
1J
1Q
#33080
0J
0Q
#33085
b11 j
1J
1Q
#33090
0J
0Q
#33095
b100 j
1J
1Q
#33100
0J
0Q
#33105
b101 j
1J
1Q
1O
#33106
0T
#33110
0J
0Q
#33115
b10 f
b110 j
1J
1Q
#33116
x`
0_
0\
0[
0Y
0X
xW
1V
xU
1^
#33120
0J
0Q
#33125
b0 j
b1 k
b11011101 l
b11011101 q
b11011101 u
bx f
1J
1Q
#33126
x_
x\
x[
xY
xX
xV
x^
x]
b11011101 i
b11011101 s
b11011101 w
#33130
0J
0Q
#33135
b0 f
b11011101 m
b11101110 l
b11101110 q
b11101110 u
b10 k
1J
1Q
#33136
1`
1_
1[
1X
0W
0V
0U
0^
1]
b11101110 i
b11101110 s
b11101110 w
#33140
0J
0Q
#33145
1J
1Q
#33150
0J
0Q
#33155
1J
1Q
#33160
0J
0Q
#33165
1J
1Q
#33170
0J
0Q
#33175
1J
1Q
#33180
0J
0Q
#33185
1J
1Q
#33190
0J
0Q
#33195
1J
1Q
#33200
0J
0Q
#33205
1J
1Q
#33210
0J
0Q
#33215
1J
1Q
#33220
0J
0Q
#33225
1J
1Q
#33230
0J
0Q
#33235
1J
1Q
#33240
0J
0Q
#33245
1J
1Q
#33250
0J
0Q
#33255
1J
1Q
#33260
0J
0Q
#33265
1J
1Q
#33270
0J
0Q
#33275
1J
1Q
#33280
0J
0Q
#33285
1J
1Q
#33290
0J
0Q
#33295
1J
1Q
#33300
0J
0Q
#33305
1J
1Q
0O
b1100 ""
b101 !"
#33306
1T
#33310
0J
0Q
#33315
b1 f
1J
1Q
#33316
0`
#33320
0J
0Q
#33325
b1 j
1J
1Q
#33330
0J
0Q
#33335
b10 j
1J
1Q
#33340
0J
0Q
#33345
b11 j
1J
1Q
#33350
0J
0Q
#33355
b100 j
1J
1Q
#33360
0J
0Q
#33365
b101 j
1J
1Q
#33370
0J
0Q
#33375
b110 j
1J
1Q
#33380
0J
0Q
#33385
b111 j
1J
1Q
#33390
0J
0Q
#33395
b1000 j
1J
1Q
#33400
0J
0Q
#33405
b1001 j
1J
1Q
#33410
0J
0Q
#33415
b1010 j
1J
1Q
#33420
0J
0Q
#33425
b1011 j
1J
1Q
1O
#33426
0T
#33430
0J
0Q
#33435
b10 f
b1100 j
1J
1Q
#33436
x`
0_
0\
0[
0Y
0X
xW
1V
xU
1^
#33440
0J
0Q
#33445
b0 j
b11 k
b1110111 l
b1110111 q
b1110111 u
bx f
1J
1Q
#33446
x_
x\
x[
xY
xX
xV
x^
x]
b1110111 i
b1110111 s
b1110111 w
1h
#33447
0h
#33450
0J
0Q
#33455
b0 f
b1110111 m
b10111011 l
b10111011 q
b10111011 u
b100 k
1J
1Q
#33456
1`
1_
1[
1X
0W
0V
0U
0^
1]
b10111011 i
b10111011 s
b10111011 w
#33460
0J
0Q
#33465
1J
1Q
#33470
0J
0Q
#33475
1J
1Q
#33480
0J
0Q
#33485
1J
1Q
#33490
0J
0Q
#33495
1J
1Q
#33500
0J
0Q
#33505
1J
1Q
#33510
0J
0Q
#33515
1J
1Q
#33520
0J
0Q
#33525
1J
1Q
#33530
0J
0Q
#33535
1J
1Q
#33540
0J
0Q
#33545
1J
1Q
#33550
0J
0Q
#33555
1J
1Q
#33560
0J
0Q
#33565
1J
1Q
#33570
0J
0Q
#33575
1J
1Q
#33580
0J
0Q
#33585
1J
1Q
#33590
0J
0Q
#33595
1J
1Q
#33600
0J
0Q
#33605
1J
1Q
#33610
0J
0Q
#33615
1J
1Q
#33620
0J
0Q
#33625
1J
1Q
0O
b1101 ""
b110 !"
#33626
1T
#33630
0J
0Q
#33635
b1 f
1J
1Q
#33636
0`
#33640
0J
0Q
#33645
b1 j
1J
1Q
#33650
0J
0Q
#33655
b10 j
1J
1Q
#33660
0J
0Q
#33665
b11 j
1J
1Q
#33670
0J
0Q
#33675
b100 j
1J
1Q
#33680
0J
0Q
#33685
b101 j
1J
1Q
#33690
0J
0Q
#33695
b110 j
1J
1Q
#33700
0J
0Q
#33705
b111 j
1J
1Q
#33710
0J
0Q
#33715
b1000 j
1J
1Q
#33720
0J
0Q
#33725
b1001 j
1J
1Q
#33730
0J
0Q
#33735
b1010 j
1J
1Q
#33740
0J
0Q
#33745
b1011 j
1J
1Q
#33750
0J
0Q
#33755
b1100 j
1J
1Q
1O
#33756
0T
#33760
0J
0Q
#33765
b1101 j
b10 f
1J
1Q
#33766
x`
0_
0\
0[
0Y
0X
xW
1V
xU
1^
#33770
0J
0Q
#33775
bx f
b1011101 l
b1011101 q
b1011101 u
b101 k
b0 j
1J
1Q
#33776
x_
x\
x[
xY
xX
xV
x^
x]
b1011101 i
b1011101 s
b1011101 w
1h
#33777
0h
#33780
0J
0Q
#33785
b110 k
b10101110 l
b10101110 q
b10101110 u
b1011101 m
b0 f
1J
1Q
#33786
1`
1_
1[
1X
0W
0V
0U
0^
1]
b10101110 i
b10101110 s
b10101110 w
#33790
0J
0Q
#33795
1J
1Q
#33800
0J
0Q
#33805
1J
1Q
#33810
0J
0Q
#33815
1J
1Q
#33820
0J
0Q
#33825
1J
1Q
#33830
0J
0Q
#33835
1J
1Q
#33840
0J
0Q
#33845
1J
1Q
#33850
0J
0Q
#33855
1J
1Q
#33860
0J
0Q
#33865
1J
1Q
#33870
0J
0Q
#33875
1J
1Q
#33880
0J
0Q
#33885
1J
1Q
#33890
0J
0Q
#33895
1J
1Q
#33900
0J
0Q
#33905
1J
1Q
#33910
0J
0Q
#33915
1J
1Q
#33920
0J
0Q
#33925
1J
1Q
#33930
0J
0Q
#33935
1J
1Q
#33940
0J
0Q
#33945
1J
1Q
#33950
0J
0Q
#33955
1J
1Q
0O
b1110 ""
b111 !"
#33956
1T
#33960
0J
0Q
#33965
b1 f
1J
1Q
#33966
0`
#33970
0J
0Q
#33975
b1 j
1J
1Q
#33980
0J
0Q
#33985
b10 j
1J
1Q
#33990
0J
0Q
#33995
b11 j
1J
1Q
#34000
0J
0Q
#34005
b100 j
1J
1Q
#34010
0J
0Q
#34015
b101 j
1J
1Q
#34020
0J
0Q
#34025
b110 j
1J
1Q
#34030
0J
0Q
#34035
b111 j
1J
1Q
#34040
0J
0Q
#34045
b1000 j
1J
1Q
#34050
0J
0Q
#34055
b1001 j
1J
1Q
#34060
0J
0Q
#34065
b1010 j
1J
1Q
#34070
0J
0Q
#34075
b1011 j
1J
1Q
#34080
0J
0Q
#34085
b1100 j
1J
1Q
#34090
0J
0Q
#34095
b1101 j
1J
1Q
1O
#34096
0T
#34100
0J
0Q
#34105
b1110 j
b10 f
1J
1Q
#34106
x`
0_
0\
0[
0Y
0X
xW
1V
xU
1^
#34110
0J
0Q
#34115
bx f
b1010111 l
b1010111 q
b1010111 u
b111 k
b0 j
1J
1Q
#34116
x_
x\
x[
xY
xX
xV
x^
x]
b1010111 i
b1010111 s
b1010111 w
1h
#34117
0h
#34120
0J
0Q
#34125
b0 k
b10101011 l
b10101011 q
b10101011 u
b1010111 m
b0 f
1J
1Q
#34126
1`
1_
1[
1X
0W
0V
0U
0^
1]
b10101011 i
b10101011 s
b10101011 w
#34130
0J
0Q
#34135
1J
1Q
#34140
0J
0Q
#34145
1J
1Q
#34150
0J
0Q
#34155
1J
1Q
#34160
0J
0Q
#34165
1J
1Q
#34170
0J
0Q
#34175
1J
1Q
#34180
0J
0Q
#34185
1J
1Q
#34190
0J
0Q
#34195
1J
1Q
#34200
0J
0Q
#34205
1J
1Q
#34210
0J
0Q
#34215
1J
1Q
#34220
0J
0Q
#34225
1J
1Q
#34230
0J
0Q
#34235
1J
1Q
#34240
0J
0Q
#34245
1J
1Q
#34250
0J
0Q
#34255
1J
1Q
#34260
0J
0Q
#34265
1J
1Q
#34270
0J
0Q
#34275
1J
1Q
#34280
0J
0Q
#34285
1J
1Q
#34290
0J
0Q
#34295
1J
1Q
0O
b1100 ""
b11110110 #"
b10000 $"
b0 !"
#34296
1T
#34300
0J
0Q
#34305
b1 f
1J
1Q
#34306
0`
#34310
0J
0Q
#34315
b1 j
1J
1Q
#34320
0J
0Q
#34325
b10 j
1J
1Q
#34330
0J
0Q
#34335
b11 j
1J
1Q
#34340
0J
0Q
#34345
b100 j
1J
1Q
#34350
0J
0Q
#34355
b101 j
1J
1Q
#34360
0J
0Q
#34365
b110 j
1J
1Q
#34370
0J
0Q
#34375
b111 j
1J
1Q
#34380
0J
0Q
#34385
b1000 j
1J
1Q
#34390
0J
0Q
#34395
b1001 j
1J
1Q
#34400
0J
0Q
#34405
b1010 j
1J
1Q
#34410
0J
0Q
#34415
b1011 j
1J
1Q
1O
#34416
0T
#34420
0J
0Q
#34425
b1100 j
b10 f
1J
1Q
#34426
x`
0_
0\
0[
0Y
0X
xW
1V
xU
1^
#34430
0J
0Q
#34435
bx f
b1010101 l
b1010101 q
b1010101 u
b1 k
b0 j
1J
1Q
#34436
x_
x\
x[
xY
xX
xV
x^
x]
b1010101 i
b1010101 s
b1010101 w
1h
#34437
0h
#34440
0J
0Q
#34445
b10 k
b10101010 l
b10101010 q
b10101010 u
b1010101 m
b0 f
1J
1Q
#34446
1`
1_
1[
1X
0W
0V
0U
0^
1]
b10101010 i
b10101010 s
b10101010 w
#34450
0J
0Q
#34455
1J
1Q
#34460
0J
0Q
#34465
1J
1Q
#34470
0J
0Q
#34475
1J
1Q
#34480
0J
0Q
#34485
1J
1Q
#34490
0J
0Q
#34495
1J
1Q
#34500
0J
0Q
#34505
1J
1Q
#34510
0J
0Q
#34515
1J
1Q
#34520
0J
0Q
#34525
1J
1Q
#34530
0J
0Q
#34535
1J
1Q
#34540
0J
0Q
#34545
1J
1Q
#34550
0J
0Q
#34555
1J
1Q
#34560
0J
0Q
#34565
1J
1Q
#34570
0J
0Q
#34575
1J
1Q
#34580
0J
0Q
#34585
1J
1Q
#34590
0J
0Q
#34595
1J
1Q
#34600
0J
0Q
#34605
1J
1Q
#34610
0J
0Q
#34615
1J
1Q
0O
b11 ""
b1 !"
#34616
1T
#34620
0J
0Q
#34625
b1 f
1J
1Q
#34626
0`
#34630
0J
0Q
#34635
b1 j
1J
1Q
#34640
0J
0Q
#34645
b10 j
1J
1Q
1O
#34646
0T
#34650
0J
0Q
#34655
b10 f
b11 j
1J
1Q
#34656
x`
0_
0\
0[
0Y
0X
xW
1V
xU
1^
#34660
0J
0Q
#34665
b0 j
b11 k
b11010101 l
b11010101 q
b11010101 u
bx f
1J
1Q
#34666
x_
x\
x[
xY
xX
xV
x^
x]
b11010101 i
b11010101 s
b11010101 w
#34670
0J
0Q
#34675
b0 f
b11010101 m
b11101010 l
b11101010 q
b11101010 u
b100 k
1J
1Q
#34676
1`
1_
1[
1X
0W
0V
0U
0^
1]
b11101010 i
b11101010 s
b11101010 w
#34680
0J
0Q
#34685
1J
1Q
#34690
0J
0Q
#34695
1J
1Q
#34700
0J
0Q
#34705
1J
1Q
#34710
0J
0Q
#34715
1J
1Q
#34720
0J
0Q
#34725
1J
1Q
#34730
0J
0Q
#34735
1J
1Q
#34740
0J
0Q
#34745
1J
1Q
#34750
0J
0Q
#34755
1J
1Q
#34760
0J
0Q
#34765
1J
1Q
#34770
0J
0Q
#34775
1J
1Q
#34780
0J
0Q
#34785
1J
1Q
#34790
0J
0Q
#34795
1J
1Q
#34800
0J
0Q
#34805
1J
1Q
#34810
0J
0Q
#34815
1J
1Q
#34820
0J
0Q
#34825
1J
1Q
#34830
0J
0Q
#34835
1J
1Q
#34840
0J
0Q
#34845
1J
1Q
0O
b100 ""
b10 !"
#34846
1T
#34850
0J
0Q
#34855
b1 f
1J
1Q
#34856
0`
#34860
0J
0Q
#34865
b1 j
1J
1Q
#34870
0J
0Q
#34875
b10 j
1J
1Q
#34880
0J
0Q
#34885
b11 j
1J
1Q
1O
#34886
0T
#34890
0J
0Q
#34895
b10 f
b100 j
1J
1Q
#34896
x`
0_
0\
0[
0Y
0X
xW
1V
xU
1^
#34900
0J
0Q
#34905
b0 j
b101 k
b11110101 l
b11110101 q
b11110101 u
bx f
1J
1Q
#34906
x_
x\
x[
xY
xX
xV
x^
x]
b11110101 i
b11110101 s
b11110101 w
#34910
0J
0Q
#34915
b0 f
b11110101 m
b11111010 l
b11111010 q
b11111010 u
b110 k
1J
1Q
#34916
1`
1_
1[
1X
0W
0V
0U
0^
1]
b11111010 i
b11111010 s
b11111010 w
#34920
0J
0Q
#34925
1J
1Q
#34930
0J
0Q
#34935
1J
1Q
#34940
0J
0Q
#34945
1J
1Q
#34950
0J
0Q
#34955
1J
1Q
#34960
0J
0Q
#34965
1J
1Q
#34970
0J
0Q
#34975
1J
1Q
#34980
0J
0Q
#34985
1J
1Q
#34990
0J
0Q
#34995
1J
1Q
#35000
0J
0Q
#35005
1J
1Q
#35010
0J
0Q
#35015
1J
1Q
#35020
0J
0Q
#35025
1J
1Q
#35030
0J
0Q
#35035
1J
1Q
#35040
0J
0Q
#35045
1J
1Q
#35050
0J
0Q
#35055
1J
1Q
#35060
0J
0Q
#35065
1J
1Q
#35070
0J
0Q
#35075
1J
1Q
#35080
0J
0Q
#35085
1J
1Q
0O
b1111 ""
b11 !"
#35086
1T
#35090
0J
0Q
#35095
b1 f
1J
1Q
#35096
0`
#35100
0J
0Q
#35105
b1 j
1J
1Q
#35110
0J
0Q
#35115
b10 j
1J
1Q
#35120
0J
0Q
#35125
b11 j
1J
1Q
#35130
0J
0Q
#35135
b100 j
1J
1Q
#35140
0J
0Q
#35145
b101 j
1J
1Q
#35150
0J
0Q
#35155
b110 j
1J
1Q
#35160
0J
0Q
#35165
b111 j
1J
1Q
#35170
0J
0Q
#35175
b1000 j
1J
1Q
#35180
0J
0Q
#35185
b1001 j
1J
1Q
#35190
0J
0Q
#35195
b1010 j
1J
1Q
#35200
0J
0Q
#35205
b1011 j
1J
1Q
#35210
0J
0Q
#35215
b1100 j
1J
1Q
#35220
0J
0Q
#35225
b1101 j
1J
1Q
#35230
0J
0Q
#35235
b1110 j
1J
1Q
1O
#35236
0T
#35240
0J
0Q
#35245
b1111 j
b10 f
1J
1Q
#35246
x`
0_
0\
0[
0Y
0X
xW
1V
xU
1^
#35250
0J
0Q
#35255
bx f
b1111101 l
b1111101 q
b1111101 u
b111 k
b0 j
1J
1Q
#35256
x_
x\
x[
xY
xX
xV
x^
x]
b1111101 i
b1111101 s
b1111101 w
1h
#35257
0h
#35260
0J
0Q
#35265
b0 k
b10111110 l
b10111110 q
b10111110 u
b1111101 m
b0 f
1J
1Q
#35266
1`
1_
1[
1X
0W
0V
0U
0^
1]
b10111110 i
b10111110 s
b10111110 w
#35270
0J
0Q
#35275
1J
1Q
#35280
0J
0Q
#35285
1J
1Q
#35290
0J
0Q
#35295
1J
1Q
#35300
0J
0Q
#35305
1J
1Q
#35310
0J
0Q
#35315
1J
1Q
#35320
0J
0Q
#35325
1J
1Q
#35330
0J
0Q
#35335
1J
1Q
#35340
0J
0Q
#35345
1J
1Q
#35350
0J
0Q
#35355
1J
1Q
#35360
0J
0Q
#35365
1J
1Q
#35370
0J
0Q
#35375
1J
1Q
#35380
0J
0Q
#35385
1J
1Q
#35390
0J
0Q
#35395
1J
1Q
#35400
0J
0Q
#35405
1J
1Q
#35410
0J
0Q
#35415
1J
1Q
#35420
0J
0Q
#35425
1J
1Q
#35430
0J
0Q
#35435
1J
1Q
0O
b110 ""
b100 !"
#35436
1T
#35440
0J
0Q
#35445
b1 f
1J
1Q
#35446
0`
#35450
0J
0Q
#35455
b1 j
1J
1Q
#35460
0J
0Q
#35465
b10 j
1J
1Q
#35470
0J
0Q
#35475
b11 j
1J
1Q
#35480
0J
0Q
#35485
b100 j
1J
1Q
#35490
0J
0Q
#35495
b101 j
1J
1Q
1O
#35496
0T
#35500
0J
0Q
#35505
b110 j
b10 f
1J
1Q
#35506
x`
0_
0\
0[
0Y
0X
xW
1V
xU
1^
#35510
0J
0Q
#35515
bx f
b11011111 l
b11011111 q
b11011111 u
b1 k
b0 j
1J
1Q
#35516
x_
x\
x[
xY
xX
xV
x^
x]
b11011111 i
b11011111 s
b11011111 w
#35520
0J
0Q
#35525
b10 k
b11101111 l
b11101111 q
b11101111 u
b11011111 m
b0 f
1J
1Q
#35526
1`
1_
1[
1X
0W
0V
0U
0^
1]
b11101111 i
b11101111 s
b11101111 w
#35530
0J
0Q
#35535
1J
1Q
#35540
0J
0Q
#35545
1J
1Q
#35550
0J
0Q
#35555
1J
1Q
#35560
0J
0Q
#35565
1J
1Q
#35570
0J
0Q
#35575
1J
1Q
#35580
0J
0Q
#35585
1J
1Q
#35590
0J
0Q
#35595
1J
1Q
#35600
0J
0Q
#35605
1J
1Q
#35610
0J
0Q
#35615
1J
1Q
#35620
0J
0Q
#35625
1J
1Q
#35630
0J
0Q
#35635
1J
1Q
#35640
0J
0Q
#35645
1J
1Q
#35650
0J
0Q
#35655
1J
1Q
#35660
0J
0Q
#35665
1J
1Q
#35670
0J
0Q
#35675
1J
1Q
#35680
0J
0Q
#35685
1J
1Q
#35690
0J
0Q
#35695
1J
1Q
0O
b111 ""
b101 !"
#35696
1T
#35700
0J
0Q
#35705
b1 f
1J
1Q
#35706
0`
#35710
0J
0Q
#35715
b1 j
1J
1Q
#35720
0J
0Q
#35725
b10 j
1J
1Q
#35730
0J
0Q
#35735
b11 j
1J
1Q
#35740
0J
0Q
#35745
b100 j
1J
1Q
#35750
0J
0Q
#35755
b101 j
1J
1Q
#35760
0J
0Q
#35765
b110 j
1J
1Q
1O
#35766
0T
#35770
0J
0Q
#35775
b10 f
b111 j
1J
1Q
#35776
x`
0_
0\
0[
0Y
0X
xW
1V
xU
1^
#35780
0J
0Q
#35785
b0 j
b11 k
b11110111 l
b11110111 q
b11110111 u
bx f
1J
1Q
#35786
x_
x\
x[
xY
xX
xV
x^
x]
b11110111 i
b11110111 s
b11110111 w
#35790
0J
0Q
#35795
b0 f
b11110111 m
b11111011 l
b11111011 q
b11111011 u
b100 k
1J
1Q
#35796
1`
1_
1[
1X
0W
0V
0U
0^
1]
b11111011 i
b11111011 s
b11111011 w
#35800
0J
0Q
#35805
1J
1Q
#35810
0J
0Q
#35815
1J
1Q
#35820
0J
0Q
#35825
1J
1Q
#35830
0J
0Q
#35835
1J
1Q
#35840
0J
0Q
#35845
1J
1Q
#35850
0J
0Q
#35855
1J
1Q
#35860
0J
0Q
#35865
1J
1Q
#35870
0J
0Q
#35875
1J
1Q
#35880
0J
0Q
#35885
1J
1Q
#35890
0J
0Q
#35895
1J
1Q
#35900
0J
0Q
#35905
1J
1Q
#35910
0J
0Q
#35915
1J
1Q
#35920
0J
0Q
#35925
1J
1Q
#35930
0J
0Q
#35935
1J
1Q
#35940
0J
0Q
#35945
1J
1Q
#35950
0J
0Q
#35955
1J
1Q
#35960
0J
0Q
#35965
1J
1Q
0O
b10 ""
b110 !"
#35966
1T
#35970
0J
0Q
#35975
b1 f
1J
1Q
#35976
0`
#35980
0J
0Q
#35985
b1 j
1J
1Q
1O
#35986
0T
#35990
0J
0Q
#35995
b10 f
b10 j
1J
1Q
#35996
x`
0_
0\
0[
0Y
0X
xW
1V
xU
1^
#36000
0J
0Q
#36005
b0 j
b101 k
b11111101 l
b11111101 q
b11111101 u
bx f
1J
1Q
#36006
x_
x\
x[
xY
xX
xV
x^
x]
b11111101 i
b11111101 s
b11111101 w
#36010
0J
0Q
#36015
b0 f
b11111101 m
b11111110 l
b11111110 q
b11111110 u
b110 k
1J
1Q
#36016
1`
1_
1[
1X
0W
0V
0U
0^
1]
b11111110 i
b11111110 s
b11111110 w
#36020
0J
0Q
#36025
1J
1Q
#36030
0J
0Q
#36035
1J
1Q
#36040
0J
0Q
#36045
1J
1Q
#36050
0J
0Q
#36055
1J
1Q
#36060
0J
0Q
#36065
1J
1Q
#36070
0J
0Q
#36075
1J
1Q
#36080
0J
0Q
#36085
1J
1Q
#36090
0J
0Q
#36095
1J
1Q
#36100
0J
0Q
#36105
1J
1Q
#36110
0J
0Q
#36115
1J
1Q
#36120
0J
0Q
#36125
1J
1Q
#36130
0J
0Q
#36135
1J
1Q
#36140
0J
0Q
#36145
1J
1Q
#36150
0J
0Q
#36155
1J
1Q
#36160
0J
0Q
#36165
1J
1Q
#36170
0J
0Q
#36175
1J
1Q
#36180
0J
0Q
#36185
1J
1Q
0O
b11 ""
b111 !"
#36186
1T
#36190
0J
0Q
#36195
b1 f
1J
1Q
#36196
0`
#36200
0J
0Q
#36205
b1 j
1J
1Q
#36210
0J
0Q
#36215
b10 j
1J
1Q
1O
#36216
0T
#36220
0J
0Q
#36225
b11 j
b10 f
1J
1Q
#36226
x`
0_
0\
0[
0Y
0X
xW
1V
xU
1^
#36230
0J
0Q
#36235
bx f
b11111111 l
b11111111 q
b11111111 u
b111 k
b0 j
1J
1Q
#36236
x_
x\
x[
xY
xX
xV
x^
x]
b11111111 i
b11111111 s
b11111111 w
#36240
0J
0Q
#36245
b0 k
b11111111 m
b0 f
1J
1Q
#36246
1`
1_
1[
1X
0W
0V
0U
0^
1]
#36250
0J
0Q
#36255
1J
1Q
#36260
0J
0Q
#36265
1J
1Q
#36270
0J
0Q
#36275
1J
1Q
#36280
0J
0Q
#36285
1J
1Q
#36290
0J
0Q
#36295
1J
1Q
#36300
0J
0Q
#36305
1J
1Q
#36310
0J
0Q
#36315
1J
1Q
#36320
0J
0Q
#36325
1J
1Q
#36330
0J
0Q
#36335
1J
1Q
#36340
0J
0Q
#36345
1J
1Q
#36350
0J
0Q
#36355
1J
1Q
#36360
0J
0Q
#36365
1J
1Q
#36370
0J
0Q
#36375
1J
1Q
#36380
0J
0Q
#36385
1J
1Q
#36390
0J
0Q
#36395
1J
1Q
#36400
0J
0Q
#36405
1J
1Q
#36410
0J
0Q
#36415
1J
1Q
0O
b100 ""
b11010111 #"
b10001 $"
b0 !"
#36416
1T
#36420
0J
0Q
#36425
b1 f
1J
1Q
#36426
0`
#36430
0J
0Q
#36435
b1 j
1J
1Q
#36440
0J
0Q
#36445
b10 j
1J
1Q
#36450
0J
0Q
#36455
b11 j
1J
1Q
1O
#36456
0T
#36460
0J
0Q
#36465
b100 j
b10 f
1J
1Q
#36466
x`
0_
0\
0[
0Y
0X
xW
1V
xU
1^
#36470
0J
0Q
#36475
bx f
b1 k
b0 j
1J
1Q
#36476
x_
x\
x[
xY
xX
xV
x^
x]
#36480
0J
0Q
#36485
b10 k
b0 f
1J
1Q
#36486
1`
1_
1[
1X
0W
0V
0U
0^
1]
#36490
0J
0Q
#36495
1J
1Q
#36500
0J
0Q
#36505
1J
1Q
#36510
0J
0Q
#36515
1J
1Q
#36520
0J
0Q
#36525
1J
1Q
#36530
0J
0Q
#36535
1J
1Q
#36540
0J
0Q
#36545
1J
1Q
#36550
0J
0Q
#36555
1J
1Q
#36560
0J
0Q
#36565
1J
1Q
#36570
0J
0Q
#36575
1J
1Q
#36580
0J
0Q
#36585
1J
1Q
#36590
0J
0Q
#36595
1J
1Q
#36600
0J
0Q
#36605
1J
1Q
#36610
0J
0Q
#36615
1J
1Q
#36620
0J
0Q
#36625
1J
1Q
#36630
0J
0Q
#36635
1J
1Q
#36640
0J
0Q
#36645
1J
1Q
#36650
0J
0Q
#36655
1J
1Q
0O
b101 ""
b1 !"
#36656
1T
#36660
0J
0Q
#36665
b1 f
1J
1Q
#36666
0`
#36670
0J
0Q
#36675
b1 j
1J
1Q
#36680
0J
0Q
#36685
b10 j
1J
1Q
#36690
0J
0Q
#36695
b11 j
1J
1Q
#36700
0J
0Q
#36705
b100 j
1J
1Q
1O
#36706
0T
#36710
0J
0Q
#36715
b10 f
b101 j
1J
1Q
#36716
x`
0_
0\
0[
0Y
0X
xW
1V
xU
1^
#36720
0J
0Q
#36725
b0 j
b11 k
bx f
1J
1Q
#36726
x_
x\
x[
xY
xX
xV
x^
x]
#36730
0J
0Q
#36735
b0 f
b100 k
1J
1Q
#36736
1`
1_
1[
1X
0W
0V
0U
0^
1]
#36740
0J
0Q
#36745
1J
1Q
#36750
0J
0Q
#36755
1J
1Q
#36760
0J
0Q
#36765
1J
1Q
#36770
0J
0Q
#36775
1J
1Q
#36780
0J
0Q
#36785
1J
1Q
#36790
0J
0Q
#36795
1J
1Q
#36800
0J
0Q
#36805
1J
1Q
#36810
0J
0Q
#36815
1J
1Q
#36820
0J
0Q
#36825
1J
1Q
#36830
0J
0Q
#36835
1J
1Q
#36840
0J
0Q
#36845
1J
1Q
#36850
0J
0Q
#36855
1J
1Q
#36860
0J
0Q
#36865
1J
1Q
#36870
0J
0Q
#36875
1J
1Q
#36880
0J
0Q
#36885
1J
1Q
#36890
0J
0Q
#36895
1J
1Q
#36900
0J
0Q
#36905
1J
1Q
0O
b110 ""
b10 !"
#36906
1T
#36910
0J
0Q
#36915
b1 f
1J
1Q
#36916
0`
#36920
0J
0Q
#36925
b1 j
1J
1Q
#36930
0J
0Q
#36935
b10 j
1J
1Q
#36940
0J
0Q
#36945
b11 j
1J
1Q
#36950
0J
0Q
#36955
b100 j
1J
1Q
#36960
0J
0Q
#36965
b101 j
1J
1Q
1O
#36966
0T
#36970
0J
0Q
#36975
b10 f
b110 j
1J
1Q
#36976
x`
0_
0\
0[
0Y
0X
xW
1V
xU
1^
#36980
0J
0Q
#36985
b0 j
b101 k
bx f
1J
1Q
#36986
x_
x\
x[
xY
xX
xV
x^
x]
#36990
0J
0Q
#36995
b0 f
b110 k
1J
1Q
#36996
1`
1_
1[
1X
0W
0V
0U
0^
1]
#37000
0J
0Q
#37005
1J
1Q
#37010
0J
0Q
#37015
1J
1Q
#37020
0J
0Q
#37025
1J
1Q
#37030
0J
0Q
#37035
1J
1Q
#37040
0J
0Q
#37045
1J
1Q
#37050
0J
0Q
#37055
1J
1Q
#37060
0J
0Q
#37065
1J
1Q
#37070
0J
0Q
#37075
1J
1Q
#37080
0J
0Q
#37085
1J
1Q
#37090
0J
0Q
#37095
1J
1Q
#37100
0J
0Q
#37105
1J
1Q
#37110
0J
0Q
#37115
1J
1Q
#37120
0J
0Q
#37125
1J
1Q
#37130
0J
0Q
#37135
1J
1Q
#37140
0J
0Q
#37145
1J
1Q
#37150
0J
0Q
#37155
1J
1Q
#37160
0J
0Q
#37165
1J
1Q
0O
b1110 ""
b11 !"
#37166
1T
#37170
0J
0Q
#37175
b1 f
1J
1Q
#37176
0`
#37180
0J
0Q
#37185
b1 j
1J
1Q
#37190
0J
0Q
#37195
b10 j
1J
1Q
#37200
0J
0Q
#37205
b11 j
1J
1Q
#37210
0J
0Q
#37215
b100 j
1J
1Q
#37220
0J
0Q
#37225
b101 j
1J
1Q
#37230
0J
0Q
#37235
b110 j
1J
1Q
#37240
0J
0Q
#37245
b111 j
1J
1Q
#37250
0J
0Q
#37255
b1000 j
1J
1Q
#37260
0J
0Q
#37265
b1001 j
1J
1Q
#37270
0J
0Q
#37275
b1010 j
1J
1Q
#37280
0J
0Q
#37285
b1011 j
1J
1Q
#37290
0J
0Q
#37295
b1100 j
1J
1Q
#37300
0J
0Q
#37305
b1101 j
1J
1Q
1O
#37306
0T
#37310
0J
0Q
#37315
b10 f
b1110 j
1J
1Q
#37316
x`
0_
0\
0[
0Y
0X
xW
1V
xU
1^
#37320
0J
0Q
#37325
b0 j
b111 k
b1111111 l
b1111111 q
b1111111 u
bx f
1J
1Q
#37326
x_
x\
x[
xY
xX
xV
x^
x]
b1111111 i
b1111111 s
b1111111 w
1h
#37327
0h
#37330
0J
0Q
#37335
b0 f
b1111111 m
b10111111 l
b10111111 q
b10111111 u
b0 k
1J
1Q
#37336
1`
1_
1[
1X
0W
0V
0U
0^
1]
b10111111 i
b10111111 s
b10111111 w
#37340
0J
0Q
#37345
1J
1Q
#37350
0J
0Q
#37355
1J
1Q
#37360
0J
0Q
#37365
1J
1Q
#37370
0J
0Q
#37375
1J
1Q
#37380
0J
0Q
#37385
1J
1Q
#37390
0J
0Q
#37395
1J
1Q
#37400
0J
0Q
#37405
1J
1Q
#37410
0J
0Q
#37415
1J
1Q
#37420
0J
0Q
#37425
1J
1Q
#37430
0J
0Q
#37435
1J
1Q
#37440
0J
0Q
#37445
1J
1Q
#37450
0J
0Q
#37455
1J
1Q
#37460
0J
0Q
#37465
1J
1Q
#37470
0J
0Q
#37475
1J
1Q
#37480
0J
0Q
#37485
1J
1Q
#37490
0J
0Q
#37495
1J
1Q
#37500
0J
0Q
#37505
1J
1Q
0O
b10 ""
b100 !"
#37506
1T
#37510
0J
0Q
#37515
b1 f
1J
1Q
#37516
0`
#37520
0J
0Q
#37525
b1 j
1J
1Q
1O
#37526
0T
#37530
0J
0Q
#37535
b10 f
b10 j
1J
1Q
#37536
x`
0_
0\
0[
0Y
0X
xW
1V
xU
1^
#37540
0J
0Q
#37545
b0 j
b1 k
b11011111 l
b11011111 q
b11011111 u
bx f
1J
1Q
#37546
x_
x\
x[
xY
xX
xV
x^
x]
b11011111 i
b11011111 s
b11011111 w
#37550
0J
0Q
#37555
b0 f
b11011111 m
b11101111 l
b11101111 q
b11101111 u
b10 k
1J
1Q
#37556
1`
1_
1[
1X
0W
0V
0U
0^
1]
b11101111 i
b11101111 s
b11101111 w
#37560
0J
0Q
#37565
1J
1Q
#37570
0J
0Q
#37575
1J
1Q
#37580
0J
0Q
#37585
1J
1Q
#37590
0J
0Q
#37595
1J
1Q
#37600
0J
0Q
#37605
1J
1Q
#37610
0J
0Q
#37615
1J
1Q
#37620
0J
0Q
#37625
1J
1Q
#37630
0J
0Q
#37635
1J
1Q
#37640
0J
0Q
#37645
1J
1Q
#37650
0J
0Q
#37655
1J
1Q
#37660
0J
0Q
#37665
1J
1Q
#37670
0J
0Q
#37675
1J
1Q
#37680
0J
0Q
#37685
1J
1Q
#37690
0J
0Q
#37695
1J
1Q
#37700
0J
0Q
#37705
1J
1Q
#37710
0J
0Q
#37715
1J
1Q
#37720
0J
0Q
#37725
1J
1Q
0O
b1011 ""
b101 !"
#37726
1T
#37730
0J
0Q
#37735
b1 f
1J
1Q
#37736
0`
#37740
0J
0Q
#37745
b1 j
1J
1Q
#37750
0J
0Q
#37755
b10 j
1J
1Q
#37760
0J
0Q
#37765
b11 j
1J
1Q
#37770
0J
0Q
#37775
b100 j
1J
1Q
#37780
0J
0Q
#37785
b101 j
1J
1Q
#37790
0J
0Q
#37795
b110 j
1J
1Q
#37800
0J
0Q
#37805
b111 j
1J
1Q
#37810
0J
0Q
#37815
b1000 j
1J
1Q
#37820
0J
0Q
#37825
b1001 j
1J
1Q
#37830
0J
0Q
#37835
b1010 j
1J
1Q
1O
#37836
0T
#37840
0J
0Q
#37845
b1011 j
b10 f
1J
1Q
#37846
x`
0_
0\
0[
0Y
0X
xW
1V
xU
1^
#37850
0J
0Q
#37855
bx f
b1110111 l
b1110111 q
b1110111 u
b11 k
b0 j
1J
1Q
#37856
x_
x\
x[
xY
xX
xV
x^
x]
b1110111 i
b1110111 s
b1110111 w
1h
#37857
0h
#37860
0J
0Q
#37865
b100 k
b10111011 l
b10111011 q
b10111011 u
b1110111 m
b0 f
1J
1Q
#37866
1`
1_
1[
1X
0W
0V
0U
0^
1]
b10111011 i
b10111011 s
b10111011 w
#37870
0J
0Q
#37875
1J
1Q
#37880
0J
0Q
#37885
1J
1Q
#37890
0J
0Q
#37895
1J
1Q
#37900
0J
0Q
#37905
1J
1Q
#37910
0J
0Q
#37915
1J
1Q
#37920
0J
0Q
#37925
1J
1Q
#37930
0J
0Q
#37935
1J
1Q
#37940
0J
0Q
#37945
1J
1Q
#37950
0J
0Q
#37955
1J
1Q
#37960
0J
0Q
#37965
1J
1Q
#37970
0J
0Q
#37975
1J
1Q
#37980
0J
0Q
#37985
1J
1Q
#37990
0J
0Q
#37995
1J
1Q
#38000
0J
0Q
#38005
1J
1Q
#38010
0J
0Q
#38015
1J
1Q
#38020
0J
0Q
#38025
1J
1Q
#38030
0J
0Q
#38035
1J
1Q
0O
b100 ""
b110 !"
#38036
1T
#38040
0J
0Q
#38045
b1 f
1J
1Q
#38046
0`
#38050
0J
0Q
#38055
b1 j
1J
1Q
#38060
0J
0Q
#38065
b10 j
1J
1Q
#38070
0J
0Q
#38075
b11 j
1J
1Q
1O
#38076
0T
#38080
0J
0Q
#38085
b100 j
b10 f
1J
1Q
#38086
x`
0_
0\
0[
0Y
0X
xW
1V
xU
1^
#38090
0J
0Q
#38095
bx f
b11011101 l
b11011101 q
b11011101 u
b101 k
b0 j
1J
1Q
#38096
x_
x\
x[
xY
xX
xV
x^
x]
b11011101 i
b11011101 s
b11011101 w
#38100
0J
0Q
#38105
b110 k
b11101110 l
b11101110 q
b11101110 u
b11011101 m
b0 f
1J
1Q
#38106
1`
1_
1[
1X
0W
0V
0U
0^
1]
b11101110 i
b11101110 s
b11101110 w
#38110
0J
0Q
#38115
1J
1Q
#38120
0J
0Q
#38125
1J
1Q
#38130
0J
0Q
#38135
1J
1Q
#38140
0J
0Q
#38145
1J
1Q
#38150
0J
0Q
#38155
1J
1Q
#38160
0J
0Q
#38165
1J
1Q
#38170
0J
0Q
#38175
1J
1Q
#38180
0J
0Q
#38185
1J
1Q
#38190
0J
0Q
#38195
1J
1Q
#38200
0J
0Q
#38205
1J
1Q
#38210
0J
0Q
#38215
1J
1Q
#38220
0J
0Q
#38225
1J
1Q
#38230
0J
0Q
#38235
1J
1Q
#38240
0J
0Q
#38245
1J
1Q
#38250
0J
0Q
#38255
1J
1Q
#38260
0J
0Q
#38265
1J
1Q
#38270
0J
0Q
#38275
1J
1Q
0O
b101 ""
b111 !"
#38276
1T
#38280
0J
0Q
#38285
b1 f
1J
1Q
#38286
0`
#38290
0J
0Q
#38295
b1 j
1J
1Q
#38300
0J
0Q
#38305
b10 j
1J
1Q
#38310
0J
0Q
#38315
b11 j
1J
1Q
#38320
0J
0Q
#38325
b100 j
1J
1Q
1O
#38326
0T
#38330
0J
0Q
#38335
b10 f
b101 j
1J
1Q
#38336
x`
0_
0\
0[
0Y
0X
xW
1V
xU
1^
#38340
0J
0Q
#38345
b0 j
b111 k
b11110111 l
b11110111 q
b11110111 u
bx f
1J
1Q
#38346
x_
x\
x[
xY
xX
xV
x^
x]
b11110111 i
b11110111 s
b11110111 w
#38350
0J
0Q
#38355
b0 f
b11110111 m
b11111011 l
b11111011 q
b11111011 u
b0 k
1J
1Q
#38356
1`
1_
1[
1X
0W
0V
0U
0^
1]
b11111011 i
b11111011 s
b11111011 w
#38360
0J
0Q
#38365
1J
1Q
#38370
0J
0Q
#38375
1J
1Q
#38380
0J
0Q
#38385
1J
1Q
#38390
0J
0Q
#38395
1J
1Q
#38400
0J
0Q
#38405
1J
1Q
#38410
0J
0Q
#38415
1J
1Q
#38420
0J
0Q
#38425
1J
1Q
#38430
0J
0Q
#38435
1J
1Q
#38440
0J
0Q
#38445
1J
1Q
#38450
0J
0Q
#38455
1J
1Q
#38460
0J
0Q
#38465
1J
1Q
#38470
0J
0Q
#38475
1J
1Q
#38480
0J
0Q
#38485
1J
1Q
#38490
0J
0Q
#38495
1J
1Q
#38500
0J
0Q
#38505
1J
1Q
#38510
0J
0Q
#38515
1J
1Q
#38520
0J
0Q
#38525
1J
1Q
0O
b1111 ""
b10111000 #"
b10010 $"
b0 !"
#38526
1T
#38530
0J
0Q
#38535
b1 f
1J
1Q
#38536
0`
#38540
0J
0Q
#38545
b1 j
1J
1Q
#38550
0J
0Q
#38555
b10 j
1J
1Q
#38560
0J
0Q
#38565
b11 j
1J
1Q
#38570
0J
0Q
#38575
b100 j
1J
1Q
#38580
0J
0Q
#38585
b101 j
1J
1Q
#38590
0J
0Q
#38595
b110 j
1J
1Q
#38600
0J
0Q
#38605
b111 j
1J
1Q
#38610
0J
0Q
#38615
b1000 j
1J
1Q
#38620
0J
0Q
#38625
b1001 j
1J
1Q
#38630
0J
0Q
#38635
b1010 j
1J
1Q
#38640
0J
0Q
#38645
b1011 j
1J
1Q
#38650
0J
0Q
#38655
b1100 j
1J
1Q
#38660
0J
0Q
#38665
b1101 j
1J
1Q
#38670
0J
0Q
#38675
b1110 j
1J
1Q
1O
#38676
0T
#38680
0J
0Q
#38685
b1111 j
b10 f
1J
1Q
#38686
x`
0_
0\
0[
0Y
0X
xW
1V
xU
1^
#38690
0J
0Q
#38695
bx f
b1111101 l
b1111101 q
b1111101 u
b1 k
b0 j
1J
1Q
#38696
x_
x\
x[
xY
xX
xV
x^
x]
b1111101 i
b1111101 s
b1111101 w
1h
#38697
0h
#38700
0J
0Q
#38705
b10 k
b10111110 l
b10111110 q
b10111110 u
b1111101 m
b0 f
1J
1Q
#38706
1`
1_
1[
1X
0W
0V
0U
0^
1]
b10111110 i
b10111110 s
b10111110 w
#38710
0J
0Q
#38715
1J
1Q
#38720
0J
0Q
#38725
1J
1Q
#38730
0J
0Q
#38735
1J
1Q
#38740
0J
0Q
#38745
1J
1Q
#38750
0J
0Q
#38755
1J
1Q
#38760
0J
0Q
#38765
1J
1Q
#38770
0J
0Q
#38775
1J
1Q
#38780
0J
0Q
#38785
1J
1Q
#38790
0J
0Q
#38795
1J
1Q
#38800
0J
0Q
#38805
1J
1Q
#38810
0J
0Q
#38815
1J
1Q
#38820
0J
0Q
#38825
1J
1Q
#38830
0J
0Q
#38835
1J
1Q
#38840
0J
0Q
#38845
1J
1Q
#38850
0J
0Q
#38855
1J
1Q
#38860
0J
0Q
#38865
1J
1Q
#38870
0J
0Q
#38875
1J
1Q
0O
b1011 ""
b1 !"
#38876
1T
#38880
0J
0Q
#38885
b1 f
1J
1Q
#38886
0`
#38890
0J
0Q
#38895
b1 j
1J
1Q
#38900
0J
0Q
#38905
b10 j
1J
1Q
#38910
0J
0Q
#38915
b11 j
1J
1Q
#38920
0J
0Q
#38925
b100 j
1J
1Q
#38930
0J
0Q
#38935
b101 j
1J
1Q
#38940
0J
0Q
#38945
b110 j
1J
1Q
#38950
0J
0Q
#38955
b111 j
1J
1Q
#38960
0J
0Q
#38965
b1000 j
1J
1Q
#38970
0J
0Q
#38975
b1001 j
1J
1Q
#38980
0J
0Q
#38985
b1010 j
1J
1Q
1O
#38986
0T
#38990
0J
0Q
#38995
b10 f
b1011 j
1J
1Q
#38996
x`
0_
0\
0[
0Y
0X
xW
1V
xU
1^
#39000
0J
0Q
#39005
b0 j
b11 k
b1011111 l
b1011111 q
b1011111 u
bx f
1J
1Q
#39006
x_
x\
x[
xY
xX
xV
x^
x]
b1011111 i
b1011111 s
b1011111 w
1h
#39007
0h
#39010
0J
0Q
#39015
b0 f
b1011111 m
b10101111 l
b10101111 q
b10101111 u
b100 k
1J
1Q
#39016
1`
1_
1[
1X
0W
0V
0U
0^
1]
b10101111 i
b10101111 s
b10101111 w
#39020
0J
0Q
#39025
1J
1Q
#39030
0J
0Q
#39035
1J
1Q
#39040
0J
0Q
#39045
1J
1Q
#39050
0J
0Q
#39055
1J
1Q
#39060
0J
0Q
#39065
1J
1Q
#39070
0J
0Q
#39075
1J
1Q
#39080
0J
0Q
#39085
1J
1Q
#39090
0J
0Q
#39095
1J
1Q
#39100
0J
0Q
#39105
1J
1Q
#39110
0J
0Q
#39115
1J
1Q
#39120
0J
0Q
#39125
1J
1Q
#39130
0J
0Q
#39135
1J
1Q
#39140
0J
0Q
#39145
1J
1Q
#39150
0J
0Q
#39155
1J
1Q
#39160
0J
0Q
#39165
1J
1Q
#39170
0J
0Q
#39175
1J
1Q
#39180
0J
0Q
#39185
1J
1Q
0O
b1100 ""
b10 !"
#39186
1T
#39190
0J
0Q
#39195
b1 f
1J
1Q
#39196
0`
#39200
0J
0Q
#39205
b1 j
1J
1Q
#39210
0J
0Q
#39215
b10 j
1J
1Q
#39220
0J
0Q
#39225
b11 j
1J
1Q
#39230
0J
0Q
#39235
b100 j
1J
1Q
#39240
0J
0Q
#39245
b101 j
1J
1Q
#39250
0J
0Q
#39255
b110 j
1J
1Q
#39260
0J
0Q
#39265
b111 j
1J
1Q
#39270
0J
0Q
#39275
b1000 j
1J
1Q
#39280
0J
0Q
#39285
b1001 j
1J
1Q
#39290
0J
0Q
#39295
b1010 j
1J
1Q
#39300
0J
0Q
#39305
b1011 j
1J
1Q
1O
#39306
0T
#39310
0J
0Q
#39315
b10 f
b1100 j
1J
1Q
#39316
x`
0_
0\
0[
0Y
0X
xW
1V
xU
1^
#39320
0J
0Q
#39325
b0 j
b101 k
b1010111 l
b1010111 q
b1010111 u
bx f
1J
1Q
#39326
x_
x\
x[
xY
xX
xV
x^
x]
b1010111 i
b1010111 s
b1010111 w
1h
#39327
0h
#39330
0J
0Q
#39335
b0 f
b1010111 m
b10101011 l
b10101011 q
b10101011 u
b110 k
1J
1Q
#39336
1`
1_
1[
1X
0W
0V
0U
0^
1]
b10101011 i
b10101011 s
b10101011 w
#39340
0J
0Q
#39345
1J
1Q
#39350
0J
0Q
#39355
1J
1Q
#39360
0J
0Q
#39365
1J
1Q
#39370
0J
0Q
#39375
1J
1Q
#39380
0J
0Q
#39385
1J
1Q
#39390
0J
0Q
#39395
1J
1Q
#39400
0J
0Q
#39405
1J
1Q
#39410
0J
0Q
#39415
1J
1Q
#39420
0J
0Q
#39425
1J
1Q
#39430
0J
0Q
#39435
1J
1Q
#39440
0J
0Q
#39445
1J
1Q
#39450
0J
0Q
#39455
1J
1Q
#39460
0J
0Q
#39465
1J
1Q
#39470
0J
0Q
#39475
1J
1Q
#39480
0J
0Q
#39485
1J
1Q
#39490
0J
0Q
#39495
1J
1Q
#39500
0J
0Q
#39505
1J
1Q
0O
b11 ""
b11 !"
#39506
1T
#39510
0J
0Q
#39515
b1 f
1J
1Q
#39516
0`
#39520
0J
0Q
#39525
b1 j
1J
1Q
#39530
0J
0Q
#39535
b10 j
1J
1Q
1O
#39536
0T
#39540
0J
0Q
#39545
b11 j
b10 f
1J
1Q
#39546
x`
0_
0\
0[
0Y
0X
xW
1V
xU
1^
#39550
0J
0Q
#39555
bx f
b11010101 l
b11010101 q
b11010101 u
b111 k
b0 j
1J
1Q
#39556
x_
x\
x[
xY
xX
xV
x^
x]
b11010101 i
b11010101 s
b11010101 w
#39560
0J
0Q
#39565
b0 k
b11101010 l
b11101010 q
b11101010 u
b11010101 m
b0 f
1J
1Q
#39566
1`
1_
1[
1X
0W
0V
0U
0^
1]
b11101010 i
b11101010 s
b11101010 w
#39570
0J
0Q
#39575
1J
1Q
#39580
0J
0Q
#39585
1J
1Q
#39590
0J
0Q
#39595
1J
1Q
#39600
0J
0Q
#39605
1J
1Q
#39610
0J
0Q
#39615
1J
1Q
#39620
0J
0Q
#39625
1J
1Q
#39630
0J
0Q
#39635
1J
1Q
#39640
0J
0Q
#39645
1J
1Q
#39650
0J
0Q
#39655
1J
1Q
#39660
0J
0Q
#39665
1J
1Q
#39670
0J
0Q
#39675
1J
1Q
#39680
0J
0Q
#39685
1J
1Q
#39690
0J
0Q
#39695
1J
1Q
#39700
0J
0Q
#39705
1J
1Q
#39710
0J
0Q
#39715
1J
1Q
#39720
0J
0Q
#39725
1J
1Q
#39730
0J
0Q
#39735
1J
1Q
0O
b100 ""
b100 !"
#39736
1T
#39740
0J
0Q
#39745
b1 f
1J
1Q
#39746
0`
#39750
0J
0Q
#39755
b1 j
1J
1Q
#39760
0J
0Q
#39765
b10 j
1J
1Q
#39770
0J
0Q
#39775
b11 j
1J
1Q
1O
#39776
0T
#39780
0J
0Q
#39785
b100 j
b10 f
1J
1Q
#39786
x`
0_
0\
0[
0Y
0X
xW
1V
xU
1^
#39790
0J
0Q
#39795
bx f
b11110101 l
b11110101 q
b11110101 u
b1 k
b0 j
1J
1Q
#39796
x_
x\
x[
xY
xX
xV
x^
x]
b11110101 i
b11110101 s
b11110101 w
#39800
0J
0Q
#39805
b10 k
b11111010 l
b11111010 q
b11111010 u
b11110101 m
b0 f
1J
1Q
#39806
1`
1_
1[
1X
0W
0V
0U
0^
1]
b11111010 i
b11111010 s
b11111010 w
#39810
0J
0Q
#39815
1J
1Q
#39820
0J
0Q
#39825
1J
1Q
#39830
0J
0Q
#39835
1J
1Q
#39840
0J
0Q
#39845
1J
1Q
#39850
0J
0Q
#39855
1J
1Q
#39860
0J
0Q
#39865
1J
1Q
#39870
0J
0Q
#39875
1J
1Q
#39880
0J
0Q
#39885
1J
1Q
#39890
0J
0Q
#39895
1J
1Q
#39900
0J
0Q
#39905
1J
1Q
#39910
0J
0Q
#39915
1J
1Q
#39920
0J
0Q
#39925
1J
1Q
#39930
0J
0Q
#39935
1J
1Q
#39940
0J
0Q
#39945
1J
1Q
#39950
0J
0Q
#39955
1J
1Q
#39960
0J
0Q
#39965
1J
1Q
#39970
0J
0Q
#39975
1J
1Q
0O
b101 ""
b101 !"
#39976
1T
#39980
0J
0Q
#39985
b1 f
1J
1Q
#39986
0`
#39990
0J
0Q
#39995
b1 j
1J
1Q
#40000
0J
0Q
#40005
b10 j
1J
1Q
#40010
0J
0Q
#40015
b11 j
1J
1Q
#40020
0J
0Q
#40025
b100 j
1J
1Q
1O
#40026
0T
#40030
0J
0Q
#40035
b10 f
b101 j
1J
1Q
#40036
x`
0_
0\
0[
0Y
0X
xW
1V
xU
1^
#40040
0J
0Q
#40045
b0 j
b11 k
b11111101 l
b11111101 q
b11111101 u
bx f
1J
1Q
#40046
x_
x\
x[
xY
xX
xV
x^
x]
b11111101 i
b11111101 s
b11111101 w
#40050
0J
0Q
#40055
b0 f
b11111101 m
b11111110 l
b11111110 q
b11111110 u
b100 k
1J
1Q
#40056
1`
1_
1[
1X
0W
0V
0U
0^
1]
b11111110 i
b11111110 s
b11111110 w
#40060
0J
0Q
#40065
1J
1Q
#40070
0J
0Q
#40075
1J
1Q
#40080
0J
0Q
#40085
1J
1Q
#40090
0J
0Q
#40095
1J
1Q
#40100
0J
0Q
#40105
1J
1Q
#40110
0J
0Q
#40115
1J
1Q
#40120
0J
0Q
#40125
1J
1Q
#40130
0J
0Q
#40135
1J
1Q
#40140
0J
0Q
#40145
1J
1Q
#40150
0J
0Q
#40155
1J
1Q
#40160
0J
0Q
#40165
1J
1Q
#40170
0J
0Q
#40175
1J
1Q
#40180
0J
0Q
#40185
1J
1Q
#40190
0J
0Q
#40195
1J
1Q
#40200
0J
0Q
#40205
1J
1Q
#40210
0J
0Q
#40215
1J
1Q
#40220
0J
0Q
#40225
1J
1Q
0O
b1011 ""
b110 !"
#40226
1T
#40230
0J
0Q
#40235
b1 f
1J
1Q
#40236
0`
#40240
0J
0Q
#40245
b1 j
1J
1Q
#40250
0J
0Q
#40255
b10 j
1J
1Q
#40260
0J
0Q
#40265
b11 j
1J
1Q
#40270
0J
0Q
#40275
b100 j
1J
1Q
#40280
0J
0Q
#40285
b101 j
1J
1Q
#40290
0J
0Q
#40295
b110 j
1J
1Q
#40300
0J
0Q
#40305
b111 j
1J
1Q
#40310
0J
0Q
#40315
b1000 j
1J
1Q
#40320
0J
0Q
#40325
b1001 j
1J
1Q
#40330
0J
0Q
#40335
b1010 j
1J
1Q
1O
#40336
0T
#40340
0J
0Q
#40345
b1011 j
b10 f
1J
1Q
#40346
x`
0_
0\
0[
0Y
0X
xW
1V
xU
1^
#40350
0J
0Q
#40355
bx f
b1111111 l
b1111111 q
b1111111 u
b101 k
b0 j
1J
1Q
#40356
x_
x\
x[
xY
xX
xV
x^
x]
b1111111 i
b1111111 s
b1111111 w
1h
#40357
0h
#40360
0J
0Q
#40365
b110 k
b10111111 l
b10111111 q
b10111111 u
b1111111 m
b0 f
1J
1Q
#40366
1`
1_
1[
1X
0W
0V
0U
0^
1]
b10111111 i
b10111111 s
b10111111 w
#40370
0J
0Q
#40375
1J
1Q
#40380
0J
0Q
#40385
1J
1Q
#40390
0J
0Q
#40395
1J
1Q
#40400
0J
0Q
#40405
1J
1Q
#40410
0J
0Q
#40415
1J
1Q
#40420
0J
0Q
#40425
1J
1Q
#40430
0J
0Q
#40435
1J
1Q
#40440
0J
0Q
#40445
1J
1Q
#40450
0J
0Q
#40455
1J
1Q
#40460
0J
0Q
#40465
1J
1Q
#40470
0J
0Q
#40475
1J
1Q
#40480
0J
0Q
#40485
1J
1Q
#40490
0J
0Q
#40495
1J
1Q
#40500
0J
0Q
#40505
1J
1Q
#40510
0J
0Q
#40515
1J
1Q
#40520
0J
0Q
#40525
1J
1Q
#40530
0J
0Q
#40535
1J
1Q
0O
b111 ""
b111 !"
#40536
1T
#40540
0J
0Q
#40545
b1 f
1J
1Q
#40546
0`
#40550
0J
0Q
#40555
b1 j
1J
1Q
#40560
0J
0Q
#40565
b10 j
1J
1Q
#40570
0J
0Q
#40575
b11 j
1J
1Q
#40580
0J
0Q
#40585
b100 j
1J
1Q
#40590
0J
0Q
#40595
b101 j
1J
1Q
#40600
0J
0Q
#40605
b110 j
1J
1Q
1O
#40606
0T
#40610
0J
0Q
#40615
b10 f
b111 j
1J
1Q
#40616
x`
0_
0\
0[
0Y
0X
xW
1V
xU
1^
#40620
0J
0Q
#40625
b0 j
b111 k
b11011111 l
b11011111 q
b11011111 u
bx f
1J
1Q
#40626
x_
x\
x[
xY
xX
xV
x^
x]
b11011111 i
b11011111 s
b11011111 w
#40630
0J
0Q
#40635
b0 f
b11011111 m
b11101111 l
b11101111 q
b11101111 u
b0 k
1J
1Q
#40636
1`
1_
1[
1X
0W
0V
0U
0^
1]
b11101111 i
b11101111 s
b11101111 w
#40640
0J
0Q
#40645
1J
1Q
#40650
0J
0Q
#40655
1J
1Q
#40660
0J
0Q
#40665
1J
1Q
#40670
0J
0Q
#40675
1J
1Q
#40680
0J
0Q
#40685
1J
1Q
#40690
0J
0Q
#40695
1J
1Q
#40700
0J
0Q
#40705
1J
1Q
#40710
0J
0Q
#40715
1J
1Q
#40720
0J
0Q
#40725
1J
1Q
#40730
0J
0Q
#40735
1J
1Q
#40740
0J
0Q
#40745
1J
1Q
#40750
0J
0Q
#40755
1J
1Q
#40760
0J
0Q
#40765
1J
1Q
#40770
0J
0Q
#40775
1J
1Q
#40780
0J
0Q
#40785
1J
1Q
#40790
0J
0Q
#40795
1J
1Q
#40800
0J
0Q
#40805
1J
1Q
0O
b10 ""
b10011001 #"
b10011 $"
b0 !"
#40806
1T
#40810
0J
0Q
#40815
b1 f
1J
1Q
#40816
0`
#40820
0J
0Q
#40825
b1 j
1J
1Q
1O
#40826
0T
#40830
0J
0Q
#40835
b10 f
b10 j
1J
1Q
#40836
x`
0_
0\
0[
0Y
0X
xW
1V
xU
1^
#40840
0J
0Q
#40845
b0 j
b1 k
b11110111 l
b11110111 q
b11110111 u
bx f
1J
1Q
#40846
x_
x\
x[
xY
xX
xV
x^
x]
b11110111 i
b11110111 s
b11110111 w
#40850
0J
0Q
#40855
b0 f
b11110111 m
b11111011 l
b11111011 q
b11111011 u
b10 k
1J
1Q
#40856
1`
1_
1[
1X
0W
0V
0U
0^
1]
b11111011 i
b11111011 s
b11111011 w
#40860
0J
0Q
#40865
1J
1Q
#40870
0J
0Q
#40875
1J
1Q
#40880
0J
0Q
#40885
1J
1Q
#40890
0J
0Q
#40895
1J
1Q
#40900
0J
0Q
#40905
1J
1Q
#40910
0J
0Q
#40915
1J
1Q
#40920
0J
0Q
#40925
1J
1Q
#40930
0J
0Q
#40935
1J
1Q
#40940
0J
0Q
#40945
1J
1Q
#40950
0J
0Q
#40955
1J
1Q
#40960
0J
0Q
#40965
1J
1Q
#40970
0J
0Q
#40975
1J
1Q
#40980
0J
0Q
#40985
1J
1Q
#40990
0J
0Q
#40995
1J
1Q
#41000
0J
0Q
#41005
1J
1Q
#41010
0J
0Q
#41015
1J
1Q
#41020
0J
0Q
#41025
1J
1Q
0O
b1111 ""
b1 !"
#41026
1T
#41030
0J
0Q
#41035
b1 f
1J
1Q
#41036
0`
#41040
0J
0Q
#41045
b1 j
1J
1Q
#41050
0J
0Q
#41055
b10 j
1J
1Q
#41060
0J
0Q
#41065
b11 j
1J
1Q
#41070
0J
0Q
#41075
b100 j
1J
1Q
#41080
0J
0Q
#41085
b101 j
1J
1Q
#41090
0J
0Q
#41095
b110 j
1J
1Q
#41100
0J
0Q
#41105
b111 j
1J
1Q
#41110
0J
0Q
#41115
b1000 j
1J
1Q
#41120
0J
0Q
#41125
b1001 j
1J
1Q
#41130
0J
0Q
#41135
b1010 j
1J
1Q
#41140
0J
0Q
#41145
b1011 j
1J
1Q
#41150
0J
0Q
#41155
b1100 j
1J
1Q
#41160
0J
0Q
#41165
b1101 j
1J
1Q
#41170
0J
0Q
#41175
b1110 j
1J
1Q
1O
#41176
0T
#41180
0J
0Q
#41185
b1111 j
b10 f
1J
1Q
#41186
x`
0_
0\
0[
0Y
0X
xW
1V
xU
1^
#41190
0J
0Q
#41195
bx f
b1111101 l
b1111101 q
b1111101 u
b11 k
b0 j
1J
1Q
#41196
x_
x\
x[
xY
xX
xV
x^
x]
b1111101 i
b1111101 s
b1111101 w
1h
#41197
0h
#41200
0J
0Q
#41205
b100 k
b10111110 l
b10111110 q
b10111110 u
b1111101 m
b0 f
1J
1Q
#41206
1`
1_
1[
1X
0W
0V
0U
0^
1]
b10111110 i
b10111110 s
b10111110 w
#41210
0J
0Q
#41215
1J
1Q
#41220
0J
0Q
#41225
1J
1Q
#41230
0J
0Q
#41235
1J
1Q
#41240
0J
0Q
#41245
1J
1Q
#41250
0J
0Q
#41255
1J
1Q
#41260
0J
0Q
#41265
1J
1Q
#41270
0J
0Q
#41275
1J
1Q
#41280
0J
0Q
#41285
1J
1Q
#41290
0J
0Q
#41295
1J
1Q
#41300
0J
0Q
#41305
1J
1Q
#41310
0J
0Q
#41315
1J
1Q
#41320
0J
0Q
#41325
1J
1Q
#41330
0J
0Q
#41335
1J
1Q
#41340
0J
0Q
#41345
1J
1Q
#41350
0J
0Q
#41355
1J
1Q
#41360
0J
0Q
#41365
1J
1Q
#41370
0J
0Q
#41375
1J
1Q
0O
b1011 ""
b10 !"
#41376
1T
#41380
0J
0Q
#41385
b1 f
1J
1Q
#41386
0`
#41390
0J
0Q
#41395
b1 j
1J
1Q
#41400
0J
0Q
#41405
b10 j
1J
1Q
#41410
0J
0Q
#41415
b11 j
1J
1Q
#41420
0J
0Q
#41425
b100 j
1J
1Q
#41430
0J
0Q
#41435
b101 j
1J
1Q
#41440
0J
0Q
#41445
b110 j
1J
1Q
#41450
0J
0Q
#41455
b111 j
1J
1Q
#41460
0J
0Q
#41465
b1000 j
1J
1Q
#41470
0J
0Q
#41475
b1001 j
1J
1Q
#41480
0J
0Q
#41485
b1010 j
1J
1Q
1O
#41486
0T
#41490
0J
0Q
#41495
b10 f
b1011 j
1J
1Q
#41496
x`
0_
0\
0[
0Y
0X
xW
1V
xU
1^
#41500
0J
0Q
#41505
b0 j
b101 k
b1011111 l
b1011111 q
b1011111 u
bx f
1J
1Q
#41506
x_
x\
x[
xY
xX
xV
x^
x]
b1011111 i
b1011111 s
b1011111 w
1h
#41507
0h
#41510
0J
0Q
#41515
b0 f
b1011111 m
b10101111 l
b10101111 q
b10101111 u
b110 k
1J
1Q
#41516
1`
1_
1[
1X
0W
0V
0U
0^
1]
b10101111 i
b10101111 s
b10101111 w
#41520
0J
0Q
#41525
1J
1Q
#41530
0J
0Q
#41535
1J
1Q
#41540
0J
0Q
#41545
1J
1Q
#41550
0J
0Q
#41555
1J
1Q
#41560
0J
0Q
#41565
1J
1Q
#41570
0J
0Q
#41575
1J
1Q
#41580
0J
0Q
#41585
1J
1Q
#41590
0J
0Q
#41595
1J
1Q
#41600
0J
0Q
#41605
1J
1Q
#41610
0J
0Q
#41615
1J
1Q
#41620
0J
0Q
#41625
1J
1Q
#41630
0J
0Q
#41635
1J
1Q
#41640
0J
0Q
#41645
1J
1Q
#41650
0J
0Q
#41655
1J
1Q
#41660
0J
0Q
#41665
1J
1Q
#41670
0J
0Q
#41675
1J
1Q
#41680
0J
0Q
#41685
1J
1Q
0O
b101 ""
b11 !"
#41686
1T
#41690
0J
0Q
#41695
b1 f
1J
1Q
#41696
0`
#41700
0J
0Q
#41705
b1 j
1J
1Q
#41710
0J
0Q
#41715
b10 j
1J
1Q
#41720
0J
0Q
#41725
b11 j
1J
1Q
#41730
0J
0Q
#41735
b100 j
1J
1Q
1O
#41736
0T
#41740
0J
0Q
#41745
b101 j
b10 f
1J
1Q
#41746
x`
0_
0\
0[
0Y
0X
xW
1V
xU
1^
#41750
0J
0Q
#41755
bx f
b11010111 l
b11010111 q
b11010111 u
b111 k
b0 j
1J
1Q
#41756
x_
x\
x[
xY
xX
xV
x^
x]
b11010111 i
b11010111 s
b11010111 w
#41760
0J
0Q
#41765
b0 k
b11101011 l
b11101011 q
b11101011 u
b11010111 m
b0 f
1J
1Q
#41766
1`
1_
1[
1X
0W
0V
0U
0^
1]
b11101011 i
b11101011 s
b11101011 w
#41770
0J
0Q
#41775
1J
1Q
#41780
0J
0Q
#41785
1J
1Q
#41790
0J
0Q
#41795
1J
1Q
#41800
0J
0Q
#41805
1J
1Q
#41810
0J
0Q
#41815
1J
1Q
#41820
0J
0Q
#41825
1J
1Q
#41830
0J
0Q
#41835
1J
1Q
#41840
0J
0Q
#41845
1J
1Q
#41850
0J
0Q
#41855
1J
1Q
#41860
0J
0Q
#41865
1J
1Q
#41870
0J
0Q
#41875
1J
1Q
#41880
0J
0Q
#41885
1J
1Q
#41890
0J
0Q
#41895
1J
1Q
#41900
0J
0Q
#41905
1J
1Q
#41910
0J
0Q
#41915
1J
1Q
#41920
0J
0Q
#41925
1J
1Q
#41930
0J
0Q
#41935
1J
1Q
0O
b110 ""
b100 !"
#41936
1T
#41940
0J
0Q
#41945
b1 f
1J
1Q
#41946
0`
#41950
0J
0Q
#41955
b1 j
1J
1Q
#41960
0J
0Q
#41965
b10 j
1J
1Q
#41970
0J
0Q
#41975
b11 j
1J
1Q
#41980
0J
0Q
#41985
b100 j
1J
1Q
#41990
0J
0Q
#41995
b101 j
1J
1Q
1O
#41996
0T
#42000
0J
0Q
#42005
b110 j
b10 f
1J
1Q
#42006
x`
0_
0\
0[
0Y
0X
xW
1V
xU
1^
#42010
0J
0Q
#42015
bx f
b11110101 l
b11110101 q
b11110101 u
b1 k
b0 j
1J
1Q
#42016
x_
x\
x[
xY
xX
xV
x^
x]
b11110101 i
b11110101 s
b11110101 w
#42020
0J
0Q
#42025
b10 k
b11111010 l
b11111010 q
b11111010 u
b11110101 m
b0 f
1J
1Q
#42026
1`
1_
1[
1X
0W
0V
0U
0^
1]
b11111010 i
b11111010 s
b11111010 w
#42030
0J
0Q
#42035
1J
1Q
#42040
0J
0Q
#42045
1J
1Q
#42050
0J
0Q
#42055
1J
1Q
#42060
0J
0Q
#42065
1J
1Q
#42070
0J
0Q
#42075
1J
1Q
#42080
0J
0Q
#42085
1J
1Q
#42090
0J
0Q
#42095
1J
1Q
#42100
0J
0Q
#42105
1J
1Q
#42110
0J
0Q
#42115
1J
1Q
#42120
0J
0Q
#42125
1J
1Q
#42130
0J
0Q
#42135
1J
1Q
#42140
0J
0Q
#42145
1J
1Q
#42150
0J
0Q
#42155
1J
1Q
#42160
0J
0Q
#42165
1J
1Q
#42170
0J
0Q
#42175
1J
1Q
#42180
0J
0Q
#42185
1J
1Q
#42190
0J
0Q
#42195
1J
1Q
0O
b1110 ""
b101 !"
#42196
1T
#42200
0J
0Q
#42205
b1 f
1J
1Q
#42206
0`
#42210
0J
0Q
#42215
b1 j
1J
1Q
#42220
0J
0Q
#42225
b10 j
1J
1Q
#42230
0J
0Q
#42235
b11 j
1J
1Q
#42240
0J
0Q
#42245
b100 j
1J
1Q
#42250
0J
0Q
#42255
b101 j
1J
1Q
#42260
0J
0Q
#42265
b110 j
1J
1Q
#42270
0J
0Q
#42275
b111 j
1J
1Q
#42280
0J
0Q
#42285
b1000 j
1J
1Q
#42290
0J
0Q
#42295
b1001 j
1J
1Q
#42300
0J
0Q
#42305
b1010 j
1J
1Q
#42310
0J
0Q
#42315
b1011 j
1J
1Q
#42320
0J
0Q
#42325
b1100 j
1J
1Q
#42330
0J
0Q
#42335
b1101 j
1J
1Q
1O
#42336
0T
#42340
0J
0Q
#42345
b1110 j
b10 f
1J
1Q
#42346
x`
0_
0\
0[
0Y
0X
xW
1V
xU
1^
#42350
0J
0Q
#42355
bx f
b1111101 l
b1111101 q
b1111101 u
b11 k
b0 j
1J
1Q
#42356
x_
x\
x[
xY
xX
xV
x^
x]
b1111101 i
b1111101 s
b1111101 w
1h
#42357
0h
#42360
0J
0Q
#42365
b100 k
b10111110 l
b10111110 q
b10111110 u
b1111101 m
b0 f
1J
1Q
#42366
1`
1_
1[
1X
0W
0V
0U
0^
1]
b10111110 i
b10111110 s
b10111110 w
#42370
0J
0Q
#42375
1J
1Q
#42380
0J
0Q
#42385
1J
1Q
#42390
0J
0Q
#42395
1J
1Q
#42400
0J
0Q
#42405
1J
1Q
#42410
0J
0Q
#42415
1J
1Q
#42420
0J
0Q
#42425
1J
1Q
#42430
0J
0Q
#42435
1J
1Q
#42440
0J
0Q
#42445
1J
1Q
#42450
0J
0Q
#42455
1J
1Q
#42460
0J
0Q
#42465
1J
1Q
#42470
0J
0Q
#42475
1J
1Q
#42480
0J
0Q
#42485
1J
1Q
#42490
0J
0Q
#42495
1J
1Q
#42500
0J
0Q
#42505
1J
1Q
#42510
0J
0Q
#42515
1J
1Q
#42520
0J
0Q
#42525
1J
1Q
#42530
0J
0Q
#42535
1J
1Q
0O
b1111 ""
b110 !"
#42536
1T
#42540
0J
0Q
#42545
b1 f
1J
1Q
#42546
0`
#42550
0J
0Q
#42555
b1 j
1J
1Q
#42560
0J
0Q
#42565
b10 j
1J
1Q
#42570
0J
0Q
#42575
b11 j
1J
1Q
#42580
0J
0Q
#42585
b100 j
1J
1Q
#42590
0J
0Q
#42595
b101 j
1J
1Q
#42600
0J
0Q
#42605
b110 j
1J
1Q
#42610
0J
0Q
#42615
b111 j
1J
1Q
#42620
0J
0Q
#42625
b1000 j
1J
1Q
#42630
0J
0Q
#42635
b1001 j
1J
1Q
#42640
0J
0Q
#42645
b1010 j
1J
1Q
#42650
0J
0Q
#42655
b1011 j
1J
1Q
#42660
0J
0Q
#42665
b1100 j
1J
1Q
#42670
0J
0Q
#42675
b1101 j
1J
1Q
#42680
0J
0Q
#42685
b1110 j
1J
1Q
1O
#42686
0T
#42690
0J
0Q
#42695
b10 f
b1111 j
1J
1Q
#42696
x`
0_
0\
0[
0Y
0X
xW
1V
xU
1^
#42700
0J
0Q
#42705
b0 j
b101 k
b1011111 l
b1011111 q
b1011111 u
bx f
1J
1Q
#42706
x_
x\
x[
xY
xX
xV
x^
x]
b1011111 i
b1011111 s
b1011111 w
1h
#42707
0h
#42710
0J
0Q
#42715
b0 f
b1011111 m
b10101111 l
b10101111 q
b10101111 u
b110 k
1J
1Q
#42716
1`
1_
1[
1X
0W
0V
0U
0^
1]
b10101111 i
b10101111 s
b10101111 w
#42720
0J
0Q
#42725
1J
1Q
#42730
0J
0Q
#42735
1J
1Q
#42740
0J
0Q
#42745
1J
1Q
#42750
0J
0Q
#42755
1J
1Q
#42760
0J
0Q
#42765
1J
1Q
#42770
0J
0Q
#42775
1J
1Q
#42780
0J
0Q
#42785
1J
1Q
#42790
0J
0Q
#42795
1J
1Q
#42800
0J
0Q
#42805
1J
1Q
#42810
0J
0Q
#42815
1J
1Q
#42820
0J
0Q
#42825
1J
1Q
#42830
0J
0Q
#42835
1J
1Q
#42840
0J
0Q
#42845
1J
1Q
#42850
0J
0Q
#42855
1J
1Q
#42860
0J
0Q
#42865
1J
1Q
#42870
0J
0Q
#42875
1J
1Q
#42880
0J
0Q
#42885
1J
1Q
0O
b11 ""
b111 !"
#42886
1T
#42890
0J
0Q
#42895
b1 f
1J
1Q
#42896
0`
#42900
0J
0Q
#42905
b1 j
1J
1Q
#42910
0J
0Q
#42915
b10 j
1J
1Q
1O
#42916
0T
#42920
0J
0Q
#42925
b11 j
b10 f
1J
1Q
#42926
x`
0_
0\
0[
0Y
0X
xW
1V
xU
1^
#42930
0J
0Q
#42935
bx f
b11010111 l
b11010111 q
b11010111 u
b111 k
b0 j
1J
1Q
#42936
x_
x\
x[
xY
xX
xV
x^
x]
b11010111 i
b11010111 s
b11010111 w
#42940
0J
0Q
#42945
b0 k
b11101011 l
b11101011 q
b11101011 u
b11010111 m
b0 f
1J
1Q
#42946
1`
1_
1[
1X
0W
0V
0U
0^
1]
b11101011 i
b11101011 s
b11101011 w
#42950
0J
0Q
#42955
1J
1Q
#42960
0J
0Q
#42965
1J
1Q
#42970
0J
0Q
#42975
1J
1Q
#42980
0J
0Q
#42985
1J
1Q
#42990
0J
0Q
#42995
1J
1Q
#43000
0J
0Q
#43005
1J
1Q
#43010
0J
0Q
#43015
1J
1Q
#43020
0J
0Q
#43025
1J
1Q
#43030
0J
0Q
#43035
1J
1Q
#43040
0J
0Q
#43045
1J
1Q
#43050
0J
0Q
#43055
1J
1Q
#43060
0J
0Q
#43065
1J
1Q
#43070
0J
0Q
#43075
1J
1Q
#43080
0J
0Q
#43085
1J
1Q
#43090
0J
0Q
#43095
1J
1Q
#43100
0J
0Q
#43105
1J
1Q
#43110
0J
0Q
#43115
1J
1Q
0O
b1101 ""
b1111010 #"
b10100 $"
b0 !"
#43116
1T
#43120
0J
0Q
#43125
b1 f
1J
1Q
#43126
0`
#43130
0J
0Q
#43135
b1 j
1J
1Q
#43140
0J
0Q
#43145
b10 j
1J
1Q
#43150
0J
0Q
#43155
b11 j
1J
1Q
#43160
0J
0Q
#43165
b100 j
1J
1Q
#43170
0J
0Q
#43175
b101 j
1J
1Q
#43180
0J
0Q
#43185
b110 j
1J
1Q
#43190
0J
0Q
#43195
b111 j
1J
1Q
#43200
0J
0Q
#43205
b1000 j
1J
1Q
#43210
0J
0Q
#43215
b1001 j
1J
1Q
#43220
0J
0Q
#43225
b1010 j
1J
1Q
#43230
0J
0Q
#43235
b1011 j
1J
1Q
#43240
0J
0Q
#43245
b1100 j
1J
1Q
1O
#43246
0T
#43250
0J
0Q
#43255
b10 f
b1101 j
1J
1Q
#43256
x`
0_
0\
0[
0Y
0X
xW
1V
xU
1^
#43260
0J
0Q
#43265
b0 j
b1 k
b1110101 l
b1110101 q
b1110101 u
bx f
1J
1Q
#43266
x_
x\
x[
xY
xX
xV
x^
x]
b1110101 i
b1110101 s
b1110101 w
1h
#43267
0h
#43270
0J
0Q
#43275
b0 f
b1110101 m
b10111010 l
b10111010 q
b10111010 u
b10 k
1J
1Q
#43276
1`
1_
1[
1X
0W
0V
0U
0^
1]
b10111010 i
b10111010 s
b10111010 w
#43280
0J
0Q
#43285
1J
1Q
#43290
0J
0Q
#43295
1J
1Q
#43300
0J
0Q
#43305
1J
1Q
#43310
0J
0Q
#43315
1J
1Q
#43320
0J
0Q
#43325
1J
1Q
#43330
0J
0Q
#43335
1J
1Q
#43340
0J
0Q
#43345
1J
1Q
#43350
0J
0Q
#43355
1J
1Q
#43360
0J
0Q
#43365
1J
1Q
#43370
0J
0Q
#43375
1J
1Q
#43380
0J
0Q
#43385
1J
1Q
#43390
0J
0Q
#43395
1J
1Q
#43400
0J
0Q
#43405
1J
1Q
#43410
0J
0Q
#43415
1J
1Q
#43420
0J
0Q
#43425
1J
1Q
#43430
0J
0Q
#43435
1J
1Q
#43440
0J
0Q
#43445
1J
1Q
0O
b101 ""
b1 !"
#43446
1T
#43450
0J
0Q
#43455
b1 f
1J
1Q
#43456
0`
#43460
0J
0Q
#43465
b1 j
1J
1Q
#43470
0J
0Q
#43475
b10 j
1J
1Q
#43480
0J
0Q
#43485
b11 j
1J
1Q
#43490
0J
0Q
#43495
b100 j
1J
1Q
1O
#43496
0T
#43500
0J
0Q
#43505
b101 j
b10 f
1J
1Q
#43506
x`
0_
0\
0[
0Y
0X
xW
1V
xU
1^
#43510
0J
0Q
#43515
bx f
b11011101 l
b11011101 q
b11011101 u
b11 k
b0 j
1J
1Q
#43516
x_
x\
x[
xY
xX
xV
x^
x]
b11011101 i
b11011101 s
b11011101 w
#43520
0J
0Q
#43525
b100 k
b11101110 l
b11101110 q
b11101110 u
b11011101 m
b0 f
1J
1Q
#43526
1`
1_
1[
1X
0W
0V
0U
0^
1]
b11101110 i
b11101110 s
b11101110 w
#43530
0J
0Q
#43535
1J
1Q
#43540
0J
0Q
#43545
1J
1Q
#43550
0J
0Q
#43555
1J
1Q
#43560
0J
0Q
#43565
1J
1Q
#43570
0J
0Q
#43575
1J
1Q
#43580
0J
0Q
#43585
1J
1Q
#43590
0J
0Q
#43595
1J
1Q
#43600
0J
0Q
#43605
1J
1Q
#43610
0J
0Q
#43615
1J
1Q
#43620
0J
0Q
#43625
1J
1Q
#43630
0J
0Q
#43635
1J
1Q
#43640
0J
0Q
#43645
1J
1Q
#43650
0J
0Q
#43655
1J
1Q
#43660
0J
0Q
#43665
1J
1Q
#43670
0J
0Q
#43675
1J
1Q
#43680
0J
0Q
#43685
1J
1Q
#43690
0J
0Q
#43695
1J
1Q
0O
b1111 ""
b10 !"
#43696
1T
#43700
0J
0Q
#43705
b1 f
1J
1Q
#43706
0`
#43710
0J
0Q
#43715
b1 j
1J
1Q
#43720
0J
0Q
#43725
b10 j
1J
1Q
#43730
0J
0Q
#43735
b11 j
1J
1Q
#43740
0J
0Q
#43745
b100 j
1J
1Q
#43750
0J
0Q
#43755
b101 j
1J
1Q
#43760
0J
0Q
#43765
b110 j
1J
1Q
#43770
0J
0Q
#43775
b111 j
1J
1Q
#43780
0J
0Q
#43785
b1000 j
1J
1Q
#43790
0J
0Q
#43795
b1001 j
1J
1Q
#43800
0J
0Q
#43805
b1010 j
1J
1Q
#43810
0J
0Q
#43815
b1011 j
1J
1Q
#43820
0J
0Q
#43825
b1100 j
1J
1Q
#43830
0J
0Q
#43835
b1101 j
1J
1Q
#43840
0J
0Q
#43845
b1110 j
1J
1Q
1O
#43846
0T
#43850
0J
0Q
#43855
b10 f
b1111 j
1J
1Q
#43856
x`
0_
0\
0[
0Y
0X
xW
1V
xU
1^
#43860
0J
0Q
#43865
b0 j
b101 k
b1110111 l
b1110111 q
b1110111 u
bx f
1J
1Q
#43866
x_
x\
x[
xY
xX
xV
x^
x]
b1110111 i
b1110111 s
b1110111 w
1h
#43867
0h
#43870
0J
0Q
#43875
b0 f
b1110111 m
b10111011 l
b10111011 q
b10111011 u
b110 k
1J
1Q
#43876
1`
1_
1[
1X
0W
0V
0U
0^
1]
b10111011 i
b10111011 s
b10111011 w
#43880
0J
0Q
#43885
1J
1Q
#43890
0J
0Q
#43895
1J
1Q
#43900
0J
0Q
#43905
1J
1Q
#43910
0J
0Q
#43915
1J
1Q
#43920
0J
0Q
#43925
1J
1Q
#43930
0J
0Q
#43935
1J
1Q
#43940
0J
0Q
#43945
1J
1Q
#43950
0J
0Q
#43955
1J
1Q
#43960
0J
0Q
#43965
1J
1Q
#43970
0J
0Q
#43975
1J
1Q
#43980
0J
0Q
#43985
1J
1Q
#43990
0J
0Q
#43995
1J
1Q
#44000
0J
0Q
#44005
1J
1Q
#44010
0J
0Q
#44015
1J
1Q
#44020
0J
0Q
#44025
1J
1Q
#44030
0J
0Q
#44035
1J
1Q
#44040
0J
0Q
#44045
1J
1Q
0O
b111 ""
b11 !"
#44046
1T
#44050
0J
0Q
#44055
b1 f
1J
1Q
#44056
0`
#44060
0J
0Q
#44065
b1 j
1J
1Q
#44070
0J
0Q
#44075
b10 j
1J
1Q
#44080
0J
0Q
#44085
b11 j
1J
1Q
#44090
0J
0Q
#44095
b100 j
1J
1Q
#44100
0J
0Q
#44105
b101 j
1J
1Q
#44110
0J
0Q
#44115
b110 j
1J
1Q
1O
#44116
0T
#44120
0J
0Q
#44125
b111 j
b10 f
1J
1Q
#44126
x`
0_
0\
0[
0Y
0X
xW
1V
xU
1^
#44130
0J
0Q
#44135
bx f
b11011101 l
b11011101 q
b11011101 u
b111 k
b0 j
1J
1Q
#44136
x_
x\
x[
xY
xX
xV
x^
x]
b11011101 i
b11011101 s
b11011101 w
#44140
0J
0Q
#44145
b0 k
b11101110 l
b11101110 q
b11101110 u
b11011101 m
b0 f
1J
1Q
#44146
1`
1_
1[
1X
0W
0V
0U
0^
1]
b11101110 i
b11101110 s
b11101110 w
#44150
0J
0Q
#44155
1J
1Q
#44160
0J
0Q
#44165
1J
1Q
#44170
0J
0Q
#44175
1J
1Q
#44180
0J
0Q
#44185
1J
1Q
#44190
0J
0Q
#44195
1J
1Q
#44200
0J
0Q
#44205
1J
1Q
#44210
0J
0Q
#44215
1J
1Q
#44220
0J
0Q
#44225
1J
1Q
#44230
0J
0Q
#44235
1J
1Q
#44240
0J
0Q
#44245
1J
1Q
#44250
0J
0Q
#44255
1J
1Q
#44260
0J
0Q
#44265
1J
1Q
#44270
0J
0Q
#44275
1J
1Q
#44280
0J
0Q
#44285
1J
1Q
#44290
0J
0Q
#44295
1J
1Q
#44300
0J
0Q
#44305
1J
1Q
#44310
0J
0Q
#44315
1J
1Q
0O
b10 ""
b100 !"
#44316
1T
#44320
0J
0Q
#44325
b1 f
1J
1Q
#44326
0`
#44330
0J
0Q
#44335
b1 j
1J
1Q
1O
#44336
0T
#44340
0J
0Q
#44345
b10 j
b10 f
1J
1Q
#44346
x`
0_
0\
0[
0Y
0X
xW
1V
xU
1^
#44350
0J
0Q
#44355
bx f
b11110111 l
b11110111 q
b11110111 u
b1 k
b0 j
1J
1Q
#44356
x_
x\
x[
xY
xX
xV
x^
x]
b11110111 i
b11110111 s
b11110111 w
#44360
0J
0Q
#44365
b10 k
b11111011 l
b11111011 q
b11111011 u
b11110111 m
b0 f
1J
1Q
#44366
1`
1_
1[
1X
0W
0V
0U
0^
1]
b11111011 i
b11111011 s
b11111011 w
#44370
0J
0Q
#44375
1J
1Q
#44380
0J
0Q
#44385
1J
1Q
#44390
0J
0Q
#44395
1J
1Q
#44400
0J
0Q
#44405
1J
1Q
#44410
0J
0Q
#44415
1J
1Q
#44420
0J
0Q
#44425
1J
1Q
#44430
0J
0Q
#44435
1J
1Q
#44440
0J
0Q
#44445
1J
1Q
#44450
0J
0Q
#44455
1J
1Q
#44460
0J
0Q
#44465
1J
1Q
#44470
0J
0Q
#44475
1J
1Q
#44480
0J
0Q
#44485
1J
1Q
#44490
0J
0Q
#44495
1J
1Q
#44500
0J
0Q
#44505
1J
1Q
#44510
0J
0Q
#44515
1J
1Q
#44520
0J
0Q
#44525
1J
1Q
#44530
0J
0Q
#44535
1J
1Q
0O
b11 ""
b101 !"
#44536
1T
#44540
0J
0Q
#44545
b1 f
1J
1Q
#44546
0`
#44550
0J
0Q
#44555
b1 j
1J
1Q
#44560
0J
0Q
#44565
b10 j
1J
1Q
1O
#44566
0T
#44570
0J
0Q
#44575
b10 f
b11 j
1J
1Q
#44576
x`
0_
0\
0[
0Y
0X
xW
1V
xU
1^
#44580
0J
0Q
#44585
b0 j
b11 k
b11111101 l
b11111101 q
b11111101 u
bx f
1J
1Q
#44586
x_
x\
x[
xY
xX
xV
x^
x]
b11111101 i
b11111101 s
b11111101 w
#44590
0J
0Q
#44595
b0 f
b11111101 m
b11111110 l
b11111110 q
b11111110 u
b100 k
1J
1Q
#44596
1`
1_
1[
1X
0W
0V
0U
0^
1]
b11111110 i
b11111110 s
b11111110 w
#44600
0J
0Q
#44605
1J
1Q
#44610
0J
0Q
#44615
1J
1Q
#44620
0J
0Q
#44625
1J
1Q
#44630
0J
0Q
#44635
1J
1Q
#44640
0J
0Q
#44645
1J
1Q
#44650
0J
0Q
#44655
1J
1Q
#44660
0J
0Q
#44665
1J
1Q
#44670
0J
0Q
#44675
1J
1Q
#44680
0J
0Q
#44685
1J
1Q
#44690
0J
0Q
#44695
1J
1Q
#44700
0J
0Q
#44705
1J
1Q
#44710
0J
0Q
#44715
1J
1Q
#44720
0J
0Q
#44725
1J
1Q
#44730
0J
0Q
#44735
1J
1Q
#44740
0J
0Q
#44745
1J
1Q
#44750
0J
0Q
#44755
1J
1Q
#44760
0J
0Q
#44765
1J
1Q
0O
b100 ""
b110 !"
#44766
1T
#44770
0J
0Q
#44775
b1 f
1J
1Q
#44776
0`
#44780
0J
0Q
#44785
b1 j
1J
1Q
#44790
0J
0Q
#44795
b10 j
1J
1Q
#44800
0J
0Q
#44805
b11 j
1J
1Q
1O
#44806
0T
#44810
0J
0Q
#44815
b10 f
b100 j
1J
1Q
#44816
x`
0_
0\
0[
0Y
0X
xW
1V
xU
1^
#44820
0J
0Q
#44825
b0 j
b101 k
b11111111 l
b11111111 q
b11111111 u
bx f
1J
1Q
#44826
x_
x\
x[
xY
xX
xV
x^
x]
b11111111 i
b11111111 s
b11111111 w
#44830
0J
0Q
#44835
b0 f
b11111111 m
b110 k
1J
1Q
#44836
1`
1_
1[
1X
0W
0V
0U
0^
1]
#44840
0J
0Q
#44845
1J
1Q
#44850
0J
0Q
#44855
1J
1Q
#44860
0J
0Q
#44865
1J
1Q
#44870
0J
0Q
#44875
1J
1Q
#44880
0J
0Q
#44885
1J
1Q
#44890
0J
0Q
#44895
1J
1Q
#44900
0J
0Q
#44905
1J
1Q
#44910
0J
0Q
#44915
1J
1Q
#44920
0J
0Q
#44925
1J
1Q
#44930
0J
0Q
#44935
1J
1Q
#44940
0J
0Q
#44945
1J
1Q
#44950
0J
0Q
#44955
1J
1Q
#44960
0J
0Q
#44965
1J
1Q
#44970
0J
0Q
#44975
1J
1Q
#44980
0J
0Q
#44985
1J
1Q
#44990
0J
0Q
#44995
1J
1Q
#45000
0J
0Q
#45005
1J
1Q
0O
b1111 ""
b111 !"
#45006
1T
#45010
0J
0Q
#45015
b1 f
1J
1Q
#45016
0`
#45020
0J
0Q
#45025
b1 j
1J
1Q
#45030
0J
0Q
#45035
b10 j
1J
1Q
#45040
0J
0Q
#45045
b11 j
1J
1Q
#45050
0J
0Q
#45055
b100 j
1J
1Q
#45060
0J
0Q
#45065
b101 j
1J
1Q
#45070
0J
0Q
#45075
b110 j
1J
1Q
#45080
0J
0Q
#45085
b111 j
1J
1Q
#45090
0J
0Q
#45095
b1000 j
1J
1Q
#45100
0J
0Q
#45105
b1001 j
1J
1Q
#45110
0J
0Q
#45115
b1010 j
1J
1Q
#45120
0J
0Q
#45125
b1011 j
1J
1Q
#45130
0J
0Q
#45135
b1100 j
1J
1Q
#45140
0J
0Q
#45145
b1101 j
1J
1Q
#45150
0J
0Q
#45155
b1110 j
1J
1Q
1O
#45156
0T
#45160
0J
0Q
#45165
b1111 j
b10 f
1J
1Q
#45166
x`
0_
0\
0[
0Y
0X
xW
1V
xU
1^
#45170
0J
0Q
#45175
bx f
b1111111 l
b1111111 q
b1111111 u
b111 k
b0 j
1J
1Q
#45176
x_
x\
x[
xY
xX
xV
x^
x]
b1111111 i
b1111111 s
b1111111 w
1h
#45177
0h
#45180
0J
0Q
#45185
b0 k
b10111111 l
b10111111 q
b10111111 u
b1111111 m
b0 f
1J
1Q
#45186
1`
1_
1[
1X
0W
0V
0U
0^
1]
b10111111 i
b10111111 s
b10111111 w
#45190
0J
0Q
#45195
1J
1Q
#45200
0J
0Q
#45205
1J
1Q
#45210
0J
0Q
#45215
1J
1Q
#45220
0J
0Q
#45225
1J
1Q
#45230
0J
0Q
#45235
1J
1Q
#45240
0J
0Q
#45245
1J
1Q
#45250
0J
0Q
#45255
1J
1Q
#45260
0J
0Q
#45265
1J
1Q
#45270
0J
0Q
#45275
1J
1Q
#45280
0J
0Q
#45285
1J
1Q
#45290
0J
0Q
#45295
1J
1Q
#45300
0J
0Q
#45305
1J
1Q
#45310
0J
0Q
#45315
1J
1Q
#45320
0J
0Q
#45325
1J
1Q
#45330
0J
0Q
#45335
1J
1Q
#45340
0J
0Q
#45345
1J
1Q
#45350
0J
0Q
#45355
1J
1Q
0O
b110 ""
b1011011 #"
b10101 $"
b0 !"
#45356
1T
#45360
0J
0Q
#45365
b1 f
1J
1Q
#45366
0`
#45370
0J
0Q
#45375
b1 j
1J
1Q
#45380
0J
0Q
#45385
b10 j
1J
1Q
#45390
0J
0Q
#45395
b11 j
1J
1Q
#45400
0J
0Q
#45405
b100 j
1J
1Q
#45410
0J
0Q
#45415
b101 j
1J
1Q
1O
#45416
0T
#45420
0J
0Q
#45425
b110 j
b10 f
1J
1Q
#45426
x`
0_
0\
0[
0Y
0X
xW
1V
xU
1^
#45430
0J
0Q
#45435
bx f
b11011111 l
b11011111 q
b11011111 u
b1 k
b0 j
1J
1Q
#45436
x_
x\
x[
xY
xX
xV
x^
x]
b11011111 i
b11011111 s
b11011111 w
#45440
0J
0Q
#45445
b10 k
b11101111 l
b11101111 q
b11101111 u
b11011111 m
b0 f
1J
1Q
#45446
1`
1_
1[
1X
0W
0V
0U
0^
1]
b11101111 i
b11101111 s
b11101111 w
#45450
0J
0Q
#45455
1J
1Q
#45460
0J
0Q
#45465
1J
1Q
#45470
0J
0Q
#45475
1J
1Q
#45480
0J
0Q
#45485
1J
1Q
#45490
0J
0Q
#45495
1J
1Q
#45500
0J
0Q
#45505
1J
1Q
#45510
0J
0Q
#45515
1J
1Q
#45520
0J
0Q
#45525
1J
1Q
#45530
0J
0Q
#45535
1J
1Q
#45540
0J
0Q
#45545
1J
1Q
#45550
0J
0Q
#45555
1J
1Q
#45560
0J
0Q
#45565
1J
1Q
#45570
0J
0Q
#45575
1J
1Q
#45580
0J
0Q
#45585
1J
1Q
#45590
0J
0Q
#45595
1J
1Q
#45600
0J
0Q
#45605
1J
1Q
#45610
0J
0Q
#45615
1J
1Q
0O
b111 ""
b1 !"
#45616
1T
#45620
0J
0Q
#45625
b1 f
1J
1Q
#45626
0`
#45630
0J
0Q
#45635
b1 j
1J
1Q
#45640
0J
0Q
#45645
b10 j
1J
1Q
#45650
0J
0Q
#45655
b11 j
1J
1Q
#45660
0J
0Q
#45665
b100 j
1J
1Q
#45670
0J
0Q
#45675
b101 j
1J
1Q
#45680
0J
0Q
#45685
b110 j
1J
1Q
1O
#45686
0T
#45690
0J
0Q
#45695
b10 f
b111 j
1J
1Q
#45696
x`
0_
0\
0[
0Y
0X
xW
1V
xU
1^
#45700
0J
0Q
#45705
b0 j
b11 k
b11110111 l
b11110111 q
b11110111 u
bx f
1J
1Q
#45706
x_
x\
x[
xY
xX
xV
x^
x]
b11110111 i
b11110111 s
b11110111 w
#45710
0J
0Q
#45715
b0 f
b11110111 m
b11111011 l
b11111011 q
b11111011 u
b100 k
1J
1Q
#45716
1`
1_
1[
1X
0W
0V
0U
0^
1]
b11111011 i
b11111011 s
b11111011 w
#45720
0J
0Q
#45725
1J
1Q
#45730
0J
0Q
#45735
1J
1Q
#45740
0J
0Q
#45745
1J
1Q
#45750
0J
0Q
#45755
1J
1Q
#45760
0J
0Q
#45765
1J
1Q
#45770
0J
0Q
#45775
1J
1Q
#45780
0J
0Q
#45785
1J
1Q
#45790
0J
0Q
#45795
1J
1Q
#45800
0J
0Q
#45805
1J
1Q
#45810
0J
0Q
#45815
1J
1Q
#45820
0J
0Q
#45825
1J
1Q
#45830
0J
0Q
#45835
1J
1Q
#45840
0J
0Q
#45845
1J
1Q
#45850
0J
0Q
#45855
1J
1Q
#45860
0J
0Q
#45865
1J
1Q
#45870
0J
0Q
#45875
1J
1Q
#45880
0J
0Q
#45885
1J
1Q
0O
b1110 ""
b10 !"
#45886
1T
#45890
0J
0Q
#45895
b1 f
1J
1Q
#45896
0`
#45900
0J
0Q
#45905
b1 j
1J
1Q
#45910
0J
0Q
#45915
b10 j
1J
1Q
#45920
0J
0Q
#45925
b11 j
1J
1Q
#45930
0J
0Q
#45935
b100 j
1J
1Q
#45940
0J
0Q
#45945
b101 j
1J
1Q
#45950
0J
0Q
#45955
b110 j
1J
1Q
#45960
0J
0Q
#45965
b111 j
1J
1Q
#45970
0J
0Q
#45975
b1000 j
1J
1Q
#45980
0J
0Q
#45985
b1001 j
1J
1Q
#45990
0J
0Q
#45995
b1010 j
1J
1Q
#46000
0J
0Q
#46005
b1011 j
1J
1Q
#46010
0J
0Q
#46015
b1100 j
1J
1Q
#46020
0J
0Q
#46025
b1101 j
1J
1Q
1O
#46026
0T
#46030
0J
0Q
#46035
b10 f
b1110 j
1J
1Q
#46036
x`
0_
0\
0[
0Y
0X
xW
1V
xU
1^
#46040
0J
0Q
#46045
b0 j
b101 k
b1111101 l
b1111101 q
b1111101 u
bx f
1J
1Q
#46046
x_
x\
x[
xY
xX
xV
x^
x]
b1111101 i
b1111101 s
b1111101 w
1h
#46047
0h
#46050
0J
0Q
#46055
b0 f
b1111101 m
b10111110 l
b10111110 q
b10111110 u
b110 k
1J
1Q
#46056
1`
1_
1[
1X
0W
0V
0U
0^
1]
b10111110 i
b10111110 s
b10111110 w
#46060
0J
0Q
#46065
1J
1Q
#46070
0J
0Q
#46075
1J
1Q
#46080
0J
0Q
#46085
1J
1Q
#46090
0J
0Q
#46095
1J
1Q
#46100
0J
0Q
#46105
1J
1Q
#46110
0J
0Q
#46115
1J
1Q
#46120
0J
0Q
#46125
1J
1Q
#46130
0J
0Q
#46135
1J
1Q
#46140
0J
0Q
#46145
1J
1Q
#46150
0J
0Q
#46155
1J
1Q
#46160
0J
0Q
#46165
1J
1Q
#46170
0J
0Q
#46175
1J
1Q
#46180
0J
0Q
#46185
1J
1Q
#46190
0J
0Q
#46195
1J
1Q
#46200
0J
0Q
#46205
1J
1Q
#46210
0J
0Q
#46215
1J
1Q
#46220
0J
0Q
#46225
1J
1Q
0O
b11 ""
b11 !"
#46226
1T
#46230
0J
0Q
#46235
b1 f
1J
1Q
#46236
0`
#46240
0J
0Q
#46245
b1 j
1J
1Q
#46250
0J
0Q
#46255
b10 j
1J
1Q
1O
#46256
0T
#46260
0J
0Q
#46265
b11 j
b10 f
1J
1Q
#46266
x`
0_
0\
0[
0Y
0X
xW
1V
xU
1^
#46270
0J
0Q
#46275
bx f
b11011111 l
b11011111 q
b11011111 u
b111 k
b0 j
1J
1Q
#46276
x_
x\
x[
xY
xX
xV
x^
x]
b11011111 i
b11011111 s
b11011111 w
#46280
0J
0Q
#46285
b0 k
b11101111 l
b11101111 q
b11101111 u
b11011111 m
b0 f
1J
1Q
#46286
1`
1_
1[
1X
0W
0V
0U
0^
1]
b11101111 i
b11101111 s
b11101111 w
#46290
0J
0Q
#46295
1J
1Q
#46300
0J
0Q
#46305
1J
1Q
#46310
0J
0Q
#46315
1J
1Q
#46320
0J
0Q
#46325
1J
1Q
#46330
0J
0Q
#46335
1J
1Q
#46340
0J
0Q
#46345
1J
1Q
#46350
0J
0Q
#46355
1J
1Q
#46360
0J
0Q
#46365
1J
1Q
#46370
0J
0Q
#46375
1J
1Q
#46380
0J
0Q
#46385
1J
1Q
#46390
0J
0Q
#46395
1J
1Q
#46400
0J
0Q
#46405
1J
1Q
#46410
0J
0Q
#46415
1J
1Q
#46420
0J
0Q
#46425
1J
1Q
#46430
0J
0Q
#46435
1J
1Q
#46440
0J
0Q
#46445
1J
1Q
#46450
0J
0Q
#46455
1J
1Q
0O
b100 ""
b100 !"
#46456
1T
#46460
0J
0Q
#46465
b1 f
1J
1Q
#46466
0`
#46470
0J
0Q
#46475
b1 j
1J
1Q
#46480
0J
0Q
#46485
b10 j
1J
1Q
#46490
0J
0Q
#46495
b11 j
1J
1Q
1O
#46496
0T
#46500
0J
0Q
#46505
b100 j
b10 f
1J
1Q
#46506
x`
0_
0\
0[
0Y
0X
xW
1V
xU
1^
#46510
0J
0Q
#46515
bx f
b11110111 l
b11110111 q
b11110111 u
b1 k
b0 j
1J
1Q
#46516
x_
x\
x[
xY
xX
xV
x^
x]
b11110111 i
b11110111 s
b11110111 w
#46520
0J
0Q
#46525
b10 k
b11111011 l
b11111011 q
b11111011 u
b11110111 m
b0 f
1J
1Q
#46526
1`
1_
1[
1X
0W
0V
0U
0^
1]
b11111011 i
b11111011 s
b11111011 w
#46530
0J
0Q
#46535
1J
1Q
#46540
0J
0Q
#46545
1J
1Q
#46550
0J
0Q
#46555
1J
1Q
#46560
0J
0Q
#46565
1J
1Q
#46570
0J
0Q
#46575
1J
1Q
#46580
0J
0Q
#46585
1J
1Q
#46590
0J
0Q
#46595
1J
1Q
#46600
0J
0Q
#46605
1J
1Q
#46610
0J
0Q
#46615
1J
1Q
#46620
0J
0Q
#46625
1J
1Q
#46630
0J
0Q
#46635
1J
1Q
#46640
0J
0Q
#46645
1J
1Q
#46650
0J
0Q
#46655
1J
1Q
#46660
0J
0Q
#46665
1J
1Q
#46670
0J
0Q
#46675
1J
1Q
#46680
0J
0Q
#46685
1J
1Q
#46690
0J
0Q
#46695
1J
1Q
0O
b1100 ""
b101 !"
#46696
1T
#46700
0J
0Q
#46705
b1 f
1J
1Q
#46706
0`
#46710
0J
0Q
#46715
b1 j
1J
1Q
#46720
0J
0Q
#46725
b10 j
1J
1Q
#46730
0J
0Q
#46735
b11 j
1J
1Q
#46740
0J
0Q
#46745
b100 j
1J
1Q
#46750
0J
0Q
#46755
b101 j
1J
1Q
#46760
0J
0Q
#46765
b110 j
1J
1Q
#46770
0J
0Q
#46775
b111 j
1J
1Q
#46780
0J
0Q
#46785
b1000 j
1J
1Q
#46790
0J
0Q
#46795
b1001 j
1J
1Q
#46800
0J
0Q
#46805
b1010 j
1J
1Q
#46810
0J
0Q
#46815
b1011 j
1J
1Q
1O
#46816
0T
#46820
0J
0Q
#46825
b1100 j
b10 f
1J
1Q
#46826
x`
0_
0\
0[
0Y
0X
xW
1V
xU
1^
#46830
0J
0Q
#46835
bx f
b1111101 l
b1111101 q
b1111101 u
b11 k
b0 j
1J
1Q
#46836
x_
x\
x[
xY
xX
xV
x^
x]
b1111101 i
b1111101 s
b1111101 w
1h
#46837
0h
#46840
0J
0Q
#46845
b100 k
b10111110 l
b10111110 q
b10111110 u
b1111101 m
b0 f
1J
1Q
#46846
1`
1_
1[
1X
0W
0V
0U
0^
1]
b10111110 i
b10111110 s
b10111110 w
#46850
0J
0Q
#46855
1J
1Q
#46860
0J
0Q
#46865
1J
1Q
#46870
0J
0Q
#46875
1J
1Q
#46880
0J
0Q
#46885
1J
1Q
#46890
0J
0Q
#46895
1J
1Q
#46900
0J
0Q
#46905
1J
1Q
#46910
0J
0Q
#46915
1J
1Q
#46920
0J
0Q
#46925
1J
1Q
#46930
0J
0Q
#46935
1J
1Q
#46940
0J
0Q
#46945
1J
1Q
#46950
0J
0Q
#46955
1J
1Q
#46960
0J
0Q
#46965
1J
1Q
#46970
0J
0Q
#46975
1J
1Q
#46980
0J
0Q
#46985
1J
1Q
#46990
0J
0Q
#46995
1J
1Q
#47000
0J
0Q
#47005
1J
1Q
#47010
0J
0Q
#47015
1J
1Q
0O
b110 ""
b110 !"
#47016
1T
#47020
0J
0Q
#47025
b1 f
1J
1Q
#47026
0`
#47030
0J
0Q
#47035
b1 j
1J
1Q
#47040
0J
0Q
#47045
b10 j
1J
1Q
#47050
0J
0Q
#47055
b11 j
1J
1Q
#47060
0J
0Q
#47065
b100 j
1J
1Q
#47070
0J
0Q
#47075
b101 j
1J
1Q
1O
#47076
0T
#47080
0J
0Q
#47085
b110 j
b10 f
1J
1Q
#47086
x`
0_
0\
0[
0Y
0X
xW
1V
xU
1^
#47090
0J
0Q
#47095
bx f
b11011111 l
b11011111 q
b11011111 u
b101 k
b0 j
1J
1Q
#47096
x_
x\
x[
xY
xX
xV
x^
x]
b11011111 i
b11011111 s
b11011111 w
#47100
0J
0Q
#47105
b110 k
b11101111 l
b11101111 q
b11101111 u
b11011111 m
b0 f
1J
1Q
#47106
1`
1_
1[
1X
0W
0V
0U
0^
1]
b11101111 i
b11101111 s
b11101111 w
#47110
0J
0Q
#47115
1J
1Q
#47120
0J
0Q
#47125
1J
1Q
#47130
0J
0Q
#47135
1J
1Q
#47140
0J
0Q
#47145
1J
1Q
#47150
0J
0Q
#47155
1J
1Q
#47160
0J
0Q
#47165
1J
1Q
#47170
0J
0Q
#47175
1J
1Q
#47180
0J
0Q
#47185
1J
1Q
#47190
0J
0Q
#47195
1J
1Q
#47200
0J
0Q
#47205
1J
1Q
#47210
0J
0Q
#47215
1J
1Q
#47220
0J
0Q
#47225
1J
1Q
#47230
0J
0Q
#47235
1J
1Q
#47240
0J
0Q
#47245
1J
1Q
#47250
0J
0Q
#47255
1J
1Q
#47260
0J
0Q
#47265
1J
1Q
#47270
0J
0Q
#47275
1J
1Q
0O
b1110 ""
b111 !"
#47276
1T
#47280
0J
0Q
#47285
b1 f
1J
1Q
#47286
0`
#47290
0J
0Q
#47295
b1 j
1J
1Q
#47300
0J
0Q
#47305
b10 j
1J
1Q
#47310
0J
0Q
#47315
b11 j
1J
1Q
#47320
0J
0Q
#47325
b100 j
1J
1Q
#47330
0J
0Q
#47335
b101 j
1J
1Q
#47340
0J
0Q
#47345
b110 j
1J
1Q
#47350
0J
0Q
#47355
b111 j
1J
1Q
#47360
0J
0Q
#47365
b1000 j
1J
1Q
#47370
0J
0Q
#47375
b1001 j
1J
1Q
#47380
0J
0Q
#47385
b1010 j
1J
1Q
#47390
0J
0Q
#47395
b1011 j
1J
1Q
#47400
0J
0Q
#47405
b1100 j
1J
1Q
#47410
0J
0Q
#47415
b1101 j
1J
1Q
1O
#47416
0T
#47420
0J
0Q
#47425
b1110 j
b10 f
1J
1Q
#47426
x`
0_
0\
0[
0Y
0X
xW
1V
xU
1^
#47430
0J
0Q
#47435
bx f
b1110111 l
b1110111 q
b1110111 u
b111 k
b0 j
1J
1Q
#47436
x_
x\
x[
xY
xX
xV
x^
x]
b1110111 i
b1110111 s
b1110111 w
1h
#47437
0h
#47440
0J
0Q
#47445
b0 k
b10111011 l
b10111011 q
b10111011 u
b1110111 m
b0 f
1J
1Q
#47446
1`
1_
1[
1X
0W
0V
0U
0^
1]
b10111011 i
b10111011 s
b10111011 w
#47450
0J
0Q
#47455
1J
1Q
#47460
0J
0Q
#47465
1J
1Q
#47470
0J
0Q
#47475
1J
1Q
#47480
0J
0Q
#47485
1J
1Q
#47490
0J
0Q
#47495
1J
1Q
#47500
0J
0Q
#47505
1J
1Q
#47510
0J
0Q
#47515
1J
1Q
#47520
0J
0Q
#47525
1J
1Q
#47530
0J
0Q
#47535
1J
1Q
#47540
0J
0Q
#47545
1J
1Q
#47550
0J
0Q
#47555
1J
1Q
#47560
0J
0Q
#47565
1J
1Q
#47570
0J
0Q
#47575
1J
1Q
#47580
0J
0Q
#47585
1J
1Q
#47590
0J
0Q
#47595
1J
1Q
#47600
0J
0Q
#47605
1J
1Q
#47610
0J
0Q
#47615
1J
1Q
0O
b1011 ""
b111100 #"
b10110 $"
b0 !"
#47616
1T
#47620
0J
0Q
#47625
b1 f
1J
1Q
#47626
0`
#47630
0J
0Q
#47635
b1 j
1J
1Q
#47640
0J
0Q
#47645
b10 j
1J
1Q
#47650
0J
0Q
#47655
b11 j
1J
1Q
#47660
0J
0Q
#47665
b100 j
1J
1Q
#47670
0J
0Q
#47675
b101 j
1J
1Q
#47680
0J
0Q
#47685
b110 j
1J
1Q
#47690
0J
0Q
#47695
b111 j
1J
1Q
#47700
0J
0Q
#47705
b1000 j
1J
1Q
#47710
0J
0Q
#47715
b1001 j
1J
1Q
#47720
0J
0Q
#47725
b1010 j
1J
1Q
1O
#47726
0T
#47730
0J
0Q
#47735
b10 f
b1011 j
1J
1Q
#47736
x`
0_
0\
0[
0Y
0X
xW
1V
xU
1^
#47740
0J
0Q
#47745
b0 j
b1 k
b1011101 l
b1011101 q
b1011101 u
bx f
1J
1Q
#47746
x_
x\
x[
xY
xX
xV
x^
x]
b1011101 i
b1011101 s
b1011101 w
1h
#47747
0h
#47750
0J
0Q
#47755
b0 f
b1011101 m
b10101110 l
b10101110 q
b10101110 u
b10 k
1J
1Q
#47756
1`
1_
1[
1X
0W
0V
0U
0^
1]
b10101110 i
b10101110 s
b10101110 w
#47760
0J
0Q
#47765
1J
1Q
#47770
0J
0Q
#47775
1J
1Q
#47780
0J
0Q
#47785
1J
1Q
#47790
0J
0Q
#47795
1J
1Q
#47800
0J
0Q
#47805
1J
1Q
#47810
0J
0Q
#47815
1J
1Q
#47820
0J
0Q
#47825
1J
1Q
#47830
0J
0Q
#47835
1J
1Q
#47840
0J
0Q
#47845
1J
1Q
#47850
0J
0Q
#47855
1J
1Q
#47860
0J
0Q
#47865
1J
1Q
#47870
0J
0Q
#47875
1J
1Q
#47880
0J
0Q
#47885
1J
1Q
#47890
0J
0Q
#47895
1J
1Q
#47900
0J
0Q
#47905
1J
1Q
#47910
0J
0Q
#47915
1J
1Q
#47920
0J
0Q
#47925
1J
1Q
0O
b1100 ""
b1 !"
#47926
1T
#47930
0J
0Q
#47935
b1 f
1J
1Q
#47936
0`
#47940
0J
0Q
#47945
b1 j
1J
1Q
#47950
0J
0Q
#47955
b10 j
1J
1Q
#47960
0J
0Q
#47965
b11 j
1J
1Q
#47970
0J
0Q
#47975
b100 j
1J
1Q
#47980
0J
0Q
#47985
b101 j
1J
1Q
#47990
0J
0Q
#47995
b110 j
1J
1Q
#48000
0J
0Q
#48005
b111 j
1J
1Q
#48010
0J
0Q
#48015
b1000 j
1J
1Q
#48020
0J
0Q
#48025
b1001 j
1J
1Q
#48030
0J
0Q
#48035
b1010 j
1J
1Q
#48040
0J
0Q
#48045
b1011 j
1J
1Q
1O
#48046
0T
#48050
0J
0Q
#48055
b10 f
b1100 j
1J
1Q
#48056
x`
0_
0\
0[
0Y
0X
xW
1V
xU
1^
#48060
0J
0Q
#48065
b0 j
b11 k
b1010111 l
b1010111 q
b1010111 u
bx f
1J
1Q
#48066
x_
x\
x[
xY
xX
xV
x^
x]
b1010111 i
b1010111 s
b1010111 w
1h
#48067
0h
#48070
0J
0Q
#48075
b0 f
b1010111 m
b10101011 l
b10101011 q
b10101011 u
b100 k
1J
1Q
#48076
1`
1_
1[
1X
0W
0V
0U
0^
1]
b10101011 i
b10101011 s
b10101011 w
#48080
0J
0Q
#48085
1J
1Q
#48090
0J
0Q
#48095
1J
1Q
#48100
0J
0Q
#48105
1J
1Q
#48110
0J
0Q
#48115
1J
1Q
#48120
0J
0Q
#48125
1J
1Q
#48130
0J
0Q
#48135
1J
1Q
#48140
0J
0Q
#48145
1J
1Q
#48150
0J
0Q
#48155
1J
1Q
#48160
0J
0Q
#48165
1J
1Q
#48170
0J
0Q
#48175
1J
1Q
#48180
0J
0Q
#48185
1J
1Q
#48190
0J
0Q
#48195
1J
1Q
#48200
0J
0Q
#48205
1J
1Q
#48210
0J
0Q
#48215
1J
1Q
#48220
0J
0Q
#48225
1J
1Q
#48230
0J
0Q
#48235
1J
1Q
#48240
0J
0Q
#48245
1J
1Q
0O
b100 ""
b10 !"
#48246
1T
#48250
0J
0Q
#48255
b1 f
1J
1Q
#48256
0`
#48260
0J
0Q
#48265
b1 j
1J
1Q
#48270
0J
0Q
#48275
b10 j
1J
1Q
#48280
0J
0Q
#48285
b11 j
1J
1Q
1O
#48286
0T
#48290
0J
0Q
#48295
b10 f
b100 j
1J
1Q
#48296
x`
0_
0\
0[
0Y
0X
xW
1V
xU
1^
#48300
0J
0Q
#48305
b0 j
b101 k
b11010101 l
b11010101 q
b11010101 u
bx f
1J
1Q
#48306
x_
x\
x[
xY
xX
xV
x^
x]
b11010101 i
b11010101 s
b11010101 w
#48310
0J
0Q
#48315
b0 f
b11010101 m
b11101010 l
b11101010 q
b11101010 u
b110 k
1J
1Q
#48316
1`
1_
1[
1X
0W
0V
0U
0^
1]
b11101010 i
b11101010 s
b11101010 w
#48320
0J
0Q
#48325
1J
1Q
#48330
0J
0Q
#48335
1J
1Q
#48340
0J
0Q
#48345
1J
1Q
#48350
0J
0Q
#48355
1J
1Q
#48360
0J
0Q
#48365
1J
1Q
#48370
0J
0Q
#48375
1J
1Q
#48380
0J
0Q
#48385
1J
1Q
#48390
0J
0Q
#48395
1J
1Q
#48400
0J
0Q
#48405
1J
1Q
#48410
0J
0Q
#48415
1J
1Q
#48420
0J
0Q
#48425
1J
1Q
#48430
0J
0Q
#48435
1J
1Q
#48440
0J
0Q
#48445
1J
1Q
#48450
0J
0Q
#48455
1J
1Q
#48460
0J
0Q
#48465
1J
1Q
#48470
0J
0Q
#48475
1J
1Q
#48480
0J
0Q
#48485
1J
1Q
0O
b101 ""
b11 !"
#48486
1T
#48490
0J
0Q
#48495
b1 f
1J
1Q
#48496
0`
#48500
0J
0Q
#48505
b1 j
1J
1Q
#48510
0J
0Q
#48515
b10 j
1J
1Q
#48520
0J
0Q
#48525
b11 j
1J
1Q
#48530
0J
0Q
#48535
b100 j
1J
1Q
1O
#48536
0T
#48540
0J
0Q
#48545
b101 j
b10 f
1J
1Q
#48546
x`
0_
0\
0[
0Y
0X
xW
1V
xU
1^
#48550
0J
0Q
#48555
bx f
b11110101 l
b11110101 q
b11110101 u
b111 k
b0 j
1J
1Q
#48556
x_
x\
x[
xY
xX
xV
x^
x]
b11110101 i
b11110101 s
b11110101 w
#48560
0J
0Q
#48565
b0 k
b11111010 l
b11111010 q
b11111010 u
b11110101 m
b0 f
1J
1Q
#48566
1`
1_
1[
1X
0W
0V
0U
0^
1]
b11111010 i
b11111010 s
b11111010 w
#48570
0J
0Q
#48575
1J
1Q
#48580
0J
0Q
#48585
1J
1Q
#48590
0J
0Q
#48595
1J
1Q
#48600
0J
0Q
#48605
1J
1Q
#48610
0J
0Q
#48615
1J
1Q
#48620
0J
0Q
#48625
1J
1Q
#48630
0J
0Q
#48635
1J
1Q
#48640
0J
0Q
#48645
1J
1Q
#48650
0J
0Q
#48655
1J
1Q
#48660
0J
0Q
#48665
1J
1Q
#48670
0J
0Q
#48675
1J
1Q
#48680
0J
0Q
#48685
1J
1Q
#48690
0J
0Q
#48695
1J
1Q
#48700
0J
0Q
#48705
1J
1Q
#48710
0J
0Q
#48715
1J
1Q
#48720
0J
0Q
#48725
1J
1Q
#48730
0J
0Q
#48735
1J
1Q
0O
b110 ""
b100 !"
#48736
1T
#48740
0J
0Q
#48745
b1 f
1J
1Q
#48746
0`
#48750
0J
0Q
#48755
b1 j
1J
1Q
#48760
0J
0Q
#48765
b10 j
1J
1Q
#48770
0J
0Q
#48775
b11 j
1J
1Q
#48780
0J
0Q
#48785
b100 j
1J
1Q
#48790
0J
0Q
#48795
b101 j
1J
1Q
1O
#48796
0T
#48800
0J
0Q
#48805
b110 j
b10 f
1J
1Q
#48806
x`
0_
0\
0[
0Y
0X
xW
1V
xU
1^
#48810
0J
0Q
#48815
bx f
b11111101 l
b11111101 q
b11111101 u
b1 k
b0 j
1J
1Q
#48816
x_
x\
x[
xY
xX
xV
x^
x]
b11111101 i
b11111101 s
b11111101 w
#48820
0J
0Q
#48825
b10 k
b11111110 l
b11111110 q
b11111110 u
b11111101 m
b0 f
1J
1Q
#48826
1`
1_
1[
1X
0W
0V
0U
0^
1]
b11111110 i
b11111110 s
b11111110 w
#48830
0J
0Q
#48835
1J
1Q
#48840
0J
0Q
#48845
1J
1Q
#48850
0J
0Q
#48855
1J
1Q
#48860
0J
0Q
#48865
1J
1Q
#48870
0J
0Q
#48875
1J
1Q
#48880
0J
0Q
#48885
1J
1Q
#48890
0J
0Q
#48895
1J
1Q
#48900
0J
0Q
#48905
1J
1Q
#48910
0J
0Q
#48915
1J
1Q
#48920
0J
0Q
#48925
1J
1Q
#48930
0J
0Q
#48935
1J
1Q
#48940
0J
0Q
#48945
1J
1Q
#48950
0J
0Q
#48955
1J
1Q
#48960
0J
0Q
#48965
1J
1Q
#48970
0J
0Q
#48975
1J
1Q
#48980
0J
0Q
#48985
1J
1Q
#48990
0J
0Q
#48995
1J
1Q
0O
b111 ""
b101 !"
#48996
1T
#49000
0J
0Q
#49005
b1 f
1J
1Q
#49006
0`
#49010
0J
0Q
#49015
b1 j
1J
1Q
#49020
0J
0Q
#49025
b10 j
1J
1Q
#49030
0J
0Q
#49035
b11 j
1J
1Q
#49040
0J
0Q
#49045
b100 j
1J
1Q
#49050
0J
0Q
#49055
b101 j
1J
1Q
#49060
0J
0Q
#49065
b110 j
1J
1Q
1O
#49066
0T
#49070
0J
0Q
#49075
b10 f
b111 j
1J
1Q
#49076
x`
0_
0\
0[
0Y
0X
xW
1V
xU
1^
#49080
0J
0Q
#49085
b0 j
b11 k
b11111111 l
b11111111 q
b11111111 u
bx f
1J
1Q
#49086
x_
x\
x[
xY
xX
xV
x^
x]
b11111111 i
b11111111 s
b11111111 w
#49090
0J
0Q
#49095
b0 f
b11111111 m
b100 k
1J
1Q
#49096
1`
1_
1[
1X
0W
0V
0U
0^
1]
#49100
0J
0Q
#49105
1J
1Q
#49110
0J
0Q
#49115
1J
1Q
#49120
0J
0Q
#49125
1J
1Q
#49130
0J
0Q
#49135
1J
1Q
#49140
0J
0Q
#49145
1J
1Q
#49150
0J
0Q
#49155
1J
1Q
#49160
0J
0Q
#49165
1J
1Q
#49170
0J
0Q
#49175
1J
1Q
#49180
0J
0Q
#49185
1J
1Q
#49190
0J
0Q
#49195
1J
1Q
#49200
0J
0Q
#49205
1J
1Q
#49210
0J
0Q
#49215
1J
1Q
#49220
0J
0Q
#49225
1J
1Q
#49230
0J
0Q
#49235
1J
1Q
#49240
0J
0Q
#49245
1J
1Q
#49250
0J
0Q
#49255
1J
1Q
#49260
0J
0Q
#49265
1J
1Q
0O
b1100 ""
b110 !"
#49266
1T
#49270
0J
0Q
#49275
b1 f
1J
1Q
#49276
0`
#49280
0J
0Q
#49285
b1 j
1J
1Q
#49290
0J
0Q
#49295
b10 j
1J
1Q
#49300
0J
0Q
#49305
b11 j
1J
1Q
#49310
0J
0Q
#49315
b100 j
1J
1Q
#49320
0J
0Q
#49325
b101 j
1J
1Q
#49330
0J
0Q
#49335
b110 j
1J
1Q
#49340
0J
0Q
#49345
b111 j
1J
1Q
#49350
0J
0Q
#49355
b1000 j
1J
1Q
#49360
0J
0Q
#49365
b1001 j
1J
1Q
#49370
0J
0Q
#49375
b1010 j
1J
1Q
#49380
0J
0Q
#49385
b1011 j
1J
1Q
1O
#49386
0T
#49390
0J
0Q
#49395
b10 f
b1100 j
1J
1Q
#49396
x`
0_
0\
0[
0Y
0X
xW
1V
xU
1^
#49400
0J
0Q
#49405
b0 j
b101 k
b1111111 l
b1111111 q
b1111111 u
bx f
1J
1Q
#49406
x_
x\
x[
xY
xX
xV
x^
x]
b1111111 i
b1111111 s
b1111111 w
1h
#49407
0h
#49410
0J
0Q
#49415
b0 f
b1111111 m
b10111111 l
b10111111 q
b10111111 u
b110 k
1J
1Q
#49416
1`
1_
1[
1X
0W
0V
0U
0^
1]
b10111111 i
b10111111 s
b10111111 w
#49420
0J
0Q
#49425
1J
1Q
#49430
0J
0Q
#49435
1J
1Q
#49440
0J
0Q
#49445
1J
1Q
#49450
0J
0Q
#49455
1J
1Q
#49460
0J
0Q
#49465
1J
1Q
#49470
0J
0Q
#49475
1J
1Q
#49480
0J
0Q
#49485
1J
1Q
#49490
0J
0Q
#49495
1J
1Q
#49500
0J
0Q
#49505
1J
1Q
#49510
0J
0Q
#49515
1J
1Q
#49520
0J
0Q
#49525
1J
1Q
#49530
0J
0Q
#49535
1J
1Q
#49540
0J
0Q
#49545
1J
1Q
#49550
0J
0Q
#49555
1J
1Q
#49560
0J
0Q
#49565
1J
1Q
#49570
0J
0Q
#49575
1J
1Q
#49580
0J
0Q
#49585
1J
1Q
0O
b1101 ""
b111 !"
#49586
1T
#49590
0J
0Q
#49595
b1 f
1J
1Q
#49596
0`
#49600
0J
0Q
#49605
b1 j
1J
1Q
#49610
0J
0Q
#49615
b10 j
1J
1Q
#49620
0J
0Q
#49625
b11 j
1J
1Q
#49630
0J
0Q
#49635
b100 j
1J
1Q
#49640
0J
0Q
#49645
b101 j
1J
1Q
#49650
0J
0Q
#49655
b110 j
1J
1Q
#49660
0J
0Q
#49665
b111 j
1J
1Q
#49670
0J
0Q
#49675
b1000 j
1J
1Q
#49680
0J
0Q
#49685
b1001 j
1J
1Q
#49690
0J
0Q
#49695
b1010 j
1J
1Q
#49700
0J
0Q
#49705
b1011 j
1J
1Q
#49710
0J
0Q
#49715
b1100 j
1J
1Q
1O
#49716
0T
#49720
0J
0Q
#49725
b1101 j
b10 f
1J
1Q
#49726
x`
0_
0\
0[
0Y
0X
xW
1V
xU
1^
#49730
0J
0Q
#49735
bx f
b1011111 l
b1011111 q
b1011111 u
b111 k
b0 j
1J
1Q
#49736
x_
x\
x[
xY
xX
xV
x^
x]
b1011111 i
b1011111 s
b1011111 w
1h
#49737
0h
#49740
0J
0Q
#49745
b0 k
b10101111 l
b10101111 q
b10101111 u
b1011111 m
b0 f
1J
1Q
#49746
1`
1_
1[
1X
0W
0V
0U
0^
1]
b10101111 i
b10101111 s
b10101111 w
#49750
0J
0Q
#49755
1J
1Q
#49760
0J
0Q
#49765
1J
1Q
#49770
0J
0Q
#49775
1J
1Q
#49780
0J
0Q
#49785
1J
1Q
#49790
0J
0Q
#49795
1J
1Q
#49800
0J
0Q
#49805
1J
1Q
#49810
0J
0Q
#49815
1J
1Q
#49820
0J
0Q
#49825
1J
1Q
#49830
0J
0Q
#49835
1J
1Q
#49840
0J
0Q
#49845
1J
1Q
#49850
0J
0Q
#49855
1J
1Q
#49860
0J
0Q
#49865
1J
1Q
#49870
0J
0Q
#49875
1J
1Q
#49880
0J
0Q
#49885
1J
1Q
#49890
0J
0Q
#49895
1J
1Q
#49900
0J
0Q
#49905
1J
1Q
#49910
0J
0Q
#49915
1J
1Q
0O
b100 ""
b11101 #"
b10111 $"
b0 !"
#49916
1T
#49920
0J
0Q
#49925
b1 f
1J
1Q
#49926
0`
#49930
0J
0Q
#49935
b1 j
1J
1Q
#49940
0J
0Q
#49945
b10 j
1J
1Q
#49950
0J
0Q
#49955
b11 j
1J
1Q
1O
#49956
0T
#49960
0J
0Q
#49965
b100 j
b10 f
1J
1Q
#49966
x`
0_
0\
0[
0Y
0X
xW
1V
xU
1^
#49970
0J
0Q
#49975
bx f
b11010111 l
b11010111 q
b11010111 u
b1 k
b0 j
1J
1Q
#49976
x_
x\
x[
xY
xX
xV
x^
x]
b11010111 i
b11010111 s
b11010111 w
#49980
0J
0Q
#49985
b10 k
b11101011 l
b11101011 q
b11101011 u
b11010111 m
b0 f
1J
1Q
#49986
1`
1_
1[
1X
0W
0V
0U
0^
1]
b11101011 i
b11101011 s
b11101011 w
#49990
0J
0Q
#49995
1J
1Q
#50000
0J
0Q
#50005
1J
1Q
#50010
0J
0Q
#50015
1J
1Q
#50020
0J
0Q
#50025
1J
1Q
#50030
0J
0Q
#50035
1J
1Q
#50040
0J
0Q
#50045
1J
1Q
#50050
0J
0Q
#50055
1J
1Q
#50060
0J
0Q
#50065
1J
1Q
#50070
0J
0Q
#50075
1J
1Q
#50080
0J
0Q
#50085
1J
1Q
#50090
0J
0Q
#50095
1J
1Q
#50100
0J
0Q
#50105
1J
1Q
#50110
0J
0Q
#50115
1J
1Q
#50120
0J
0Q
#50125
1J
1Q
#50130
0J
0Q
#50135
1J
1Q
#50140
0J
0Q
#50145
1J
1Q
#50150
0J
0Q
#50155
1J
1Q
0O
b1011 ""
b1 !"
#50156
1T
#50160
0J
0Q
#50165
b1 f
1J
1Q
#50166
0`
#50170
0J
0Q
#50175
b1 j
1J
1Q
#50180
0J
0Q
#50185
b10 j
1J
1Q
#50190
0J
0Q
#50195
b11 j
1J
1Q
#50200
0J
0Q
#50205
b100 j
1J
1Q
#50210
0J
0Q
#50215
b101 j
1J
1Q
#50220
0J
0Q
#50225
b110 j
1J
1Q
#50230
0J
0Q
#50235
b111 j
1J
1Q
#50240
0J
0Q
#50245
b1000 j
1J
1Q
#50250
0J
0Q
#50255
b1001 j
1J
1Q
#50260
0J
0Q
#50265
b1010 j
1J
1Q
1O
#50266
0T
#50270
0J
0Q
#50275
b10 f
b1011 j
1J
1Q
#50276
x`
0_
0\
0[
0Y
0X
xW
1V
xU
1^
#50280
0J
0Q
#50285
b0 j
b11 k
b1110101 l
b1110101 q
b1110101 u
bx f
1J
1Q
#50286
x_
x\
x[
xY
xX
xV
x^
x]
b1110101 i
b1110101 s
b1110101 w
1h
#50287
0h
#50290
0J
0Q
#50295
b0 f
b1110101 m
b10111010 l
b10111010 q
b10111010 u
b100 k
1J
1Q
#50296
1`
1_
1[
1X
0W
0V
0U
0^
1]
b10111010 i
b10111010 s
b10111010 w
#50300
0J
0Q
#50305
1J
1Q
#50310
0J
0Q
#50315
1J
1Q
#50320
0J
0Q
#50325
1J
1Q
#50330
0J
0Q
#50335
1J
1Q
#50340
0J
0Q
#50345
1J
1Q
#50350
0J
0Q
#50355
1J
1Q
#50360
0J
0Q
#50365
1J
1Q
#50370
0J
0Q
#50375
1J
1Q
#50380
0J
0Q
#50385
1J
1Q
#50390
0J
0Q
#50395
1J
1Q
#50400
0J
0Q
#50405
1J
1Q
#50410
0J
0Q
#50415
1J
1Q
#50420
0J
0Q
#50425
1J
1Q
#50430
0J
0Q
#50435
1J
1Q
#50440
0J
0Q
#50445
1J
1Q
#50450
0J
0Q
#50455
1J
1Q
#50460
0J
0Q
#50465
1J
1Q
0O
b110 ""
b10 !"
#50466
1T
#50470
0J
0Q
#50475
b1 f
1J
1Q
#50476
0`
#50480
0J
0Q
#50485
b1 j
1J
1Q
#50490
0J
0Q
#50495
b10 j
1J
1Q
#50500
0J
0Q
#50505
b11 j
1J
1Q
#50510
0J
0Q
#50515
b100 j
1J
1Q
#50520
0J
0Q
#50525
b101 j
1J
1Q
1O
#50526
0T
#50530
0J
0Q
#50535
b10 f
b110 j
1J
1Q
#50536
x`
0_
0\
0[
0Y
0X
xW
1V
xU
1^
#50540
0J
0Q
#50545
b0 j
b101 k
b11011101 l
b11011101 q
b11011101 u
bx f
1J
1Q
#50546
x_
x\
x[
xY
xX
xV
x^
x]
b11011101 i
b11011101 s
b11011101 w
#50550
0J
0Q
#50555
b0 f
b11011101 m
b11101110 l
b11101110 q
b11101110 u
b110 k
1J
1Q
#50556
1`
1_
1[
1X
0W
0V
0U
0^
1]
b11101110 i
b11101110 s
b11101110 w
#50560
0J
0Q
#50565
1J
1Q
#50570
0J
0Q
#50575
1J
1Q
#50580
0J
0Q
#50585
1J
1Q
#50590
0J
0Q
#50595
1J
1Q
#50600
0J
0Q
#50605
1J
1Q
#50610
0J
0Q
#50615
1J
1Q
#50620
0J
0Q
#50625
1J
1Q
#50630
0J
0Q
#50635
1J
1Q
#50640
0J
0Q
#50645
1J
1Q
#50650
0J
0Q
#50655
1J
1Q
#50660
0J
0Q
#50665
1J
1Q
#50670
0J
0Q
#50675
1J
1Q
#50680
0J
0Q
#50685
1J
1Q
#50690
0J
0Q
#50695
1J
1Q
#50700
0J
0Q
#50705
1J
1Q
#50710
0J
0Q
#50715
1J
1Q
#50720
0J
0Q
#50725
1J
1Q
0O
b111 ""
b11 !"
#50726
1T
#50730
0J
0Q
#50735
b1 f
1J
1Q
#50736
0`
#50740
0J
0Q
#50745
b1 j
1J
1Q
#50750
0J
0Q
#50755
b10 j
1J
1Q
#50760
0J
0Q
#50765
b11 j
1J
1Q
#50770
0J
0Q
#50775
b100 j
1J
1Q
#50780
0J
0Q
#50785
b101 j
1J
1Q
#50790
0J
0Q
#50795
b110 j
1J
1Q
1O
#50796
0T
#50800
0J
0Q
#50805
b111 j
b10 f
1J
1Q
#50806
x`
0_
0\
0[
0Y
0X
xW
1V
xU
1^
#50810
0J
0Q
#50815
bx f
b11110111 l
b11110111 q
b11110111 u
b111 k
b0 j
1J
1Q
#50816
x_
x\
x[
xY
xX
xV
x^
x]
b11110111 i
b11110111 s
b11110111 w
#50820
0J
0Q
#50825
b0 k
b11111011 l
b11111011 q
b11111011 u
b11110111 m
b0 f
1J
1Q
#50826
1`
1_
1[
1X
0W
0V
0U
0^
1]
b11111011 i
b11111011 s
b11111011 w
#50830
0J
0Q
#50835
1J
1Q
#50840
0J
0Q
#50845
1J
1Q
#50850
0J
0Q
#50855
1J
1Q
#50860
0J
0Q
#50865
1J
1Q
#50870
0J
0Q
#50875
1J
1Q
#50880
0J
0Q
#50885
1J
1Q
#50890
0J
0Q
#50895
1J
1Q
#50900
0J
0Q
#50905
1J
1Q
#50910
0J
0Q
#50915
1J
1Q
#50920
0J
0Q
#50925
1J
1Q
#50930
0J
0Q
#50935
1J
1Q
#50940
0J
0Q
#50945
1J
1Q
#50950
0J
0Q
#50955
1J
1Q
#50960
0J
0Q
#50965
1J
1Q
#50970
0J
0Q
#50975
1J
1Q
#50980
0J
0Q
#50985
1J
1Q
#50990
0J
0Q
#50995
1J
1Q
0O
b10 ""
b100 !"
#50996
1T
#51000
0J
0Q
#51005
b1 f
1J
1Q
#51006
0`
#51010
0J
0Q
#51015
b1 j
1J
1Q
1O
#51016
0T
#51020
0J
0Q
#51025
b10 j
b10 f
1J
1Q
#51026
x`
0_
0\
0[
0Y
0X
xW
1V
xU
1^
#51030
0J
0Q
#51035
bx f
b11111101 l
b11111101 q
b11111101 u
b1 k
b0 j
1J
1Q
#51036
x_
x\
x[
xY
xX
xV
x^
x]
b11111101 i
b11111101 s
b11111101 w
#51040
0J
0Q
#51045
b10 k
b11111110 l
b11111110 q
b11111110 u
b11111101 m
b0 f
1J
1Q
#51046
1`
1_
1[
1X
0W
0V
0U
0^
1]
b11111110 i
b11111110 s
b11111110 w
#51050
0J
0Q
#51055
1J
1Q
#51060
0J
0Q
#51065
1J
1Q
#51070
0J
0Q
#51075
1J
1Q
#51080
0J
0Q
#51085
1J
1Q
#51090
0J
0Q
#51095
1J
1Q
#51100
0J
0Q
#51105
1J
1Q
#51110
0J
0Q
#51115
1J
1Q
#51120
0J
0Q
#51125
1J
1Q
#51130
0J
0Q
#51135
1J
1Q
#51140
0J
0Q
#51145
1J
1Q
#51150
0J
0Q
#51155
1J
1Q
#51160
0J
0Q
#51165
1J
1Q
#51170
0J
0Q
#51175
1J
1Q
#51180
0J
0Q
#51185
1J
1Q
#51190
0J
0Q
#51195
1J
1Q
#51200
0J
0Q
#51205
1J
1Q
#51210
0J
0Q
#51215
1J
1Q
0O
b1111 ""
b101 !"
#51216
1T
#51220
0J
0Q
#51225
b1 f
1J
1Q
#51226
0`
#51230
0J
0Q
#51235
b1 j
1J
1Q
#51240
0J
0Q
#51245
b10 j
1J
1Q
#51250
0J
0Q
#51255
b11 j
1J
1Q
#51260
0J
0Q
#51265
b100 j
1J
1Q
#51270
0J
0Q
#51275
b101 j
1J
1Q
#51280
0J
0Q
#51285
b110 j
1J
1Q
#51290
0J
0Q
#51295
b111 j
1J
1Q
#51300
0J
0Q
#51305
b1000 j
1J
1Q
#51310
0J
0Q
#51315
b1001 j
1J
1Q
#51320
0J
0Q
#51325
b1010 j
1J
1Q
#51330
0J
0Q
#51335
b1011 j
1J
1Q
#51340
0J
0Q
#51345
b1100 j
1J
1Q
#51350
0J
0Q
#51355
b1101 j
1J
1Q
#51360
0J
0Q
#51365
b1110 j
1J
1Q
1O
#51366
0T
#51370
0J
0Q
#51375
b10 f
b1111 j
1J
1Q
#51376
x`
0_
0\
0[
0Y
0X
xW
1V
xU
1^
#51380
0J
0Q
#51385
b0 j
b11 k
b1111111 l
b1111111 q
b1111111 u
bx f
1J
1Q
#51386
x_
x\
x[
xY
xX
xV
x^
x]
b1111111 i
b1111111 s
b1111111 w
1h
#51387
0h
#51390
0J
0Q
#51395
b0 f
b1111111 m
b10111111 l
b10111111 q
b10111111 u
b100 k
1J
1Q
#51396
1`
1_
1[
1X
0W
0V
0U
0^
1]
b10111111 i
b10111111 s
b10111111 w
#51400
0J
0Q
#51405
1J
1Q
#51410
0J
0Q
#51415
1J
1Q
#51420
0J
0Q
#51425
1J
1Q
#51430
0J
0Q
#51435
1J
1Q
#51440
0J
0Q
#51445
1J
1Q
#51450
0J
0Q
#51455
1J
1Q
#51460
0J
0Q
#51465
1J
1Q
#51470
0J
0Q
#51475
1J
1Q
#51480
0J
0Q
#51485
1J
1Q
#51490
0J
0Q
#51495
1J
1Q
#51500
0J
0Q
#51505
1J
1Q
#51510
0J
0Q
#51515
1J
1Q
#51520
0J
0Q
#51525
1J
1Q
#51530
0J
0Q
#51535
1J
1Q
#51540
0J
0Q
#51545
1J
1Q
#51550
0J
0Q
#51555
1J
1Q
#51560
0J
0Q
#51565
1J
1Q
0O
b1011 ""
b110 !"
#51566
1T
#51570
0J
0Q
#51575
b1 f
1J
1Q
#51576
0`
#51580
0J
0Q
#51585
b1 j
1J
1Q
#51590
0J
0Q
#51595
b10 j
1J
1Q
#51600
0J
0Q
#51605
b11 j
1J
1Q
#51610
0J
0Q
#51615
b100 j
1J
1Q
#51620
0J
0Q
#51625
b101 j
1J
1Q
#51630
0J
0Q
#51635
b110 j
1J
1Q
#51640
0J
0Q
#51645
b111 j
1J
1Q
#51650
0J
0Q
#51655
b1000 j
1J
1Q
#51660
0J
0Q
#51665
b1001 j
1J
1Q
#51670
0J
0Q
#51675
b1010 j
1J
1Q
1O
#51676
0T
#51680
0J
0Q
#51685
b1011 j
b10 f
1J
1Q
#51686
x`
0_
0\
0[
0Y
0X
xW
1V
xU
1^
#51690
0J
0Q
#51695
bx f
b1011111 l
b1011111 q
b1011111 u
b101 k
b0 j
1J
1Q
#51696
x_
x\
x[
xY
xX
xV
x^
x]
b1011111 i
b1011111 s
b1011111 w
1h
#51697
0h
#51700
0J
0Q
#51705
b110 k
b10101111 l
b10101111 q
b10101111 u
b1011111 m
b0 f
1J
1Q
#51706
1`
1_
1[
1X
0W
0V
0U
0^
1]
b10101111 i
b10101111 s
b10101111 w
#51710
0J
0Q
#51715
1J
1Q
#51720
0J
0Q
#51725
1J
1Q
#51730
0J
0Q
#51735
1J
1Q
#51740
0J
0Q
#51745
1J
1Q
#51750
0J
0Q
#51755
1J
1Q
#51760
0J
0Q
#51765
1J
1Q
#51770
0J
0Q
#51775
1J
1Q
#51780
0J
0Q
#51785
1J
1Q
#51790
0J
0Q
#51795
1J
1Q
#51800
0J
0Q
#51805
1J
1Q
#51810
0J
0Q
#51815
1J
1Q
#51820
0J
0Q
#51825
1J
1Q
#51830
0J
0Q
#51835
1J
1Q
#51840
0J
0Q
#51845
1J
1Q
#51850
0J
0Q
#51855
1J
1Q
#51860
0J
0Q
#51865
1J
1Q
#51870
0J
0Q
#51875
1J
1Q
0O
b1100 ""
b111 !"
#51876
1T
#51880
0J
0Q
#51885
b1 f
1J
1Q
#51886
0`
#51890
0J
0Q
#51895
b1 j
1J
1Q
#51900
0J
0Q
#51905
b10 j
1J
1Q
#51910
0J
0Q
#51915
b11 j
1J
1Q
#51920
0J
0Q
#51925
b100 j
1J
1Q
#51930
0J
0Q
#51935
b101 j
1J
1Q
#51940
0J
0Q
#51945
b110 j
1J
1Q
#51950
0J
0Q
#51955
b111 j
1J
1Q
#51960
0J
0Q
#51965
b1000 j
1J
1Q
#51970
0J
0Q
#51975
b1001 j
1J
1Q
#51980
0J
0Q
#51985
b1010 j
1J
1Q
#51990
0J
0Q
#51995
b1011 j
1J
1Q
1O
#51996
0T
#52000
0J
0Q
#52005
b1100 j
b10 f
1J
1Q
#52006
x`
0_
0\
0[
0Y
0X
xW
1V
xU
1^
#52010
0J
0Q
#52015
bx f
b1010111 l
b1010111 q
b1010111 u
b111 k
b0 j
1J
1Q
#52016
x_
x\
x[
xY
xX
xV
x^
x]
b1010111 i
b1010111 s
b1010111 w
1h
#52017
0h
#52020
0J
0Q
#52025
b0 k
b10101011 l
b10101011 q
b10101011 u
b1010111 m
b0 f
1J
1Q
#52026
1`
1_
1[
1X
0W
0V
0U
0^
1]
b10101011 i
b10101011 s
b10101011 w
#52030
0J
0Q
#52035
1J
1Q
#52040
0J
0Q
#52045
1J
1Q
#52050
0J
0Q
#52055
1J
1Q
#52060
0J
0Q
#52065
1J
1Q
#52070
0J
0Q
#52075
1J
1Q
#52080
0J
0Q
#52085
1J
1Q
#52090
0J
0Q
#52095
1J
1Q
#52100
0J
0Q
#52105
1J
1Q
#52110
0J
0Q
#52115
1J
1Q
#52120
0J
0Q
#52125
1J
1Q
#52130
0J
0Q
#52135
1J
1Q
#52140
0J
0Q
#52145
1J
1Q
#52150
0J
0Q
#52155
1J
1Q
#52160
0J
0Q
#52165
1J
1Q
#52170
0J
0Q
#52175
1J
1Q
#52180
0J
0Q
#52185
1J
1Q
#52190
0J
0Q
#52195
1J
1Q
0O
b1111 ""
b11111110 #"
b11000 $"
b0 !"
#52196
1T
#52200
0J
0Q
#52205
b1 f
1J
1Q
#52206
0`
#52210
0J
0Q
#52215
b1 j
1J
1Q
#52220
0J
0Q
#52225
b10 j
1J
1Q
#52230
0J
0Q
#52235
b11 j
1J
1Q
#52240
0J
0Q
#52245
b100 j
1J
1Q
#52250
0J
0Q
#52255
b101 j
1J
1Q
#52260
0J
0Q
#52265
b110 j
1J
1Q
#52270
0J
0Q
#52275
b111 j
1J
1Q
#52280
0J
0Q
#52285
b1000 j
1J
1Q
#52290
0J
0Q
#52295
b1001 j
1J
1Q
#52300
0J
0Q
#52305
b1010 j
1J
1Q
#52310
0J
0Q
#52315
b1011 j
1J
1Q
#52320
0J
0Q
#52325
b1100 j
1J
1Q
#52330
0J
0Q
#52335
b1101 j
1J
1Q
#52340
0J
0Q
#52345
b1110 j
1J
1Q
1O
#52346
0T
#52350
0J
0Q
#52355
b10 f
b1111 j
1J
1Q
#52356
x`
0_
0\
0[
0Y
0X
xW
1V
xU
1^
#52360
0J
0Q
#52365
b0 j
b1 k
b1010101 l
b1010101 q
b1010101 u
bx f
1J
1Q
#52366
x_
x\
x[
xY
xX
xV
x^
x]
b1010101 i
b1010101 s
b1010101 w
1h
#52367
0h
#52370
0J
0Q
#52375
b0 f
b1010101 m
b10101010 l
b10101010 q
b10101010 u
b10 k
1J
1Q
#52376
1`
1_
1[
1X
0W
0V
0U
0^
1]
b10101010 i
b10101010 s
b10101010 w
#52380
0J
0Q
#52385
1J
1Q
#52390
0J
0Q
#52395
1J
1Q
#52400
0J
0Q
#52405
1J
1Q
#52410
0J
0Q
#52415
1J
1Q
#52420
0J
0Q
#52425
1J
1Q
#52430
0J
0Q
#52435
1J
1Q
#52440
0J
0Q
#52445
1J
1Q
#52450
0J
0Q
#52455
1J
1Q
#52460
0J
0Q
#52465
1J
1Q
#52470
0J
0Q
#52475
1J
1Q
#52480
0J
0Q
#52485
1J
1Q
#52490
0J
0Q
#52495
1J
1Q
#52500
0J
0Q
#52505
1J
1Q
#52510
0J
0Q
#52515
1J
1Q
#52520
0J
0Q
#52525
1J
1Q
#52530
0J
0Q
#52535
1J
1Q
#52540
0J
0Q
#52545
1J
1Q
0O
b101 ""
b1 !"
#52546
1T
#52550
0J
0Q
#52555
b1 f
1J
1Q
#52556
0`
#52560
0J
0Q
#52565
b1 j
1J
1Q
#52570
0J
0Q
#52575
b10 j
1J
1Q
#52580
0J
0Q
#52585
b11 j
1J
1Q
#52590
0J
0Q
#52595
b100 j
1J
1Q
1O
#52596
0T
#52600
0J
0Q
#52605
b101 j
b10 f
1J
1Q
#52606
x`
0_
0\
0[
0Y
0X
xW
1V
xU
1^
#52610
0J
0Q
#52615
bx f
b11010101 l
b11010101 q
b11010101 u
b11 k
b0 j
1J
1Q
#52616
x_
x\
x[
xY
xX
xV
x^
x]
b11010101 i
b11010101 s
b11010101 w
#52620
0J
0Q
#52625
b100 k
b11101010 l
b11101010 q
b11101010 u
b11010101 m
b0 f
1J
1Q
#52626
1`
1_
1[
1X
0W
0V
0U
0^
1]
b11101010 i
b11101010 s
b11101010 w
#52630
0J
0Q
#52635
1J
1Q
#52640
0J
0Q
#52645
1J
1Q
#52650
0J
0Q
#52655
1J
1Q
#52660
0J
0Q
#52665
1J
1Q
#52670
0J
0Q
#52675
1J
1Q
#52680
0J
0Q
#52685
1J
1Q
#52690
0J
0Q
#52695
1J
1Q
#52700
0J
0Q
#52705
1J
1Q
#52710
0J
0Q
#52715
1J
1Q
#52720
0J
0Q
#52725
1J
1Q
#52730
0J
0Q
#52735
1J
1Q
#52740
0J
0Q
#52745
1J
1Q
#52750
0J
0Q
#52755
1J
1Q
#52760
0J
0Q
#52765
1J
1Q
#52770
0J
0Q
#52775
1J
1Q
#52780
0J
0Q
#52785
1J
1Q
#52790
0J
0Q
#52795
1J
1Q
0O
b110 ""
b10 !"
#52796
1T
#52800
0J
0Q
#52805
b1 f
1J
1Q
#52806
0`
#52810
0J
0Q
#52815
b1 j
1J
1Q
#52820
0J
0Q
#52825
b10 j
1J
1Q
#52830
0J
0Q
#52835
b11 j
1J
1Q
#52840
0J
0Q
#52845
b100 j
1J
1Q
#52850
0J
0Q
#52855
b101 j
1J
1Q
1O
#52856
0T
#52860
0J
0Q
#52865
b110 j
b10 f
1J
1Q
#52866
x`
0_
0\
0[
0Y
0X
xW
1V
xU
1^
#52870
0J
0Q
#52875
bx f
b11110101 l
b11110101 q
b11110101 u
b101 k
b0 j
1J
1Q
#52876
x_
x\
x[
xY
xX
xV
x^
x]
b11110101 i
b11110101 s
b11110101 w
#52880
0J
0Q
#52885
b110 k
b11111010 l
b11111010 q
b11111010 u
b11110101 m
b0 f
1J
1Q
#52886
1`
1_
1[
1X
0W
0V
0U
0^
1]
b11111010 i
b11111010 s
b11111010 w
#52890
0J
0Q
#52895
1J
1Q
#52900
0J
0Q
#52905
1J
1Q
#52910
0J
0Q
#52915
1J
1Q
#52920
0J
0Q
#52925
1J
1Q
#52930
0J
0Q
#52935
1J
1Q
#52940
0J
0Q
#52945
1J
1Q
#52950
0J
0Q
#52955
1J
1Q
#52960
0J
0Q
#52965
1J
1Q
#52970
0J
0Q
#52975
1J
1Q
#52980
0J
0Q
#52985
1J
1Q
#52990
0J
0Q
#52995
1J
1Q
#53000
0J
0Q
#53005
1J
1Q
#53010
0J
0Q
#53015
1J
1Q
#53020
0J
0Q
#53025
1J
1Q
#53030
0J
0Q
#53035
1J
1Q
#53040
0J
0Q
#53045
1J
1Q
#53050
0J
0Q
#53055
1J
1Q
0O
b111 ""
b11 !"
#53056
1T
#53060
0J
0Q
#53065
b1 f
1J
1Q
#53066
0`
#53070
0J
0Q
#53075
b1 j
1J
1Q
#53080
0J
0Q
#53085
b10 j
1J
1Q
#53090
0J
0Q
#53095
b11 j
1J
1Q
#53100
0J
0Q
#53105
b100 j
1J
1Q
#53110
0J
0Q
#53115
b101 j
1J
1Q
#53120
0J
0Q
#53125
b110 j
1J
1Q
1O
#53126
0T
#53130
0J
0Q
#53135
b10 f
b111 j
1J
1Q
#53136
x`
0_
0\
0[
0Y
0X
xW
1V
xU
1^
#53140
0J
0Q
#53145
b0 j
b111 k
b11111101 l
b11111101 q
b11111101 u
bx f
1J
1Q
#53146
x_
x\
x[
xY
xX
xV
x^
x]
b11111101 i
b11111101 s
b11111101 w
#53150
0J
0Q
#53155
b0 f
b11111101 m
b11111110 l
b11111110 q
b11111110 u
b0 k
1J
1Q
#53156
1`
1_
1[
1X
0W
0V
0U
0^
1]
b11111110 i
b11111110 s
b11111110 w
#53160
0J
0Q
#53165
1J
1Q
#53170
0J
0Q
#53175
1J
1Q
#53180
0J
0Q
#53185
1J
1Q
#53190
0J
0Q
#53195
1J
1Q
#53200
0J
0Q
#53205
1J
1Q
#53210
0J
0Q
#53215
1J
1Q
#53220
0J
0Q
#53225
1J
1Q
#53230
0J
0Q
#53235
1J
1Q
#53240
0J
0Q
#53245
1J
1Q
#53250
0J
0Q
#53255
1J
1Q
#53260
0J
0Q
#53265
1J
1Q
#53270
0J
0Q
#53275
1J
1Q
#53280
0J
0Q
#53285
1J
1Q
#53290
0J
0Q
#53295
1J
1Q
#53300
0J
0Q
#53305
1J
1Q
#53310
0J
0Q
#53315
1J
1Q
#53320
0J
0Q
#53325
1J
1Q
0O
b10 ""
b100 !"
#53326
1T
#53330
0J
0Q
#53335
b1 f
1J
1Q
#53336
0`
#53340
0J
0Q
#53345
b1 j
1J
1Q
1O
#53346
0T
#53350
0J
0Q
#53355
b10 f
b10 j
1J
1Q
#53356
x`
0_
0\
0[
0Y
0X
xW
1V
xU
1^
#53360
0J
0Q
#53365
b0 j
b1 k
b11111111 l
b11111111 q
b11111111 u
bx f
1J
1Q
#53366
x_
x\
x[
xY
xX
xV
x^
x]
b11111111 i
b11111111 s
b11111111 w
#53370
0J
0Q
#53375
b0 f
b11111111 m
b10 k
1J
1Q
#53376
1`
1_
1[
1X
0W
0V
0U
0^
1]
#53380
0J
0Q
#53385
1J
1Q
#53390
0J
0Q
#53395
1J
1Q
#53400
0J
0Q
#53405
1J
1Q
#53410
0J
0Q
#53415
1J
1Q
#53420
0J
0Q
#53425
1J
1Q
#53430
0J
0Q
#53435
1J
1Q
#53440
0J
0Q
#53445
1J
1Q
#53450
0J
0Q
#53455
1J
1Q
#53460
0J
0Q
#53465
1J
1Q
#53470
0J
0Q
#53475
1J
1Q
#53480
0J
0Q
#53485
1J
1Q
#53490
0J
0Q
#53495
1J
1Q
#53500
0J
0Q
#53505
1J
1Q
#53510
0J
0Q
#53515
1J
1Q
#53520
0J
0Q
#53525
1J
1Q
#53530
0J
0Q
#53535
1J
1Q
#53540
0J
0Q
#53545
1J
1Q
0O
b11 ""
b101 !"
#53546
1T
#53550
0J
0Q
#53555
b1 f
1J
1Q
#53556
0`
#53560
0J
0Q
#53565
b1 j
1J
1Q
#53570
0J
0Q
#53575
b10 j
1J
1Q
1O
#53576
0T
#53580
0J
0Q
#53585
b11 j
b10 f
1J
1Q
#53586
x`
0_
0\
0[
0Y
0X
xW
1V
xU
1^
#53590
0J
0Q
#53595
bx f
b11 k
b0 j
1J
1Q
#53596
x_
x\
x[
xY
xX
xV
x^
x]
#53600
0J
0Q
#53605
b100 k
b0 f
1J
1Q
#53606
1`
1_
1[
1X
0W
0V
0U
0^
1]
#53610
0J
0Q
#53615
1J
1Q
#53620
0J
0Q
#53625
1J
1Q
#53630
0J
0Q
#53635
1J
1Q
#53640
0J
0Q
#53645
1J
1Q
#53650
0J
0Q
#53655
1J
1Q
#53660
0J
0Q
#53665
1J
1Q
#53670
0J
0Q
#53675
1J
1Q
#53680
0J
0Q
#53685
1J
1Q
#53690
0J
0Q
#53695
1J
1Q
#53700
0J
0Q
#53705
1J
1Q
#53710
0J
0Q
#53715
1J
1Q
#53720
0J
0Q
#53725
1J
1Q
#53730
0J
0Q
#53735
1J
1Q
#53740
0J
0Q
#53745
1J
1Q
#53750
0J
0Q
#53755
1J
1Q
#53760
0J
0Q
#53765
1J
1Q
#53770
0J
0Q
#53775
1J
1Q
0O
b100 ""
b110 !"
#53776
1T
#53780
0J
0Q
#53785
b1 f
1J
1Q
#53786
0`
#53790
0J
0Q
#53795
b1 j
1J
1Q
#53800
0J
0Q
#53805
b10 j
1J
1Q
#53810
0J
0Q
#53815
b11 j
1J
1Q
1O
#53816
0T
#53820
0J
0Q
#53825
b100 j
b10 f
1J
1Q
#53826
x`
0_
0\
0[
0Y
0X
xW
1V
xU
1^
#53830
0J
0Q
#53835
bx f
b101 k
b0 j
1J
1Q
#53836
x_
x\
x[
xY
xX
xV
x^
x]
#53840
0J
0Q
#53845
b110 k
b0 f
1J
1Q
#53846
1`
1_
1[
1X
0W
0V
0U
0^
1]
#53850
0J
0Q
#53855
1J
1Q
#53860
0J
0Q
#53865
1J
1Q
#53870
0J
0Q
#53875
1J
1Q
#53880
0J
0Q
#53885
1J
1Q
#53890
0J
0Q
#53895
1J
1Q
#53900
0J
0Q
#53905
1J
1Q
#53910
0J
0Q
#53915
1J
1Q
#53920
0J
0Q
#53925
1J
1Q
#53930
0J
0Q
#53935
1J
1Q
#53940
0J
0Q
#53945
1J
1Q
#53950
0J
0Q
#53955
1J
1Q
#53960
0J
0Q
#53965
1J
1Q
#53970
0J
0Q
#53975
1J
1Q
#53980
0J
0Q
#53985
1J
1Q
#53990
0J
0Q
#53995
1J
1Q
#54000
0J
0Q
#54005
1J
1Q
#54010
0J
0Q
#54015
1J
1Q
0O
b101 ""
b111 !"
#54016
1T
#54020
0J
0Q
#54025
b1 f
1J
1Q
#54026
0`
#54030
0J
0Q
#54035
b1 j
1J
1Q
#54040
0J
0Q
#54045
b10 j
1J
1Q
#54050
0J
0Q
#54055
b11 j
1J
1Q
#54060
0J
0Q
#54065
b100 j
1J
1Q
1O
#54066
0T
#54070
0J
0Q
#54075
b10 f
b101 j
1J
1Q
#54076
x`
0_
0\
0[
0Y
0X
xW
1V
xU
1^
#54080
0J
0Q
#54085
b0 j
b111 k
bx f
1J
1Q
#54086
x_
x\
x[
xY
xX
xV
x^
x]
#54090
0J
0Q
#54095
b0 f
b0 k
1J
1Q
#54096
1`
1_
1[
1X
0W
0V
0U
0^
1]
#54100
0J
0Q
#54105
1J
1Q
#54110
0J
0Q
#54115
1J
1Q
#54120
0J
0Q
#54125
1J
1Q
#54130
0J
0Q
#54135
1J
1Q
#54140
0J
0Q
#54145
1J
1Q
#54150
0J
0Q
#54155
1J
1Q
#54160
0J
0Q
#54165
1J
1Q
#54170
0J
0Q
#54175
1J
1Q
#54180
0J
0Q
#54185
1J
1Q
#54190
0J
0Q
#54195
1J
1Q
#54200
0J
0Q
#54205
1J
1Q
#54210
0J
0Q
#54215
1J
1Q
#54220
0J
0Q
#54225
1J
1Q
#54230
0J
0Q
#54235
1J
1Q
#54240
0J
0Q
#54245
1J
1Q
#54250
0J
0Q
#54255
1J
1Q
#54260
0J
0Q
#54265
1J
1Q
0O
b110 ""
b11011111 #"
b11001 $"
b0 !"
#54266
1T
#54270
0J
0Q
#54275
b1 f
1J
1Q
#54276
0`
#54280
0J
0Q
#54285
b1 j
1J
1Q
#54290
0J
0Q
#54295
b10 j
1J
1Q
#54300
0J
0Q
#54305
b11 j
1J
1Q
#54310
0J
0Q
#54315
b100 j
1J
1Q
#54320
0J
0Q
#54325
b101 j
1J
1Q
1O
#54326
0T
#54330
0J
0Q
#54335
b10 f
b110 j
1J
1Q
#54336
x`
0_
0\
0[
0Y
0X
xW
1V
xU
1^
#54340
0J
0Q
#54345
b0 j
b1 k
bx f
1J
1Q
#54346
x_
x\
x[
xY
xX
xV
x^
x]
#54350
0J
0Q
#54355
b0 f
b10 k
1J
1Q
#54356
1`
1_
1[
1X
0W
0V
0U
0^
1]
#54360
0J
0Q
#54365
1J
1Q
#54370
0J
0Q
#54375
1J
1Q
#54380
0J
0Q
#54385
1J
1Q
#54390
0J
0Q
#54395
1J
1Q
#54400
0J
0Q
#54405
1J
1Q
#54410
0J
0Q
#54415
1J
1Q
#54420
0J
0Q
#54425
1J
1Q
#54430
0J
0Q
#54435
1J
1Q
#54440
0J
0Q
#54445
1J
1Q
#54450
0J
0Q
#54455
1J
1Q
#54460
0J
0Q
#54465
1J
1Q
#54470
0J
0Q
#54475
1J
1Q
#54480
0J
0Q
#54485
1J
1Q
#54490
0J
0Q
#54495
1J
1Q
#54500
0J
0Q
#54505
1J
1Q
#54510
0J
0Q
#54515
1J
1Q
#54520
0J
0Q
#54525
1J
1Q
0O
b111 ""
b1 !"
#54526
1T
#54530
0J
0Q
#54535
b1 f
1J
1Q
#54536
0`
#54540
0J
0Q
#54545
b1 j
1J
1Q
#54550
0J
0Q
#54555
b10 j
1J
1Q
#54560
0J
0Q
#54565
b11 j
1J
1Q
#54570
0J
0Q
#54575
b100 j
1J
1Q
#54580
0J
0Q
#54585
b101 j
1J
1Q
#54590
0J
0Q
#54595
b110 j
1J
1Q
1O
#54596
0T
#54600
0J
0Q
#54605
b111 j
b10 f
1J
1Q
#54606
x`
0_
0\
0[
0Y
0X
xW
1V
xU
1^
#54610
0J
0Q
#54615
bx f
b11 k
b0 j
1J
1Q
#54616
x_
x\
x[
xY
xX
xV
x^
x]
#54620
0J
0Q
#54625
b100 k
b0 f
1J
1Q
#54626
1`
1_
1[
1X
0W
0V
0U
0^
1]
#54630
0J
0Q
#54635
1J
1Q
#54640
0J
0Q
#54645
1J
1Q
#54650
0J
0Q
#54655
1J
1Q
#54660
0J
0Q
#54665
1J
1Q
#54670
0J
0Q
#54675
1J
1Q
#54680
0J
0Q
#54685
1J
1Q
#54690
0J
0Q
#54695
1J
1Q
#54700
0J
0Q
#54705
1J
1Q
#54710
0J
0Q
#54715
1J
1Q
#54720
0J
0Q
#54725
1J
1Q
#54730
0J
0Q
#54735
1J
1Q
#54740
0J
0Q
#54745
1J
1Q
#54750
0J
0Q
#54755
1J
1Q
#54760
0J
0Q
#54765
1J
1Q
#54770
0J
0Q
#54775
1J
1Q
#54780
0J
0Q
#54785
1J
1Q
#54790
0J
0Q
#54795
1J
1Q
0O
b10 ""
b10 !"
#54796
1T
#54800
0J
0Q
#54805
b1 f
1J
1Q
#54806
0`
#54810
0J
0Q
#54815
b1 j
1J
1Q
1O
#54816
0T
#54820
0J
0Q
#54825
b10 j
b10 f
1J
1Q
#54826
x`
0_
0\
0[
0Y
0X
xW
1V
xU
1^
#54830
0J
0Q
#54835
bx f
b101 k
b0 j
1J
1Q
#54836
x_
x\
x[
xY
xX
xV
x^
x]
#54840
0J
0Q
#54845
b110 k
b0 f
1J
1Q
#54846
1`
1_
1[
1X
0W
0V
0U
0^
1]
#54850
0J
0Q
#54855
1J
1Q
#54860
0J
0Q
#54865
1J
1Q
#54870
0J
0Q
#54875
1J
1Q
#54880
0J
0Q
#54885
1J
1Q
#54890
0J
0Q
#54895
1J
1Q
#54900
0J
0Q
#54905
1J
1Q
#54910
0J
0Q
#54915
1J
1Q
#54920
0J
0Q
#54925
1J
1Q
#54930
0J
0Q
#54935
1J
1Q
#54940
0J
0Q
#54945
1J
1Q
#54950
0J
0Q
#54955
1J
1Q
#54960
0J
0Q
#54965
1J
1Q
#54970
0J
0Q
#54975
1J
1Q
#54980
0J
0Q
#54985
1J
1Q
#54990
0J
0Q
#54995
1J
1Q
#55000
0J
0Q
#55005
1J
1Q
#55010
0J
0Q
#55015
1J
1Q
0O
b11 ""
b11 !"
#55016
1T
#55020
0J
0Q
#55025
b1 f
1J
1Q
#55026
0`
#55030
0J
0Q
#55035
b1 j
1J
1Q
#55040
0J
0Q
#55045
b10 j
1J
1Q
1O
#55046
0T
#55050
0J
0Q
#55055
b10 f
b11 j
1J
1Q
#55056
x`
0_
0\
0[
0Y
0X
xW
1V
xU
1^
#55060
0J
0Q
#55065
b0 j
b111 k
bx f
1J
1Q
#55066
x_
x\
x[
xY
xX
xV
x^
x]
#55070
0J
0Q
#55075
b0 f
b0 k
1J
1Q
#55076
1`
1_
1[
1X
0W
0V
0U
0^
1]
#55080
0J
0Q
#55085
1J
1Q
#55090
0J
0Q
#55095
1J
1Q
#55100
0J
0Q
#55105
1J
1Q
#55110
0J
0Q
#55115
1J
1Q
#55120
0J
0Q
#55125
1J
1Q
#55130
0J
0Q
#55135
1J
1Q
#55140
0J
0Q
#55145
1J
1Q
#55150
0J
0Q
#55155
1J
1Q
#55160
0J
0Q
#55165
1J
1Q
#55170
0J
0Q
#55175
1J
1Q
#55180
0J
0Q
#55185
1J
1Q
#55190
0J
0Q
#55195
1J
1Q
#55200
0J
0Q
#55205
1J
1Q
#55210
0J
0Q
#55215
1J
1Q
#55220
0J
0Q
#55225
1J
1Q
#55230
0J
0Q
#55235
1J
1Q
#55240
0J
0Q
#55245
1J
1Q
0O
b100 ""
b100 !"
#55246
1T
#55250
0J
0Q
#55255
b1 f
1J
1Q
#55256
0`
#55260
0J
0Q
#55265
b1 j
1J
1Q
#55270
0J
0Q
#55275
b10 j
1J
1Q
#55280
0J
0Q
#55285
b11 j
1J
1Q
1O
#55286
0T
#55290
0J
0Q
#55295
b10 f
b100 j
1J
1Q
#55296
x`
0_
0\
0[
0Y
0X
xW
1V
xU
1^
#55300
0J
0Q
#55305
b0 j
b1 k
bx f
1J
1Q
#55306
x_
x\
x[
xY
xX
xV
x^
x]
#55310
0J
0Q
#55315
b0 f
b10 k
1J
1Q
#55316
1`
1_
1[
1X
0W
0V
0U
0^
1]
#55320
0J
0Q
#55325
1J
1Q
#55330
0J
0Q
#55335
1J
1Q
#55340
0J
0Q
#55345
1J
1Q
#55350
0J
0Q
#55355
1J
1Q
#55360
0J
0Q
#55365
1J
1Q
#55370
0J
0Q
#55375
1J
1Q
#55380
0J
0Q
#55385
1J
1Q
#55390
0J
0Q
#55395
1J
1Q
#55400
0J
0Q
#55405
1J
1Q
#55410
0J
0Q
#55415
1J
1Q
#55420
0J
0Q
#55425
1J
1Q
#55430
0J
0Q
#55435
1J
1Q
#55440
0J
0Q
#55445
1J
1Q
#55450
0J
0Q
#55455
1J
1Q
#55460
0J
0Q
#55465
1J
1Q
#55470
0J
0Q
#55475
1J
1Q
#55480
0J
0Q
#55485
1J
1Q
0O
b1110 ""
b101 !"
#55486
1T
#55490
0J
0Q
#55495
b1 f
1J
1Q
#55496
0`
#55500
0J
0Q
#55505
b1 j
1J
1Q
#55510
0J
0Q
#55515
b10 j
1J
1Q
#55520
0J
0Q
#55525
b11 j
1J
1Q
#55530
0J
0Q
#55535
b100 j
1J
1Q
#55540
0J
0Q
#55545
b101 j
1J
1Q
#55550
0J
0Q
#55555
b110 j
1J
1Q
#55560
0J
0Q
#55565
b111 j
1J
1Q
#55570
0J
0Q
#55575
b1000 j
1J
1Q
#55580
0J
0Q
#55585
b1001 j
1J
1Q
#55590
0J
0Q
#55595
b1010 j
1J
1Q
#55600
0J
0Q
#55605
b1011 j
1J
1Q
#55610
0J
0Q
#55615
b1100 j
1J
1Q
#55620
0J
0Q
#55625
b1101 j
1J
1Q
1O
#55626
0T
#55630
0J
0Q
#55635
b10 f
b1110 j
1J
1Q
#55636
x`
0_
0\
0[
0Y
0X
xW
1V
xU
1^
#55640
0J
0Q
#55645
b0 j
b11 k
b1111111 l
b1111111 q
b1111111 u
bx f
1J
1Q
#55646
x_
x\
x[
xY
xX
xV
x^
x]
b1111111 i
b1111111 s
b1111111 w
1h
#55647
0h
#55650
0J
0Q
#55655
b0 f
b1111111 m
b10111111 l
b10111111 q
b10111111 u
b100 k
1J
1Q
#55656
1`
1_
1[
1X
0W
0V
0U
0^
1]
b10111111 i
b10111111 s
b10111111 w
#55660
0J
0Q
#55665
1J
1Q
#55670
0J
0Q
#55675
1J
1Q
#55680
0J
0Q
#55685
1J
1Q
#55690
0J
0Q
#55695
1J
1Q
#55700
0J
0Q
#55705
1J
1Q
#55710
0J
0Q
#55715
1J
1Q
#55720
0J
0Q
#55725
1J
1Q
#55730
0J
0Q
#55735
1J
1Q
#55740
0J
0Q
#55745
1J
1Q
#55750
0J
0Q
#55755
1J
1Q
#55760
0J
0Q
#55765
1J
1Q
#55770
0J
0Q
#55775
1J
1Q
#55780
0J
0Q
#55785
1J
1Q
#55790
0J
0Q
#55795
1J
1Q
#55800
0J
0Q
#55805
1J
1Q
#55810
0J
0Q
#55815
1J
1Q
#55820
0J
0Q
#55825
1J
1Q
0O
b110 ""
b110 !"
#55826
1T
#55830
0J
0Q
#55835
b1 f
1J
1Q
#55836
0`
#55840
0J
0Q
#55845
b1 j
1J
1Q
#55850
0J
0Q
#55855
b10 j
1J
1Q
#55860
0J
0Q
#55865
b11 j
1J
1Q
#55870
0J
0Q
#55875
b100 j
1J
1Q
#55880
0J
0Q
#55885
b101 j
1J
1Q
1O
#55886
0T
#55890
0J
0Q
#55895
b10 f
b110 j
1J
1Q
#55896
x`
0_
0\
0[
0Y
0X
xW
1V
xU
1^
#55900
0J
0Q
#55905
b0 j
b101 k
b11011111 l
b11011111 q
b11011111 u
bx f
1J
1Q
#55906
x_
x\
x[
xY
xX
xV
x^
x]
b11011111 i
b11011111 s
b11011111 w
#55910
0J
0Q
#55915
b0 f
b11011111 m
b11101111 l
b11101111 q
b11101111 u
b110 k
1J
1Q
#55916
1`
1_
1[
1X
0W
0V
0U
0^
1]
b11101111 i
b11101111 s
b11101111 w
#55920
0J
0Q
#55925
1J
1Q
#55930
0J
0Q
#55935
1J
1Q
#55940
0J
0Q
#55945
1J
1Q
#55950
0J
0Q
#55955
1J
1Q
#55960
0J
0Q
#55965
1J
1Q
#55970
0J
0Q
#55975
1J
1Q
#55980
0J
0Q
#55985
1J
1Q
#55990
0J
0Q
#55995
1J
1Q
#56000
0J
0Q
#56005
1J
1Q
#56010
0J
0Q
#56015
1J
1Q
#56020
0J
0Q
#56025
1J
1Q
#56030
0J
0Q
#56035
1J
1Q
#56040
0J
0Q
#56045
1J
1Q
#56050
0J
0Q
#56055
1J
1Q
#56060
0J
0Q
#56065
1J
1Q
#56070
0J
0Q
#56075
1J
1Q
#56080
0J
0Q
#56085
1J
1Q
0O
b111 ""
b111 !"
#56086
1T
#56090
0J
0Q
#56095
b1 f
1J
1Q
#56096
0`
#56100
0J
0Q
#56105
b1 j
1J
1Q
#56110
0J
0Q
#56115
b10 j
1J
1Q
#56120
0J
0Q
#56125
b11 j
1J
1Q
#56130
0J
0Q
#56135
b100 j
1J
1Q
#56140
0J
0Q
#56145
b101 j
1J
1Q
#56150
0J
0Q
#56155
b110 j
1J
1Q
1O
#56156
0T
#56160
0J
0Q
#56165
b111 j
b10 f
1J
1Q
#56166
x`
0_
0\
0[
0Y
0X
xW
1V
xU
1^
#56170
0J
0Q
#56175
bx f
b11110111 l
b11110111 q
b11110111 u
b111 k
b0 j
1J
1Q
#56176
x_
x\
x[
xY
xX
xV
x^
x]
b11110111 i
b11110111 s
b11110111 w
#56180
0J
0Q
#56185
b0 k
b11111011 l
b11111011 q
b11111011 u
b11110111 m
b0 f
1J
1Q
#56186
1`
1_
1[
1X
0W
0V
0U
0^
1]
b11111011 i
b11111011 s
b11111011 w
#56190
0J
0Q
#56195
1J
1Q
#56200
0J
0Q
#56205
1J
1Q
#56210
0J
0Q
#56215
1J
1Q
#56220
0J
0Q
#56225
1J
1Q
#56230
0J
0Q
#56235
1J
1Q
#56240
0J
0Q
#56245
1J
1Q
#56250
0J
0Q
#56255
1J
1Q
#56260
0J
0Q
#56265
1J
1Q
#56270
0J
0Q
#56275
1J
1Q
#56280
0J
0Q
#56285
1J
1Q
#56290
0J
0Q
#56295
1J
1Q
#56300
0J
0Q
#56305
1J
1Q
#56310
0J
0Q
#56315
1J
1Q
#56320
0J
0Q
#56325
1J
1Q
#56330
0J
0Q
#56335
1J
1Q
#56340
0J
0Q
#56345
1J
1Q
#56350
0J
0Q
#56355
1J
1Q
0O
b1101 ""
b11000000 #"
b11010 $"
b0 !"
#56356
1T
#56360
0J
0Q
#56365
b1 f
1J
1Q
#56366
0`
#56370
0J
0Q
#56375
b1 j
1J
1Q
#56380
0J
0Q
#56385
b10 j
1J
1Q
#56390
0J
0Q
#56395
b11 j
1J
1Q
#56400
0J
0Q
#56405
b100 j
1J
1Q
#56410
0J
0Q
#56415
b101 j
1J
1Q
#56420
0J
0Q
#56425
b110 j
1J
1Q
#56430
0J
0Q
#56435
b111 j
1J
1Q
#56440
0J
0Q
#56445
b1000 j
1J
1Q
#56450
0J
0Q
#56455
b1001 j
1J
1Q
#56460
0J
0Q
#56465
b1010 j
1J
1Q
#56470
0J
0Q
#56475
b1011 j
1J
1Q
#56480
0J
0Q
#56485
b1100 j
1J
1Q
1O
#56486
0T
#56490
0J
0Q
#56495
b10 f
b1101 j
1J
1Q
#56496
x`
0_
0\
0[
0Y
0X
xW
1V
xU
1^
#56500
0J
0Q
#56505
b0 j
b1 k
b1111101 l
b1111101 q
b1111101 u
bx f
1J
1Q
#56506
x_
x\
x[
xY
xX
xV
x^
x]
b1111101 i
b1111101 s
b1111101 w
1h
#56507
0h
#56510
0J
0Q
#56515
b0 f
b1111101 m
b10111110 l
b10111110 q
b10111110 u
b10 k
1J
1Q
#56516
1`
1_
1[
1X
0W
0V
0U
0^
1]
b10111110 i
b10111110 s
b10111110 w
#56520
0J
0Q
#56525
1J
1Q
#56530
0J
0Q
#56535
1J
1Q
#56540
0J
0Q
#56545
1J
1Q
#56550
0J
0Q
#56555
1J
1Q
#56560
0J
0Q
#56565
1J
1Q
#56570
0J
0Q
#56575
1J
1Q
#56580
0J
0Q
#56585
1J
1Q
#56590
0J
0Q
#56595
1J
1Q
#56600
0J
0Q
#56605
1J
1Q
#56610
0J
0Q
#56615
1J
1Q
#56620
0J
0Q
#56625
1J
1Q
#56630
0J
0Q
#56635
1J
1Q
#56640
0J
0Q
#56645
1J
1Q
#56650
0J
0Q
#56655
1J
1Q
#56660
0J
0Q
#56665
1J
1Q
#56670
0J
0Q
#56675
1J
1Q
#56680
0J
0Q
#56685
1J
1Q
0O
b1110 ""
b1 !"
#56686
1T
#56690
0J
0Q
#56695
b1 f
1J
1Q
#56696
0`
#56700
0J
0Q
#56705
b1 j
1J
1Q
#56710
0J
0Q
#56715
b10 j
1J
1Q
#56720
0J
0Q
#56725
b11 j
1J
1Q
#56730
0J
0Q
#56735
b100 j
1J
1Q
#56740
0J
0Q
#56745
b101 j
1J
1Q
#56750
0J
0Q
#56755
b110 j
1J
1Q
#56760
0J
0Q
#56765
b111 j
1J
1Q
#56770
0J
0Q
#56775
b1000 j
1J
1Q
#56780
0J
0Q
#56785
b1001 j
1J
1Q
#56790
0J
0Q
#56795
b1010 j
1J
1Q
#56800
0J
0Q
#56805
b1011 j
1J
1Q
#56810
0J
0Q
#56815
b1100 j
1J
1Q
#56820
0J
0Q
#56825
b1101 j
1J
1Q
1O
#56826
0T
#56830
0J
0Q
#56835
b10 f
b1110 j
1J
1Q
#56836
x`
0_
0\
0[
0Y
0X
xW
1V
xU
1^
#56840
0J
0Q
#56845
b0 j
b11 k
b1011111 l
b1011111 q
b1011111 u
bx f
1J
1Q
#56846
x_
x\
x[
xY
xX
xV
x^
x]
b1011111 i
b1011111 s
b1011111 w
1h
#56847
0h
#56850
0J
0Q
#56855
b0 f
b1011111 m
b10101111 l
b10101111 q
b10101111 u
b100 k
1J
1Q
#56856
1`
1_
1[
1X
0W
0V
0U
0^
1]
b10101111 i
b10101111 s
b10101111 w
#56860
0J
0Q
#56865
1J
1Q
#56870
0J
0Q
#56875
1J
1Q
#56880
0J
0Q
#56885
1J
1Q
#56890
0J
0Q
#56895
1J
1Q
#56900
0J
0Q
#56905
1J
1Q
#56910
0J
0Q
#56915
1J
1Q
#56920
0J
0Q
#56925
1J
1Q
#56930
0J
0Q
#56935
1J
1Q
#56940
0J
0Q
#56945
1J
1Q
#56950
0J
0Q
#56955
1J
1Q
#56960
0J
0Q
#56965
1J
1Q
#56970
0J
0Q
#56975
1J
1Q
#56980
0J
0Q
#56985
1J
1Q
#56990
0J
0Q
#56995
1J
1Q
#57000
0J
0Q
#57005
1J
1Q
#57010
0J
0Q
#57015
1J
1Q
#57020
0J
0Q
#57025
1J
1Q
0O
b1111 ""
b10 !"
#57026
1T
#57030
0J
0Q
#57035
b1 f
1J
1Q
#57036
0`
#57040
0J
0Q
#57045
b1 j
1J
1Q
#57050
0J
0Q
#57055
b10 j
1J
1Q
#57060
0J
0Q
#57065
b11 j
1J
1Q
#57070
0J
0Q
#57075
b100 j
1J
1Q
#57080
0J
0Q
#57085
b101 j
1J
1Q
#57090
0J
0Q
#57095
b110 j
1J
1Q
#57100
0J
0Q
#57105
b111 j
1J
1Q
#57110
0J
0Q
#57115
b1000 j
1J
1Q
#57120
0J
0Q
#57125
b1001 j
1J
1Q
#57130
0J
0Q
#57135
b1010 j
1J
1Q
#57140
0J
0Q
#57145
b1011 j
1J
1Q
#57150
0J
0Q
#57155
b1100 j
1J
1Q
#57160
0J
0Q
#57165
b1101 j
1J
1Q
#57170
0J
0Q
#57175
b1110 j
1J
1Q
1O
#57176
0T
#57180
0J
0Q
#57185
b1111 j
b10 f
1J
1Q
#57186
x`
0_
0\
0[
0Y
0X
xW
1V
xU
1^
#57190
0J
0Q
#57195
bx f
b1010111 l
b1010111 q
b1010111 u
b101 k
b0 j
1J
1Q
#57196
x_
x\
x[
xY
xX
xV
x^
x]
b1010111 i
b1010111 s
b1010111 w
1h
#57197
0h
#57200
0J
0Q
#57205
b110 k
b10101011 l
b10101011 q
b10101011 u
b1010111 m
b0 f
1J
1Q
#57206
1`
1_
1[
1X
0W
0V
0U
0^
1]
b10101011 i
b10101011 s
b10101011 w
#57210
0J
0Q
#57215
1J
1Q
#57220
0J
0Q
#57225
1J
1Q
#57230
0J
0Q
#57235
1J
1Q
#57240
0J
0Q
#57245
1J
1Q
#57250
0J
0Q
#57255
1J
1Q
#57260
0J
0Q
#57265
1J
1Q
#57270
0J
0Q
#57275
1J
1Q
#57280
0J
0Q
#57285
1J
1Q
#57290
0J
0Q
#57295
1J
1Q
#57300
0J
0Q
#57305
1J
1Q
#57310
0J
0Q
#57315
1J
1Q
#57320
0J
0Q
#57325
1J
1Q
#57330
0J
0Q
#57335
1J
1Q
#57340
0J
0Q
#57345
1J
1Q
#57350
0J
0Q
#57355
1J
1Q
#57360
0J
0Q
#57365
1J
1Q
#57370
0J
0Q
#57375
1J
1Q
0O
b1011 ""
b11 !"
#57376
1T
#57380
0J
0Q
#57385
b1 f
1J
1Q
#57386
0`
#57390
0J
0Q
#57395
b1 j
1J
1Q
#57400
0J
0Q
#57405
b10 j
1J
1Q
#57410
0J
0Q
#57415
b11 j
1J
1Q
#57420
0J
0Q
#57425
b100 j
1J
1Q
#57430
0J
0Q
#57435
b101 j
1J
1Q
#57440
0J
0Q
#57445
b110 j
1J
1Q
#57450
0J
0Q
#57455
b111 j
1J
1Q
#57460
0J
0Q
#57465
b1000 j
1J
1Q
#57470
0J
0Q
#57475
b1001 j
1J
1Q
#57480
0J
0Q
#57485
b1010 j
1J
1Q
1O
#57486
0T
#57490
0J
0Q
#57495
b10 f
b1011 j
1J
1Q
#57496
x`
0_
0\
0[
0Y
0X
xW
1V
xU
1^
#57500
0J
0Q
#57505
b0 j
b111 k
b1010101 l
b1010101 q
b1010101 u
bx f
1J
1Q
#57506
x_
x\
x[
xY
xX
xV
x^
x]
b1010101 i
b1010101 s
b1010101 w
1h
#57507
0h
#57510
0J
0Q
#57515
b0 f
b1010101 m
b10101010 l
b10101010 q
b10101010 u
b0 k
1J
1Q
#57516
1`
1_
1[
1X
0W
0V
0U
0^
1]
b10101010 i
b10101010 s
b10101010 w
#57520
0J
0Q
#57525
1J
1Q
#57530
0J
0Q
#57535
1J
1Q
#57540
0J
0Q
#57545
1J
1Q
#57550
0J
0Q
#57555
1J
1Q
#57560
0J
0Q
#57565
1J
1Q
#57570
0J
0Q
#57575
1J
1Q
#57580
0J
0Q
#57585
1J
1Q
#57590
0J
0Q
#57595
1J
1Q
#57600
0J
0Q
#57605
1J
1Q
#57610
0J
0Q
#57615
1J
1Q
#57620
0J
0Q
#57625
1J
1Q
#57630
0J
0Q
#57635
1J
1Q
#57640
0J
0Q
#57645
1J
1Q
#57650
0J
0Q
#57655
1J
1Q
#57660
0J
0Q
#57665
1J
1Q
#57670
0J
0Q
#57675
1J
1Q
#57680
0J
0Q
#57685
1J
1Q
0O
b1100 ""
b100 !"
#57686
1T
#57690
0J
0Q
#57695
b1 f
1J
1Q
#57696
0`
#57700
0J
0Q
#57705
b1 j
1J
1Q
#57710
0J
0Q
#57715
b10 j
1J
1Q
#57720
0J
0Q
#57725
b11 j
1J
1Q
#57730
0J
0Q
#57735
b100 j
1J
1Q
#57740
0J
0Q
#57745
b101 j
1J
1Q
#57750
0J
0Q
#57755
b110 j
1J
1Q
#57760
0J
0Q
#57765
b111 j
1J
1Q
#57770
0J
0Q
#57775
b1000 j
1J
1Q
#57780
0J
0Q
#57785
b1001 j
1J
1Q
#57790
0J
0Q
#57795
b1010 j
1J
1Q
#57800
0J
0Q
#57805
b1011 j
1J
1Q
1O
#57806
0T
#57810
0J
0Q
#57815
b10 f
b1100 j
1J
1Q
#57816
x`
0_
0\
0[
0Y
0X
xW
1V
xU
1^
#57820
0J
0Q
#57825
b0 j
b1 k
b1010101 l
b1010101 q
b1010101 u
bx f
1J
1Q
#57826
x_
x\
x[
xY
xX
xV
x^
x]
b1010101 i
b1010101 s
b1010101 w
1h
#57827
0h
#57830
0J
0Q
#57835
b0 f
b10101010 l
b10101010 q
b10101010 u
b10 k
1J
1Q
#57836
1`
1_
1[
1X
0W
0V
0U
0^
1]
b10101010 i
b10101010 s
b10101010 w
#57840
0J
0Q
#57845
1J
1Q
#57850
0J
0Q
#57855
1J
1Q
#57860
0J
0Q
#57865
1J
1Q
#57870
0J
0Q
#57875
1J
1Q
#57880
0J
0Q
#57885
1J
1Q
#57890
0J
0Q
#57895
1J
1Q
#57900
0J
0Q
#57905
1J
1Q
#57910
0J
0Q
#57915
1J
1Q
#57920
0J
0Q
#57925
1J
1Q
#57930
0J
0Q
#57935
1J
1Q
#57940
0J
0Q
#57945
1J
1Q
#57950
0J
0Q
#57955
1J
1Q
#57960
0J
0Q
#57965
1J
1Q
#57970
0J
0Q
#57975
1J
1Q
#57980
0J
0Q
#57985
1J
1Q
#57990
0J
0Q
#57995
1J
1Q
#58000
0J
0Q
#58005
1J
1Q
0O
b1101 ""
b101 !"
#58006
1T
#58010
0J
0Q
#58015
b1 f
1J
1Q
#58016
0`
#58020
0J
0Q
#58025
b1 j
1J
1Q
#58030
0J
0Q
#58035
b10 j
1J
1Q
#58040
0J
0Q
#58045
b11 j
1J
1Q
#58050
0J
0Q
#58055
b100 j
1J
1Q
#58060
0J
0Q
#58065
b101 j
1J
1Q
#58070
0J
0Q
#58075
b110 j
1J
1Q
#58080
0J
0Q
#58085
b111 j
1J
1Q
#58090
0J
0Q
#58095
b1000 j
1J
1Q
#58100
0J
0Q
#58105
b1001 j
1J
1Q
#58110
0J
0Q
#58115
b1010 j
1J
1Q
#58120
0J
0Q
#58125
b1011 j
1J
1Q
#58130
0J
0Q
#58135
b1100 j
1J
1Q
1O
#58136
0T
#58140
0J
0Q
#58145
b1101 j
b10 f
1J
1Q
#58146
x`
0_
0\
0[
0Y
0X
xW
1V
xU
1^
#58150
0J
0Q
#58155
bx f
b1010101 l
b1010101 q
b1010101 u
b11 k
b0 j
1J
1Q
#58156
x_
x\
x[
xY
xX
xV
x^
x]
b1010101 i
b1010101 s
b1010101 w
1h
#58157
0h
#58160
0J
0Q
#58165
b100 k
b10101010 l
b10101010 q
b10101010 u
b0 f
1J
1Q
#58166
1`
1_
1[
1X
0W
0V
0U
0^
1]
b10101010 i
b10101010 s
b10101010 w
#58170
0J
0Q
#58175
1J
1Q
#58180
0J
0Q
#58185
1J
1Q
#58190
0J
0Q
#58195
1J
1Q
#58200
0J
0Q
#58205
1J
1Q
#58210
0J
0Q
#58215
1J
1Q
#58220
0J
0Q
#58225
1J
1Q
#58230
0J
0Q
#58235
1J
1Q
#58240
0J
0Q
#58245
1J
1Q
#58250
0J
0Q
#58255
1J
1Q
#58260
0J
0Q
#58265
1J
1Q
#58270
0J
0Q
#58275
1J
1Q
#58280
0J
0Q
#58285
1J
1Q
#58290
0J
0Q
#58295
1J
1Q
#58300
0J
0Q
#58305
1J
1Q
#58310
0J
0Q
#58315
1J
1Q
#58320
0J
0Q
#58325
1J
1Q
#58330
0J
0Q
#58335
1J
1Q
0O
b10 ""
b110 !"
#58336
1T
#58340
0J
0Q
#58345
b1 f
1J
1Q
#58346
0`
#58350
0J
0Q
#58355
b1 j
1J
1Q
1O
#58356
0T
#58360
0J
0Q
#58365
b10 j
b10 f
1J
1Q
#58366
x`
0_
0\
0[
0Y
0X
xW
1V
xU
1^
#58370
0J
0Q
#58375
bx f
b11010101 l
b11010101 q
b11010101 u
b101 k
b0 j
1J
1Q
#58376
x_
x\
x[
xY
xX
xV
x^
x]
b11010101 i
b11010101 s
b11010101 w
#58380
0J
0Q
#58385
b110 k
b11101010 l
b11101010 q
b11101010 u
b11010101 m
b0 f
1J
1Q
#58386
1`
1_
1[
1X
0W
0V
0U
0^
1]
b11101010 i
b11101010 s
b11101010 w
#58390
0J
0Q
#58395
1J
1Q
#58400
0J
0Q
#58405
1J
1Q
#58410
0J
0Q
#58415
1J
1Q
#58420
0J
0Q
#58425
1J
1Q
#58430
0J
0Q
#58435
1J
1Q
#58440
0J
0Q
#58445
1J
1Q
#58450
0J
0Q
#58455
1J
1Q
#58460
0J
0Q
#58465
1J
1Q
#58470
0J
0Q
#58475
1J
1Q
#58480
0J
0Q
#58485
1J
1Q
#58490
0J
0Q
#58495
1J
1Q
#58500
0J
0Q
#58505
1J
1Q
#58510
0J
0Q
#58515
1J
1Q
#58520
0J
0Q
#58525
1J
1Q
#58530
0J
0Q
#58535
1J
1Q
#58540
0J
0Q
#58545
1J
1Q
#58550
0J
0Q
#58555
1J
1Q
0O
b11 ""
b111 !"
#58556
1T
#58560
0J
0Q
#58565
b1 f
1J
1Q
#58566
0`
#58570
0J
0Q
#58575
b1 j
1J
1Q
#58580
0J
0Q
#58585
b10 j
1J
1Q
1O
#58586
0T
#58590
0J
0Q
#58595
b10 f
b11 j
1J
1Q
#58596
x`
0_
0\
0[
0Y
0X
xW
1V
xU
1^
#58600
0J
0Q
#58605
b0 j
b111 k
b11110101 l
b11110101 q
b11110101 u
bx f
1J
1Q
#58606
x_
x\
x[
xY
xX
xV
x^
x]
b11110101 i
b11110101 s
b11110101 w
#58610
0J
0Q
#58615
b0 f
b11110101 m
b11111010 l
b11111010 q
b11111010 u
b0 k
1J
1Q
#58616
1`
1_
1[
1X
0W
0V
0U
0^
1]
b11111010 i
b11111010 s
b11111010 w
#58620
0J
0Q
#58625
1J
1Q
#58630
0J
0Q
#58635
1J
1Q
#58640
0J
0Q
#58645
1J
1Q
#58650
0J
0Q
#58655
1J
1Q
#58660
0J
0Q
#58665
1J
1Q
#58670
0J
0Q
#58675
1J
1Q
#58680
0J
0Q
#58685
1J
1Q
#58690
0J
0Q
#58695
1J
1Q
#58700
0J
0Q
#58705
1J
1Q
#58710
0J
0Q
#58715
1J
1Q
#58720
0J
0Q
#58725
1J
1Q
#58730
0J
0Q
#58735
1J
1Q
#58740
0J
0Q
#58745
1J
1Q
#58750
0J
0Q
#58755
1J
1Q
#58760
0J
0Q
#58765
1J
1Q
#58770
0J
0Q
#58775
1J
1Q
#58780
0J
0Q
#58785
1J
1Q
0O
b100 ""
b10100001 #"
b11011 $"
b0 !"
#58786
1T
#58790
0J
0Q
#58795
b1 f
1J
1Q
#58796
0`
#58800
0J
0Q
#58805
b1 j
1J
1Q
#58810
0J
0Q
#58815
b10 j
1J
1Q
#58820
0J
0Q
#58825
b11 j
1J
1Q
1O
#58826
0T
#58830
0J
0Q
#58835
b10 f
b100 j
1J
1Q
#58836
x`
0_
0\
0[
0Y
0X
xW
1V
xU
1^
#58840
0J
0Q
#58845
b0 j
b1 k
b11111101 l
b11111101 q
b11111101 u
bx f
1J
1Q
#58846
x_
x\
x[
xY
xX
xV
x^
x]
b11111101 i
b11111101 s
b11111101 w
#58850
0J
0Q
#58855
b0 f
b11111101 m
b11111110 l
b11111110 q
b11111110 u
b10 k
1J
1Q
#58856
1`
1_
1[
1X
0W
0V
0U
0^
1]
b11111110 i
b11111110 s
b11111110 w
#58860
0J
0Q
#58865
1J
1Q
#58870
0J
0Q
#58875
1J
1Q
#58880
0J
0Q
#58885
1J
1Q
#58890
0J
0Q
#58895
1J
1Q
#58900
0J
0Q
#58905
1J
1Q
#58910
0J
0Q
#58915
1J
1Q
#58920
0J
0Q
#58925
1J
1Q
#58930
0J
0Q
#58935
1J
1Q
#58940
0J
0Q
#58945
1J
1Q
#58950
0J
0Q
#58955
1J
1Q
#58960
0J
0Q
#58965
1J
1Q
#58970
0J
0Q
#58975
1J
1Q
#58980
0J
0Q
#58985
1J
1Q
#58990
0J
0Q
#58995
1J
1Q
#59000
0J
0Q
#59005
1J
1Q
#59010
0J
0Q
#59015
1J
1Q
#59020
0J
0Q
#59025
1J
1Q
0O
b1101 ""
b1 !"
#59026
1T
#59030
0J
0Q
#59035
b1 f
1J
1Q
#59036
0`
#59040
0J
0Q
#59045
b1 j
1J
1Q
#59050
0J
0Q
#59055
b10 j
1J
1Q
#59060
0J
0Q
#59065
b11 j
1J
1Q
#59070
0J
0Q
#59075
b100 j
1J
1Q
#59080
0J
0Q
#59085
b101 j
1J
1Q
#59090
0J
0Q
#59095
b110 j
1J
1Q
#59100
0J
0Q
#59105
b111 j
1J
1Q
#59110
0J
0Q
#59115
b1000 j
1J
1Q
#59120
0J
0Q
#59125
b1001 j
1J
1Q
#59130
0J
0Q
#59135
b1010 j
1J
1Q
#59140
0J
0Q
#59145
b1011 j
1J
1Q
#59150
0J
0Q
#59155
b1100 j
1J
1Q
1O
#59156
0T
#59160
0J
0Q
#59165
b1101 j
b10 f
1J
1Q
#59166
x`
0_
0\
0[
0Y
0X
xW
1V
xU
1^
#59170
0J
0Q
#59175
bx f
b1111111 l
b1111111 q
b1111111 u
b11 k
b0 j
1J
1Q
#59176
x_
x\
x[
xY
xX
xV
x^
x]
b1111111 i
b1111111 s
b1111111 w
1h
#59177
0h
#59180
0J
0Q
#59185
b100 k
b10111111 l
b10111111 q
b10111111 u
b1111111 m
b0 f
1J
1Q
#59186
1`
1_
1[
1X
0W
0V
0U
0^
1]
b10111111 i
b10111111 s
b10111111 w
#59190
0J
0Q
#59195
1J
1Q
#59200
0J
0Q
#59205
1J
1Q
#59210
0J
0Q
#59215
1J
1Q
#59220
0J
0Q
#59225
1J
1Q
#59230
0J
0Q
#59235
1J
1Q
#59240
0J
0Q
#59245
1J
1Q
#59250
0J
0Q
#59255
1J
1Q
#59260
0J
0Q
#59265
1J
1Q
#59270
0J
0Q
#59275
1J
1Q
#59280
0J
0Q
#59285
1J
1Q
#59290
0J
0Q
#59295
1J
1Q
#59300
0J
0Q
#59305
1J
1Q
#59310
0J
0Q
#59315
1J
1Q
#59320
0J
0Q
#59325
1J
1Q
#59330
0J
0Q
#59335
1J
1Q
#59340
0J
0Q
#59345
1J
1Q
#59350
0J
0Q
#59355
1J
1Q
0O
b1110 ""
b10 !"
#59356
1T
#59360
0J
0Q
#59365
b1 f
1J
1Q
#59366
0`
#59370
0J
0Q
#59375
b1 j
1J
1Q
#59380
0J
0Q
#59385
b10 j
1J
1Q
#59390
0J
0Q
#59395
b11 j
1J
1Q
#59400
0J
0Q
#59405
b100 j
1J
1Q
#59410
0J
0Q
#59415
b101 j
1J
1Q
#59420
0J
0Q
#59425
b110 j
1J
1Q
#59430
0J
0Q
#59435
b111 j
1J
1Q
#59440
0J
0Q
#59445
b1000 j
1J
1Q
#59450
0J
0Q
#59455
b1001 j
1J
1Q
#59460
0J
0Q
#59465
b1010 j
1J
1Q
#59470
0J
0Q
#59475
b1011 j
1J
1Q
#59480
0J
0Q
#59485
b1100 j
1J
1Q
#59490
0J
0Q
#59495
b1101 j
1J
1Q
1O
#59496
0T
#59500
0J
0Q
#59505
b1110 j
b10 f
1J
1Q
#59506
x`
0_
0\
0[
0Y
0X
xW
1V
xU
1^
#59510
0J
0Q
#59515
bx f
b1011111 l
b1011111 q
b1011111 u
b101 k
b0 j
1J
1Q
#59516
x_
x\
x[
xY
xX
xV
x^
x]
b1011111 i
b1011111 s
b1011111 w
1h
#59517
0h
#59520
0J
0Q
#59525
b110 k
b10101111 l
b10101111 q
b10101111 u
b1011111 m
b0 f
1J
1Q
#59526
1`
1_
1[
1X
0W
0V
0U
0^
1]
b10101111 i
b10101111 s
b10101111 w
#59530
0J
0Q
#59535
1J
1Q
#59540
0J
0Q
#59545
1J
1Q
#59550
0J
0Q
#59555
1J
1Q
#59560
0J
0Q
#59565
1J
1Q
#59570
0J
0Q
#59575
1J
1Q
#59580
0J
0Q
#59585
1J
1Q
#59590
0J
0Q
#59595
1J
1Q
#59600
0J
0Q
#59605
1J
1Q
#59610
0J
0Q
#59615
1J
1Q
#59620
0J
0Q
#59625
1J
1Q
#59630
0J
0Q
#59635
1J
1Q
#59640
0J
0Q
#59645
1J
1Q
#59650
0J
0Q
#59655
1J
1Q
#59660
0J
0Q
#59665
1J
1Q
#59670
0J
0Q
#59675
1J
1Q
#59680
0J
0Q
#59685
1J
1Q
#59690
0J
0Q
#59695
1J
1Q
0O
b1111 ""
b11 !"
#59696
1T
#59700
0J
0Q
#59705
b1 f
1J
1Q
#59706
0`
#59710
0J
0Q
#59715
b1 j
1J
1Q
#59720
0J
0Q
#59725
b10 j
1J
1Q
#59730
0J
0Q
#59735
b11 j
1J
1Q
#59740
0J
0Q
#59745
b100 j
1J
1Q
#59750
0J
0Q
#59755
b101 j
1J
1Q
#59760
0J
0Q
#59765
b110 j
1J
1Q
#59770
0J
0Q
#59775
b111 j
1J
1Q
#59780
0J
0Q
#59785
b1000 j
1J
1Q
#59790
0J
0Q
#59795
b1001 j
1J
1Q
#59800
0J
0Q
#59805
b1010 j
1J
1Q
#59810
0J
0Q
#59815
b1011 j
1J
1Q
#59820
0J
0Q
#59825
b1100 j
1J
1Q
#59830
0J
0Q
#59835
b1101 j
1J
1Q
#59840
0J
0Q
#59845
b1110 j
1J
1Q
1O
#59846
0T
#59850
0J
0Q
#59855
b10 f
b1111 j
1J
1Q
#59856
x`
0_
0\
0[
0Y
0X
xW
1V
xU
1^
#59860
0J
0Q
#59865
b0 j
b111 k
b1010111 l
b1010111 q
b1010111 u
bx f
1J
1Q
#59866
x_
x\
x[
xY
xX
xV
x^
x]
b1010111 i
b1010111 s
b1010111 w
1h
#59867
0h
#59870
0J
0Q
#59875
b0 f
b1010111 m
b10101011 l
b10101011 q
b10101011 u
b0 k
1J
1Q
#59876
1`
1_
1[
1X
0W
0V
0U
0^
1]
b10101011 i
b10101011 s
b10101011 w
#59880
0J
0Q
#59885
1J
1Q
#59890
0J
0Q
#59895
1J
1Q
#59900
0J
0Q
#59905
1J
1Q
#59910
0J
0Q
#59915
1J
1Q
#59920
0J
0Q
#59925
1J
1Q
#59930
0J
0Q
#59935
1J
1Q
#59940
0J
0Q
#59945
1J
1Q
#59950
0J
0Q
#59955
1J
1Q
#59960
0J
0Q
#59965
1J
1Q
#59970
0J
0Q
#59975
1J
1Q
#59980
0J
0Q
#59985
1J
1Q
#59990
0J
0Q
#59995
1J
1Q
#60000
0J
0Q
#60005
1J
1Q
#60010
0J
0Q
#60015
1J
1Q
#60020
0J
0Q
#60025
1J
1Q
#60030
0J
0Q
#60035
1J
1Q
#60040
0J
0Q
#60045
1J
1Q
0O
b1011 ""
b100 !"
#60046
1T
#60050
0J
0Q
#60055
b1 f
1J
1Q
#60056
0`
#60060
0J
0Q
#60065
b1 j
1J
1Q
#60070
0J
0Q
#60075
b10 j
1J
1Q
#60080
0J
0Q
#60085
b11 j
1J
1Q
#60090
0J
0Q
#60095
b100 j
1J
1Q
#60100
0J
0Q
#60105
b101 j
1J
1Q
#60110
0J
0Q
#60115
b110 j
1J
1Q
#60120
0J
0Q
#60125
b111 j
1J
1Q
#60130
0J
0Q
#60135
b1000 j
1J
1Q
#60140
0J
0Q
#60145
b1001 j
1J
1Q
#60150
0J
0Q
#60155
b1010 j
1J
1Q
1O
#60156
0T
#60160
0J
0Q
#60165
b1011 j
b10 f
1J
1Q
#60166
x`
0_
0\
0[
0Y
0X
xW
1V
xU
1^
#60170
0J
0Q
#60175
bx f
b1010101 l
b1010101 q
b1010101 u
b1 k
b0 j
1J
1Q
#60176
x_
x\
x[
xY
xX
xV
x^
x]
b1010101 i
b1010101 s
b1010101 w
1h
#60177
0h
#60180
0J
0Q
#60185
b10 k
b10101010 l
b10101010 q
b10101010 u
b1010101 m
b0 f
1J
1Q
#60186
1`
1_
1[
1X
0W
0V
0U
0^
1]
b10101010 i
b10101010 s
b10101010 w
#60190
0J
0Q
#60195
1J
1Q
#60200
0J
0Q
#60205
1J
1Q
#60210
0J
0Q
#60215
1J
1Q
#60220
0J
0Q
#60225
1J
1Q
#60230
0J
0Q
#60235
1J
1Q
#60240
0J
0Q
#60245
1J
1Q
#60250
0J
0Q
#60255
1J
1Q
#60260
0J
0Q
#60265
1J
1Q
#60270
0J
0Q
#60275
1J
1Q
#60280
0J
0Q
#60285
1J
1Q
#60290
0J
0Q
#60295
1J
1Q
#60300
0J
0Q
#60305
1J
1Q
#60310
0J
0Q
#60315
1J
1Q
#60320
0J
0Q
#60325
1J
1Q
#60330
0J
0Q
#60335
1J
1Q
#60340
0J
0Q
#60345
1J
1Q
#60350
0J
0Q
#60355
1J
1Q
0O
b11 ""
b101 !"
#60356
1T
#60360
0J
0Q
#60365
b1 f
1J
1Q
#60366
0`
#60370
0J
0Q
#60375
b1 j
1J
1Q
#60380
0J
0Q
#60385
b10 j
1J
1Q
1O
#60386
0T
#60390
0J
0Q
#60395
b10 f
b11 j
1J
1Q
#60396
x`
0_
0\
0[
0Y
0X
xW
1V
xU
1^
#60400
0J
0Q
#60405
b0 j
b11 k
b11010101 l
b11010101 q
b11010101 u
bx f
1J
1Q
#60406
x_
x\
x[
xY
xX
xV
x^
x]
b11010101 i
b11010101 s
b11010101 w
#60410
0J
0Q
#60415
b0 f
b11010101 m
b11101010 l
b11101010 q
b11101010 u
b100 k
1J
1Q
#60416
1`
1_
1[
1X
0W
0V
0U
0^
1]
b11101010 i
b11101010 s
b11101010 w
#60420
0J
0Q
#60425
1J
1Q
#60430
0J
0Q
#60435
1J
1Q
#60440
0J
0Q
#60445
1J
1Q
#60450
0J
0Q
#60455
1J
1Q
#60460
0J
0Q
#60465
1J
1Q
#60470
0J
0Q
#60475
1J
1Q
#60480
0J
0Q
#60485
1J
1Q
#60490
0J
0Q
#60495
1J
1Q
#60500
0J
0Q
#60505
1J
1Q
#60510
0J
0Q
#60515
1J
1Q
#60520
0J
0Q
#60525
1J
1Q
#60530
0J
0Q
#60535
1J
1Q
#60540
0J
0Q
#60545
1J
1Q
#60550
0J
0Q
#60555
1J
1Q
#60560
0J
0Q
#60565
1J
1Q
#60570
0J
0Q
#60575
1J
1Q
#60580
0J
0Q
#60585
1J
1Q
0O
b1101 ""
b110 !"
#60586
1T
#60590
0J
0Q
#60595
b1 f
1J
1Q
#60596
0`
#60600
0J
0Q
#60605
b1 j
1J
1Q
#60610
0J
0Q
#60615
b10 j
1J
1Q
#60620
0J
0Q
#60625
b11 j
1J
1Q
#60630
0J
0Q
#60635
b100 j
1J
1Q
#60640
0J
0Q
#60645
b101 j
1J
1Q
#60650
0J
0Q
#60655
b110 j
1J
1Q
#60660
0J
0Q
#60665
b111 j
1J
1Q
#60670
0J
0Q
#60675
b1000 j
1J
1Q
#60680
0J
0Q
#60685
b1001 j
1J
1Q
#60690
0J
0Q
#60695
b1010 j
1J
1Q
#60700
0J
0Q
#60705
b1011 j
1J
1Q
#60710
0J
0Q
#60715
b1100 j
1J
1Q
1O
#60716
0T
#60720
0J
0Q
#60725
b1101 j
b10 f
1J
1Q
#60726
x`
0_
0\
0[
0Y
0X
xW
1V
xU
1^
#60730
0J
0Q
#60735
bx f
b1110101 l
b1110101 q
b1110101 u
b101 k
b0 j
1J
1Q
#60736
x_
x\
x[
xY
xX
xV
x^
x]
b1110101 i
b1110101 s
b1110101 w
1h
#60737
0h
#60740
0J
0Q
#60745
b110 k
b10111010 l
b10111010 q
b10111010 u
b1110101 m
b0 f
1J
1Q
#60746
1`
1_
1[
1X
0W
0V
0U
0^
1]
b10111010 i
b10111010 s
b10111010 w
#60750
0J
0Q
#60755
1J
1Q
#60760
0J
0Q
#60765
1J
1Q
#60770
0J
0Q
#60775
1J
1Q
#60780
0J
0Q
#60785
1J
1Q
#60790
0J
0Q
#60795
1J
1Q
#60800
0J
0Q
#60805
1J
1Q
#60810
0J
0Q
#60815
1J
1Q
#60820
0J
0Q
#60825
1J
1Q
#60830
0J
0Q
#60835
1J
1Q
#60840
0J
0Q
#60845
1J
1Q
#60850
0J
0Q
#60855
1J
1Q
#60860
0J
0Q
#60865
1J
1Q
#60870
0J
0Q
#60875
1J
1Q
#60880
0J
0Q
#60885
1J
1Q
#60890
0J
0Q
#60895
1J
1Q
#60900
0J
0Q
#60905
1J
1Q
#60910
0J
0Q
#60915
1J
1Q
0O
b101 ""
b111 !"
#60916
1T
#60920
0J
0Q
#60925
b1 f
1J
1Q
#60926
0`
#60930
0J
0Q
#60935
b1 j
1J
1Q
#60940
0J
0Q
#60945
b10 j
1J
1Q
#60950
0J
0Q
#60955
b11 j
1J
1Q
#60960
0J
0Q
#60965
b100 j
1J
1Q
1O
#60966
0T
#60970
0J
0Q
#60975
b10 f
b101 j
1J
1Q
#60976
x`
0_
0\
0[
0Y
0X
xW
1V
xU
1^
#60980
0J
0Q
#60985
b0 j
b111 k
b11011101 l
b11011101 q
b11011101 u
bx f
1J
1Q
#60986
x_
x\
x[
xY
xX
xV
x^
x]
b11011101 i
b11011101 s
b11011101 w
#60990
0J
0Q
#60995
b0 f
b11011101 m
b11101110 l
b11101110 q
b11101110 u
b0 k
1J
1Q
#60996
1`
1_
1[
1X
0W
0V
0U
0^
1]
b11101110 i
b11101110 s
b11101110 w
#61000
0J
0Q
#61005
1J
1Q
#61010
0J
0Q
#61015
1J
1Q
#61020
0J
0Q
#61025
1J
1Q
#61030
0J
0Q
#61035
1J
1Q
#61040
0J
0Q
#61045
1J
1Q
#61050
0J
0Q
#61055
1J
1Q
#61060
0J
0Q
#61065
1J
1Q
#61070
0J
0Q
#61075
1J
1Q
#61080
0J
0Q
#61085
1J
1Q
#61090
0J
0Q
#61095
1J
1Q
#61100
0J
0Q
#61105
1J
1Q
#61110
0J
0Q
#61115
1J
1Q
#61120
0J
0Q
#61125
1J
1Q
#61130
0J
0Q
#61135
1J
1Q
#61140
0J
0Q
#61145
1J
1Q
#61150
0J
0Q
#61155
1J
1Q
#61160
0J
0Q
#61165
1J
1Q
0O
b1011 ""
b10000010 #"
b11100 $"
b0 !"
#61166
1T
#61170
0J
0Q
#61175
b1 f
1J
1Q
#61176
0`
#61180
0J
0Q
#61185
b1 j
1J
1Q
#61190
0J
0Q
#61195
b10 j
1J
1Q
#61200
0J
0Q
#61205
b11 j
1J
1Q
#61210
0J
0Q
#61215
b100 j
1J
1Q
#61220
0J
0Q
#61225
b101 j
1J
1Q
#61230
0J
0Q
#61235
b110 j
1J
1Q
#61240
0J
0Q
#61245
b111 j
1J
1Q
#61250
0J
0Q
#61255
b1000 j
1J
1Q
#61260
0J
0Q
#61265
b1001 j
1J
1Q
#61270
0J
0Q
#61275
b1010 j
1J
1Q
1O
#61276
0T
#61280
0J
0Q
#61285
b1011 j
b10 f
1J
1Q
#61286
x`
0_
0\
0[
0Y
0X
xW
1V
xU
1^
#61290
0J
0Q
#61295
bx f
b1110111 l
b1110111 q
b1110111 u
b1 k
b0 j
1J
1Q
#61296
x_
x\
x[
xY
xX
xV
x^
x]
b1110111 i
b1110111 s
b1110111 w
1h
#61297
0h
#61300
0J
0Q
#61305
b10 k
b10111011 l
b10111011 q
b10111011 u
b1110111 m
b0 f
1J
1Q
#61306
1`
1_
1[
1X
0W
0V
0U
0^
1]
b10111011 i
b10111011 s
b10111011 w
#61310
0J
0Q
#61315
1J
1Q
#61320
0J
0Q
#61325
1J
1Q
#61330
0J
0Q
#61335
1J
1Q
#61340
0J
0Q
#61345
1J
1Q
#61350
0J
0Q
#61355
1J
1Q
#61360
0J
0Q
#61365
1J
1Q
#61370
0J
0Q
#61375
1J
1Q
#61380
0J
0Q
#61385
1J
1Q
#61390
0J
0Q
#61395
1J
1Q
#61400
0J
0Q
#61405
1J
1Q
#61410
0J
0Q
#61415
1J
1Q
#61420
0J
0Q
#61425
1J
1Q
#61430
0J
0Q
#61435
1J
1Q
#61440
0J
0Q
#61445
1J
1Q
#61450
0J
0Q
#61455
1J
1Q
#61460
0J
0Q
#61465
1J
1Q
#61470
0J
0Q
#61475
1J
1Q
0O
b111 ""
b1 !"
#61476
1T
#61480
0J
0Q
#61485
b1 f
1J
1Q
#61486
0`
#61490
0J
0Q
#61495
b1 j
1J
1Q
#61500
0J
0Q
#61505
b10 j
1J
1Q
#61510
0J
0Q
#61515
b11 j
1J
1Q
#61520
0J
0Q
#61525
b100 j
1J
1Q
#61530
0J
0Q
#61535
b101 j
1J
1Q
#61540
0J
0Q
#61545
b110 j
1J
1Q
1O
#61546
0T
#61550
0J
0Q
#61555
b10 f
b111 j
1J
1Q
#61556
x`
0_
0\
0[
0Y
0X
xW
1V
xU
1^
#61560
0J
0Q
#61565
b0 j
b11 k
b11011101 l
b11011101 q
b11011101 u
bx f
1J
1Q
#61566
x_
x\
x[
xY
xX
xV
x^
x]
b11011101 i
b11011101 s
b11011101 w
#61570
0J
0Q
#61575
b0 f
b11011101 m
b11101110 l
b11101110 q
b11101110 u
b100 k
1J
1Q
#61576
1`
1_
1[
1X
0W
0V
0U
0^
1]
b11101110 i
b11101110 s
b11101110 w
#61580
0J
0Q
#61585
1J
1Q
#61590
0J
0Q
#61595
1J
1Q
#61600
0J
0Q
#61605
1J
1Q
#61610
0J
0Q
#61615
1J
1Q
#61620
0J
0Q
#61625
1J
1Q
#61630
0J
0Q
#61635
1J
1Q
#61640
0J
0Q
#61645
1J
1Q
#61650
0J
0Q
#61655
1J
1Q
#61660
0J
0Q
#61665
1J
1Q
#61670
0J
0Q
#61675
1J
1Q
#61680
0J
0Q
#61685
1J
1Q
#61690
0J
0Q
#61695
1J
1Q
#61700
0J
0Q
#61705
1J
1Q
#61710
0J
0Q
#61715
1J
1Q
#61720
0J
0Q
#61725
1J
1Q
#61730
0J
0Q
#61735
1J
1Q
#61740
0J
0Q
#61745
1J
1Q
0O
b1101 ""
b10 !"
#61746
1T
#61750
0J
0Q
#61755
b1 f
1J
1Q
#61756
0`
#61760
0J
0Q
#61765
b1 j
1J
1Q
#61770
0J
0Q
#61775
b10 j
1J
1Q
#61780
0J
0Q
#61785
b11 j
1J
1Q
#61790
0J
0Q
#61795
b100 j
1J
1Q
#61800
0J
0Q
#61805
b101 j
1J
1Q
#61810
0J
0Q
#61815
b110 j
1J
1Q
#61820
0J
0Q
#61825
b111 j
1J
1Q
#61830
0J
0Q
#61835
b1000 j
1J
1Q
#61840
0J
0Q
#61845
b1001 j
1J
1Q
#61850
0J
0Q
#61855
b1010 j
1J
1Q
#61860
0J
0Q
#61865
b1011 j
1J
1Q
#61870
0J
0Q
#61875
b1100 j
1J
1Q
1O
#61876
0T
#61880
0J
0Q
#61885
b1101 j
b10 f
1J
1Q
#61886
x`
0_
0\
0[
0Y
0X
xW
1V
xU
1^
#61890
0J
0Q
#61895
bx f
b1110111 l
b1110111 q
b1110111 u
b101 k
b0 j
1J
1Q
#61896
x_
x\
x[
xY
xX
xV
x^
x]
b1110111 i
b1110111 s
b1110111 w
1h
#61897
0h
#61900
0J
0Q
#61905
b110 k
b10111011 l
b10111011 q
b10111011 u
b1110111 m
b0 f
1J
1Q
#61906
1`
1_
1[
1X
0W
0V
0U
0^
1]
b10111011 i
b10111011 s
b10111011 w
#61910
0J
0Q
#61915
1J
1Q
#61920
0J
0Q
#61925
1J
1Q
#61930
0J
0Q
#61935
1J
1Q
#61940
0J
0Q
#61945
1J
1Q
#61950
0J
0Q
#61955
1J
1Q
#61960
0J
0Q
#61965
1J
1Q
#61970
0J
0Q
#61975
1J
1Q
#61980
0J
0Q
#61985
1J
1Q
#61990
0J
0Q
#61995
1J
1Q
#62000
0J
0Q
#62005
1J
1Q
#62010
0J
0Q
#62015
1J
1Q
#62020
0J
0Q
#62025
1J
1Q
#62030
0J
0Q
#62035
1J
1Q
#62040
0J
0Q
#62045
1J
1Q
#62050
0J
0Q
#62055
1J
1Q
#62060
0J
0Q
#62065
1J
1Q
#62070
0J
0Q
#62075
1J
1Q
0O
b1110 ""
b11 !"
#62076
1T
#62080
0J
0Q
#62085
b1 f
1J
1Q
#62086
0`
#62090
0J
0Q
#62095
b1 j
1J
1Q
#62100
0J
0Q
#62105
b10 j
1J
1Q
#62110
0J
0Q
#62115
b11 j
1J
1Q
#62120
0J
0Q
#62125
b100 j
1J
1Q
#62130
0J
0Q
#62135
b101 j
1J
1Q
#62140
0J
0Q
#62145
b110 j
1J
1Q
#62150
0J
0Q
#62155
b111 j
1J
1Q
#62160
0J
0Q
#62165
b1000 j
1J
1Q
#62170
0J
0Q
#62175
b1001 j
1J
1Q
#62180
0J
0Q
#62185
b1010 j
1J
1Q
#62190
0J
0Q
#62195
b1011 j
1J
1Q
#62200
0J
0Q
#62205
b1100 j
1J
1Q
#62210
0J
0Q
#62215
b1101 j
1J
1Q
1O
#62216
0T
#62220
0J
0Q
#62225
b1110 j
b10 f
1J
1Q
#62226
x`
0_
0\
0[
0Y
0X
xW
1V
xU
1^
#62230
0J
0Q
#62235
bx f
b1011101 l
b1011101 q
b1011101 u
b111 k
b0 j
1J
1Q
#62236
x_
x\
x[
xY
xX
xV
x^
x]
b1011101 i
b1011101 s
b1011101 w
1h
#62237
0h
#62240
0J
0Q
#62245
b0 k
b10101110 l
b10101110 q
b10101110 u
b1011101 m
b0 f
1J
1Q
#62246
1`
1_
1[
1X
0W
0V
0U
0^
1]
b10101110 i
b10101110 s
b10101110 w
#62250
0J
0Q
#62255
1J
1Q
#62260
0J
0Q
#62265
1J
1Q
#62270
0J
0Q
#62275
1J
1Q
#62280
0J
0Q
#62285
1J
1Q
#62290
0J
0Q
#62295
1J
1Q
#62300
0J
0Q
#62305
1J
1Q
#62310
0J
0Q
#62315
1J
1Q
#62320
0J
0Q
#62325
1J
1Q
#62330
0J
0Q
#62335
1J
1Q
#62340
0J
0Q
#62345
1J
1Q
#62350
0J
0Q
#62355
1J
1Q
#62360
0J
0Q
#62365
1J
1Q
#62370
0J
0Q
#62375
1J
1Q
#62380
0J
0Q
#62385
1J
1Q
#62390
0J
0Q
#62395
1J
1Q
#62400
0J
0Q
#62405
1J
1Q
#62410
0J
0Q
#62415
1J
1Q
0O
b1111 ""
b100 !"
#62416
1T
#62420
0J
0Q
#62425
b1 f
1J
1Q
#62426
0`
#62430
0J
0Q
#62435
b1 j
1J
1Q
#62440
0J
0Q
#62445
b10 j
1J
1Q
#62450
0J
0Q
#62455
b11 j
1J
1Q
#62460
0J
0Q
#62465
b100 j
1J
1Q
#62470
0J
0Q
#62475
b101 j
1J
1Q
#62480
0J
0Q
#62485
b110 j
1J
1Q
#62490
0J
0Q
#62495
b111 j
1J
1Q
#62500
0J
0Q
#62505
b1000 j
1J
1Q
#62510
0J
0Q
#62515
b1001 j
1J
1Q
#62520
0J
0Q
#62525
b1010 j
1J
1Q
#62530
0J
0Q
#62535
b1011 j
1J
1Q
#62540
0J
0Q
#62545
b1100 j
1J
1Q
#62550
0J
0Q
#62555
b1101 j
1J
1Q
#62560
0J
0Q
#62565
b1110 j
1J
1Q
1O
#62566
0T
#62570
0J
0Q
#62575
b10 f
b1111 j
1J
1Q
#62576
x`
0_
0\
0[
0Y
0X
xW
1V
xU
1^
#62580
0J
0Q
#62585
b0 j
b1 k
b1010111 l
b1010111 q
b1010111 u
bx f
1J
1Q
#62586
x_
x\
x[
xY
xX
xV
x^
x]
b1010111 i
b1010111 s
b1010111 w
1h
#62587
0h
#62590
0J
0Q
#62595
b0 f
b1010111 m
b10101011 l
b10101011 q
b10101011 u
b10 k
1J
1Q
#62596
1`
1_
1[
1X
0W
0V
0U
0^
1]
b10101011 i
b10101011 s
b10101011 w
#62600
0J
0Q
#62605
1J
1Q
#62610
0J
0Q
#62615
1J
1Q
#62620
0J
0Q
#62625
1J
1Q
#62630
0J
0Q
#62635
1J
1Q
#62640
0J
0Q
#62645
1J
1Q
#62650
0J
0Q
#62655
1J
1Q
#62660
0J
0Q
#62665
1J
1Q
#62670
0J
0Q
#62675
1J
1Q
#62680
0J
0Q
#62685
1J
1Q
#62690
0J
0Q
#62695
1J
1Q
#62700
0J
0Q
#62705
1J
1Q
#62710
0J
0Q
#62715
1J
1Q
#62720
0J
0Q
#62725
1J
1Q
#62730
0J
0Q
#62735
1J
1Q
#62740
0J
0Q
#62745
1J
1Q
#62750
0J
0Q
#62755
1J
1Q
#62760
0J
0Q
#62765
1J
1Q
0O
b1011 ""
b101 !"
#62766
1T
#62770
0J
0Q
#62775
b1 f
1J
1Q
#62776
0`
#62780
0J
0Q
#62785
b1 j
1J
1Q
#62790
0J
0Q
#62795
b10 j
1J
1Q
#62800
0J
0Q
#62805
b11 j
1J
1Q
#62810
0J
0Q
#62815
b100 j
1J
1Q
#62820
0J
0Q
#62825
b101 j
1J
1Q
#62830
0J
0Q
#62835
b110 j
1J
1Q
#62840
0J
0Q
#62845
b111 j
1J
1Q
#62850
0J
0Q
#62855
b1000 j
1J
1Q
#62860
0J
0Q
#62865
b1001 j
1J
1Q
#62870
0J
0Q
#62875
b1010 j
1J
1Q
1O
#62876
0T
#62880
0J
0Q
#62885
b1011 j
b10 f
1J
1Q
#62886
x`
0_
0\
0[
0Y
0X
xW
1V
xU
1^
#62890
0J
0Q
#62895
bx f
b1010101 l
b1010101 q
b1010101 u
b11 k
b0 j
1J
1Q
#62896
x_
x\
x[
xY
xX
xV
x^
x]
b1010101 i
b1010101 s
b1010101 w
1h
#62897
0h
#62900
0J
0Q
#62905
b100 k
b10101010 l
b10101010 q
b10101010 u
b1010101 m
b0 f
1J
1Q
#62906
1`
1_
1[
1X
0W
0V
0U
0^
1]
b10101010 i
b10101010 s
b10101010 w
#62910
0J
0Q
#62915
1J
1Q
#62920
0J
0Q
#62925
1J
1Q
#62930
0J
0Q
#62935
1J
1Q
#62940
0J
0Q
#62945
1J
1Q
#62950
0J
0Q
#62955
1J
1Q
#62960
0J
0Q
#62965
1J
1Q
#62970
0J
0Q
#62975
1J
1Q
#62980
0J
0Q
#62985
1J
1Q
#62990
0J
0Q
#62995
1J
1Q
#63000
0J
0Q
#63005
1J
1Q
#63010
0J
0Q
#63015
1J
1Q
#63020
0J
0Q
#63025
1J
1Q
#63030
0J
0Q
#63035
1J
1Q
#63040
0J
0Q
#63045
1J
1Q
#63050
0J
0Q
#63055
1J
1Q
#63060
0J
0Q
#63065
1J
1Q
#63070
0J
0Q
#63075
1J
1Q
0O
b1100 ""
b110 !"
#63076
1T
#63080
0J
0Q
#63085
b1 f
1J
1Q
#63086
0`
#63090
0J
0Q
#63095
b1 j
1J
1Q
#63100
0J
0Q
#63105
b10 j
1J
1Q
#63110
0J
0Q
#63115
b11 j
1J
1Q
#63120
0J
0Q
#63125
b100 j
1J
1Q
#63130
0J
0Q
#63135
b101 j
1J
1Q
#63140
0J
0Q
#63145
b110 j
1J
1Q
#63150
0J
0Q
#63155
b111 j
1J
1Q
#63160
0J
0Q
#63165
b1000 j
1J
1Q
#63170
0J
0Q
#63175
b1001 j
1J
1Q
#63180
0J
0Q
#63185
b1010 j
1J
1Q
#63190
0J
0Q
#63195
b1011 j
1J
1Q
1O
#63196
0T
#63200
0J
0Q
#63205
b1100 j
b10 f
1J
1Q
#63206
x`
0_
0\
0[
0Y
0X
xW
1V
xU
1^
#63210
0J
0Q
#63215
bx f
b1010101 l
b1010101 q
b1010101 u
b101 k
b0 j
1J
1Q
#63216
x_
x\
x[
xY
xX
xV
x^
x]
b1010101 i
b1010101 s
b1010101 w
1h
#63217
0h
#63220
0J
0Q
#63225
b110 k
b10101010 l
b10101010 q
b10101010 u
b0 f
1J
1Q
#63226
1`
1_
1[
1X
0W
0V
0U
0^
1]
b10101010 i
b10101010 s
b10101010 w
#63230
0J
0Q
#63235
1J
1Q
#63240
0J
0Q
#63245
1J
1Q
#63250
0J
0Q
#63255
1J
1Q
#63260
0J
0Q
#63265
1J
1Q
#63270
0J
0Q
#63275
1J
1Q
#63280
0J
0Q
#63285
1J
1Q
#63290
0J
0Q
#63295
1J
1Q
#63300
0J
0Q
#63305
1J
1Q
#63310
0J
0Q
#63315
1J
1Q
#63320
0J
0Q
#63325
1J
1Q
#63330
0J
0Q
#63335
1J
1Q
#63340
0J
0Q
#63345
1J
1Q
#63350
0J
0Q
#63355
1J
1Q
#63360
0J
0Q
#63365
1J
1Q
#63370
0J
0Q
#63375
1J
1Q
#63380
0J
0Q
#63385
1J
1Q
#63390
0J
0Q
#63395
1J
1Q
0O
b111 ""
b111 !"
#63396
1T
#63400
0J
0Q
#63405
b1 f
1J
1Q
#63406
0`
#63410
0J
0Q
#63415
b1 j
1J
1Q
#63420
0J
0Q
#63425
b10 j
1J
1Q
#63430
0J
0Q
#63435
b11 j
1J
1Q
#63440
0J
0Q
#63445
b100 j
1J
1Q
#63450
0J
0Q
#63455
b101 j
1J
1Q
#63460
0J
0Q
#63465
b110 j
1J
1Q
1O
#63466
0T
#63470
0J
0Q
#63475
b10 f
b111 j
1J
1Q
#63476
x`
0_
0\
0[
0Y
0X
xW
1V
xU
1^
#63480
0J
0Q
#63485
b0 j
b111 k
b11010101 l
b11010101 q
b11010101 u
bx f
1J
1Q
#63486
x_
x\
x[
xY
xX
xV
x^
x]
b11010101 i
b11010101 s
b11010101 w
#63490
0J
0Q
#63495
b0 f
b11010101 m
b11101010 l
b11101010 q
b11101010 u
b0 k
1J
1Q
#63496
1`
1_
1[
1X
0W
0V
0U
0^
1]
b11101010 i
b11101010 s
b11101010 w
#63500
0J
0Q
#63505
1J
1Q
#63510
0J
0Q
#63515
1J
1Q
#63520
0J
0Q
#63525
1J
1Q
#63530
0J
0Q
#63535
1J
1Q
#63540
0J
0Q
#63545
1J
1Q
#63550
0J
0Q
#63555
1J
1Q
#63560
0J
0Q
#63565
1J
1Q
#63570
0J
0Q
#63575
1J
1Q
#63580
0J
0Q
#63585
1J
1Q
#63590
0J
0Q
#63595
1J
1Q
#63600
0J
0Q
#63605
1J
1Q
#63610
0J
0Q
#63615
1J
1Q
#63620
0J
0Q
#63625
1J
1Q
#63630
0J
0Q
#63635
1J
1Q
#63640
0J
0Q
#63645
1J
1Q
#63650
0J
0Q
#63655
1J
1Q
#63660
0J
0Q
#63665
1J
1Q
0O
b10 ""
b1100011 #"
b11101 $"
b0 !"
#63666
1T
#63670
0J
0Q
#63675
b1 f
1J
1Q
#63676
0`
#63680
0J
0Q
#63685
b1 j
1J
1Q
1O
#63686
0T
#63690
0J
0Q
#63695
b10 f
b10 j
1J
1Q
#63696
x`
0_
0\
0[
0Y
0X
xW
1V
xU
1^
#63700
0J
0Q
#63705
b0 j
b1 k
b11110101 l
b11110101 q
b11110101 u
bx f
1J
1Q
#63706
x_
x\
x[
xY
xX
xV
x^
x]
b11110101 i
b11110101 s
b11110101 w
#63710
0J
0Q
#63715
b0 f
b11110101 m
b11111010 l
b11111010 q
b11111010 u
b10 k
1J
1Q
#63716
1`
1_
1[
1X
0W
0V
0U
0^
1]
b11111010 i
b11111010 s
b11111010 w
#63720
0J
0Q
#63725
1J
1Q
#63730
0J
0Q
#63735
1J
1Q
#63740
0J
0Q
#63745
1J
1Q
#63750
0J
0Q
#63755
1J
1Q
#63760
0J
0Q
#63765
1J
1Q
#63770
0J
0Q
#63775
1J
1Q
#63780
0J
0Q
#63785
1J
1Q
#63790
0J
0Q
#63795
1J
1Q
#63800
0J
0Q
#63805
1J
1Q
#63810
0J
0Q
#63815
1J
1Q
#63820
0J
0Q
#63825
1J
1Q
#63830
0J
0Q
#63835
1J
1Q
#63840
0J
0Q
#63845
1J
1Q
#63850
0J
0Q
#63855
1J
1Q
#63860
0J
0Q
#63865
1J
1Q
#63870
0J
0Q
#63875
1J
1Q
#63880
0J
0Q
#63885
1J
1Q
0O
b11 ""
b1 !"
#63886
1T
#63890
0J
0Q
#63895
b1 f
1J
1Q
#63896
0`
#63900
0J
0Q
#63905
b1 j
1J
1Q
#63910
0J
0Q
#63915
b10 j
1J
1Q
1O
#63916
0T
#63920
0J
0Q
#63925
b11 j
b10 f
1J
1Q
#63926
x`
0_
0\
0[
0Y
0X
xW
1V
xU
1^
#63930
0J
0Q
#63935
bx f
b11111101 l
b11111101 q
b11111101 u
b11 k
b0 j
1J
1Q
#63936
x_
x\
x[
xY
xX
xV
x^
x]
b11111101 i
b11111101 s
b11111101 w
#63940
0J
0Q
#63945
b100 k
b11111110 l
b11111110 q
b11111110 u
b11111101 m
b0 f
1J
1Q
#63946
1`
1_
1[
1X
0W
0V
0U
0^
1]
b11111110 i
b11111110 s
b11111110 w
#63950
0J
0Q
#63955
1J
1Q
#63960
0J
0Q
#63965
1J
1Q
#63970
0J
0Q
#63975
1J
1Q
#63980
0J
0Q
#63985
1J
1Q
#63990
0J
0Q
#63995
1J
1Q
#64000
0J
0Q
#64005
1J
1Q
#64010
0J
0Q
#64015
1J
1Q
#64020
0J
0Q
#64025
1J
1Q
#64030
0J
0Q
#64035
1J
1Q
#64040
0J
0Q
#64045
1J
1Q
#64050
0J
0Q
#64055
1J
1Q
#64060
0J
0Q
#64065
1J
1Q
#64070
0J
0Q
#64075
1J
1Q
#64080
0J
0Q
#64085
1J
1Q
#64090
0J
0Q
#64095
1J
1Q
#64100
0J
0Q
#64105
1J
1Q
#64110
0J
0Q
#64115
1J
1Q
0O
b1100 ""
b10 !"
#64116
1T
#64120
0J
0Q
#64125
b1 f
1J
1Q
#64126
0`
#64130
0J
0Q
#64135
b1 j
1J
1Q
#64140
0J
0Q
#64145
b10 j
1J
1Q
#64150
0J
0Q
#64155
b11 j
1J
1Q
#64160
0J
0Q
#64165
b100 j
1J
1Q
#64170
0J
0Q
#64175
b101 j
1J
1Q
#64180
0J
0Q
#64185
b110 j
1J
1Q
#64190
0J
0Q
#64195
b111 j
1J
1Q
#64200
0J
0Q
#64205
b1000 j
1J
1Q
#64210
0J
0Q
#64215
b1001 j
1J
1Q
#64220
0J
0Q
#64225
b1010 j
1J
1Q
#64230
0J
0Q
#64235
b1011 j
1J
1Q
1O
#64236
0T
#64240
0J
0Q
#64245
b1100 j
b10 f
1J
1Q
#64246
x`
0_
0\
0[
0Y
0X
xW
1V
xU
1^
#64250
0J
0Q
#64255
bx f
b1111111 l
b1111111 q
b1111111 u
b101 k
b0 j
1J
1Q
#64256
x_
x\
x[
xY
xX
xV
x^
x]
b1111111 i
b1111111 s
b1111111 w
1h
#64257
0h
#64260
0J
0Q
#64265
b110 k
b10111111 l
b10111111 q
b10111111 u
b1111111 m
b0 f
1J
1Q
#64266
1`
1_
1[
1X
0W
0V
0U
0^
1]
b10111111 i
b10111111 s
b10111111 w
#64270
0J
0Q
#64275
1J
1Q
#64280
0J
0Q
#64285
1J
1Q
#64290
0J
0Q
#64295
1J
1Q
#64300
0J
0Q
#64305
1J
1Q
#64310
0J
0Q
#64315
1J
1Q
#64320
0J
0Q
#64325
1J
1Q
#64330
0J
0Q
#64335
1J
1Q
#64340
0J
0Q
#64345
1J
1Q
#64350
0J
0Q
#64355
1J
1Q
#64360
0J
0Q
#64365
1J
1Q
#64370
0J
0Q
#64375
1J
1Q
#64380
0J
0Q
#64385
1J
1Q
#64390
0J
0Q
#64395
1J
1Q
#64400
0J
0Q
#64405
1J
1Q
#64410
0J
0Q
#64415
1J
1Q
#64420
0J
0Q
#64425
1J
1Q
#64430
0J
0Q
#64435
1J
1Q
0O
b1101 ""
b11 !"
#64436
1T
#64440
0J
0Q
#64445
b1 f
1J
1Q
#64446
0`
#64450
0J
0Q
#64455
b1 j
1J
1Q
#64460
0J
0Q
#64465
b10 j
1J
1Q
#64470
0J
0Q
#64475
b11 j
1J
1Q
#64480
0J
0Q
#64485
b100 j
1J
1Q
#64490
0J
0Q
#64495
b101 j
1J
1Q
#64500
0J
0Q
#64505
b110 j
1J
1Q
#64510
0J
0Q
#64515
b111 j
1J
1Q
#64520
0J
0Q
#64525
b1000 j
1J
1Q
#64530
0J
0Q
#64535
b1001 j
1J
1Q
#64540
0J
0Q
#64545
b1010 j
1J
1Q
#64550
0J
0Q
#64555
b1011 j
1J
1Q
#64560
0J
0Q
#64565
b1100 j
1J
1Q
1O
#64566
0T
#64570
0J
0Q
#64575
b10 f
b1101 j
1J
1Q
#64576
x`
0_
0\
0[
0Y
0X
xW
1V
xU
1^
#64580
0J
0Q
#64585
b0 j
b111 k
b1011111 l
b1011111 q
b1011111 u
bx f
1J
1Q
#64586
x_
x\
x[
xY
xX
xV
x^
x]
b1011111 i
b1011111 s
b1011111 w
1h
#64587
0h
#64590
0J
0Q
#64595
b0 f
b1011111 m
b10101111 l
b10101111 q
b10101111 u
b0 k
1J
1Q
#64596
1`
1_
1[
1X
0W
0V
0U
0^
1]
b10101111 i
b10101111 s
b10101111 w
#64600
0J
0Q
#64605
1J
1Q
#64610
0J
0Q
#64615
1J
1Q
#64620
0J
0Q
#64625
1J
1Q
#64630
0J
0Q
#64635
1J
1Q
#64640
0J
0Q
#64645
1J
1Q
#64650
0J
0Q
#64655
1J
1Q
#64660
0J
0Q
#64665
1J
1Q
#64670
0J
0Q
#64675
1J
1Q
#64680
0J
0Q
#64685
1J
1Q
#64690
0J
0Q
#64695
1J
1Q
#64700
0J
0Q
#64705
1J
1Q
#64710
0J
0Q
#64715
1J
1Q
#64720
0J
0Q
#64725
1J
1Q
#64730
0J
0Q
#64735
1J
1Q
#64740
0J
0Q
#64745
1J
1Q
#64750
0J
0Q
#64755
1J
1Q
#64760
0J
0Q
#64765
1J
1Q
0O
b1110 ""
b100 !"
#64766
1T
#64770
0J
0Q
#64775
b1 f
1J
1Q
#64776
0`
#64780
0J
0Q
#64785
b1 j
1J
1Q
#64790
0J
0Q
#64795
b10 j
1J
1Q
#64800
0J
0Q
#64805
b11 j
1J
1Q
#64810
0J
0Q
#64815
b100 j
1J
1Q
#64820
0J
0Q
#64825
b101 j
1J
1Q
#64830
0J
0Q
#64835
b110 j
1J
1Q
#64840
0J
0Q
#64845
b111 j
1J
1Q
#64850
0J
0Q
#64855
b1000 j
1J
1Q
#64860
0J
0Q
#64865
b1001 j
1J
1Q
#64870
0J
0Q
#64875
b1010 j
1J
1Q
#64880
0J
0Q
#64885
b1011 j
1J
1Q
#64890
0J
0Q
#64895
b1100 j
1J
1Q
#64900
0J
0Q
#64905
b1101 j
1J
1Q
1O
#64906
0T
#64910
0J
0Q
#64915
b10 f
b1110 j
1J
1Q
#64916
x`
0_
0\
0[
0Y
0X
xW
1V
xU
1^
#64920
0J
0Q
#64925
b0 j
b1 k
b1010111 l
b1010111 q
b1010111 u
bx f
1J
1Q
#64926
x_
x\
x[
xY
xX
xV
x^
x]
b1010111 i
b1010111 s
b1010111 w
1h
#64927
0h
#64930
0J
0Q
#64935
b0 f
b1010111 m
b10101011 l
b10101011 q
b10101011 u
b10 k
1J
1Q
#64936
1`
1_
1[
1X
0W
0V
0U
0^
1]
b10101011 i
b10101011 s
b10101011 w
#64940
0J
0Q
#64945
1J
1Q
#64950
0J
0Q
#64955
1J
1Q
#64960
0J
0Q
#64965
1J
1Q
#64970
0J
0Q
#64975
1J
1Q
#64980
0J
0Q
#64985
1J
1Q
#64990
0J
0Q
#64995
1J
1Q
#65000
0J
0Q
#65005
1J
1Q
#65010
0J
0Q
#65015
1J
1Q
#65020
0J
0Q
#65025
1J
1Q
#65030
0J
0Q
#65035
1J
1Q
#65040
0J
0Q
#65045
1J
1Q
#65050
0J
0Q
#65055
1J
1Q
#65060
0J
0Q
#65065
1J
1Q
#65070
0J
0Q
#65075
1J
1Q
#65080
0J
0Q
#65085
1J
1Q
#65090
0J
0Q
#65095
1J
1Q
#65100
0J
0Q
#65105
1J
1Q
0O
b111 ""
b101 !"
#65106
1T
#65110
0J
0Q
#65115
b1 f
1J
1Q
#65116
0`
#65120
0J
0Q
#65125
b1 j
1J
1Q
#65130
0J
0Q
#65135
b10 j
1J
1Q
#65140
0J
0Q
#65145
b11 j
1J
1Q
#65150
0J
0Q
#65155
b100 j
1J
1Q
#65160
0J
0Q
#65165
b101 j
1J
1Q
#65170
0J
0Q
#65175
b110 j
1J
1Q
1O
#65176
0T
#65180
0J
0Q
#65185
b111 j
b10 f
1J
1Q
#65186
x`
0_
0\
0[
0Y
0X
xW
1V
xU
1^
#65190
0J
0Q
#65195
bx f
b11010101 l
b11010101 q
b11010101 u
b11 k
b0 j
1J
1Q
#65196
x_
x\
x[
xY
xX
xV
x^
x]
b11010101 i
b11010101 s
b11010101 w
#65200
0J
0Q
#65205
b100 k
b11101010 l
b11101010 q
b11101010 u
b11010101 m
b0 f
1J
1Q
#65206
1`
1_
1[
1X
0W
0V
0U
0^
1]
b11101010 i
b11101010 s
b11101010 w
#65210
0J
0Q
#65215
1J
1Q
#65220
0J
0Q
#65225
1J
1Q
#65230
0J
0Q
#65235
1J
1Q
#65240
0J
0Q
#65245
1J
1Q
#65250
0J
0Q
#65255
1J
1Q
#65260
0J
0Q
#65265
1J
1Q
#65270
0J
0Q
#65275
1J
1Q
#65280
0J
0Q
#65285
1J
1Q
#65290
0J
0Q
#65295
1J
1Q
#65300
0J
0Q
#65305
1J
1Q
#65310
0J
0Q
#65315
1J
1Q
#65320
0J
0Q
#65325
1J
1Q
#65330
0J
0Q
#65335
1J
1Q
#65340
0J
0Q
#65345
1J
1Q
#65350
0J
0Q
#65355
1J
1Q
#65360
0J
0Q
#65365
1J
1Q
#65370
0J
0Q
#65375
1J
1Q
0O
b10 ""
b110 !"
#65376
1T
#65380
0J
0Q
#65385
b1 f
1J
1Q
#65386
0`
#65390
0J
0Q
#65395
b1 j
1J
1Q
1O
#65396
0T
#65400
0J
0Q
#65405
b10 j
b10 f
1J
1Q
#65406
x`
0_
0\
0[
0Y
0X
xW
1V
xU
1^
#65410
0J
0Q
#65415
bx f
b11110101 l
b11110101 q
b11110101 u
b101 k
b0 j
1J
1Q
#65416
x_
x\
x[
xY
xX
xV
x^
x]
b11110101 i
b11110101 s
b11110101 w
#65420
0J
0Q
#65425
b110 k
b11111010 l
b11111010 q
b11111010 u
b11110101 m
b0 f
1J
1Q
#65426
1`
1_
1[
1X
0W
0V
0U
0^
1]
b11111010 i
b11111010 s
b11111010 w
#65430
0J
0Q
#65435
1J
1Q
#65440
0J
0Q
#65445
1J
1Q
#65450
0J
0Q
#65455
1J
1Q
#65460
0J
0Q
#65465
1J
1Q
#65470
0J
0Q
#65475
1J
1Q
#65480
0J
0Q
#65485
1J
1Q
#65490
0J
0Q
#65495
1J
1Q
#65500
0J
0Q
#65505
1J
1Q
#65510
0J
0Q
#65515
1J
1Q
#65520
0J
0Q
#65525
1J
1Q
#65530
0J
0Q
#65535
1J
1Q
#65540
0J
0Q
#65545
1J
1Q
#65550
0J
0Q
#65555
1J
1Q
#65560
0J
0Q
#65565
1J
1Q
#65570
0J
0Q
#65575
1J
1Q
#65580
0J
0Q
#65585
1J
1Q
#65590
0J
0Q
#65595
1J
1Q
0O
b1100 ""
b111 !"
#65596
1T
#65600
0J
0Q
#65605
b1 f
1J
1Q
#65606
0`
#65610
0J
0Q
#65615
b1 j
1J
1Q
#65620
0J
0Q
#65625
b10 j
1J
1Q
#65630
0J
0Q
#65635
b11 j
1J
1Q
#65640
0J
0Q
#65645
b100 j
1J
1Q
#65650
0J
0Q
#65655
b101 j
1J
1Q
#65660
0J
0Q
#65665
b110 j
1J
1Q
#65670
0J
0Q
#65675
b111 j
1J
1Q
#65680
0J
0Q
#65685
b1000 j
1J
1Q
#65690
0J
0Q
#65695
b1001 j
1J
1Q
#65700
0J
0Q
#65705
b1010 j
1J
1Q
#65710
0J
0Q
#65715
b1011 j
1J
1Q
1O
#65716
0T
#65720
0J
0Q
#65725
b1100 j
b10 f
1J
1Q
#65726
x`
0_
0\
0[
0Y
0X
xW
1V
xU
1^
#65730
0J
0Q
#65735
bx f
b1111101 l
b1111101 q
b1111101 u
b111 k
b0 j
1J
1Q
#65736
x_
x\
x[
xY
xX
xV
x^
x]
b1111101 i
b1111101 s
b1111101 w
1h
#65737
0h
#65740
0J
0Q
#65745
b0 k
b10111110 l
b10111110 q
b10111110 u
b1111101 m
b0 f
1J
1Q
#65746
1`
1_
1[
1X
0W
0V
0U
0^
1]
b10111110 i
b10111110 s
b10111110 w
#65750
0J
0Q
#65755
1J
1Q
#65760
0J
0Q
#65765
1J
1Q
#65770
0J
0Q
#65775
1J
1Q
#65780
0J
0Q
#65785
1J
1Q
#65790
0J
0Q
#65795
1J
1Q
#65800
0J
0Q
#65805
1J
1Q
#65810
0J
0Q
#65815
1J
1Q
#65820
0J
0Q
#65825
1J
1Q
#65830
0J
0Q
#65835
1J
1Q
#65840
0J
0Q
#65845
1J
1Q
#65850
0J
0Q
#65855
1J
1Q
#65860
0J
0Q
#65865
1J
1Q
#65870
0J
0Q
#65875
1J
1Q
#65880
0J
0Q
#65885
1J
1Q
#65890
0J
0Q
#65895
1J
1Q
#65900
0J
0Q
#65905
1J
1Q
#65910
0J
0Q
#65915
1J
1Q
0O
b1110 ""
b1000100 #"
b11110 $"
b0 !"
#65916
1T
#65920
0J
0Q
#65925
b1 f
1J
1Q
#65926
0`
#65930
0J
0Q
#65935
b1 j
1J
1Q
#65940
0J
0Q
#65945
b10 j
1J
1Q
#65950
0J
0Q
#65955
b11 j
1J
1Q
#65960
0J
0Q
#65965
b100 j
1J
1Q
#65970
0J
0Q
#65975
b101 j
1J
1Q
#65980
0J
0Q
#65985
b110 j
1J
1Q
#65990
0J
0Q
#65995
b111 j
1J
1Q
#66000
0J
0Q
#66005
b1000 j
1J
1Q
#66010
0J
0Q
#66015
b1001 j
1J
1Q
#66020
0J
0Q
#66025
b1010 j
1J
1Q
#66030
0J
0Q
#66035
b1011 j
1J
1Q
#66040
0J
0Q
#66045
b1100 j
1J
1Q
#66050
0J
0Q
#66055
b1101 j
1J
1Q
1O
#66056
0T
#66060
0J
0Q
#66065
b1110 j
b10 f
1J
1Q
#66066
x`
0_
0\
0[
0Y
0X
xW
1V
xU
1^
#66070
0J
0Q
#66075
bx f
b1011111 l
b1011111 q
b1011111 u
b1 k
b0 j
1J
1Q
#66076
x_
x\
x[
xY
xX
xV
x^
x]
b1011111 i
b1011111 s
b1011111 w
1h
#66077
0h
#66080
0J
0Q
#66085
b10 k
b10101111 l
b10101111 q
b10101111 u
b1011111 m
b0 f
1J
1Q
#66086
1`
1_
1[
1X
0W
0V
0U
0^
1]
b10101111 i
b10101111 s
b10101111 w
#66090
0J
0Q
#66095
1J
1Q
#66100
0J
0Q
#66105
1J
1Q
#66110
0J
0Q
#66115
1J
1Q
#66120
0J
0Q
#66125
1J
1Q
#66130
0J
0Q
#66135
1J
1Q
#66140
0J
0Q
#66145
1J
1Q
#66150
0J
0Q
#66155
1J
1Q
#66160
0J
0Q
#66165
1J
1Q
#66170
0J
0Q
#66175
1J
1Q
#66180
0J
0Q
#66185
1J
1Q
#66190
0J
0Q
#66195
1J
1Q
#66200
0J
0Q
#66205
1J
1Q
#66210
0J
0Q
#66215
1J
1Q
#66220
0J
0Q
#66225
1J
1Q
#66230
0J
0Q
#66235
1J
1Q
#66240
0J
0Q
#66245
1J
1Q
#66250
0J
0Q
#66255
1J
1Q
0O
b1111 ""
b1 !"
#66256
1T
#66260
0J
0Q
#66265
b1 f
1J
1Q
#66266
0`
#66270
0J
0Q
#66275
b1 j
1J
1Q
#66280
0J
0Q
#66285
b10 j
1J
1Q
#66290
0J
0Q
#66295
b11 j
1J
1Q
#66300
0J
0Q
#66305
b100 j
1J
1Q
#66310
0J
0Q
#66315
b101 j
1J
1Q
#66320
0J
0Q
#66325
b110 j
1J
1Q
#66330
0J
0Q
#66335
b111 j
1J
1Q
#66340
0J
0Q
#66345
b1000 j
1J
1Q
#66350
0J
0Q
#66355
b1001 j
1J
1Q
#66360
0J
0Q
#66365
b1010 j
1J
1Q
#66370
0J
0Q
#66375
b1011 j
1J
1Q
#66380
0J
0Q
#66385
b1100 j
1J
1Q
#66390
0J
0Q
#66395
b1101 j
1J
1Q
#66400
0J
0Q
#66405
b1110 j
1J
1Q
1O
#66406
0T
#66410
0J
0Q
#66415
b10 f
b1111 j
1J
1Q
#66416
x`
0_
0\
0[
0Y
0X
xW
1V
xU
1^
#66420
0J
0Q
#66425
b0 j
b11 k
b1010111 l
b1010111 q
b1010111 u
bx f
1J
1Q
#66426
x_
x\
x[
xY
xX
xV
x^
x]
b1010111 i
b1010111 s
b1010111 w
1h
#66427
0h
#66430
0J
0Q
#66435
b0 f
b1010111 m
b10101011 l
b10101011 q
b10101011 u
b100 k
1J
1Q
#66436
1`
1_
1[
1X
0W
0V
0U
0^
1]
b10101011 i
b10101011 s
b10101011 w
#66440
0J
0Q
#66445
1J
1Q
#66450
0J
0Q
#66455
1J
1Q
#66460
0J
0Q
#66465
1J
1Q
#66470
0J
0Q
#66475
1J
1Q
#66480
0J
0Q
#66485
1J
1Q
#66490
0J
0Q
#66495
1J
1Q
#66500
0J
0Q
#66505
1J
1Q
#66510
0J
0Q
#66515
1J
1Q
#66520
0J
0Q
#66525
1J
1Q
#66530
0J
0Q
#66535
1J
1Q
#66540
0J
0Q
#66545
1J
1Q
#66550
0J
0Q
#66555
1J
1Q
#66560
0J
0Q
#66565
1J
1Q
#66570
0J
0Q
#66575
1J
1Q
#66580
0J
0Q
#66585
1J
1Q
#66590
0J
0Q
#66595
1J
1Q
#66600
0J
0Q
#66605
1J
1Q
0O
b110 ""
b10 !"
#66606
1T
#66610
0J
0Q
#66615
b1 f
1J
1Q
#66616
0`
#66620
0J
0Q
#66625
b1 j
1J
1Q
#66630
0J
0Q
#66635
b10 j
1J
1Q
#66640
0J
0Q
#66645
b11 j
1J
1Q
#66650
0J
0Q
#66655
b100 j
1J
1Q
#66660
0J
0Q
#66665
b101 j
1J
1Q
1O
#66666
0T
#66670
0J
0Q
#66675
b10 f
b110 j
1J
1Q
#66676
x`
0_
0\
0[
0Y
0X
xW
1V
xU
1^
#66680
0J
0Q
#66685
b0 j
b101 k
b11010101 l
b11010101 q
b11010101 u
bx f
1J
1Q
#66686
x_
x\
x[
xY
xX
xV
x^
x]
b11010101 i
b11010101 s
b11010101 w
#66690
0J
0Q
#66695
b0 f
b11010101 m
b11101010 l
b11101010 q
b11101010 u
b110 k
1J
1Q
#66696
1`
1_
1[
1X
0W
0V
0U
0^
1]
b11101010 i
b11101010 s
b11101010 w
#66700
0J
0Q
#66705
1J
1Q
#66710
0J
0Q
#66715
1J
1Q
#66720
0J
0Q
#66725
1J
1Q
#66730
0J
0Q
#66735
1J
1Q
#66740
0J
0Q
#66745
1J
1Q
#66750
0J
0Q
#66755
1J
1Q
#66760
0J
0Q
#66765
1J
1Q
#66770
0J
0Q
#66775
1J
1Q
#66780
0J
0Q
#66785
1J
1Q
#66790
0J
0Q
#66795
1J
1Q
#66800
0J
0Q
#66805
1J
1Q
#66810
0J
0Q
#66815
1J
1Q
#66820
0J
0Q
#66825
1J
1Q
#66830
0J
0Q
#66835
1J
1Q
#66840
0J
0Q
#66845
1J
1Q
#66850
0J
0Q
#66855
1J
1Q
#66860
0J
0Q
#66865
1J
1Q
0O
b1100 ""
b11 !"
#66866
1T
#66870
0J
0Q
#66875
b1 f
1J
1Q
#66876
0`
#66880
0J
0Q
#66885
b1 j
1J
1Q
#66890
0J
0Q
#66895
b10 j
1J
1Q
#66900
0J
0Q
#66905
b11 j
1J
1Q
#66910
0J
0Q
#66915
b100 j
1J
1Q
#66920
0J
0Q
#66925
b101 j
1J
1Q
#66930
0J
0Q
#66935
b110 j
1J
1Q
#66940
0J
0Q
#66945
b111 j
1J
1Q
#66950
0J
0Q
#66955
b1000 j
1J
1Q
#66960
0J
0Q
#66965
b1001 j
1J
1Q
#66970
0J
0Q
#66975
b1010 j
1J
1Q
#66980
0J
0Q
#66985
b1011 j
1J
1Q
1O
#66986
0T
#66990
0J
0Q
#66995
b10 f
b1100 j
1J
1Q
#66996
x`
0_
0\
0[
0Y
0X
xW
1V
xU
1^
#67000
0J
0Q
#67005
b0 j
b111 k
b1110101 l
b1110101 q
b1110101 u
bx f
1J
1Q
#67006
x_
x\
x[
xY
xX
xV
x^
x]
b1110101 i
b1110101 s
b1110101 w
1h
#67007
0h
#67010
0J
0Q
#67015
b0 f
b1110101 m
b10111010 l
b10111010 q
b10111010 u
b0 k
1J
1Q
#67016
1`
1_
1[
1X
0W
0V
0U
0^
1]
b10111010 i
b10111010 s
b10111010 w
#67020
0J
0Q
#67025
1J
1Q
#67030
0J
0Q
#67035
1J
1Q
#67040
0J
0Q
#67045
1J
1Q
#67050
0J
0Q
#67055
1J
1Q
#67060
0J
0Q
#67065
1J
1Q
#67070
0J
0Q
#67075
1J
1Q
#67080
0J
0Q
#67085
1J
1Q
#67090
0J
0Q
#67095
1J
1Q
#67100
0J
0Q
#67105
1J
1Q
#67110
0J
0Q
#67115
1J
1Q
#67120
0J
0Q
#67125
1J
1Q
#67130
0J
0Q
#67135
1J
1Q
#67140
0J
0Q
#67145
1J
1Q
#67150
0J
0Q
#67155
1J
1Q
#67160
0J
0Q
#67165
1J
1Q
#67170
0J
0Q
#67175
1J
1Q
#67180
0J
0Q
#67185
1J
1Q
0O
b1101 ""
b100 !"
#67186
1T
#67190
0J
0Q
#67195
b1 f
1J
1Q
#67196
0`
#67200
0J
0Q
#67205
b1 j
1J
1Q
#67210
0J
0Q
#67215
b10 j
1J
1Q
#67220
0J
0Q
#67225
b11 j
1J
1Q
#67230
0J
0Q
#67235
b100 j
1J
1Q
#67240
0J
0Q
#67245
b101 j
1J
1Q
#67250
0J
0Q
#67255
b110 j
1J
1Q
#67260
0J
0Q
#67265
b111 j
1J
1Q
#67270
0J
0Q
#67275
b1000 j
1J
1Q
#67280
0J
0Q
#67285
b1001 j
1J
1Q
#67290
0J
0Q
#67295
b1010 j
1J
1Q
#67300
0J
0Q
#67305
b1011 j
1J
1Q
#67310
0J
0Q
#67315
b1100 j
1J
1Q
1O
#67316
0T
#67320
0J
0Q
#67325
b1101 j
b10 f
1J
1Q
#67326
x`
0_
0\
0[
0Y
0X
xW
1V
xU
1^
#67330
0J
0Q
#67335
bx f
b1011101 l
b1011101 q
b1011101 u
b1 k
b0 j
1J
1Q
#67336
x_
x\
x[
xY
xX
xV
x^
x]
b1011101 i
b1011101 s
b1011101 w
1h
#67337
0h
#67340
0J
0Q
#67345
b10 k
b10101110 l
b10101110 q
b10101110 u
b1011101 m
b0 f
1J
1Q
#67346
1`
1_
1[
1X
0W
0V
0U
0^
1]
b10101110 i
b10101110 s
b10101110 w
#67350
0J
0Q
#67355
1J
1Q
#67360
0J
0Q
#67365
1J
1Q
#67370
0J
0Q
#67375
1J
1Q
#67380
0J
0Q
#67385
1J
1Q
#67390
0J
0Q
#67395
1J
1Q
#67400
0J
0Q
#67405
1J
1Q
#67410
0J
0Q
#67415
1J
1Q
#67420
0J
0Q
#67425
1J
1Q
#67430
0J
0Q
#67435
1J
1Q
#67440
0J
0Q
#67445
1J
1Q
#67450
0J
0Q
#67455
1J
1Q
#67460
0J
0Q
#67465
1J
1Q
#67470
0J
0Q
#67475
1J
1Q
#67480
0J
0Q
#67485
1J
1Q
#67490
0J
0Q
#67495
1J
1Q
#67500
0J
0Q
#67505
1J
1Q
#67510
0J
0Q
#67515
1J
1Q
0O
b1110 ""
b101 !"
#67516
1T
#67520
0J
0Q
#67525
b1 f
1J
1Q
#67526
0`
#67530
0J
0Q
#67535
b1 j
1J
1Q
#67540
0J
0Q
#67545
b10 j
1J
1Q
#67550
0J
0Q
#67555
b11 j
1J
1Q
#67560
0J
0Q
#67565
b100 j
1J
1Q
#67570
0J
0Q
#67575
b101 j
1J
1Q
#67580
0J
0Q
#67585
b110 j
1J
1Q
#67590
0J
0Q
#67595
b111 j
1J
1Q
#67600
0J
0Q
#67605
b1000 j
1J
1Q
#67610
0J
0Q
#67615
b1001 j
1J
1Q
#67620
0J
0Q
#67625
b1010 j
1J
1Q
#67630
0J
0Q
#67635
b1011 j
1J
1Q
#67640
0J
0Q
#67645
b1100 j
1J
1Q
#67650
0J
0Q
#67655
b1101 j
1J
1Q
1O
#67656
0T
#67660
0J
0Q
#67665
b1110 j
b10 f
1J
1Q
#67666
x`
0_
0\
0[
0Y
0X
xW
1V
xU
1^
#67670
0J
0Q
#67675
bx f
b1010111 l
b1010111 q
b1010111 u
b11 k
b0 j
1J
1Q
#67676
x_
x\
x[
xY
xX
xV
x^
x]
b1010111 i
b1010111 s
b1010111 w
1h
#67677
0h
#67680
0J
0Q
#67685
b100 k
b10101011 l
b10101011 q
b10101011 u
b1010111 m
b0 f
1J
1Q
#67686
1`
1_
1[
1X
0W
0V
0U
0^
1]
b10101011 i
b10101011 s
b10101011 w
#67690
0J
0Q
#67695
1J
1Q
#67700
0J
0Q
#67705
1J
1Q
#67710
0J
0Q
#67715
1J
1Q
#67720
0J
0Q
#67725
1J
1Q
#67730
0J
0Q
#67735
1J
1Q
#67740
0J
0Q
#67745
1J
1Q
#67750
0J
0Q
#67755
1J
1Q
#67760
0J
0Q
#67765
1J
1Q
#67770
0J
0Q
#67775
1J
1Q
#67780
0J
0Q
#67785
1J
1Q
#67790
0J
0Q
#67795
1J
1Q
#67800
0J
0Q
#67805
1J
1Q
#67810
0J
0Q
#67815
1J
1Q
#67820
0J
0Q
#67825
1J
1Q
#67830
0J
0Q
#67835
1J
1Q
#67840
0J
0Q
#67845
1J
1Q
#67850
0J
0Q
#67855
1J
1Q
0O
b100 ""
b110 !"
#67856
1T
#67860
0J
0Q
#67865
b1 f
1J
1Q
#67866
0`
#67870
0J
0Q
#67875
b1 j
1J
1Q
#67880
0J
0Q
#67885
b10 j
1J
1Q
#67890
0J
0Q
#67895
b11 j
1J
1Q
1O
#67896
0T
#67900
0J
0Q
#67905
b100 j
b10 f
1J
1Q
#67906
x`
0_
0\
0[
0Y
0X
xW
1V
xU
1^
#67910
0J
0Q
#67915
bx f
b11010101 l
b11010101 q
b11010101 u
b101 k
b0 j
1J
1Q
#67916
x_
x\
x[
xY
xX
xV
x^
x]
b11010101 i
b11010101 s
b11010101 w
#67920
0J
0Q
#67925
b110 k
b11101010 l
b11101010 q
b11101010 u
b11010101 m
b0 f
1J
1Q
#67926
1`
1_
1[
1X
0W
0V
0U
0^
1]
b11101010 i
b11101010 s
b11101010 w
#67930
0J
0Q
#67935
1J
1Q
#67940
0J
0Q
#67945
1J
1Q
#67950
0J
0Q
#67955
1J
1Q
#67960
0J
0Q
#67965
1J
1Q
#67970
0J
0Q
#67975
1J
1Q
#67980
0J
0Q
#67985
1J
1Q
#67990
0J
0Q
#67995
1J
1Q
#68000
0J
0Q
#68005
1J
1Q
#68010
0J
0Q
#68015
1J
1Q
#68020
0J
0Q
#68025
1J
1Q
#68030
0J
0Q
#68035
1J
1Q
#68040
0J
0Q
#68045
1J
1Q
#68050
0J
0Q
#68055
1J
1Q
#68060
0J
0Q
#68065
1J
1Q
#68070
0J
0Q
#68075
1J
1Q
#68080
0J
0Q
#68085
1J
1Q
#68090
0J
0Q
#68095
1J
1Q
0O
b1011 ""
b111 !"
#68096
1T
#68100
0J
0Q
#68105
b1 f
1J
1Q
#68106
0`
#68110
0J
0Q
#68115
b1 j
1J
1Q
#68120
0J
0Q
#68125
b10 j
1J
1Q
#68130
0J
0Q
#68135
b11 j
1J
1Q
#68140
0J
0Q
#68145
b100 j
1J
1Q
#68150
0J
0Q
#68155
b101 j
1J
1Q
#68160
0J
0Q
#68165
b110 j
1J
1Q
#68170
0J
0Q
#68175
b111 j
1J
1Q
#68180
0J
0Q
#68185
b1000 j
1J
1Q
#68190
0J
0Q
#68195
b1001 j
1J
1Q
#68200
0J
0Q
#68205
b1010 j
1J
1Q
1O
#68206
0T
#68210
0J
0Q
#68215
b10 f
b1011 j
1J
1Q
#68216
x`
0_
0\
0[
0Y
0X
xW
1V
xU
1^
#68220
0J
0Q
#68225
b0 j
b111 k
b1110101 l
b1110101 q
b1110101 u
bx f
1J
1Q
#68226
x_
x\
x[
xY
xX
xV
x^
x]
b1110101 i
b1110101 s
b1110101 w
1h
#68227
0h
#68230
0J
0Q
#68235
b0 f
b1110101 m
b10111010 l
b10111010 q
b10111010 u
b0 k
1J
1Q
#68236
1`
1_
1[
1X
0W
0V
0U
0^
1]
b10111010 i
b10111010 s
b10111010 w
#68240
0J
0Q
#68245
1J
1Q
#68250
0J
0Q
#68255
1J
1Q
#68260
0J
0Q
#68265
1J
1Q
#68270
0J
0Q
#68275
1J
1Q
#68280
0J
0Q
#68285
1J
1Q
#68290
0J
0Q
#68295
1J
1Q
#68300
0J
0Q
#68305
1J
1Q
#68310
0J
0Q
#68315
1J
1Q
#68320
0J
0Q
#68325
1J
1Q
#68330
0J
0Q
#68335
1J
1Q
#68340
0J
0Q
#68345
1J
1Q
#68350
0J
0Q
#68355
1J
1Q
#68360
0J
0Q
#68365
1J
1Q
#68370
0J
0Q
#68375
1J
1Q
#68380
0J
0Q
#68385
1J
1Q
#68390
0J
0Q
#68395
1J
1Q
#68400
0J
0Q
#68405
1J
1Q
0O
b110 ""
b100101 #"
b11111 $"
b0 !"
#68406
1T
#68410
0J
0Q
#68415
b1 f
1J
1Q
#68416
0`
#68420
0J
0Q
#68425
b1 j
1J
1Q
#68430
0J
0Q
#68435
b10 j
1J
1Q
#68440
0J
0Q
#68445
b11 j
1J
1Q
#68450
0J
0Q
#68455
b100 j
1J
1Q
#68460
0J
0Q
#68465
b101 j
1J
1Q
1O
#68466
0T
#68470
0J
0Q
#68475
b10 f
b110 j
1J
1Q
#68476
x`
0_
0\
0[
0Y
0X
xW
1V
xU
1^
#68480
0J
0Q
#68485
b0 j
b1 k
b11011101 l
b11011101 q
b11011101 u
bx f
1J
1Q
#68486
x_
x\
x[
xY
xX
xV
x^
x]
b11011101 i
b11011101 s
b11011101 w
#68490
0J
0Q
#68495
b0 f
b11011101 m
b11101110 l
b11101110 q
b11101110 u
b10 k
1J
1Q
#68496
1`
1_
1[
1X
0W
0V
0U
0^
1]
b11101110 i
b11101110 s
b11101110 w
#68500
0J
0Q
#68505
1J
1Q
#68510
0J
0Q
#68515
1J
1Q
#68520
0J
0Q
#68525
1J
1Q
#68530
0J
0Q
#68535
1J
1Q
#68540
0J
0Q
#68545
1J
1Q
#68550
0J
0Q
#68555
1J
1Q
#68560
0J
0Q
#68565
1J
1Q
#68570
0J
0Q
#68575
1J
1Q
#68580
0J
0Q
#68585
1J
1Q
#68590
0J
0Q
#68595
1J
1Q
#68600
0J
0Q
#68605
1J
1Q
#68610
0J
0Q
#68615
1J
1Q
#68620
0J
0Q
#68625
1J
1Q
#68630
0J
0Q
#68635
1J
1Q
#68640
0J
0Q
#68645
1J
1Q
#68650
0J
0Q
#68655
1J
1Q
#68660
0J
0Q
#68665
1J
1Q
0O
b1110 ""
b1 !"
#68666
1T
#68670
0J
0Q
#68675
b1 f
1J
1Q
#68676
0`
#68680
0J
0Q
#68685
b1 j
1J
1Q
#68690
0J
0Q
#68695
b10 j
1J
1Q
#68700
0J
0Q
#68705
b11 j
1J
1Q
#68710
0J
0Q
#68715
b100 j
1J
1Q
#68720
0J
0Q
#68725
b101 j
1J
1Q
#68730
0J
0Q
#68735
b110 j
1J
1Q
#68740
0J
0Q
#68745
b111 j
1J
1Q
#68750
0J
0Q
#68755
b1000 j
1J
1Q
#68760
0J
0Q
#68765
b1001 j
1J
1Q
#68770
0J
0Q
#68775
b1010 j
1J
1Q
#68780
0J
0Q
#68785
b1011 j
1J
1Q
#68790
0J
0Q
#68795
b1100 j
1J
1Q
#68800
0J
0Q
#68805
b1101 j
1J
1Q
1O
#68806
0T
#68810
0J
0Q
#68815
b10 f
b1110 j
1J
1Q
#68816
x`
0_
0\
0[
0Y
0X
xW
1V
xU
1^
#68820
0J
0Q
#68825
b0 j
b11 k
b1110111 l
b1110111 q
b1110111 u
bx f
1J
1Q
#68826
x_
x\
x[
xY
xX
xV
x^
x]
b1110111 i
b1110111 s
b1110111 w
1h
#68827
0h
#68830
0J
0Q
#68835
b0 f
b1110111 m
b10111011 l
b10111011 q
b10111011 u
b100 k
1J
1Q
#68836
1`
1_
1[
1X
0W
0V
0U
0^
1]
b10111011 i
b10111011 s
b10111011 w
#68840
0J
0Q
#68845
1J
1Q
#68850
0J
0Q
#68855
1J
1Q
#68860
0J
0Q
#68865
1J
1Q
#68870
0J
0Q
#68875
1J
1Q
#68880
0J
0Q
#68885
1J
1Q
#68890
0J
0Q
#68895
1J
1Q
#68900
0J
0Q
#68905
1J
1Q
#68910
0J
0Q
#68915
1J
1Q
#68920
0J
0Q
#68925
1J
1Q
#68930
0J
0Q
#68935
1J
1Q
#68940
0J
0Q
#68945
1J
1Q
#68950
0J
0Q
#68955
1J
1Q
#68960
0J
0Q
#68965
1J
1Q
#68970
0J
0Q
#68975
1J
1Q
#68980
0J
0Q
#68985
1J
1Q
#68990
0J
0Q
#68995
1J
1Q
#69000
0J
0Q
#69005
1J
1Q
0O
b10 ""
b10 !"
#69006
1T
#69010
0J
0Q
#69015
b1 f
1J
1Q
#69016
0`
#69020
0J
0Q
#69025
b1 j
1J
1Q
1O
#69026
0T
#69030
0J
0Q
#69035
b10 f
b10 j
1J
1Q
#69036
x`
0_
0\
0[
0Y
0X
xW
1V
xU
1^
#69040
0J
0Q
#69045
b0 j
b101 k
b11011101 l
b11011101 q
b11011101 u
bx f
1J
1Q
#69046
x_
x\
x[
xY
xX
xV
x^
x]
b11011101 i
b11011101 s
b11011101 w
#69050
0J
0Q
#69055
b0 f
b11011101 m
b11101110 l
b11101110 q
b11101110 u
b110 k
1J
1Q
#69056
1`
1_
1[
1X
0W
0V
0U
0^
1]
b11101110 i
b11101110 s
b11101110 w
#69060
0J
0Q
#69065
1J
1Q
#69070
0J
0Q
#69075
1J
1Q
#69080
0J
0Q
#69085
1J
1Q
#69090
0J
0Q
#69095
1J
1Q
#69100
0J
0Q
#69105
1J
1Q
#69110
0J
0Q
#69115
1J
1Q
#69120
0J
0Q
#69125
1J
1Q
#69130
0J
0Q
#69135
1J
1Q
#69140
0J
0Q
#69145
1J
1Q
#69150
0J
0Q
#69155
1J
1Q
#69160
0J
0Q
#69165
1J
1Q
#69170
0J
0Q
#69175
1J
1Q
#69180
0J
0Q
#69185
1J
1Q
#69190
0J
0Q
#69195
1J
1Q
#69200
0J
0Q
#69205
1J
1Q
#69210
0J
0Q
#69215
1J
1Q
#69220
0J
0Q
#69225
1J
1Q
0O
b1011 ""
b11 !"
#69226
1T
#69230
0J
0Q
#69235
b1 f
1J
1Q
#69236
0`
#69240
0J
0Q
#69245
b1 j
1J
1Q
#69250
0J
0Q
#69255
b10 j
1J
1Q
#69260
0J
0Q
#69265
b11 j
1J
1Q
#69270
0J
0Q
#69275
b100 j
1J
1Q
#69280
0J
0Q
#69285
b101 j
1J
1Q
#69290
0J
0Q
#69295
b110 j
1J
1Q
#69300
0J
0Q
#69305
b111 j
1J
1Q
#69310
0J
0Q
#69315
b1000 j
1J
1Q
#69320
0J
0Q
#69325
b1001 j
1J
1Q
#69330
0J
0Q
#69335
b1010 j
1J
1Q
1O
#69336
0T
#69340
0J
0Q
#69345
b1011 j
b10 f
1J
1Q
#69346
x`
0_
0\
0[
0Y
0X
xW
1V
xU
1^
#69350
0J
0Q
#69355
bx f
b1110111 l
b1110111 q
b1110111 u
b111 k
b0 j
1J
1Q
#69356
x_
x\
x[
xY
xX
xV
x^
x]
b1110111 i
b1110111 s
b1110111 w
1h
#69357
0h
#69360
0J
0Q
#69365
b0 k
b10111011 l
b10111011 q
b10111011 u
b1110111 m
b0 f
1J
1Q
#69366
1`
1_
1[
1X
0W
0V
0U
0^
1]
b10111011 i
b10111011 s
b10111011 w
#69370
0J
0Q
#69375
1J
1Q
#69380
0J
0Q
#69385
1J
1Q
#69390
0J
0Q
#69395
1J
1Q
#69400
0J
0Q
#69405
1J
1Q
#69410
0J
0Q
#69415
1J
1Q
#69420
0J
0Q
#69425
1J
1Q
#69430
0J
0Q
#69435
1J
1Q
#69440
0J
0Q
#69445
1J
1Q
#69450
0J
0Q
#69455
1J
1Q
#69460
0J
0Q
#69465
1J
1Q
#69470
0J
0Q
#69475
1J
1Q
#69480
0J
0Q
#69485
1J
1Q
#69490
0J
0Q
#69495
1J
1Q
#69500
0J
0Q
#69505
1J
1Q
#69510
0J
0Q
#69515
1J
1Q
#69520
0J
0Q
#69525
1J
1Q
#69530
0J
0Q
#69535
1J
1Q
0O
b1100 ""
b100 !"
#69536
1T
#69540
0J
0Q
#69545
b1 f
1J
1Q
#69546
0`
#69550
0J
0Q
#69555
b1 j
1J
1Q
#69560
0J
0Q
#69565
b10 j
1J
1Q
#69570
0J
0Q
#69575
b11 j
1J
1Q
#69580
0J
0Q
#69585
b100 j
1J
1Q
#69590
0J
0Q
#69595
b101 j
1J
1Q
#69600
0J
0Q
#69605
b110 j
1J
1Q
#69610
0J
0Q
#69615
b111 j
1J
1Q
#69620
0J
0Q
#69625
b1000 j
1J
1Q
#69630
0J
0Q
#69635
b1001 j
1J
1Q
#69640
0J
0Q
#69645
b1010 j
1J
1Q
#69650
0J
0Q
#69655
b1011 j
1J
1Q
1O
#69656
0T
#69660
0J
0Q
#69665
b1100 j
b10 f
1J
1Q
#69666
x`
0_
0\
0[
0Y
0X
xW
1V
xU
1^
#69670
0J
0Q
#69675
bx f
b1011101 l
b1011101 q
b1011101 u
b1 k
b0 j
1J
1Q
#69676
x_
x\
x[
xY
xX
xV
x^
x]
b1011101 i
b1011101 s
b1011101 w
1h
#69677
0h
#69680
0J
0Q
#69685
b10 k
b10101110 l
b10101110 q
b10101110 u
b1011101 m
b0 f
1J
1Q
#69686
1`
1_
1[
1X
0W
0V
0U
0^
1]
b10101110 i
b10101110 s
b10101110 w
#69690
0J
0Q
#69695
1J
1Q
#69700
0J
0Q
#69705
1J
1Q
#69710
0J
0Q
#69715
1J
1Q
#69720
0J
0Q
#69725
1J
1Q
#69730
0J
0Q
#69735
1J
1Q
#69740
0J
0Q
#69745
1J
1Q
#69750
0J
0Q
#69755
1J
1Q
#69760
0J
0Q
#69765
1J
1Q
#69770
0J
0Q
#69775
1J
1Q
#69780
0J
0Q
#69785
1J
1Q
#69790
0J
0Q
#69795
1J
1Q
#69800
0J
0Q
#69805
1J
1Q
#69810
0J
0Q
#69815
1J
1Q
#69820
0J
0Q
#69825
1J
1Q
#69830
0J
0Q
#69835
1J
1Q
#69840
0J
0Q
#69845
1J
1Q
#69850
0J
0Q
#69855
1J
1Q
0O
b101 ""
b101 !"
#69856
1T
#69860
0J
0Q
#69865
b1 f
1J
1Q
#69866
0`
#69870
0J
0Q
#69875
b1 j
1J
1Q
#69880
0J
0Q
#69885
b10 j
1J
1Q
#69890
0J
0Q
#69895
b11 j
1J
1Q
#69900
0J
0Q
#69905
b100 j
1J
1Q
1O
#69906
0T
#69910
0J
0Q
#69915
b10 f
b101 j
1J
1Q
#69916
x`
0_
0\
0[
0Y
0X
xW
1V
xU
1^
#69920
0J
0Q
#69925
b0 j
b11 k
b11010111 l
b11010111 q
b11010111 u
bx f
1J
1Q
#69926
x_
x\
x[
xY
xX
xV
x^
x]
b11010111 i
b11010111 s
b11010111 w
#69930
0J
0Q
#69935
b0 f
b11010111 m
b11101011 l
b11101011 q
b11101011 u
b100 k
1J
1Q
#69936
1`
1_
1[
1X
0W
0V
0U
0^
1]
b11101011 i
b11101011 s
b11101011 w
#69940
0J
0Q
#69945
1J
1Q
#69950
0J
0Q
#69955
1J
1Q
#69960
0J
0Q
#69965
1J
1Q
#69970
0J
0Q
#69975
1J
1Q
#69980
0J
0Q
#69985
1J
1Q
#69990
0J
0Q
#69995
1J
1Q
#70000
0J
0Q
#70005
1J
1Q
#70010
0J
0Q
#70015
1J
1Q
#70020
0J
0Q
#70025
1J
1Q
#70030
0J
0Q
#70035
1J
1Q
#70040
0J
0Q
#70045
1J
1Q
#70050
0J
0Q
#70055
1J
1Q
#70060
0J
0Q
#70065
1J
1Q
#70070
0J
0Q
#70075
1J
1Q
#70080
0J
0Q
#70085
1J
1Q
#70090
0J
0Q
#70095
1J
1Q
#70100
0J
0Q
#70105
1J
1Q
0O
b1110 ""
b110 !"
#70106
1T
#70110
0J
0Q
#70115
b1 f
1J
1Q
#70116
0`
#70120
0J
0Q
#70125
b1 j
1J
1Q
#70130
0J
0Q
#70135
b10 j
1J
1Q
#70140
0J
0Q
#70145
b11 j
1J
1Q
#70150
0J
0Q
#70155
b100 j
1J
1Q
#70160
0J
0Q
#70165
b101 j
1J
1Q
#70170
0J
0Q
#70175
b110 j
1J
1Q
#70180
0J
0Q
#70185
b111 j
1J
1Q
#70190
0J
0Q
#70195
b1000 j
1J
1Q
#70200
0J
0Q
#70205
b1001 j
1J
1Q
#70210
0J
0Q
#70215
b1010 j
1J
1Q
#70220
0J
0Q
#70225
b1011 j
1J
1Q
#70230
0J
0Q
#70235
b1100 j
1J
1Q
#70240
0J
0Q
#70245
b1101 j
1J
1Q
1O
#70246
0T
#70250
0J
0Q
#70255
b10 f
b1110 j
1J
1Q
#70256
x`
0_
0\
0[
0Y
0X
xW
1V
xU
1^
#70260
0J
0Q
#70265
b0 j
b101 k
b1110101 l
b1110101 q
b1110101 u
bx f
1J
1Q
#70266
x_
x\
x[
xY
xX
xV
x^
x]
b1110101 i
b1110101 s
b1110101 w
1h
#70267
0h
#70270
0J
0Q
#70275
b0 f
b1110101 m
b10111010 l
b10111010 q
b10111010 u
b110 k
1J
1Q
#70276
1`
1_
1[
1X
0W
0V
0U
0^
1]
b10111010 i
b10111010 s
b10111010 w
#70280
0J
0Q
#70285
1J
1Q
#70290
0J
0Q
#70295
1J
1Q
#70300
0J
0Q
#70305
1J
1Q
#70310
0J
0Q
#70315
1J
1Q
#70320
0J
0Q
#70325
1J
1Q
#70330
0J
0Q
#70335
1J
1Q
#70340
0J
0Q
#70345
1J
1Q
#70350
0J
0Q
#70355
1J
1Q
#70360
0J
0Q
#70365
1J
1Q
#70370
0J
0Q
#70375
1J
1Q
#70380
0J
0Q
#70385
1J
1Q
#70390
0J
0Q
#70395
1J
1Q
#70400
0J
0Q
#70405
1J
1Q
#70410
0J
0Q
#70415
1J
1Q
#70420
0J
0Q
#70425
1J
1Q
#70430
0J
0Q
#70435
1J
1Q
#70440
0J
0Q
#70445
1J
1Q
0O
b1111 ""
b111 !"
#70446
1T
#70450
0J
0Q
#70455
b1 f
1J
1Q
#70456
0`
#70460
0J
0Q
#70465
b1 j
1J
1Q
#70470
0J
0Q
#70475
b10 j
1J
1Q
#70480
0J
0Q
#70485
b11 j
1J
1Q
#70490
0J
0Q
#70495
b100 j
1J
1Q
#70500
0J
0Q
#70505
b101 j
1J
1Q
#70510
0J
0Q
#70515
b110 j
1J
1Q
#70520
0J
0Q
#70525
b111 j
1J
1Q
#70530
0J
0Q
#70535
b1000 j
1J
1Q
#70540
0J
0Q
#70545
b1001 j
1J
1Q
#70550
0J
0Q
#70555
b1010 j
1J
1Q
#70560
0J
0Q
#70565
b1011 j
1J
1Q
#70570
0J
0Q
#70575
b1100 j
1J
1Q
#70580
0J
0Q
#70585
b1101 j
1J
1Q
#70590
0J
0Q
#70595
b1110 j
1J
1Q
1O
#70596
0T
#70600
0J
0Q
#70605
b1111 j
b10 f
1J
1Q
#70606
x`
0_
0\
0[
0Y
0X
xW
1V
xU
1^
#70610
0J
0Q
#70615
bx f
b1011101 l
b1011101 q
b1011101 u
b111 k
b0 j
1J
1Q
#70616
x_
x\
x[
xY
xX
xV
x^
x]
b1011101 i
b1011101 s
b1011101 w
1h
#70617
0h
#70620
0J
0Q
#70625
b0 k
b10101110 l
b10101110 q
b10101110 u
b1011101 m
b0 f
1J
1Q
#70626
1`
1_
1[
1X
0W
0V
0U
0^
1]
b10101110 i
b10101110 s
b10101110 w
#70630
0J
0Q
#70635
1J
1Q
#70640
0J
0Q
#70645
1J
1Q
#70650
0J
0Q
#70655
1J
1Q
#70660
0J
0Q
#70665
1J
1Q
#70670
0J
0Q
#70675
1J
1Q
#70680
0J
0Q
#70685
1J
1Q
#70690
0J
0Q
#70695
1J
1Q
#70700
0J
0Q
#70705
1J
1Q
#70710
0J
0Q
#70715
1J
1Q
#70720
0J
0Q
#70725
1J
1Q
#70730
0J
0Q
#70735
1J
1Q
#70740
0J
0Q
#70745
1J
1Q
#70750
0J
0Q
#70755
1J
1Q
#70760
0J
0Q
#70765
1J
1Q
#70770
0J
0Q
#70775
1J
1Q
#70780
0J
0Q
#70785
1J
1Q
#70790
0J
0Q
#70795
1J
1Q
b100000 $"
b1000 !"
#70800
0J
0Q
#70805
1J
1Q
#70810
0J
0Q
#70815
1J
1Q
#70820
0J
0Q
#70825
1J
1Q
#70830
0J
0Q
#70835
1J
1Q
#70840
0J
0Q
#70845
1J
1Q
#70850
0J
0Q
#70855
1J
1Q
#70860
0J
0Q
#70865
1J
1Q
#70870
0J
0Q
#70875
1J
1Q
#70880
0J
0Q
#70885
1J
1Q
#70890
0J
0Q
#70895
1J
1Q
#70900
0J
0Q
#70905
1J
1Q
#70910
0J
0Q
#70915
1J
1Q
#70920
0J
0Q
#70925
1J
1Q
#70930
0J
0Q
#70935
1J
1Q
#70940
0J
0Q
#70945
1J
1Q
#70950
0J
0Q
#70955
1J
1Q
#70960
0J
0Q
#70965
1J
1Q
#70970
0J
0Q
#70975
1J
1Q
#70980
0J
0Q
#70985
1J
1Q
#70990
0J
0Q
#70995
1J
1Q
#71000
0J
0Q
#71005
1J
1Q
#71010
0J
0Q
#71015
1J
1Q
#71020
0J
0Q
#71025
1J
1Q
#71030
0J
0Q
#71035
1J
1Q
#71040
0J
0Q
#71045
1J
1Q
#71050
0J
0Q
#71055
1J
1Q
#71060
0J
0Q
#71065
1J
1Q
#71070
0J
0Q
#71075
1J
1Q
#71080
0J
0Q
#71085
1J
1Q
#71090
0J
0Q
#71095
1J
1Q
#71100
0J
0Q
#71105
1J
1Q
#71110
0J
0Q
#71115
1J
1Q
#71120
0J
0Q
#71125
1J
1Q
#71130
0J
0Q
#71135
1J
1Q
#71140
0J
0Q
#71145
1J
1Q
#71150
0J
0Q
#71155
1J
1Q
#71160
0J
0Q
#71165
1J
1Q
#71170
0J
0Q
#71175
1J
1Q
#71180
0J
0Q
#71185
1J
1Q
#71190
0J
0Q
#71195
1J
1Q
#71200
0J
0Q
#71205
1J
1Q
#71210
0J
0Q
#71215
1J
1Q
#71220
0J
0Q
#71225
1J
1Q
#71230
0J
0Q
#71235
1J
1Q
#71240
0J
0Q
#71245
1J
1Q
#71250
0J
0Q
#71255
1J
1Q
#71260
0J
0Q
#71265
1J
1Q
#71270
0J
0Q
#71275
1J
1Q
#71280
0J
0Q
#71285
1J
1Q
#71290
0J
0Q
#71295
1J
1Q
#71300
0J
0Q
#71305
1J
1Q
#71310
0J
0Q
#71315
1J
1Q
#71320
0J
0Q
#71325
1J
1Q
#71330
0J
0Q
#71335
1J
1Q
#71340
0J
0Q
#71345
1J
1Q
#71350
0J
0Q
#71355
1J
1Q
#71360
0J
0Q
#71365
1J
1Q
#71370
0J
0Q
#71375
1J
1Q
#71380
0J
0Q
#71385
1J
1Q
#71390
0J
0Q
#71395
1J
1Q
#71400
0J
0Q
#71405
1J
1Q
#71410
0J
0Q
#71415
1J
1Q
#71420
0J
0Q
#71425
1J
1Q
#71430
0J
0Q
#71435
1J
1Q
#71440
0J
0Q
#71445
1J
1Q
#71450
0J
0Q
#71455
1J
1Q
#71460
0J
0Q
#71465
1J
1Q
#71470
0J
0Q
#71475
1J
1Q
#71480
0J
0Q
#71485
1J
1Q
#71490
0J
0Q
#71495
1J
1Q
#71500
0J
0Q
#71505
1J
1Q
#71510
0J
0Q
#71515
1J
1Q
#71520
0J
0Q
#71525
1J
1Q
#71530
0J
0Q
#71535
1J
1Q
#71540
0J
0Q
#71545
1J
1Q
#71550
0J
0Q
#71555
1J
1Q
#71560
0J
0Q
#71565
1J
1Q
#71570
0J
0Q
#71575
1J
1Q
#71580
0J
0Q
#71585
1J
1Q
#71590
0J
0Q
#71595
1J
1Q
#71600
0J
0Q
#71605
1J
1Q
#71610
0J
0Q
#71615
1J
1Q
#71620
0J
0Q
#71625
1J
1Q
#71630
0J
0Q
#71635
1J
1Q
#71640
0J
0Q
#71645
1J
1Q
#71650
0J
0Q
#71655
1J
1Q
#71660
0J
0Q
#71665
1J
1Q
#71670
0J
0Q
#71675
1J
1Q
#71680
0J
0Q
#71685
1J
1Q
#71690
0J
0Q
#71695
1J
1Q
#71700
0J
0Q
#71705
1J
1Q
#71710
0J
0Q
#71715
1J
1Q
#71720
0J
0Q
#71725
1J
1Q
#71730
0J
0Q
#71735
1J
1Q
#71740
0J
0Q
#71745
1J
1Q
#71750
0J
0Q
#71755
1J
1Q
#71760
0J
0Q
#71765
1J
1Q
#71770
0J
0Q
#71775
1J
1Q
#71780
0J
0Q
#71785
1J
1Q
#71790
0J
0Q
#71795
1J
1Q
#71800
0J
0Q
#71805
1J
1Q
#71810
0J
0Q
#71815
1J
1Q
#71820
0J
0Q
#71825
1J
1Q
#71830
0J
0Q
#71835
1J
1Q
#71840
0J
0Q
#71845
1J
1Q
#71850
0J
0Q
#71855
1J
1Q
#71860
0J
0Q
#71865
1J
1Q
#71870
0J
0Q
#71875
1J
1Q
#71880
0J
0Q
#71885
1J
1Q
#71890
0J
0Q
#71895
1J
1Q
#71900
0J
0Q
#71905
1J
1Q
#71910
0J
0Q
#71915
1J
1Q
#71920
0J
0Q
#71925
1J
1Q
#71930
0J
0Q
#71935
1J
1Q
#71940
0J
0Q
#71945
1J
1Q
#71950
0J
0Q
#71955
1J
1Q
#71960
0J
0Q
#71965
1J
1Q
#71970
0J
0Q
#71975
1J
1Q
#71980
0J
0Q
#71985
1J
1Q
#71990
0J
0Q
#71995
1J
1Q
#72000
0J
0Q
#72005
1J
1Q
#72010
0J
0Q
#72015
1J
1Q
#72020
0J
0Q
#72025
1J
1Q
#72030
0J
0Q
#72035
1J
1Q
#72040
0J
0Q
#72045
1J
1Q
#72050
0J
0Q
#72055
1J
1Q
#72060
0J
0Q
#72065
1J
1Q
#72070
0J
0Q
#72075
1J
1Q
#72080
0J
0Q
#72085
1J
1Q
#72090
0J
0Q
#72095
1J
1Q
#72100
0J
0Q
#72105
1J
1Q
#72110
0J
0Q
#72115
1J
1Q
#72120
0J
0Q
#72125
1J
1Q
#72130
0J
0Q
#72135
1J
1Q
#72140
0J
0Q
#72145
1J
1Q
#72150
0J
0Q
#72155
1J
1Q
#72160
0J
0Q
#72165
1J
1Q
#72170
0J
0Q
#72175
1J
1Q
#72180
0J
0Q
#72185
1J
1Q
#72190
0J
0Q
#72195
1J
1Q
#72200
0J
0Q
#72205
1J
1Q
#72210
0J
0Q
#72215
1J
1Q
#72220
0J
0Q
#72225
1J
1Q
#72230
0J
0Q
#72235
1J
1Q
#72240
0J
0Q
#72245
1J
1Q
#72250
0J
0Q
#72255
1J
1Q
#72260
0J
0Q
#72265
1J
1Q
#72270
0J
0Q
#72275
1J
1Q
#72280
0J
0Q
#72285
1J
1Q
#72290
0J
0Q
#72295
1J
1Q
#72300
0J
0Q
#72305
1J
1Q
#72310
0J
0Q
#72315
1J
1Q
#72320
0J
0Q
#72325
1J
1Q
#72330
0J
0Q
#72335
1J
1Q
#72340
0J
0Q
#72345
1J
1Q
#72350
0J
0Q
#72355
1J
1Q
#72360
0J
0Q
#72365
1J
1Q
#72370
0J
0Q
#72375
1J
1Q
#72380
0J
0Q
#72385
1J
1Q
#72390
0J
0Q
#72395
1J
1Q
#72400
0J
0Q
#72405
1J
1Q
#72410
0J
0Q
#72415
1J
1Q
#72420
0J
0Q
#72425
1J
1Q
#72430
0J
0Q
#72435
1J
1Q
#72440
0J
0Q
#72445
1J
1Q
#72450
0J
0Q
#72455
1J
1Q
#72460
0J
0Q
#72465
1J
1Q
#72470
0J
0Q
#72475
1J
1Q
#72480
0J
0Q
#72485
1J
1Q
#72490
0J
0Q
#72495
1J
1Q
#72500
0J
0Q
#72505
1J
1Q
#72510
0J
0Q
#72515
1J
1Q
#72520
0J
0Q
#72525
1J
1Q
#72530
0J
0Q
#72535
1J
1Q
#72540
0J
0Q
#72545
1J
1Q
#72550
0J
0Q
#72555
1J
1Q
#72560
0J
0Q
#72565
1J
1Q
#72570
0J
0Q
#72575
1J
1Q
#72580
0J
0Q
#72585
1J
1Q
#72590
0J
0Q
#72595
1J
1Q
#72600
0J
0Q
#72605
1J
1Q
#72610
0J
0Q
#72615
1J
1Q
#72620
0J
0Q
#72625
1J
1Q
#72630
0J
0Q
#72635
1J
1Q
#72640
0J
0Q
#72645
1J
1Q
#72650
0J
0Q
#72655
1J
1Q
#72660
0J
0Q
#72665
1J
1Q
#72670
0J
0Q
#72675
1J
1Q
#72680
0J
0Q
#72685
1J
1Q
#72690
0J
0Q
#72695
1J
1Q
#72700
0J
0Q
#72705
1J
1Q
#72710
0J
0Q
#72715
1J
1Q
#72720
0J
0Q
#72725
1J
1Q
#72730
0J
0Q
#72735
1J
1Q
#72740
0J
0Q
#72745
1J
1Q
#72750
0J
0Q
#72755
1J
1Q
#72760
0J
0Q
#72765
1J
1Q
#72770
0J
0Q
#72775
1J
1Q
#72780
0J
0Q
#72785
1J
1Q
#72790
0J
0Q
#72795
1J
1Q
#72800
0J
0Q
#72805
1J
1Q
#72810
0J
0Q
#72815
1J
1Q
#72820
0J
0Q
#72825
1J
1Q
#72830
0J
0Q
#72835
1J
1Q
#72840
0J
0Q
#72845
1J
1Q
#72850
0J
0Q
#72855
1J
1Q
#72860
0J
0Q
#72865
1J
1Q
#72870
0J
0Q
#72875
1J
1Q
#72880
0J
0Q
#72885
1J
1Q
#72890
0J
0Q
#72895
1J
1Q
#72900
0J
0Q
#72905
1J
1Q
#72910
0J
0Q
#72915
1J
1Q
#72920
0J
0Q
#72925
1J
1Q
#72930
0J
0Q
#72935
1J
1Q
#72940
0J
0Q
#72945
1J
1Q
#72950
0J
0Q
#72955
1J
1Q
#72960
0J
0Q
#72965
1J
1Q
#72970
0J
0Q
#72975
1J
1Q
#72980
0J
0Q
#72985
1J
1Q
#72990
0J
0Q
#72995
1J
1Q
#73000
0J
0Q
#73005
1J
1Q
#73010
0J
0Q
#73015
1J
1Q
#73020
0J
0Q
#73025
1J
1Q
#73030
0J
0Q
#73035
1J
1Q
#73040
0J
0Q
#73045
1J
1Q
#73050
0J
0Q
#73055
1J
1Q
#73060
0J
0Q
#73065
1J
1Q
#73070
0J
0Q
#73075
1J
1Q
#73080
0J
0Q
#73085
1J
1Q
#73090
0J
0Q
#73095
1J
1Q
#73100
0J
0Q
#73105
1J
1Q
#73110
0J
0Q
#73115
1J
1Q
#73120
0J
0Q
#73125
1J
1Q
#73130
0J
0Q
#73135
1J
1Q
#73140
0J
0Q
#73145
1J
1Q
#73150
0J
0Q
#73155
1J
1Q
#73160
0J
0Q
#73165
1J
1Q
#73170
0J
0Q
#73175
1J
1Q
#73180
0J
0Q
#73185
1J
1Q
#73190
0J
0Q
#73195
1J
1Q
#73200
0J
0Q
#73205
1J
1Q
#73210
0J
0Q
#73215
1J
1Q
#73220
0J
0Q
#73225
1J
1Q
#73230
0J
0Q
#73235
1J
1Q
#73240
0J
0Q
#73245
1J
1Q
#73250
0J
0Q
#73255
1J
1Q
#73260
0J
0Q
#73265
1J
1Q
#73270
0J
0Q
#73275
1J
1Q
#73280
0J
0Q
#73285
1J
1Q
#73290
0J
0Q
#73295
1J
1Q
#73300
0J
0Q
#73305
1J
1Q
#73310
0J
0Q
#73315
1J
1Q
#73320
0J
0Q
#73325
1J
1Q
#73330
0J
0Q
#73335
1J
1Q
#73340
0J
0Q
#73345
1J
1Q
#73350
0J
0Q
#73355
1J
1Q
#73360
0J
0Q
#73365
1J
1Q
#73370
0J
0Q
#73375
1J
1Q
#73380
0J
0Q
#73385
1J
1Q
#73390
0J
0Q
#73395
1J
1Q
#73400
0J
0Q
#73405
1J
1Q
#73410
0J
0Q
#73415
1J
1Q
#73420
0J
0Q
#73425
1J
1Q
#73430
0J
0Q
#73435
1J
1Q
#73440
0J
0Q
#73445
1J
1Q
#73450
0J
0Q
#73455
1J
1Q
#73460
0J
0Q
#73465
1J
1Q
#73470
0J
0Q
#73475
1J
1Q
#73480
0J
0Q
#73485
1J
1Q
#73490
0J
0Q
#73495
1J
1Q
#73500
0J
0Q
#73505
1J
1Q
#73510
0J
0Q
#73515
1J
1Q
#73520
0J
0Q
#73525
1J
1Q
#73530
0J
0Q
#73535
1J
1Q
#73540
0J
0Q
#73545
1J
1Q
#73550
0J
0Q
#73555
1J
1Q
#73560
0J
0Q
#73565
1J
1Q
#73570
0J
0Q
#73575
1J
1Q
#73580
0J
0Q
#73585
1J
1Q
#73590
0J
0Q
#73595
1J
1Q
#73600
0J
0Q
#73605
1J
1Q
#73610
0J
0Q
#73615
1J
1Q
#73620
0J
0Q
#73625
1J
1Q
#73630
0J
0Q
#73635
1J
1Q
#73640
0J
0Q
#73645
1J
1Q
#73650
0J
0Q
#73655
1J
1Q
#73660
0J
0Q
#73665
1J
1Q
#73670
0J
0Q
#73675
1J
1Q
#73680
0J
0Q
#73685
1J
1Q
#73690
0J
0Q
#73695
1J
1Q
#73700
0J
0Q
#73705
1J
1Q
#73710
0J
0Q
#73715
1J
1Q
#73720
0J
0Q
#73725
1J
1Q
#73730
0J
0Q
#73735
1J
1Q
#73740
0J
0Q
#73745
1J
1Q
#73750
0J
0Q
#73755
1J
1Q
#73760
0J
0Q
#73765
1J
1Q
#73770
0J
0Q
#73775
1J
1Q
#73780
0J
0Q
#73785
1J
1Q
#73790
0J
0Q
#73795
1J
1Q
#73800
0J
0Q
#73805
1J
1Q
#73810
0J
0Q
#73815
1J
1Q
#73820
0J
0Q
#73825
1J
1Q
#73830
0J
0Q
#73835
1J
1Q
#73840
0J
0Q
#73845
1J
1Q
#73850
0J
0Q
#73855
1J
1Q
#73860
0J
0Q
#73865
1J
1Q
#73870
0J
0Q
#73875
1J
1Q
#73880
0J
0Q
#73885
1J
1Q
#73890
0J
0Q
#73895
1J
1Q
#73900
0J
0Q
#73905
1J
1Q
#73910
0J
0Q
#73915
1J
1Q
#73920
0J
0Q
#73925
1J
1Q
#73930
0J
0Q
#73935
1J
1Q
#73940
0J
0Q
#73945
1J
1Q
#73950
0J
0Q
#73955
1J
1Q
#73960
0J
0Q
#73965
1J
1Q
#73970
0J
0Q
#73975
1J
1Q
#73980
0J
0Q
#73985
1J
1Q
#73990
0J
0Q
#73995
1J
1Q
#74000
0J
0Q
#74005
1J
1Q
#74010
0J
0Q
#74015
1J
1Q
#74020
0J
0Q
#74025
1J
1Q
#74030
0J
0Q
#74035
1J
1Q
#74040
0J
0Q
#74045
1J
1Q
#74050
0J
0Q
#74055
1J
1Q
#74060
0J
0Q
#74065
1J
1Q
#74070
0J
0Q
#74075
1J
1Q
#74080
0J
0Q
#74085
1J
1Q
#74090
0J
0Q
#74095
1J
1Q
#74100
0J
0Q
#74105
1J
1Q
#74110
0J
0Q
#74115
1J
1Q
#74120
0J
0Q
#74125
1J
1Q
#74130
0J
0Q
#74135
1J
1Q
#74140
0J
0Q
#74145
1J
1Q
#74150
0J
0Q
#74155
1J
1Q
#74160
0J
0Q
#74165
1J
1Q
#74170
0J
0Q
#74175
1J
1Q
#74180
0J
0Q
#74185
1J
1Q
#74190
0J
0Q
#74195
1J
1Q
#74200
0J
0Q
#74205
1J
1Q
#74210
0J
0Q
#74215
1J
1Q
#74220
0J
0Q
#74225
1J
1Q
#74230
0J
0Q
#74235
1J
1Q
#74240
0J
0Q
#74245
1J
1Q
#74250
0J
0Q
#74255
1J
1Q
#74260
0J
0Q
#74265
1J
1Q
#74270
0J
0Q
#74275
1J
1Q
#74280
0J
0Q
#74285
1J
1Q
#74290
0J
0Q
#74295
1J
1Q
#74300
0J
0Q
#74305
1J
1Q
#74310
0J
0Q
#74315
1J
1Q
#74320
0J
0Q
#74325
1J
1Q
#74330
0J
0Q
#74335
1J
1Q
#74340
0J
0Q
#74345
1J
1Q
#74350
0J
0Q
#74355
1J
1Q
#74360
0J
0Q
#74365
1J
1Q
#74370
0J
0Q
#74375
1J
1Q
#74380
0J
0Q
#74385
1J
1Q
#74390
0J
0Q
#74395
1J
1Q
#74400
0J
0Q
#74405
1J
1Q
#74410
0J
0Q
#74415
1J
1Q
#74420
0J
0Q
#74425
1J
1Q
#74430
0J
0Q
#74435
1J
1Q
#74440
0J
0Q
#74445
1J
1Q
#74450
0J
0Q
#74455
1J
1Q
#74460
0J
0Q
#74465
1J
1Q
#74470
0J
0Q
#74475
1J
1Q
#74480
0J
0Q
#74485
1J
1Q
#74490
0J
0Q
#74495
1J
1Q
#74500
0J
0Q
#74505
1J
1Q
#74510
0J
0Q
#74515
1J
1Q
#74520
0J
0Q
#74525
1J
1Q
#74530
0J
0Q
#74535
1J
1Q
#74540
0J
0Q
#74545
1J
1Q
#74550
0J
0Q
#74555
1J
1Q
#74560
0J
0Q
#74565
1J
1Q
#74570
0J
0Q
#74575
1J
1Q
#74580
0J
0Q
#74585
1J
1Q
#74590
0J
0Q
#74595
1J
1Q
#74600
0J
0Q
#74605
1J
1Q
#74610
0J
0Q
#74615
1J
1Q
#74620
0J
0Q
#74625
1J
1Q
#74630
0J
0Q
#74635
1J
1Q
#74640
0J
0Q
#74645
1J
1Q
#74650
0J
0Q
#74655
1J
1Q
#74660
0J
0Q
#74665
1J
1Q
#74670
0J
0Q
#74675
1J
1Q
#74680
0J
0Q
#74685
1J
1Q
#74690
0J
0Q
#74695
1J
1Q
#74700
0J
0Q
#74705
1J
1Q
#74710
0J
0Q
#74715
1J
1Q
#74720
0J
0Q
#74725
1J
1Q
#74730
0J
0Q
#74735
1J
1Q
#74740
0J
0Q
#74745
1J
1Q
#74750
0J
0Q
#74755
1J
1Q
#74760
0J
0Q
#74765
1J
1Q
#74770
0J
0Q
#74775
1J
1Q
#74780
0J
0Q
#74785
1J
1Q
#74790
0J
0Q
#74795
1J
1Q
#74800
0J
0Q
#74805
1J
1Q
#74810
0J
0Q
#74815
1J
1Q
#74820
0J
0Q
#74825
1J
1Q
#74830
0J
0Q
#74835
1J
1Q
#74840
0J
0Q
#74845
1J
1Q
#74850
0J
0Q
#74855
1J
1Q
#74860
0J
0Q
#74865
1J
1Q
#74870
0J
0Q
#74875
1J
1Q
#74880
0J
0Q
#74885
1J
1Q
#74890
0J
0Q
#74895
1J
1Q
#74900
0J
0Q
#74905
1J
1Q
#74910
0J
0Q
#74915
1J
1Q
#74920
0J
0Q
#74925
1J
1Q
#74930
0J
0Q
#74935
1J
1Q
#74940
0J
0Q
#74945
1J
1Q
#74950
0J
0Q
#74955
1J
1Q
#74960
0J
0Q
#74965
1J
1Q
#74970
0J
0Q
#74975
1J
1Q
#74980
0J
0Q
#74985
1J
1Q
#74990
0J
0Q
#74995
1J
1Q
#75000
0J
0Q
#75005
1J
1Q
#75010
0J
0Q
#75015
1J
1Q
#75020
0J
0Q
#75025
1J
1Q
#75030
0J
0Q
#75035
1J
1Q
#75040
0J
0Q
#75045
1J
1Q
#75050
0J
0Q
#75055
1J
1Q
#75060
0J
0Q
#75065
1J
1Q
#75070
0J
0Q
#75075
1J
1Q
#75080
0J
0Q
#75085
1J
1Q
#75090
0J
0Q
#75095
1J
1Q
#75100
0J
0Q
#75105
1J
1Q
#75110
0J
0Q
#75115
1J
1Q
#75120
0J
0Q
#75125
1J
1Q
#75130
0J
0Q
#75135
1J
1Q
#75140
0J
0Q
#75145
1J
1Q
#75150
0J
0Q
#75155
1J
1Q
#75160
0J
0Q
#75165
1J
1Q
#75170
0J
0Q
#75175
1J
1Q
#75180
0J
0Q
#75185
1J
1Q
#75190
0J
0Q
#75195
1J
1Q
#75200
0J
0Q
#75205
1J
1Q
#75210
0J
0Q
#75215
1J
1Q
#75220
0J
0Q
#75225
1J
1Q
#75230
0J
0Q
#75235
1J
1Q
#75240
0J
0Q
#75245
1J
1Q
#75250
0J
0Q
#75255
1J
1Q
#75260
0J
0Q
#75265
1J
1Q
#75270
0J
0Q
#75275
1J
1Q
#75280
0J
0Q
#75285
1J
1Q
#75290
0J
0Q
#75295
1J
1Q
#75300
0J
0Q
#75305
1J
1Q
#75310
0J
0Q
#75315
1J
1Q
#75320
0J
0Q
#75325
1J
1Q
#75330
0J
0Q
#75335
1J
1Q
#75340
0J
0Q
#75345
1J
1Q
#75350
0J
0Q
#75355
1J
1Q
#75360
0J
0Q
#75365
1J
1Q
#75370
0J
0Q
#75375
1J
1Q
#75380
0J
0Q
#75385
1J
1Q
#75390
0J
0Q
#75395
1J
1Q
#75400
0J
0Q
#75405
1J
1Q
#75410
0J
0Q
#75415
1J
1Q
#75420
0J
0Q
#75425
1J
1Q
#75430
0J
0Q
#75435
1J
1Q
#75440
0J
0Q
#75445
1J
1Q
#75450
0J
0Q
#75455
1J
1Q
#75460
0J
0Q
#75465
1J
1Q
#75470
0J
0Q
#75475
1J
1Q
#75480
0J
0Q
#75485
1J
1Q
#75490
0J
0Q
#75495
1J
1Q
#75500
0J
0Q
#75505
1J
1Q
#75510
0J
0Q
#75515
1J
1Q
#75520
0J
0Q
#75525
1J
1Q
#75530
0J
0Q
#75535
1J
1Q
#75540
0J
0Q
#75545
1J
1Q
#75550
0J
0Q
#75555
1J
1Q
#75560
0J
0Q
#75565
1J
1Q
#75570
0J
0Q
#75575
1J
1Q
#75580
0J
0Q
#75585
1J
1Q
#75590
0J
0Q
#75595
1J
1Q
#75600
0J
0Q
#75605
1J
1Q
#75610
0J
0Q
#75615
1J
1Q
#75620
0J
0Q
#75625
1J
1Q
#75630
0J
0Q
#75635
1J
1Q
#75640
0J
0Q
#75645
1J
1Q
#75650
0J
0Q
#75655
1J
1Q
#75660
0J
0Q
#75665
1J
1Q
#75670
0J
0Q
#75675
1J
1Q
#75680
0J
0Q
#75685
1J
1Q
#75690
0J
0Q
#75695
1J
1Q
#75700
0J
0Q
#75705
1J
1Q
#75710
0J
0Q
#75715
1J
1Q
#75720
0J
0Q
#75725
1J
1Q
#75730
0J
0Q
#75735
1J
1Q
#75740
0J
0Q
#75745
1J
1Q
#75750
0J
0Q
#75755
1J
1Q
#75760
0J
0Q
#75765
1J
1Q
#75770
0J
0Q
#75775
1J
1Q
#75780
0J
0Q
#75785
1J
1Q
#75790
0J
0Q
#75795
1J
1Q
#75800
0J
0Q
#75805
1J
1Q
#75810
0J
0Q
#75815
1J
1Q
#75820
0J
0Q
#75825
1J
1Q
#75830
0J
0Q
#75835
1J
1Q
#75840
0J
0Q
#75845
1J
1Q
#75850
0J
0Q
#75855
1J
1Q
#75860
0J
0Q
#75865
1J
1Q
#75870
0J
0Q
#75875
1J
1Q
#75880
0J
0Q
#75885
1J
1Q
#75890
0J
0Q
#75895
1J
1Q
#75900
0J
0Q
#75905
1J
1Q
#75910
0J
0Q
#75915
1J
1Q
#75920
0J
0Q
#75925
1J
1Q
#75930
0J
0Q
#75935
1J
1Q
#75940
0J
0Q
#75945
1J
1Q
#75950
0J
0Q
#75955
1J
1Q
#75960
0J
0Q
#75965
1J
1Q
#75970
0J
0Q
#75975
1J
1Q
#75980
0J
0Q
#75985
1J
1Q
#75990
0J
0Q
#75995
1J
1Q
#76000
0J
0Q
#76005
1J
1Q
#76010
0J
0Q
#76015
1J
1Q
#76020
0J
0Q
#76025
1J
1Q
#76030
0J
0Q
#76035
1J
1Q
#76040
0J
0Q
#76045
1J
1Q
#76050
0J
0Q
#76055
1J
1Q
#76060
0J
0Q
#76065
1J
1Q
#76070
0J
0Q
#76075
1J
1Q
#76080
0J
0Q
#76085
1J
1Q
#76090
0J
0Q
#76095
1J
1Q
#76100
0J
0Q
#76105
1J
1Q
#76110
0J
0Q
#76115
1J
1Q
#76120
0J
0Q
#76125
1J
1Q
#76130
0J
0Q
#76135
1J
1Q
#76140
0J
0Q
#76145
1J
1Q
#76150
0J
0Q
#76155
1J
1Q
#76160
0J
0Q
#76165
1J
1Q
#76170
0J
0Q
#76175
1J
1Q
#76180
0J
0Q
#76185
1J
1Q
#76190
0J
0Q
#76195
1J
1Q
#76200
0J
0Q
#76205
1J
1Q
#76210
0J
0Q
#76215
1J
1Q
#76220
0J
0Q
#76225
1J
1Q
#76230
0J
0Q
#76235
1J
1Q
#76240
0J
0Q
#76245
1J
1Q
#76250
0J
0Q
#76255
1J
1Q
#76260
0J
0Q
#76265
1J
1Q
#76270
0J
0Q
#76275
1J
1Q
#76280
0J
0Q
#76285
1J
1Q
#76290
0J
0Q
#76295
1J
1Q
#76300
0J
0Q
#76305
1J
1Q
#76310
0J
0Q
#76315
1J
1Q
#76320
0J
0Q
#76325
1J
1Q
#76330
0J
0Q
#76335
1J
1Q
#76340
0J
0Q
#76345
1J
1Q
#76350
0J
0Q
#76355
1J
1Q
#76360
0J
0Q
#76365
1J
1Q
#76370
0J
0Q
#76375
1J
1Q
#76380
0J
0Q
#76385
1J
1Q
#76390
0J
0Q
#76395
1J
1Q
#76400
0J
0Q
#76405
1J
1Q
#76410
0J
0Q
#76415
1J
1Q
#76420
0J
0Q
#76425
1J
1Q
#76430
0J
0Q
#76435
1J
1Q
#76440
0J
0Q
#76445
1J
1Q
#76450
0J
0Q
#76455
1J
1Q
#76460
0J
0Q
#76465
1J
1Q
#76470
0J
0Q
#76475
1J
1Q
#76480
0J
0Q
#76485
1J
1Q
#76490
0J
0Q
#76495
1J
1Q
#76500
0J
0Q
#76505
1J
1Q
#76510
0J
0Q
#76515
1J
1Q
#76520
0J
0Q
#76525
1J
1Q
#76530
0J
0Q
#76535
1J
1Q
#76540
0J
0Q
#76545
1J
1Q
#76550
0J
0Q
#76555
1J
1Q
#76560
0J
0Q
#76565
1J
1Q
#76570
0J
0Q
#76575
1J
1Q
#76580
0J
0Q
#76585
1J
1Q
#76590
0J
0Q
#76595
1J
1Q
#76600
0J
0Q
#76605
1J
1Q
#76610
0J
0Q
#76615
1J
1Q
#76620
0J
0Q
#76625
1J
1Q
#76630
0J
0Q
#76635
1J
1Q
#76640
0J
0Q
#76645
1J
1Q
#76650
0J
0Q
#76655
1J
1Q
#76660
0J
0Q
#76665
1J
1Q
#76670
0J
0Q
#76675
1J
1Q
#76680
0J
0Q
#76685
1J
1Q
#76690
0J
0Q
#76695
1J
1Q
#76700
0J
0Q
#76705
1J
1Q
#76710
0J
0Q
#76715
1J
1Q
#76720
0J
0Q
#76725
1J
1Q
#76730
0J
0Q
#76735
1J
1Q
#76740
0J
0Q
#76745
1J
1Q
#76750
0J
0Q
#76755
1J
1Q
#76760
0J
0Q
#76765
1J
1Q
#76770
0J
0Q
#76775
1J
1Q
#76780
0J
0Q
#76785
1J
1Q
#76790
0J
0Q
#76795
1J
1Q
#76800
0J
0Q
#76805
1J
1Q
#76810
0J
0Q
#76815
1J
1Q
#76820
0J
0Q
#76825
1J
1Q
#76830
0J
0Q
#76835
1J
1Q
#76840
0J
0Q
#76845
1J
1Q
#76850
0J
0Q
#76855
1J
1Q
#76860
0J
0Q
#76865
1J
1Q
#76870
0J
0Q
#76875
1J
1Q
#76880
0J
0Q
#76885
1J
1Q
#76890
0J
0Q
#76895
1J
1Q
#76900
0J
0Q
#76905
1J
1Q
#76910
0J
0Q
#76915
1J
1Q
#76920
0J
0Q
#76925
1J
1Q
#76930
0J
0Q
#76935
1J
1Q
#76940
0J
0Q
#76945
1J
1Q
#76950
0J
0Q
#76955
1J
1Q
#76960
0J
0Q
#76965
1J
1Q
#76970
0J
0Q
#76975
1J
1Q
#76980
0J
0Q
#76985
1J
1Q
#76990
0J
0Q
#76995
1J
1Q
#77000
0J
0Q
#77005
1J
1Q
#77010
0J
0Q
#77015
1J
1Q
#77020
0J
0Q
#77025
1J
1Q
#77030
0J
0Q
#77035
1J
1Q
#77040
0J
0Q
#77045
1J
1Q
#77050
0J
0Q
#77055
1J
1Q
#77060
0J
0Q
#77065
1J
1Q
#77070
0J
0Q
#77075
1J
1Q
#77080
0J
0Q
#77085
1J
1Q
#77090
0J
0Q
#77095
1J
1Q
#77100
0J
0Q
#77105
1J
1Q
#77110
0J
0Q
#77115
1J
1Q
#77120
0J
0Q
#77125
1J
1Q
#77130
0J
0Q
#77135
1J
1Q
#77140
0J
0Q
#77145
1J
1Q
#77150
0J
0Q
#77155
1J
1Q
#77160
0J
0Q
#77165
1J
1Q
#77170
0J
0Q
#77175
1J
1Q
#77180
0J
0Q
#77185
1J
1Q
#77190
0J
0Q
#77195
1J
1Q
#77200
0J
0Q
#77205
1J
1Q
#77210
0J
0Q
#77215
1J
1Q
#77220
0J
0Q
#77225
1J
1Q
#77230
0J
0Q
#77235
1J
1Q
#77240
0J
0Q
#77245
1J
1Q
#77250
0J
0Q
#77255
1J
1Q
#77260
0J
0Q
#77265
1J
1Q
#77270
0J
0Q
#77275
1J
1Q
#77280
0J
0Q
#77285
1J
1Q
#77290
0J
0Q
#77295
1J
1Q
#77300
0J
0Q
#77305
1J
1Q
#77310
0J
0Q
#77315
1J
1Q
#77320
0J
0Q
#77325
1J
1Q
#77330
0J
0Q
#77335
1J
1Q
#77340
0J
0Q
#77345
1J
1Q
#77350
0J
0Q
#77355
1J
1Q
#77360
0J
0Q
#77365
1J
1Q
#77370
0J
0Q
#77375
1J
1Q
#77380
0J
0Q
#77385
1J
1Q
#77390
0J
0Q
#77395
1J
1Q
#77400
0J
0Q
#77405
1J
1Q
#77410
0J
0Q
#77415
1J
1Q
#77420
0J
0Q
#77425
1J
1Q
#77430
0J
0Q
#77435
1J
1Q
#77440
0J
0Q
#77445
1J
1Q
#77450
0J
0Q
#77455
1J
1Q
#77460
0J
0Q
#77465
1J
1Q
#77470
0J
0Q
#77475
1J
1Q
#77480
0J
0Q
#77485
1J
1Q
#77490
0J
0Q
#77495
1J
1Q
#77500
0J
0Q
#77505
1J
1Q
#77510
0J
0Q
#77515
1J
1Q
#77520
0J
0Q
#77525
1J
1Q
#77530
0J
0Q
#77535
1J
1Q
#77540
0J
0Q
#77545
1J
1Q
#77550
0J
0Q
#77555
1J
1Q
#77560
0J
0Q
#77565
1J
1Q
#77570
0J
0Q
#77575
1J
1Q
#77580
0J
0Q
#77585
1J
1Q
#77590
0J
0Q
#77595
1J
1Q
#77600
0J
0Q
#77605
1J
1Q
#77610
0J
0Q
#77615
1J
1Q
#77620
0J
0Q
#77625
1J
1Q
#77630
0J
0Q
#77635
1J
1Q
#77640
0J
0Q
#77645
1J
1Q
#77650
0J
0Q
#77655
1J
1Q
#77660
0J
0Q
#77665
1J
1Q
#77670
0J
0Q
#77675
1J
1Q
#77680
0J
0Q
#77685
1J
1Q
#77690
0J
0Q
#77695
1J
1Q
#77700
0J
0Q
#77705
1J
1Q
#77710
0J
0Q
#77715
1J
1Q
#77720
0J
0Q
#77725
1J
1Q
#77730
0J
0Q
#77735
1J
1Q
#77740
0J
0Q
#77745
1J
1Q
#77750
0J
0Q
#77755
1J
1Q
#77760
0J
0Q
#77765
1J
1Q
#77770
0J
0Q
#77775
1J
1Q
#77780
0J
0Q
#77785
1J
1Q
#77790
0J
0Q
#77795
1J
1Q
#77800
0J
0Q
#77805
1J
1Q
#77810
0J
0Q
#77815
1J
1Q
#77820
0J
0Q
#77825
1J
1Q
#77830
0J
0Q
#77835
1J
1Q
#77840
0J
0Q
#77845
1J
1Q
#77850
0J
0Q
#77855
1J
1Q
#77860
0J
0Q
#77865
1J
1Q
#77870
0J
0Q
#77875
1J
1Q
#77880
0J
0Q
#77885
1J
1Q
#77890
0J
0Q
#77895
1J
1Q
#77900
0J
0Q
#77905
1J
1Q
#77910
0J
0Q
#77915
1J
1Q
#77920
0J
0Q
#77925
1J
1Q
#77930
0J
0Q
#77935
1J
1Q
#77940
0J
0Q
#77945
1J
1Q
#77950
0J
0Q
#77955
1J
1Q
#77960
0J
0Q
#77965
1J
1Q
#77970
0J
0Q
#77975
1J
1Q
#77980
0J
0Q
#77985
1J
1Q
#77990
0J
0Q
#77995
1J
1Q
#78000
0J
0Q
#78005
1J
1Q
#78010
0J
0Q
#78015
1J
1Q
#78020
0J
0Q
#78025
1J
1Q
#78030
0J
0Q
#78035
1J
1Q
#78040
0J
0Q
#78045
1J
1Q
#78050
0J
0Q
#78055
1J
1Q
#78060
0J
0Q
#78065
1J
1Q
#78070
0J
0Q
#78075
1J
1Q
#78080
0J
0Q
#78085
1J
1Q
#78090
0J
0Q
#78095
1J
1Q
#78100
0J
0Q
#78105
1J
1Q
#78110
0J
0Q
#78115
1J
1Q
#78120
0J
0Q
#78125
1J
1Q
#78130
0J
0Q
#78135
1J
1Q
#78140
0J
0Q
#78145
1J
1Q
#78150
0J
0Q
#78155
1J
1Q
#78160
0J
0Q
#78165
1J
1Q
#78170
0J
0Q
#78175
1J
1Q
#78180
0J
0Q
#78185
1J
1Q
#78190
0J
0Q
#78195
1J
1Q
#78200
0J
0Q
#78205
1J
1Q
#78210
0J
0Q
#78215
1J
1Q
#78220
0J
0Q
#78225
1J
1Q
#78230
0J
0Q
#78235
1J
1Q
#78240
0J
0Q
#78245
1J
1Q
#78250
0J
0Q
#78255
1J
1Q
#78260
0J
0Q
#78265
1J
1Q
#78270
0J
0Q
#78275
1J
1Q
#78280
0J
0Q
#78285
1J
1Q
#78290
0J
0Q
#78295
1J
1Q
#78300
0J
0Q
#78305
1J
1Q
#78310
0J
0Q
#78315
1J
1Q
#78320
0J
0Q
#78325
1J
1Q
#78330
0J
0Q
#78335
1J
1Q
#78340
0J
0Q
#78345
1J
1Q
#78350
0J
0Q
#78355
1J
1Q
#78360
0J
0Q
#78365
1J
1Q
#78370
0J
0Q
#78375
1J
1Q
#78380
0J
0Q
#78385
1J
1Q
#78390
0J
0Q
#78395
1J
1Q
#78400
0J
0Q
#78405
1J
1Q
#78410
0J
0Q
#78415
1J
1Q
#78420
0J
0Q
#78425
1J
1Q
#78430
0J
0Q
#78435
1J
1Q
#78440
0J
0Q
#78445
1J
1Q
#78450
0J
0Q
#78455
1J
1Q
#78460
0J
0Q
#78465
1J
1Q
#78470
0J
0Q
#78475
1J
1Q
#78480
0J
0Q
#78485
1J
1Q
#78490
0J
0Q
#78495
1J
1Q
#78500
0J
0Q
#78505
1J
1Q
#78510
0J
0Q
#78515
1J
1Q
#78520
0J
0Q
#78525
1J
1Q
#78530
0J
0Q
#78535
1J
1Q
#78540
0J
0Q
#78545
1J
1Q
#78550
0J
0Q
#78555
1J
1Q
#78560
0J
0Q
#78565
1J
1Q
#78570
0J
0Q
#78575
1J
1Q
#78580
0J
0Q
#78585
1J
1Q
#78590
0J
0Q
#78595
1J
1Q
#78600
0J
0Q
#78605
1J
1Q
#78610
0J
0Q
#78615
1J
1Q
#78620
0J
0Q
#78625
1J
1Q
#78630
0J
0Q
#78635
1J
1Q
#78640
0J
0Q
#78645
1J
1Q
#78650
0J
0Q
#78655
1J
1Q
#78660
0J
0Q
#78665
1J
1Q
#78670
0J
0Q
#78675
1J
1Q
#78680
0J
0Q
#78685
1J
1Q
#78690
0J
0Q
#78695
1J
1Q
#78700
0J
0Q
#78705
1J
1Q
#78710
0J
0Q
#78715
1J
1Q
#78720
0J
0Q
#78725
1J
1Q
#78730
0J
0Q
#78735
1J
1Q
#78740
0J
0Q
#78745
1J
1Q
#78750
0J
0Q
#78755
1J
1Q
#78760
0J
0Q
#78765
1J
1Q
#78770
0J
0Q
#78775
1J
1Q
#78780
0J
0Q
#78785
1J
1Q
#78790
0J
0Q
#78795
1J
1Q
#78800
0J
0Q
#78805
1J
1Q
#78810
0J
0Q
#78815
1J
1Q
#78820
0J
0Q
#78825
1J
1Q
#78830
0J
0Q
#78835
1J
1Q
#78840
0J
0Q
#78845
1J
1Q
#78850
0J
0Q
#78855
1J
1Q
#78860
0J
0Q
#78865
1J
1Q
#78870
0J
0Q
#78875
1J
1Q
#78880
0J
0Q
#78885
1J
1Q
#78890
0J
0Q
#78895
1J
1Q
#78900
0J
0Q
#78905
1J
1Q
#78910
0J
0Q
#78915
1J
1Q
#78920
0J
0Q
#78925
1J
1Q
#78930
0J
0Q
#78935
1J
1Q
#78940
0J
0Q
#78945
1J
1Q
#78950
0J
0Q
#78955
1J
1Q
#78960
0J
0Q
#78965
1J
1Q
#78970
0J
0Q
#78975
1J
1Q
#78980
0J
0Q
#78985
1J
1Q
#78990
0J
0Q
#78995
1J
1Q
#79000
0J
0Q
#79005
1J
1Q
#79010
0J
0Q
#79015
1J
1Q
#79020
0J
0Q
#79025
1J
1Q
#79030
0J
0Q
#79035
1J
1Q
#79040
0J
0Q
#79045
1J
1Q
#79050
0J
0Q
#79055
1J
1Q
#79060
0J
0Q
#79065
1J
1Q
#79070
0J
0Q
#79075
1J
1Q
#79080
0J
0Q
#79085
1J
1Q
#79090
0J
0Q
#79095
1J
1Q
#79100
0J
0Q
#79105
1J
1Q
#79110
0J
0Q
#79115
1J
1Q
#79120
0J
0Q
#79125
1J
1Q
#79130
0J
0Q
#79135
1J
1Q
#79140
0J
0Q
#79145
1J
1Q
#79150
0J
0Q
#79155
1J
1Q
#79160
0J
0Q
#79165
1J
1Q
#79170
0J
0Q
#79175
1J
1Q
#79180
0J
0Q
#79185
1J
1Q
#79190
0J
0Q
#79195
1J
1Q
#79200
0J
0Q
#79205
1J
1Q
#79210
0J
0Q
#79215
1J
1Q
#79220
0J
0Q
#79225
1J
1Q
#79230
0J
0Q
#79235
1J
1Q
#79240
0J
0Q
#79245
1J
1Q
#79250
0J
0Q
#79255
1J
1Q
#79260
0J
0Q
#79265
1J
1Q
#79270
0J
0Q
#79275
1J
1Q
#79280
0J
0Q
#79285
1J
1Q
#79290
0J
0Q
#79295
1J
1Q
#79300
0J
0Q
#79305
1J
1Q
#79310
0J
0Q
#79315
1J
1Q
#79320
0J
0Q
#79325
1J
1Q
#79330
0J
0Q
#79335
1J
1Q
#79340
0J
0Q
#79345
1J
1Q
#79350
0J
0Q
#79355
1J
1Q
#79360
0J
0Q
#79365
1J
1Q
#79370
0J
0Q
#79375
1J
1Q
#79380
0J
0Q
#79385
1J
1Q
#79390
0J
0Q
#79395
1J
1Q
#79400
0J
0Q
#79405
1J
1Q
#79410
0J
0Q
#79415
1J
1Q
#79420
0J
0Q
#79425
1J
1Q
#79430
0J
0Q
#79435
1J
1Q
#79440
0J
0Q
#79445
1J
1Q
#79450
0J
0Q
#79455
1J
1Q
#79460
0J
0Q
#79465
1J
1Q
#79470
0J
0Q
#79475
1J
1Q
#79480
0J
0Q
#79485
1J
1Q
#79490
0J
0Q
#79495
1J
1Q
#79500
0J
0Q
#79505
1J
1Q
#79510
0J
0Q
#79515
1J
1Q
#79520
0J
0Q
#79525
1J
1Q
#79530
0J
0Q
#79535
1J
1Q
#79540
0J
0Q
#79545
1J
1Q
#79550
0J
0Q
#79555
1J
1Q
#79560
0J
0Q
#79565
1J
1Q
#79570
0J
0Q
#79575
1J
1Q
#79580
0J
0Q
#79585
1J
1Q
#79590
0J
0Q
#79595
1J
1Q
#79600
0J
0Q
#79605
1J
1Q
#79610
0J
0Q
#79615
1J
1Q
#79620
0J
0Q
#79625
1J
1Q
#79630
0J
0Q
#79635
1J
1Q
#79640
0J
0Q
#79645
1J
1Q
#79650
0J
0Q
#79655
1J
1Q
#79660
0J
0Q
#79665
1J
1Q
#79670
0J
0Q
#79675
1J
1Q
#79680
0J
0Q
#79685
1J
1Q
#79690
0J
0Q
#79695
1J
1Q
#79700
0J
0Q
#79705
1J
1Q
#79710
0J
0Q
#79715
1J
1Q
#79720
0J
0Q
#79725
1J
1Q
#79730
0J
0Q
#79735
1J
1Q
#79740
0J
0Q
#79745
1J
1Q
#79750
0J
0Q
#79755
1J
1Q
#79760
0J
0Q
#79765
1J
1Q
#79770
0J
0Q
#79775
1J
1Q
#79780
0J
0Q
#79785
1J
1Q
#79790
0J
0Q
#79795
1J
1Q
#79800
0J
0Q
#79805
1J
1Q
#79810
0J
0Q
#79815
1J
1Q
#79820
0J
0Q
#79825
1J
1Q
#79830
0J
0Q
#79835
1J
1Q
#79840
0J
0Q
#79845
1J
1Q
#79850
0J
0Q
#79855
1J
1Q
#79860
0J
0Q
#79865
1J
1Q
#79870
0J
0Q
#79875
1J
1Q
#79880
0J
0Q
#79885
1J
1Q
#79890
0J
0Q
#79895
1J
1Q
#79900
0J
0Q
#79905
1J
1Q
#79910
0J
0Q
#79915
1J
1Q
#79920
0J
0Q
#79925
1J
1Q
#79930
0J
0Q
#79935
1J
1Q
#79940
0J
0Q
#79945
1J
1Q
#79950
0J
0Q
#79955
1J
1Q
#79960
0J
0Q
#79965
1J
1Q
#79970
0J
0Q
#79975
1J
1Q
#79980
0J
0Q
#79985
1J
1Q
#79990
0J
0Q
#79995
1J
1Q
#80000
0J
0Q
#80005
1J
1Q
#80010
0J
0Q
#80015
1J
1Q
#80020
0J
0Q
#80025
1J
1Q
#80030
0J
0Q
#80035
1J
1Q
#80040
0J
0Q
#80045
1J
1Q
#80050
0J
0Q
#80055
1J
1Q
#80060
0J
0Q
#80065
1J
1Q
#80070
0J
0Q
#80075
1J
1Q
#80080
0J
0Q
#80085
1J
1Q
#80090
0J
0Q
#80095
1J
1Q
#80100
0J
0Q
#80105
1J
1Q
#80110
0J
0Q
#80115
1J
1Q
#80120
0J
0Q
#80125
1J
1Q
#80130
0J
0Q
#80135
1J
1Q
#80140
0J
0Q
#80145
1J
1Q
#80150
0J
0Q
#80155
1J
1Q
#80160
0J
0Q
#80165
1J
1Q
#80170
0J
0Q
#80175
1J
1Q
#80180
0J
0Q
#80185
1J
1Q
#80190
0J
0Q
#80195
1J
1Q
#80200
0J
0Q
#80205
1J
1Q
#80210
0J
0Q
#80215
1J
1Q
#80220
0J
0Q
#80225
1J
1Q
#80230
0J
0Q
#80235
1J
1Q
#80240
0J
0Q
#80245
1J
1Q
#80250
0J
0Q
#80255
1J
1Q
#80260
0J
0Q
#80265
1J
1Q
#80270
0J
0Q
#80275
1J
1Q
#80280
0J
0Q
#80285
1J
1Q
#80290
0J
0Q
#80295
1J
1Q
#80300
0J
0Q
#80305
1J
1Q
#80310
0J
0Q
#80315
1J
1Q
#80320
0J
0Q
#80325
1J
1Q
#80330
0J
0Q
#80335
1J
1Q
#80340
0J
0Q
#80345
1J
1Q
#80350
0J
0Q
#80355
1J
1Q
#80360
0J
0Q
#80365
1J
1Q
#80370
0J
0Q
#80375
1J
1Q
#80380
0J
0Q
#80385
1J
1Q
#80390
0J
0Q
#80395
1J
1Q
#80400
0J
0Q
#80405
1J
1Q
#80410
0J
0Q
#80415
1J
1Q
#80420
0J
0Q
#80425
1J
1Q
#80430
0J
0Q
#80435
1J
1Q
#80440
0J
0Q
#80445
1J
1Q
#80450
0J
0Q
#80455
1J
1Q
#80460
0J
0Q
#80465
1J
1Q
#80470
0J
0Q
#80475
1J
1Q
#80480
0J
0Q
#80485
1J
1Q
#80490
0J
0Q
#80495
1J
1Q
#80500
0J
0Q
#80505
1J
1Q
#80510
0J
0Q
#80515
1J
1Q
#80520
0J
0Q
#80525
1J
1Q
#80530
0J
0Q
#80535
1J
1Q
#80540
0J
0Q
#80545
1J
1Q
#80550
0J
0Q
#80555
1J
1Q
#80560
0J
0Q
#80565
1J
1Q
#80570
0J
0Q
#80575
1J
1Q
#80580
0J
0Q
#80585
1J
1Q
#80590
0J
0Q
#80595
1J
1Q
#80600
0J
0Q
#80605
1J
1Q
#80610
0J
0Q
#80615
1J
1Q
#80620
0J
0Q
#80625
1J
1Q
#80630
0J
0Q
#80635
1J
1Q
#80640
0J
0Q
#80645
1J
1Q
#80650
0J
0Q
#80655
1J
1Q
#80660
0J
0Q
#80665
1J
1Q
#80670
0J
0Q
#80675
1J
1Q
#80680
0J
0Q
#80685
1J
1Q
#80690
0J
0Q
#80695
1J
1Q
#80700
0J
0Q
#80705
1J
1Q
#80710
0J
0Q
#80715
1J
1Q
#80720
0J
0Q
#80725
1J
1Q
#80730
0J
0Q
#80735
1J
1Q
#80740
0J
0Q
#80745
1J
1Q
#80750
0J
0Q
#80755
1J
1Q
#80760
0J
0Q
#80765
1J
1Q
#80770
0J
0Q
#80775
1J
1Q
#80780
0J
0Q
#80785
1J
1Q
#80790
0J
0Q
#80795
1J
1Q
#80800
0J
0Q
#80805
1J
1Q
#80810
0J
0Q
#80815
1J
1Q
#80820
0J
0Q
#80825
1J
1Q
#80830
0J
0Q
#80835
1J
1Q
#80840
0J
0Q
#80845
1J
1Q
#80850
0J
0Q
#80855
1J
1Q
#80860
0J
0Q
#80865
1J
1Q
#80870
0J
0Q
#80875
1J
1Q
#80880
0J
0Q
#80885
1J
1Q
#80890
0J
0Q
#80895
1J
1Q
#80900
0J
0Q
#80905
1J
1Q
#80910
0J
0Q
#80915
1J
1Q
#80920
0J
0Q
#80925
1J
1Q
#80930
0J
0Q
#80935
1J
1Q
#80940
0J
0Q
#80945
1J
1Q
#80950
0J
0Q
#80955
1J
1Q
#80960
0J
0Q
#80965
1J
1Q
#80970
0J
0Q
#80975
1J
1Q
#80980
0J
0Q
#80985
1J
1Q
#80990
0J
0Q
#80995
1J
1Q
#81000
0J
0Q
#81005
1J
1Q
#81010
0J
0Q
#81015
1J
1Q
#81020
0J
0Q
#81025
1J
1Q
#81030
0J
0Q
#81035
1J
1Q
#81040
0J
0Q
#81045
1J
1Q
#81050
0J
0Q
#81055
1J
1Q
#81060
0J
0Q
#81065
1J
1Q
#81070
0J
0Q
#81075
1J
1Q
#81080
0J
0Q
#81085
1J
1Q
#81090
0J
0Q
#81095
1J
1Q
#81100
0J
0Q
#81105
1J
1Q
#81110
0J
0Q
#81115
1J
1Q
#81120
0J
0Q
#81125
1J
1Q
#81130
0J
0Q
#81135
1J
1Q
#81140
0J
0Q
#81145
1J
1Q
#81150
0J
0Q
#81155
1J
1Q
#81160
0J
0Q
#81165
1J
1Q
#81170
0J
0Q
#81175
1J
1Q
#81180
0J
0Q
#81185
1J
1Q
#81190
0J
0Q
#81195
1J
1Q
#81200
0J
0Q
#81205
1J
1Q
#81210
0J
0Q
#81215
1J
1Q
#81220
0J
0Q
#81225
1J
1Q
#81230
0J
0Q
#81235
1J
1Q
#81240
0J
0Q
#81245
1J
1Q
#81250
0J
0Q
#81255
1J
1Q
#81260
0J
0Q
#81265
1J
1Q
#81270
0J
0Q
#81275
1J
1Q
#81280
0J
0Q
#81285
1J
1Q
#81290
0J
0Q
#81295
1J
1Q
#81300
0J
0Q
#81305
1J
1Q
#81310
0J
0Q
#81315
1J
1Q
#81320
0J
0Q
#81325
1J
1Q
#81330
0J
0Q
#81335
1J
1Q
#81340
0J
0Q
#81345
1J
1Q
#81350
0J
0Q
#81355
1J
1Q
#81360
0J
0Q
#81365
1J
1Q
#81370
0J
0Q
#81375
1J
1Q
#81380
0J
0Q
#81385
1J
1Q
#81390
0J
0Q
#81395
1J
1Q
#81400
0J
0Q
#81405
1J
1Q
#81410
0J
0Q
#81415
1J
1Q
#81420
0J
0Q
#81425
1J
1Q
#81430
0J
0Q
#81435
1J
1Q
#81440
0J
0Q
#81445
1J
1Q
#81450
0J
0Q
#81455
1J
1Q
#81460
0J
0Q
#81465
1J
1Q
#81470
0J
0Q
#81475
1J
1Q
#81480
0J
0Q
#81485
1J
1Q
#81490
0J
0Q
#81495
1J
1Q
#81500
0J
0Q
#81505
1J
1Q
#81510
0J
0Q
#81515
1J
1Q
#81520
0J
0Q
#81525
1J
1Q
#81530
0J
0Q
#81535
1J
1Q
#81540
0J
0Q
#81545
1J
1Q
#81550
0J
0Q
#81555
1J
1Q
#81560
0J
0Q
#81565
1J
1Q
#81570
0J
0Q
#81575
1J
1Q
#81580
0J
0Q
#81585
1J
1Q
#81590
0J
0Q
#81595
1J
1Q
#81600
0J
0Q
#81605
1J
1Q
#81610
0J
0Q
#81615
1J
1Q
#81620
0J
0Q
#81625
1J
1Q
#81630
0J
0Q
#81635
1J
1Q
#81640
0J
0Q
#81645
1J
1Q
#81650
0J
0Q
#81655
1J
1Q
#81660
0J
0Q
#81665
1J
1Q
#81670
0J
0Q
#81675
1J
1Q
#81680
0J
0Q
#81685
1J
1Q
#81690
0J
0Q
#81695
1J
1Q
#81700
0J
0Q
#81705
1J
1Q
#81710
0J
0Q
#81715
1J
1Q
#81720
0J
0Q
#81725
1J
1Q
#81730
0J
0Q
#81735
1J
1Q
#81740
0J
0Q
#81745
1J
1Q
#81750
0J
0Q
#81755
1J
1Q
#81760
0J
0Q
#81765
1J
1Q
#81770
0J
0Q
#81775
1J
1Q
#81780
0J
0Q
#81785
1J
1Q
#81790
0J
0Q
#81795
1J
1Q
#81800
0J
0Q
#81805
1J
1Q
#81810
0J
0Q
#81815
1J
1Q
#81820
0J
0Q
#81825
1J
1Q
#81830
0J
0Q
#81835
1J
1Q
#81840
0J
0Q
#81845
1J
1Q
#81850
0J
0Q
#81855
1J
1Q
#81860
0J
0Q
#81865
1J
1Q
#81870
0J
0Q
#81875
1J
1Q
#81880
0J
0Q
#81885
1J
1Q
#81890
0J
0Q
#81895
1J
1Q
#81900
0J
0Q
#81905
1J
1Q
#81910
0J
0Q
#81915
1J
1Q
#81920
0J
0Q
#81925
1J
1Q
#81930
0J
0Q
#81935
1J
1Q
#81940
0J
0Q
#81945
1J
1Q
#81950
0J
0Q
#81955
1J
1Q
#81960
0J
0Q
#81965
1J
1Q
#81970
0J
0Q
#81975
1J
1Q
#81980
0J
0Q
#81985
1J
1Q
#81990
0J
0Q
#81995
1J
1Q
#82000
0J
0Q
#82005
1J
1Q
#82010
0J
0Q
#82015
1J
1Q
#82020
0J
0Q
#82025
1J
1Q
#82030
0J
0Q
#82035
1J
1Q
#82040
0J
0Q
#82045
1J
1Q
#82050
0J
0Q
#82055
1J
1Q
#82060
0J
0Q
#82065
1J
1Q
#82070
0J
0Q
#82075
1J
1Q
#82080
0J
0Q
#82085
1J
1Q
#82090
0J
0Q
#82095
1J
1Q
#82100
0J
0Q
#82105
1J
1Q
#82110
0J
0Q
#82115
1J
1Q
#82120
0J
0Q
#82125
1J
1Q
#82130
0J
0Q
#82135
1J
1Q
#82140
0J
0Q
#82145
1J
1Q
#82150
0J
0Q
#82155
1J
1Q
#82160
0J
0Q
#82165
1J
1Q
#82170
0J
0Q
#82175
1J
1Q
#82180
0J
0Q
#82185
1J
1Q
#82190
0J
0Q
#82195
1J
1Q
#82200
0J
0Q
#82205
1J
1Q
#82210
0J
0Q
#82215
1J
1Q
#82220
0J
0Q
#82225
1J
1Q
#82230
0J
0Q
#82235
1J
1Q
#82240
0J
0Q
#82245
1J
1Q
#82250
0J
0Q
#82255
1J
1Q
#82260
0J
0Q
#82265
1J
1Q
#82270
0J
0Q
#82275
1J
1Q
#82280
0J
0Q
#82285
1J
1Q
#82290
0J
0Q
#82295
1J
1Q
#82300
0J
0Q
#82305
1J
1Q
#82310
0J
0Q
#82315
1J
1Q
#82320
0J
0Q
#82325
1J
1Q
#82330
0J
0Q
#82335
1J
1Q
#82340
0J
0Q
#82345
1J
1Q
#82350
0J
0Q
#82355
1J
1Q
#82360
0J
0Q
#82365
1J
1Q
#82370
0J
0Q
#82375
1J
1Q
#82380
0J
0Q
#82385
1J
1Q
#82390
0J
0Q
#82395
1J
1Q
#82400
0J
0Q
#82405
1J
1Q
#82410
0J
0Q
#82415
1J
1Q
#82420
0J
0Q
#82425
1J
1Q
#82430
0J
0Q
#82435
1J
1Q
#82440
0J
0Q
#82445
1J
1Q
#82450
0J
0Q
#82455
1J
1Q
#82460
0J
0Q
#82465
1J
1Q
#82470
0J
0Q
#82475
1J
1Q
#82480
0J
0Q
#82485
1J
1Q
#82490
0J
0Q
#82495
1J
1Q
#82500
0J
0Q
#82505
1J
1Q
#82510
0J
0Q
#82515
1J
1Q
#82520
0J
0Q
#82525
1J
1Q
#82530
0J
0Q
#82535
1J
1Q
#82540
0J
0Q
#82545
1J
1Q
#82550
0J
0Q
#82555
1J
1Q
#82560
0J
0Q
#82565
1J
1Q
#82570
0J
0Q
#82575
1J
1Q
#82580
0J
0Q
#82585
1J
1Q
#82590
0J
0Q
#82595
1J
1Q
#82600
0J
0Q
#82605
1J
1Q
#82610
0J
0Q
#82615
1J
1Q
#82620
0J
0Q
#82625
1J
1Q
#82630
0J
0Q
#82635
1J
1Q
#82640
0J
0Q
#82645
1J
1Q
#82650
0J
0Q
#82655
1J
1Q
#82660
0J
0Q
#82665
1J
1Q
#82670
0J
0Q
#82675
1J
1Q
#82680
0J
0Q
#82685
1J
1Q
#82690
0J
0Q
#82695
1J
1Q
#82700
0J
0Q
#82705
1J
1Q
#82710
0J
0Q
#82715
1J
1Q
#82720
0J
0Q
#82725
1J
1Q
#82730
0J
0Q
#82735
1J
1Q
#82740
0J
0Q
#82745
1J
1Q
#82750
0J
0Q
#82755
1J
1Q
#82760
0J
0Q
#82765
1J
1Q
#82770
0J
0Q
#82775
1J
1Q
#82780
0J
0Q
#82785
1J
1Q
#82790
0J
0Q
#82795
1J
1Q
#82800
0J
0Q
#82805
1J
1Q
#82810
0J
0Q
#82815
1J
1Q
#82820
0J
0Q
#82825
1J
1Q
#82830
0J
0Q
#82835
1J
1Q
#82840
0J
0Q
#82845
1J
1Q
#82850
0J
0Q
#82855
1J
1Q
#82860
0J
0Q
#82865
1J
1Q
#82870
0J
0Q
#82875
1J
1Q
#82880
0J
0Q
#82885
1J
1Q
#82890
0J
0Q
#82895
1J
1Q
#82900
0J
0Q
#82905
1J
1Q
#82910
0J
0Q
#82915
1J
1Q
#82920
0J
0Q
#82925
1J
1Q
#82930
0J
0Q
#82935
1J
1Q
#82940
0J
0Q
#82945
1J
1Q
#82950
0J
0Q
#82955
1J
1Q
#82960
0J
0Q
#82965
1J
1Q
#82970
0J
0Q
#82975
1J
1Q
#82980
0J
0Q
#82985
1J
1Q
#82990
0J
0Q
#82995
1J
1Q
#83000
0J
0Q
#83005
1J
1Q
#83010
0J
0Q
#83015
1J
1Q
#83020
0J
0Q
#83025
1J
1Q
#83030
0J
0Q
#83035
1J
1Q
#83040
0J
0Q
#83045
1J
1Q
#83050
0J
0Q
#83055
1J
1Q
#83060
0J
0Q
#83065
1J
1Q
#83070
0J
0Q
#83075
1J
1Q
#83080
0J
0Q
#83085
1J
1Q
#83090
0J
0Q
#83095
1J
1Q
#83100
0J
0Q
#83105
1J
1Q
#83110
0J
0Q
#83115
1J
1Q
#83120
0J
0Q
#83125
1J
1Q
#83130
0J
0Q
#83135
1J
1Q
#83140
0J
0Q
#83145
1J
1Q
#83150
0J
0Q
#83155
1J
1Q
#83160
0J
0Q
#83165
1J
1Q
#83170
0J
0Q
#83175
1J
1Q
#83180
0J
0Q
#83185
1J
1Q
#83190
0J
0Q
#83195
1J
1Q
#83200
0J
0Q
#83205
1J
1Q
#83210
0J
0Q
#83215
1J
1Q
#83220
0J
0Q
#83225
1J
1Q
#83230
0J
0Q
#83235
1J
1Q
#83240
0J
0Q
#83245
1J
1Q
#83250
0J
0Q
#83255
1J
1Q
#83260
0J
0Q
#83265
1J
1Q
#83270
0J
0Q
#83275
1J
1Q
#83280
0J
0Q
#83285
1J
1Q
#83290
0J
0Q
#83295
1J
1Q
#83300
0J
0Q
#83305
1J
1Q
#83310
0J
0Q
#83315
1J
1Q
#83320
0J
0Q
#83325
1J
1Q
#83330
0J
0Q
#83335
1J
1Q
#83340
0J
0Q
#83345
1J
1Q
#83350
0J
0Q
#83355
1J
1Q
#83360
0J
0Q
#83365
1J
1Q
#83370
0J
0Q
#83375
1J
1Q
#83380
0J
0Q
#83385
1J
1Q
#83390
0J
0Q
#83395
1J
1Q
#83400
0J
0Q
#83405
1J
1Q
#83410
0J
0Q
#83415
1J
1Q
#83420
0J
0Q
#83425
1J
1Q
#83430
0J
0Q
#83435
1J
1Q
#83440
0J
0Q
#83445
1J
1Q
#83450
0J
0Q
#83455
1J
1Q
#83460
0J
0Q
#83465
1J
1Q
#83470
0J
0Q
#83475
1J
1Q
#83480
0J
0Q
#83485
1J
1Q
#83490
0J
0Q
#83495
1J
1Q
#83500
0J
0Q
#83505
1J
1Q
#83510
0J
0Q
#83515
1J
1Q
#83520
0J
0Q
#83525
1J
1Q
#83530
0J
0Q
#83535
1J
1Q
#83540
0J
0Q
#83545
1J
1Q
#83550
0J
0Q
#83555
1J
1Q
#83560
0J
0Q
#83565
1J
1Q
#83570
0J
0Q
#83575
1J
1Q
#83580
0J
0Q
#83585
1J
1Q
#83590
0J
0Q
#83595
1J
1Q
#83600
0J
0Q
#83605
1J
1Q
#83610
0J
0Q
#83615
1J
1Q
#83620
0J
0Q
#83625
1J
1Q
#83630
0J
0Q
#83635
1J
1Q
#83640
0J
0Q
#83645
1J
1Q
#83650
0J
0Q
#83655
1J
1Q
#83660
0J
0Q
#83665
1J
1Q
#83670
0J
0Q
#83675
1J
1Q
#83680
0J
0Q
#83685
1J
1Q
#83690
0J
0Q
#83695
1J
1Q
#83700
0J
0Q
#83705
1J
1Q
#83710
0J
0Q
#83715
1J
1Q
#83720
0J
0Q
#83725
1J
1Q
#83730
0J
0Q
#83735
1J
1Q
#83740
0J
0Q
#83745
1J
1Q
#83750
0J
0Q
#83755
1J
1Q
#83760
0J
0Q
#83765
1J
1Q
#83770
0J
0Q
#83775
1J
1Q
#83780
0J
0Q
#83785
1J
1Q
#83790
0J
0Q
#83795
1J
1Q
#83800
0J
0Q
#83805
1J
1Q
#83810
0J
0Q
#83815
1J
1Q
#83820
0J
0Q
#83825
1J
1Q
#83830
0J
0Q
#83835
1J
1Q
#83840
0J
0Q
#83845
1J
1Q
#83850
0J
0Q
#83855
1J
1Q
#83860
0J
0Q
#83865
1J
1Q
#83870
0J
0Q
#83875
1J
1Q
#83880
0J
0Q
#83885
1J
1Q
#83890
0J
0Q
#83895
1J
1Q
#83900
0J
0Q
#83905
1J
1Q
#83910
0J
0Q
#83915
1J
1Q
#83920
0J
0Q
#83925
1J
1Q
#83930
0J
0Q
#83935
1J
1Q
#83940
0J
0Q
#83945
1J
1Q
#83950
0J
0Q
#83955
1J
1Q
#83960
0J
0Q
#83965
1J
1Q
#83970
0J
0Q
#83975
1J
1Q
#83980
0J
0Q
#83985
1J
1Q
#83990
0J
0Q
#83995
1J
1Q
#84000
0J
0Q
#84005
1J
1Q
#84010
0J
0Q
#84015
1J
1Q
#84020
0J
0Q
#84025
1J
1Q
#84030
0J
0Q
#84035
1J
1Q
#84040
0J
0Q
#84045
1J
1Q
#84050
0J
0Q
#84055
1J
1Q
#84060
0J
0Q
#84065
1J
1Q
#84070
0J
0Q
#84075
1J
1Q
#84080
0J
0Q
#84085
1J
1Q
#84090
0J
0Q
#84095
1J
1Q
#84100
0J
0Q
#84105
1J
1Q
#84110
0J
0Q
#84115
1J
1Q
#84120
0J
0Q
#84125
1J
1Q
#84130
0J
0Q
#84135
1J
1Q
#84140
0J
0Q
#84145
1J
1Q
#84150
0J
0Q
#84155
1J
1Q
#84160
0J
0Q
#84165
1J
1Q
#84170
0J
0Q
#84175
1J
1Q
#84180
0J
0Q
#84185
1J
1Q
#84190
0J
0Q
#84195
1J
1Q
#84200
0J
0Q
#84205
1J
1Q
#84210
0J
0Q
#84215
1J
1Q
#84220
0J
0Q
#84225
1J
1Q
#84230
0J
0Q
#84235
1J
1Q
#84240
0J
0Q
#84245
1J
1Q
#84250
0J
0Q
#84255
1J
1Q
#84260
0J
0Q
#84265
1J
1Q
#84270
0J
0Q
#84275
1J
1Q
#84280
0J
0Q
#84285
1J
1Q
#84290
0J
0Q
#84295
1J
1Q
#84300
0J
0Q
#84305
1J
1Q
#84310
0J
0Q
#84315
1J
1Q
#84320
0J
0Q
#84325
1J
1Q
#84330
0J
0Q
#84335
1J
1Q
#84340
0J
0Q
#84345
1J
1Q
#84350
0J
0Q
#84355
1J
1Q
#84360
0J
0Q
#84365
1J
1Q
#84370
0J
0Q
#84375
1J
1Q
#84380
0J
0Q
#84385
1J
1Q
#84390
0J
0Q
#84395
1J
1Q
#84400
0J
0Q
#84405
1J
1Q
#84410
0J
0Q
#84415
1J
1Q
#84420
0J
0Q
#84425
1J
1Q
#84430
0J
0Q
#84435
1J
1Q
#84440
0J
0Q
#84445
1J
1Q
#84450
0J
0Q
#84455
1J
1Q
#84460
0J
0Q
#84465
1J
1Q
#84470
0J
0Q
#84475
1J
1Q
#84480
0J
0Q
#84485
1J
1Q
#84490
0J
0Q
#84495
1J
1Q
#84500
0J
0Q
#84505
1J
1Q
#84510
0J
0Q
#84515
1J
1Q
#84520
0J
0Q
#84525
1J
1Q
#84530
0J
0Q
#84535
1J
1Q
#84540
0J
0Q
#84545
1J
1Q
#84550
0J
0Q
#84555
1J
1Q
#84560
0J
0Q
#84565
1J
1Q
#84570
0J
0Q
#84575
1J
1Q
#84580
0J
0Q
#84585
1J
1Q
#84590
0J
0Q
#84595
1J
1Q
#84600
0J
0Q
#84605
1J
1Q
#84610
0J
0Q
#84615
1J
1Q
#84620
0J
0Q
#84625
1J
1Q
#84630
0J
0Q
#84635
1J
1Q
#84640
0J
0Q
#84645
1J
1Q
#84650
0J
0Q
#84655
1J
1Q
#84660
0J
0Q
#84665
1J
1Q
#84670
0J
0Q
#84675
1J
1Q
#84680
0J
0Q
#84685
1J
1Q
#84690
0J
0Q
#84695
1J
1Q
#84700
0J
0Q
#84705
1J
1Q
#84710
0J
0Q
#84715
1J
1Q
#84720
0J
0Q
#84725
1J
1Q
#84730
0J
0Q
#84735
1J
1Q
#84740
0J
0Q
#84745
1J
1Q
#84750
0J
0Q
#84755
1J
1Q
#84760
0J
0Q
#84765
1J
1Q
#84770
0J
0Q
#84775
1J
1Q
#84780
0J
0Q
#84785
1J
1Q
#84790
0J
0Q
#84795
1J
1Q
#84800
0J
0Q
#84805
1J
1Q
#84810
0J
0Q
#84815
1J
1Q
#84820
0J
0Q
#84825
1J
1Q
#84830
0J
0Q
#84835
1J
1Q
#84840
0J
0Q
#84845
1J
1Q
#84850
0J
0Q
#84855
1J
1Q
#84860
0J
0Q
#84865
1J
1Q
#84870
0J
0Q
#84875
1J
1Q
#84880
0J
0Q
#84885
1J
1Q
#84890
0J
0Q
#84895
1J
1Q
#84900
0J
0Q
#84905
1J
1Q
#84910
0J
0Q
#84915
1J
1Q
#84920
0J
0Q
#84925
1J
1Q
#84930
0J
0Q
#84935
1J
1Q
#84940
0J
0Q
#84945
1J
1Q
#84950
0J
0Q
#84955
1J
1Q
#84960
0J
0Q
#84965
1J
1Q
#84970
0J
0Q
#84975
1J
1Q
#84980
0J
0Q
#84985
1J
1Q
#84990
0J
0Q
#84995
1J
1Q
#85000
0J
0Q
#85005
1J
1Q
#85010
0J
0Q
#85015
1J
1Q
#85020
0J
0Q
#85025
1J
1Q
#85030
0J
0Q
#85035
1J
1Q
#85040
0J
0Q
#85045
1J
1Q
#85050
0J
0Q
#85055
1J
1Q
#85060
0J
0Q
#85065
1J
1Q
#85070
0J
0Q
#85075
1J
1Q
#85080
0J
0Q
#85085
1J
1Q
#85090
0J
0Q
#85095
1J
1Q
#85100
0J
0Q
#85105
1J
1Q
#85110
0J
0Q
#85115
1J
1Q
#85120
0J
0Q
#85125
1J
1Q
#85130
0J
0Q
#85135
1J
1Q
#85140
0J
0Q
#85145
1J
1Q
#85150
0J
0Q
#85155
1J
1Q
#85160
0J
0Q
#85165
1J
1Q
#85170
0J
0Q
#85175
1J
1Q
#85180
0J
0Q
#85185
1J
1Q
#85190
0J
0Q
#85195
1J
1Q
#85200
0J
0Q
#85205
1J
1Q
#85210
0J
0Q
#85215
1J
1Q
#85220
0J
0Q
#85225
1J
1Q
#85230
0J
0Q
#85235
1J
1Q
#85240
0J
0Q
#85245
1J
1Q
#85250
0J
0Q
#85255
1J
1Q
#85260
0J
0Q
#85265
1J
1Q
#85270
0J
0Q
#85275
1J
1Q
#85280
0J
0Q
#85285
1J
1Q
#85290
0J
0Q
#85295
1J
1Q
#85300
0J
0Q
#85305
1J
1Q
#85310
0J
0Q
#85315
1J
1Q
#85320
0J
0Q
#85325
1J
1Q
#85330
0J
0Q
#85335
1J
1Q
#85340
0J
0Q
#85345
1J
1Q
#85350
0J
0Q
#85355
1J
1Q
#85360
0J
0Q
#85365
1J
1Q
#85370
0J
0Q
#85375
1J
1Q
#85380
0J
0Q
#85385
1J
1Q
#85390
0J
0Q
#85395
1J
1Q
#85400
0J
0Q
#85405
1J
1Q
#85410
0J
0Q
#85415
1J
1Q
#85420
0J
0Q
#85425
1J
1Q
#85430
0J
0Q
#85435
1J
1Q
#85440
0J
0Q
#85445
1J
1Q
#85450
0J
0Q
#85455
1J
1Q
#85460
0J
0Q
#85465
1J
1Q
#85470
0J
0Q
#85475
1J
1Q
#85480
0J
0Q
#85485
1J
1Q
#85490
0J
0Q
#85495
1J
1Q
#85500
0J
0Q
#85505
1J
1Q
#85510
0J
0Q
#85515
1J
1Q
#85520
0J
0Q
#85525
1J
1Q
#85530
0J
0Q
#85535
1J
1Q
#85540
0J
0Q
#85545
1J
1Q
#85550
0J
0Q
#85555
1J
1Q
#85560
0J
0Q
#85565
1J
1Q
#85570
0J
0Q
#85575
1J
1Q
#85580
0J
0Q
#85585
1J
1Q
#85590
0J
0Q
#85595
1J
1Q
#85600
0J
0Q
#85605
1J
1Q
#85610
0J
0Q
#85615
1J
1Q
#85620
0J
0Q
#85625
1J
1Q
#85630
0J
0Q
#85635
1J
1Q
#85640
0J
0Q
#85645
1J
1Q
#85650
0J
0Q
#85655
1J
1Q
#85660
0J
0Q
#85665
1J
1Q
#85670
0J
0Q
#85675
1J
1Q
#85680
0J
0Q
#85685
1J
1Q
#85690
0J
0Q
#85695
1J
1Q
#85700
0J
0Q
#85705
1J
1Q
#85710
0J
0Q
#85715
1J
1Q
#85720
0J
0Q
#85725
1J
1Q
#85730
0J
0Q
#85735
1J
1Q
#85740
0J
0Q
#85745
1J
1Q
#85750
0J
0Q
#85755
1J
1Q
#85760
0J
0Q
#85765
1J
1Q
#85770
0J
0Q
#85775
1J
1Q
#85780
0J
0Q
#85785
1J
1Q
#85790
0J
0Q
#85795
1J
1Q
#85800
0J
0Q
#85805
1J
1Q
#85810
0J
0Q
#85815
1J
1Q
#85820
0J
0Q
#85825
1J
1Q
#85830
0J
0Q
#85835
1J
1Q
#85840
0J
0Q
#85845
1J
1Q
#85850
0J
0Q
#85855
1J
1Q
#85860
0J
0Q
#85865
1J
1Q
#85870
0J
0Q
#85875
1J
1Q
#85880
0J
0Q
#85885
1J
1Q
#85890
0J
0Q
#85895
1J
1Q
#85900
0J
0Q
#85905
1J
1Q
#85910
0J
0Q
#85915
1J
1Q
#85920
0J
0Q
#85925
1J
1Q
#85930
0J
0Q
#85935
1J
1Q
#85940
0J
0Q
#85945
1J
1Q
#85950
0J
0Q
#85955
1J
1Q
#85960
0J
0Q
#85965
1J
1Q
#85970
0J
0Q
#85975
1J
1Q
#85980
0J
0Q
#85985
1J
1Q
#85990
0J
0Q
#85995
1J
1Q
#86000
0J
0Q
#86005
1J
1Q
#86010
0J
0Q
#86015
1J
1Q
#86020
0J
0Q
#86025
1J
1Q
#86030
0J
0Q
#86035
1J
1Q
#86040
0J
0Q
#86045
1J
1Q
#86050
0J
0Q
#86055
1J
1Q
#86060
0J
0Q
#86065
1J
1Q
#86070
0J
0Q
#86075
1J
1Q
#86080
0J
0Q
#86085
1J
1Q
#86090
0J
0Q
#86095
1J
1Q
#86100
0J
0Q
#86105
1J
1Q
#86110
0J
0Q
#86115
1J
1Q
#86120
0J
0Q
#86125
1J
1Q
#86130
0J
0Q
#86135
1J
1Q
#86140
0J
0Q
#86145
1J
1Q
#86150
0J
0Q
#86155
1J
1Q
#86160
0J
0Q
#86165
1J
1Q
#86170
0J
0Q
#86175
1J
1Q
#86180
0J
0Q
#86185
1J
1Q
#86190
0J
0Q
#86195
1J
1Q
#86200
0J
0Q
#86205
1J
1Q
#86210
0J
0Q
#86215
1J
1Q
#86220
0J
0Q
#86225
1J
1Q
#86230
0J
0Q
#86235
1J
1Q
#86240
0J
0Q
#86245
1J
1Q
#86250
0J
0Q
#86255
1J
1Q
#86260
0J
0Q
#86265
1J
1Q
#86270
0J
0Q
#86275
1J
1Q
#86280
0J
0Q
#86285
1J
1Q
#86290
0J
0Q
#86295
1J
1Q
#86300
0J
0Q
#86305
1J
1Q
#86310
0J
0Q
#86315
1J
1Q
#86320
0J
0Q
#86325
1J
1Q
#86330
0J
0Q
#86335
1J
1Q
#86340
0J
0Q
#86345
1J
1Q
#86350
0J
0Q
#86355
1J
1Q
#86360
0J
0Q
#86365
1J
1Q
#86370
0J
0Q
#86375
1J
1Q
#86380
0J
0Q
#86385
1J
1Q
#86390
0J
0Q
#86395
1J
1Q
#86400
0J
0Q
#86405
1J
1Q
#86410
0J
0Q
#86415
1J
1Q
#86420
0J
0Q
#86425
1J
1Q
#86430
0J
0Q
#86435
1J
1Q
#86440
0J
0Q
#86445
1J
1Q
#86450
0J
0Q
#86455
1J
1Q
#86460
0J
0Q
#86465
1J
1Q
#86470
0J
0Q
#86475
1J
1Q
#86480
0J
0Q
#86485
1J
1Q
#86490
0J
0Q
#86495
1J
1Q
#86500
0J
0Q
#86505
1J
1Q
#86510
0J
0Q
#86515
1J
1Q
#86520
0J
0Q
#86525
1J
1Q
#86530
0J
0Q
#86535
1J
1Q
#86540
0J
0Q
#86545
1J
1Q
#86550
0J
0Q
#86555
1J
1Q
#86560
0J
0Q
#86565
1J
1Q
#86570
0J
0Q
#86575
1J
1Q
#86580
0J
0Q
#86585
1J
1Q
#86590
0J
0Q
#86595
1J
1Q
#86600
0J
0Q
#86605
1J
1Q
#86610
0J
0Q
#86615
1J
1Q
#86620
0J
0Q
#86625
1J
1Q
#86630
0J
0Q
#86635
1J
1Q
#86640
0J
0Q
#86645
1J
1Q
#86650
0J
0Q
#86655
1J
1Q
#86660
0J
0Q
#86665
1J
1Q
#86670
0J
0Q
#86675
1J
1Q
#86680
0J
0Q
#86685
1J
1Q
#86690
0J
0Q
#86695
1J
1Q
#86700
0J
0Q
#86705
1J
1Q
#86710
0J
0Q
#86715
1J
1Q
#86720
0J
0Q
#86725
1J
1Q
#86730
0J
0Q
#86735
1J
1Q
#86740
0J
0Q
#86745
1J
1Q
#86750
0J
0Q
#86755
1J
1Q
#86760
0J
0Q
#86765
1J
1Q
#86770
0J
0Q
#86775
1J
1Q
#86780
0J
0Q
#86785
1J
1Q
#86790
0J
0Q
#86795
1J
1Q
#86800
0J
0Q
#86805
1J
1Q
#86810
0J
0Q
#86815
1J
1Q
#86820
0J
0Q
#86825
1J
1Q
#86830
0J
0Q
#86835
1J
1Q
#86840
0J
0Q
#86845
1J
1Q
#86850
0J
0Q
#86855
1J
1Q
#86860
0J
0Q
#86865
1J
1Q
#86870
0J
0Q
#86875
1J
1Q
#86880
0J
0Q
#86885
1J
1Q
#86890
0J
0Q
#86895
1J
1Q
#86900
0J
0Q
#86905
1J
1Q
#86910
0J
0Q
#86915
1J
1Q
#86920
0J
0Q
#86925
1J
1Q
#86930
0J
0Q
#86935
1J
1Q
#86940
0J
0Q
#86945
1J
1Q
#86950
0J
0Q
#86955
1J
1Q
#86960
0J
0Q
#86965
1J
1Q
#86970
0J
0Q
#86975
1J
1Q
#86980
0J
0Q
#86985
1J
1Q
#86990
0J
0Q
#86995
1J
1Q
#87000
0J
0Q
#87005
1J
1Q
#87010
0J
0Q
#87015
1J
1Q
#87020
0J
0Q
#87025
1J
1Q
#87030
0J
0Q
#87035
1J
1Q
#87040
0J
0Q
#87045
1J
1Q
#87050
0J
0Q
#87055
1J
1Q
#87060
0J
0Q
#87065
1J
1Q
#87070
0J
0Q
#87075
1J
1Q
#87080
0J
0Q
#87085
1J
1Q
#87090
0J
0Q
#87095
1J
1Q
#87100
0J
0Q
#87105
1J
1Q
#87110
0J
0Q
#87115
1J
1Q
#87120
0J
0Q
#87125
1J
1Q
#87130
0J
0Q
#87135
1J
1Q
#87140
0J
0Q
#87145
1J
1Q
#87150
0J
0Q
#87155
1J
1Q
#87160
0J
0Q
#87165
1J
1Q
#87170
0J
0Q
#87175
1J
1Q
#87180
0J
0Q
#87185
1J
1Q
#87190
0J
0Q
#87195
1J
1Q
#87200
0J
0Q
#87205
1J
1Q
#87210
0J
0Q
#87215
1J
1Q
#87220
0J
0Q
#87225
1J
1Q
#87230
0J
0Q
#87235
1J
1Q
#87240
0J
0Q
#87245
1J
1Q
#87250
0J
0Q
#87255
1J
1Q
#87260
0J
0Q
#87265
1J
1Q
#87270
0J
0Q
#87275
1J
1Q
#87280
0J
0Q
#87285
1J
1Q
#87290
0J
0Q
#87295
1J
1Q
#87300
0J
0Q
#87305
1J
1Q
#87310
0J
0Q
#87315
1J
1Q
#87320
0J
0Q
#87325
1J
1Q
#87330
0J
0Q
#87335
1J
1Q
#87340
0J
0Q
#87345
1J
1Q
#87350
0J
0Q
#87355
1J
1Q
#87360
0J
0Q
#87365
1J
1Q
#87370
0J
0Q
#87375
1J
1Q
#87380
0J
0Q
#87385
1J
1Q
#87390
0J
0Q
#87395
1J
1Q
#87400
0J
0Q
#87405
1J
1Q
#87410
0J
0Q
#87415
1J
1Q
#87420
0J
0Q
#87425
1J
1Q
#87430
0J
0Q
#87435
1J
1Q
#87440
0J
0Q
#87445
1J
1Q
#87450
0J
0Q
#87455
1J
1Q
#87460
0J
0Q
#87465
1J
1Q
#87470
0J
0Q
#87475
1J
1Q
#87480
0J
0Q
#87485
1J
1Q
#87490
0J
0Q
#87495
1J
1Q
#87500
0J
0Q
#87505
1J
1Q
#87510
0J
0Q
#87515
1J
1Q
#87520
0J
0Q
#87525
1J
1Q
#87530
0J
0Q
#87535
1J
1Q
#87540
0J
0Q
#87545
1J
1Q
#87550
0J
0Q
#87555
1J
1Q
#87560
0J
0Q
#87565
1J
1Q
#87570
0J
0Q
#87575
1J
1Q
#87580
0J
0Q
#87585
1J
1Q
#87590
0J
0Q
#87595
1J
1Q
#87600
0J
0Q
#87605
1J
1Q
#87610
0J
0Q
#87615
1J
1Q
#87620
0J
0Q
#87625
1J
1Q
#87630
0J
0Q
#87635
1J
1Q
#87640
0J
0Q
#87645
1J
1Q
#87650
0J
0Q
#87655
1J
1Q
#87660
0J
0Q
#87665
1J
1Q
#87670
0J
0Q
#87675
1J
1Q
#87680
0J
0Q
#87685
1J
1Q
#87690
0J
0Q
#87695
1J
1Q
#87700
0J
0Q
#87705
1J
1Q
#87710
0J
0Q
#87715
1J
1Q
#87720
0J
0Q
#87725
1J
1Q
#87730
0J
0Q
#87735
1J
1Q
#87740
0J
0Q
#87745
1J
1Q
#87750
0J
0Q
#87755
1J
1Q
#87760
0J
0Q
#87765
1J
1Q
#87770
0J
0Q
#87775
1J
1Q
#87780
0J
0Q
#87785
1J
1Q
#87790
0J
0Q
#87795
1J
1Q
#87800
0J
0Q
#87805
1J
1Q
#87810
0J
0Q
#87815
1J
1Q
#87820
0J
0Q
#87825
1J
1Q
#87830
0J
0Q
#87835
1J
1Q
#87840
0J
0Q
#87845
1J
1Q
#87850
0J
0Q
#87855
1J
1Q
#87860
0J
0Q
#87865
1J
1Q
#87870
0J
0Q
#87875
1J
1Q
#87880
0J
0Q
#87885
1J
1Q
#87890
0J
0Q
#87895
1J
1Q
#87900
0J
0Q
#87905
1J
1Q
#87910
0J
0Q
#87915
1J
1Q
#87920
0J
0Q
#87925
1J
1Q
#87930
0J
0Q
#87935
1J
1Q
#87940
0J
0Q
#87945
1J
1Q
#87950
0J
0Q
#87955
1J
1Q
#87960
0J
0Q
#87965
1J
1Q
#87970
0J
0Q
#87975
1J
1Q
#87980
0J
0Q
#87985
1J
1Q
#87990
0J
0Q
#87995
1J
1Q
#88000
0J
0Q
#88005
1J
1Q
#88010
0J
0Q
#88015
1J
1Q
#88020
0J
0Q
#88025
1J
1Q
#88030
0J
0Q
#88035
1J
1Q
#88040
0J
0Q
#88045
1J
1Q
#88050
0J
0Q
#88055
1J
1Q
#88060
0J
0Q
#88065
1J
1Q
#88070
0J
0Q
#88075
1J
1Q
#88080
0J
0Q
#88085
1J
1Q
#88090
0J
0Q
#88095
1J
1Q
#88100
0J
0Q
#88105
1J
1Q
#88110
0J
0Q
#88115
1J
1Q
#88120
0J
0Q
#88125
1J
1Q
#88130
0J
0Q
#88135
1J
1Q
#88140
0J
0Q
#88145
1J
1Q
#88150
0J
0Q
#88155
1J
1Q
#88160
0J
0Q
#88165
1J
1Q
#88170
0J
0Q
#88175
1J
1Q
#88180
0J
0Q
#88185
1J
1Q
#88190
0J
0Q
#88195
1J
1Q
#88200
0J
0Q
#88205
1J
1Q
#88210
0J
0Q
#88215
1J
1Q
#88220
0J
0Q
#88225
1J
1Q
#88230
0J
0Q
#88235
1J
1Q
#88240
0J
0Q
#88245
1J
1Q
#88250
0J
0Q
#88255
1J
1Q
#88260
0J
0Q
#88265
1J
1Q
#88270
0J
0Q
#88275
1J
1Q
#88280
0J
0Q
#88285
1J
1Q
#88290
0J
0Q
#88295
1J
1Q
#88300
0J
0Q
#88305
1J
1Q
#88310
0J
0Q
#88315
1J
1Q
#88320
0J
0Q
#88325
1J
1Q
#88330
0J
0Q
#88335
1J
1Q
#88340
0J
0Q
#88345
1J
1Q
#88350
0J
0Q
#88355
1J
1Q
#88360
0J
0Q
#88365
1J
1Q
#88370
0J
0Q
#88375
1J
1Q
#88380
0J
0Q
#88385
1J
1Q
#88390
0J
0Q
#88395
1J
1Q
#88400
0J
0Q
#88405
1J
1Q
#88410
0J
0Q
#88415
1J
1Q
#88420
0J
0Q
#88425
1J
1Q
#88430
0J
0Q
#88435
1J
1Q
#88440
0J
0Q
#88445
1J
1Q
#88450
0J
0Q
#88455
1J
1Q
#88460
0J
0Q
#88465
1J
1Q
#88470
0J
0Q
#88475
1J
1Q
#88480
0J
0Q
#88485
1J
1Q
#88490
0J
0Q
#88495
1J
1Q
#88500
0J
0Q
#88505
1J
1Q
#88510
0J
0Q
#88515
1J
1Q
#88520
0J
0Q
#88525
1J
1Q
#88530
0J
0Q
#88535
1J
1Q
#88540
0J
0Q
#88545
1J
1Q
#88550
0J
0Q
#88555
1J
1Q
#88560
0J
0Q
#88565
1J
1Q
#88570
0J
0Q
#88575
1J
1Q
#88580
0J
0Q
#88585
1J
1Q
#88590
0J
0Q
#88595
1J
1Q
#88600
0J
0Q
#88605
1J
1Q
#88610
0J
0Q
#88615
1J
1Q
#88620
0J
0Q
#88625
1J
1Q
#88630
0J
0Q
#88635
1J
1Q
#88640
0J
0Q
#88645
1J
1Q
#88650
0J
0Q
#88655
1J
1Q
#88660
0J
0Q
#88665
1J
1Q
#88670
0J
0Q
#88675
1J
1Q
#88680
0J
0Q
#88685
1J
1Q
#88690
0J
0Q
#88695
1J
1Q
#88700
0J
0Q
#88705
1J
1Q
#88710
0J
0Q
#88715
1J
1Q
#88720
0J
0Q
#88725
1J
1Q
#88730
0J
0Q
#88735
1J
1Q
#88740
0J
0Q
#88745
1J
1Q
#88750
0J
0Q
#88755
1J
1Q
#88760
0J
0Q
#88765
1J
1Q
#88770
0J
0Q
#88775
1J
1Q
#88780
0J
0Q
#88785
1J
1Q
#88790
0J
0Q
#88795
1J
1Q
#88800
0J
0Q
#88805
1J
1Q
#88810
0J
0Q
#88815
1J
1Q
#88820
0J
0Q
#88825
1J
1Q
#88830
0J
0Q
#88835
1J
1Q
#88840
0J
0Q
#88845
1J
1Q
#88850
0J
0Q
#88855
1J
1Q
#88860
0J
0Q
#88865
1J
1Q
#88870
0J
0Q
#88875
1J
1Q
#88880
0J
0Q
#88885
1J
1Q
#88890
0J
0Q
#88895
1J
1Q
#88900
0J
0Q
#88905
1J
1Q
#88910
0J
0Q
#88915
1J
1Q
#88920
0J
0Q
#88925
1J
1Q
#88930
0J
0Q
#88935
1J
1Q
#88940
0J
0Q
#88945
1J
1Q
#88950
0J
0Q
#88955
1J
1Q
#88960
0J
0Q
#88965
1J
1Q
#88970
0J
0Q
#88975
1J
1Q
#88980
0J
0Q
#88985
1J
1Q
#88990
0J
0Q
#88995
1J
1Q
#89000
0J
0Q
#89005
1J
1Q
#89010
0J
0Q
#89015
1J
1Q
#89020
0J
0Q
#89025
1J
1Q
#89030
0J
0Q
#89035
1J
1Q
#89040
0J
0Q
#89045
1J
1Q
#89050
0J
0Q
#89055
1J
1Q
#89060
0J
0Q
#89065
1J
1Q
#89070
0J
0Q
#89075
1J
1Q
#89080
0J
0Q
#89085
1J
1Q
#89090
0J
0Q
#89095
1J
1Q
#89100
0J
0Q
#89105
1J
1Q
#89110
0J
0Q
#89115
1J
1Q
#89120
0J
0Q
#89125
1J
1Q
#89130
0J
0Q
#89135
1J
1Q
#89140
0J
0Q
#89145
1J
1Q
#89150
0J
0Q
#89155
1J
1Q
#89160
0J
0Q
#89165
1J
1Q
#89170
0J
0Q
#89175
1J
1Q
#89180
0J
0Q
#89185
1J
1Q
#89190
0J
0Q
#89195
1J
1Q
#89200
0J
0Q
#89205
1J
1Q
#89210
0J
0Q
#89215
1J
1Q
#89220
0J
0Q
#89225
1J
1Q
#89230
0J
0Q
#89235
1J
1Q
#89240
0J
0Q
#89245
1J
1Q
#89250
0J
0Q
#89255
1J
1Q
#89260
0J
0Q
#89265
1J
1Q
#89270
0J
0Q
#89275
1J
1Q
#89280
0J
0Q
#89285
1J
1Q
#89290
0J
0Q
#89295
1J
1Q
#89300
0J
0Q
#89305
1J
1Q
#89310
0J
0Q
#89315
1J
1Q
#89320
0J
0Q
#89325
1J
1Q
#89330
0J
0Q
#89335
1J
1Q
#89340
0J
0Q
#89345
1J
1Q
#89350
0J
0Q
#89355
1J
1Q
#89360
0J
0Q
#89365
1J
1Q
#89370
0J
0Q
#89375
1J
1Q
#89380
0J
0Q
#89385
1J
1Q
#89390
0J
0Q
#89395
1J
1Q
#89400
0J
0Q
#89405
1J
1Q
#89410
0J
0Q
#89415
1J
1Q
#89420
0J
0Q
#89425
1J
1Q
#89430
0J
0Q
#89435
1J
1Q
#89440
0J
0Q
#89445
1J
1Q
#89450
0J
0Q
#89455
1J
1Q
#89460
0J
0Q
#89465
1J
1Q
#89470
0J
0Q
#89475
1J
1Q
#89480
0J
0Q
#89485
1J
1Q
#89490
0J
0Q
#89495
1J
1Q
#89500
0J
0Q
#89505
1J
1Q
#89510
0J
0Q
#89515
1J
1Q
#89520
0J
0Q
#89525
1J
1Q
#89530
0J
0Q
#89535
1J
1Q
#89540
0J
0Q
#89545
1J
1Q
#89550
0J
0Q
#89555
1J
1Q
#89560
0J
0Q
#89565
1J
1Q
#89570
0J
0Q
#89575
1J
1Q
#89580
0J
0Q
#89585
1J
1Q
#89590
0J
0Q
#89595
1J
1Q
#89600
0J
0Q
#89605
1J
1Q
#89610
0J
0Q
#89615
1J
1Q
#89620
0J
0Q
#89625
1J
1Q
#89630
0J
0Q
#89635
1J
1Q
#89640
0J
0Q
#89645
1J
1Q
#89650
0J
0Q
#89655
1J
1Q
#89660
0J
0Q
#89665
1J
1Q
#89670
0J
0Q
#89675
1J
1Q
#89680
0J
0Q
#89685
1J
1Q
#89690
0J
0Q
#89695
1J
1Q
#89700
0J
0Q
#89705
1J
1Q
#89710
0J
0Q
#89715
1J
1Q
#89720
0J
0Q
#89725
1J
1Q
#89730
0J
0Q
#89735
1J
1Q
#89740
0J
0Q
#89745
1J
1Q
#89750
0J
0Q
#89755
1J
1Q
#89760
0J
0Q
#89765
1J
1Q
#89770
0J
0Q
#89775
1J
1Q
#89780
0J
0Q
#89785
1J
1Q
#89790
0J
0Q
#89795
1J
1Q
#89800
0J
0Q
#89805
1J
1Q
#89810
0J
0Q
#89815
1J
1Q
#89820
0J
0Q
#89825
1J
1Q
#89830
0J
0Q
#89835
1J
1Q
#89840
0J
0Q
#89845
1J
1Q
#89850
0J
0Q
#89855
1J
1Q
#89860
0J
0Q
#89865
1J
1Q
#89870
0J
0Q
#89875
1J
1Q
#89880
0J
0Q
#89885
1J
1Q
#89890
0J
0Q
#89895
1J
1Q
#89900
0J
0Q
#89905
1J
1Q
#89910
0J
0Q
#89915
1J
1Q
#89920
0J
0Q
#89925
1J
1Q
#89930
0J
0Q
#89935
1J
1Q
#89940
0J
0Q
#89945
1J
1Q
#89950
0J
0Q
#89955
1J
1Q
#89960
0J
0Q
#89965
1J
1Q
#89970
0J
0Q
#89975
1J
1Q
#89980
0J
0Q
#89985
1J
1Q
#89990
0J
0Q
#89995
1J
1Q
#90000
0J
0Q
#90005
1J
1Q
#90010
0J
0Q
#90015
1J
1Q
#90020
0J
0Q
#90025
1J
1Q
#90030
0J
0Q
#90035
1J
1Q
#90040
0J
0Q
#90045
1J
1Q
#90050
0J
0Q
#90055
1J
1Q
#90060
0J
0Q
#90065
1J
1Q
#90070
0J
0Q
#90075
1J
1Q
#90080
0J
0Q
#90085
1J
1Q
#90090
0J
0Q
#90095
1J
1Q
#90100
0J
0Q
#90105
1J
1Q
#90110
0J
0Q
#90115
1J
1Q
#90120
0J
0Q
#90125
1J
1Q
#90130
0J
0Q
#90135
1J
1Q
#90140
0J
0Q
#90145
1J
1Q
#90150
0J
0Q
#90155
1J
1Q
#90160
0J
0Q
#90165
1J
1Q
#90170
0J
0Q
#90175
1J
1Q
#90180
0J
0Q
#90185
1J
1Q
#90190
0J
0Q
#90195
1J
1Q
#90200
0J
0Q
#90205
1J
1Q
#90210
0J
0Q
#90215
1J
1Q
#90220
0J
0Q
#90225
1J
1Q
#90230
0J
0Q
#90235
1J
1Q
#90240
0J
0Q
#90245
1J
1Q
#90250
0J
0Q
#90255
1J
1Q
#90260
0J
0Q
#90265
1J
1Q
#90270
0J
0Q
#90275
1J
1Q
#90280
0J
0Q
#90285
1J
1Q
#90290
0J
0Q
#90295
1J
1Q
#90300
0J
0Q
#90305
1J
1Q
#90310
0J
0Q
#90315
1J
1Q
#90320
0J
0Q
#90325
1J
1Q
#90330
0J
0Q
#90335
1J
1Q
#90340
0J
0Q
#90345
1J
1Q
#90350
0J
0Q
#90355
1J
1Q
#90360
0J
0Q
#90365
1J
1Q
#90370
0J
0Q
#90375
1J
1Q
#90380
0J
0Q
#90385
1J
1Q
#90390
0J
0Q
#90395
1J
1Q
#90400
0J
0Q
#90405
1J
1Q
#90410
0J
0Q
#90415
1J
1Q
#90420
0J
0Q
#90425
1J
1Q
#90430
0J
0Q
#90435
1J
1Q
#90440
0J
0Q
#90445
1J
1Q
#90450
0J
0Q
#90455
1J
1Q
#90460
0J
0Q
#90465
1J
1Q
#90470
0J
0Q
#90475
1J
1Q
#90480
0J
0Q
#90485
1J
1Q
#90490
0J
0Q
#90495
1J
1Q
#90500
0J
0Q
#90505
1J
1Q
#90510
0J
0Q
#90515
1J
1Q
#90520
0J
0Q
#90525
1J
1Q
#90530
0J
0Q
#90535
1J
1Q
#90540
0J
0Q
#90545
1J
1Q
#90550
0J
0Q
#90555
1J
1Q
#90560
0J
0Q
#90565
1J
1Q
#90570
0J
0Q
#90575
1J
1Q
#90580
0J
0Q
#90585
1J
1Q
#90590
0J
0Q
#90595
1J
1Q
#90600
0J
0Q
#90605
1J
1Q
#90610
0J
0Q
#90615
1J
1Q
#90620
0J
0Q
#90625
1J
1Q
#90630
0J
0Q
#90635
1J
1Q
#90640
0J
0Q
#90645
1J
1Q
#90650
0J
0Q
#90655
1J
1Q
#90660
0J
0Q
#90665
1J
1Q
#90670
0J
0Q
#90675
1J
1Q
#90680
0J
0Q
#90685
1J
1Q
#90690
0J
0Q
#90695
1J
1Q
#90700
0J
0Q
#90705
1J
1Q
#90710
0J
0Q
#90715
1J
1Q
#90720
0J
0Q
#90725
1J
1Q
#90730
0J
0Q
#90735
1J
1Q
#90740
0J
0Q
#90745
1J
1Q
#90750
0J
0Q
#90755
1J
1Q
#90760
0J
0Q
#90765
1J
1Q
#90770
0J
0Q
#90775
1J
1Q
#90780
0J
0Q
#90785
1J
1Q
#90790
0J
0Q
#90795
1J
1Q
#90800
0J
0Q
#90805
1J
1Q
#90810
0J
0Q
#90815
1J
1Q
#90820
0J
0Q
#90825
1J
1Q
#90830
0J
0Q
#90835
1J
1Q
#90840
0J
0Q
#90845
1J
1Q
#90850
0J
0Q
#90855
1J
1Q
#90860
0J
0Q
#90865
1J
1Q
#90870
0J
0Q
#90875
1J
1Q
#90880
0J
0Q
#90885
1J
1Q
#90890
0J
0Q
#90895
1J
1Q
#90900
0J
0Q
#90905
1J
1Q
#90910
0J
0Q
#90915
1J
1Q
#90920
0J
0Q
#90925
1J
1Q
#90930
0J
0Q
#90935
1J
1Q
#90940
0J
0Q
#90945
1J
1Q
#90950
0J
0Q
#90955
1J
1Q
#90960
0J
0Q
#90965
1J
1Q
#90970
0J
0Q
#90975
1J
1Q
#90980
0J
0Q
#90985
1J
1Q
#90990
0J
0Q
#90995
1J
1Q
#91000
0J
0Q
#91005
1J
1Q
#91010
0J
0Q
#91015
1J
1Q
#91020
0J
0Q
#91025
1J
1Q
#91030
0J
0Q
#91035
1J
1Q
#91040
0J
0Q
#91045
1J
1Q
#91050
0J
0Q
#91055
1J
1Q
#91060
0J
0Q
#91065
1J
1Q
#91070
0J
0Q
#91075
1J
1Q
#91080
0J
0Q
#91085
1J
1Q
#91090
0J
0Q
#91095
1J
1Q
#91100
0J
0Q
#91105
1J
1Q
#91110
0J
0Q
#91115
1J
1Q
#91120
0J
0Q
#91125
1J
1Q
#91130
0J
0Q
#91135
1J
1Q
#91140
0J
0Q
#91145
1J
1Q
#91150
0J
0Q
#91155
1J
1Q
#91160
0J
0Q
#91165
1J
1Q
#91170
0J
0Q
#91175
1J
1Q
#91180
0J
0Q
#91185
1J
1Q
#91190
0J
0Q
#91195
1J
1Q
#91200
0J
0Q
#91205
1J
1Q
#91210
0J
0Q
#91215
1J
1Q
#91220
0J
0Q
#91225
1J
1Q
#91230
0J
0Q
#91235
1J
1Q
#91240
0J
0Q
#91245
1J
1Q
#91250
0J
0Q
#91255
1J
1Q
#91260
0J
0Q
#91265
1J
1Q
#91270
0J
0Q
#91275
1J
1Q
#91280
0J
0Q
#91285
1J
1Q
#91290
0J
0Q
#91295
1J
1Q
#91300
0J
0Q
#91305
1J
1Q
#91310
0J
0Q
#91315
1J
1Q
#91320
0J
0Q
#91325
1J
1Q
#91330
0J
0Q
#91335
1J
1Q
#91340
0J
0Q
#91345
1J
1Q
#91350
0J
0Q
#91355
1J
1Q
#91360
0J
0Q
#91365
1J
1Q
#91370
0J
0Q
#91375
1J
1Q
#91380
0J
0Q
#91385
1J
1Q
#91390
0J
0Q
#91395
1J
1Q
#91400
0J
0Q
#91405
1J
1Q
#91410
0J
0Q
#91415
1J
1Q
#91420
0J
0Q
#91425
1J
1Q
#91430
0J
0Q
#91435
1J
1Q
#91440
0J
0Q
#91445
1J
1Q
#91450
0J
0Q
#91455
1J
1Q
#91460
0J
0Q
#91465
1J
1Q
#91470
0J
0Q
#91475
1J
1Q
#91480
0J
0Q
#91485
1J
1Q
#91490
0J
0Q
#91495
1J
1Q
#91500
0J
0Q
#91505
1J
1Q
#91510
0J
0Q
#91515
1J
1Q
#91520
0J
0Q
#91525
1J
1Q
#91530
0J
0Q
#91535
1J
1Q
#91540
0J
0Q
#91545
1J
1Q
#91550
0J
0Q
#91555
1J
1Q
#91560
0J
0Q
#91565
1J
1Q
#91570
0J
0Q
#91575
1J
1Q
#91580
0J
0Q
#91585
1J
1Q
#91590
0J
0Q
#91595
1J
1Q
#91600
0J
0Q
#91605
1J
1Q
#91610
0J
0Q
#91615
1J
1Q
#91620
0J
0Q
#91625
1J
1Q
#91630
0J
0Q
#91635
1J
1Q
#91640
0J
0Q
#91645
1J
1Q
#91650
0J
0Q
#91655
1J
1Q
#91660
0J
0Q
#91665
1J
1Q
#91670
0J
0Q
#91675
1J
1Q
#91680
0J
0Q
#91685
1J
1Q
#91690
0J
0Q
#91695
1J
1Q
#91700
0J
0Q
#91705
1J
1Q
#91710
0J
0Q
#91715
1J
1Q
#91720
0J
0Q
#91725
1J
1Q
#91730
0J
0Q
#91735
1J
1Q
#91740
0J
0Q
#91745
1J
1Q
#91750
0J
0Q
#91755
1J
1Q
#91760
0J
0Q
#91765
1J
1Q
#91770
0J
0Q
#91775
1J
1Q
#91780
0J
0Q
#91785
1J
1Q
#91790
0J
0Q
#91795
1J
1Q
#91800
0J
0Q
#91805
1J
1Q
#91810
0J
0Q
#91815
1J
1Q
#91820
0J
0Q
#91825
1J
1Q
#91830
0J
0Q
#91835
1J
1Q
#91840
0J
0Q
#91845
1J
1Q
#91850
0J
0Q
#91855
1J
1Q
#91860
0J
0Q
#91865
1J
1Q
#91870
0J
0Q
#91875
1J
1Q
#91880
0J
0Q
#91885
1J
1Q
#91890
0J
0Q
#91895
1J
1Q
#91900
0J
0Q
#91905
1J
1Q
#91910
0J
0Q
#91915
1J
1Q
#91920
0J
0Q
#91925
1J
1Q
#91930
0J
0Q
#91935
1J
1Q
#91940
0J
0Q
#91945
1J
1Q
#91950
0J
0Q
#91955
1J
1Q
#91960
0J
0Q
#91965
1J
1Q
#91970
0J
0Q
#91975
1J
1Q
#91980
0J
0Q
#91985
1J
1Q
#91990
0J
0Q
#91995
1J
1Q
#92000
0J
0Q
#92005
1J
1Q
#92010
0J
0Q
#92015
1J
1Q
#92020
0J
0Q
#92025
1J
1Q
#92030
0J
0Q
#92035
1J
1Q
#92040
0J
0Q
#92045
1J
1Q
#92050
0J
0Q
#92055
1J
1Q
#92060
0J
0Q
#92065
1J
1Q
#92070
0J
0Q
#92075
1J
1Q
#92080
0J
0Q
#92085
1J
1Q
#92090
0J
0Q
#92095
1J
1Q
#92100
0J
0Q
#92105
1J
1Q
#92110
0J
0Q
#92115
1J
1Q
#92120
0J
0Q
#92125
1J
1Q
#92130
0J
0Q
#92135
1J
1Q
#92140
0J
0Q
#92145
1J
1Q
#92150
0J
0Q
#92155
1J
1Q
#92160
0J
0Q
#92165
1J
1Q
#92170
0J
0Q
#92175
1J
1Q
#92180
0J
0Q
#92185
1J
1Q
#92190
0J
0Q
#92195
1J
1Q
#92200
0J
0Q
#92205
1J
1Q
#92210
0J
0Q
#92215
1J
1Q
#92220
0J
0Q
#92225
1J
1Q
#92230
0J
0Q
#92235
1J
1Q
#92240
0J
0Q
#92245
1J
1Q
#92250
0J
0Q
#92255
1J
1Q
#92260
0J
0Q
#92265
1J
1Q
#92270
0J
0Q
#92275
1J
1Q
#92280
0J
0Q
#92285
1J
1Q
#92290
0J
0Q
#92295
1J
1Q
#92300
0J
0Q
#92305
1J
1Q
#92310
0J
0Q
#92315
1J
1Q
#92320
0J
0Q
#92325
1J
1Q
#92330
0J
0Q
#92335
1J
1Q
#92340
0J
0Q
#92345
1J
1Q
#92350
0J
0Q
#92355
1J
1Q
#92360
0J
0Q
#92365
1J
1Q
#92370
0J
0Q
#92375
1J
1Q
#92380
0J
0Q
#92385
1J
1Q
#92390
0J
0Q
#92395
1J
1Q
#92400
0J
0Q
#92405
1J
1Q
#92410
0J
0Q
#92415
1J
1Q
#92420
0J
0Q
#92425
1J
1Q
#92430
0J
0Q
#92435
1J
1Q
#92440
0J
0Q
#92445
1J
1Q
#92450
0J
0Q
#92455
1J
1Q
#92460
0J
0Q
#92465
1J
1Q
#92470
0J
0Q
#92475
1J
1Q
#92480
0J
0Q
#92485
1J
1Q
#92490
0J
0Q
#92495
1J
1Q
#92500
0J
0Q
#92505
1J
1Q
#92510
0J
0Q
#92515
1J
1Q
#92520
0J
0Q
#92525
1J
1Q
#92530
0J
0Q
#92535
1J
1Q
#92540
0J
0Q
#92545
1J
1Q
#92550
0J
0Q
#92555
1J
1Q
#92560
0J
0Q
#92565
1J
1Q
#92570
0J
0Q
#92575
1J
1Q
#92580
0J
0Q
#92585
1J
1Q
#92590
0J
0Q
#92595
1J
1Q
#92600
0J
0Q
#92605
1J
1Q
#92610
0J
0Q
#92615
1J
1Q
#92620
0J
0Q
#92625
1J
1Q
#92630
0J
0Q
#92635
1J
1Q
#92640
0J
0Q
#92645
1J
1Q
#92650
0J
0Q
#92655
1J
1Q
#92660
0J
0Q
#92665
1J
1Q
#92670
0J
0Q
#92675
1J
1Q
#92680
0J
0Q
#92685
1J
1Q
#92690
0J
0Q
#92695
1J
1Q
#92700
0J
0Q
#92705
1J
1Q
#92710
0J
0Q
#92715
1J
1Q
#92720
0J
0Q
#92725
1J
1Q
#92730
0J
0Q
#92735
1J
1Q
#92740
0J
0Q
#92745
1J
1Q
#92750
0J
0Q
#92755
1J
1Q
#92760
0J
0Q
#92765
1J
1Q
#92770
0J
0Q
#92775
1J
1Q
#92780
0J
0Q
#92785
1J
1Q
#92790
0J
0Q
#92795
1J
1Q
#92800
0J
0Q
#92805
1J
1Q
#92810
0J
0Q
#92815
1J
1Q
#92820
0J
0Q
#92825
1J
1Q
#92830
0J
0Q
#92835
1J
1Q
#92840
0J
0Q
#92845
1J
1Q
#92850
0J
0Q
#92855
1J
1Q
#92860
0J
0Q
#92865
1J
1Q
#92870
0J
0Q
#92875
1J
1Q
#92880
0J
0Q
#92885
1J
1Q
#92890
0J
0Q
#92895
1J
1Q
#92900
0J
0Q
#92905
1J
1Q
#92910
0J
0Q
#92915
1J
1Q
#92920
0J
0Q
#92925
1J
1Q
#92930
0J
0Q
#92935
1J
1Q
#92940
0J
0Q
#92945
1J
1Q
#92950
0J
0Q
#92955
1J
1Q
#92960
0J
0Q
#92965
1J
1Q
#92970
0J
0Q
#92975
1J
1Q
#92980
0J
0Q
#92985
1J
1Q
#92990
0J
0Q
#92995
1J
1Q
#93000
0J
0Q
#93005
1J
1Q
#93010
0J
0Q
#93015
1J
1Q
#93020
0J
0Q
#93025
1J
1Q
#93030
0J
0Q
#93035
1J
1Q
#93040
0J
0Q
#93045
1J
1Q
#93050
0J
0Q
#93055
1J
1Q
#93060
0J
0Q
#93065
1J
1Q
#93070
0J
0Q
#93075
1J
1Q
#93080
0J
0Q
#93085
1J
1Q
#93090
0J
0Q
#93095
1J
1Q
#93100
0J
0Q
#93105
1J
1Q
#93110
0J
0Q
#93115
1J
1Q
#93120
0J
0Q
#93125
1J
1Q
#93130
0J
0Q
#93135
1J
1Q
#93140
0J
0Q
#93145
1J
1Q
#93150
0J
0Q
#93155
1J
1Q
#93160
0J
0Q
#93165
1J
1Q
#93170
0J
0Q
#93175
1J
1Q
#93180
0J
0Q
#93185
1J
1Q
#93190
0J
0Q
#93195
1J
1Q
#93200
0J
0Q
#93205
1J
1Q
#93210
0J
0Q
#93215
1J
1Q
#93220
0J
0Q
#93225
1J
1Q
#93230
0J
0Q
#93235
1J
1Q
#93240
0J
0Q
#93245
1J
1Q
#93250
0J
0Q
#93255
1J
1Q
#93260
0J
0Q
#93265
1J
1Q
#93270
0J
0Q
#93275
1J
1Q
#93280
0J
0Q
#93285
1J
1Q
#93290
0J
0Q
#93295
1J
1Q
#93300
0J
0Q
#93305
1J
1Q
#93310
0J
0Q
#93315
1J
1Q
#93320
0J
0Q
#93325
1J
1Q
#93330
0J
0Q
#93335
1J
1Q
#93340
0J
0Q
#93345
1J
1Q
#93350
0J
0Q
#93355
1J
1Q
#93360
0J
0Q
#93365
1J
1Q
#93370
0J
0Q
#93375
1J
1Q
#93380
0J
0Q
#93385
1J
1Q
#93390
0J
0Q
#93395
1J
1Q
#93400
0J
0Q
#93405
1J
1Q
#93410
0J
0Q
#93415
1J
1Q
#93420
0J
0Q
#93425
1J
1Q
#93430
0J
0Q
#93435
1J
1Q
#93440
0J
0Q
#93445
1J
1Q
#93450
0J
0Q
#93455
1J
1Q
#93460
0J
0Q
#93465
1J
1Q
#93470
0J
0Q
#93475
1J
1Q
#93480
0J
0Q
#93485
1J
1Q
#93490
0J
0Q
#93495
1J
1Q
#93500
0J
0Q
#93505
1J
1Q
#93510
0J
0Q
#93515
1J
1Q
#93520
0J
0Q
#93525
1J
1Q
#93530
0J
0Q
#93535
1J
1Q
#93540
0J
0Q
#93545
1J
1Q
#93550
0J
0Q
#93555
1J
1Q
#93560
0J
0Q
#93565
1J
1Q
#93570
0J
0Q
#93575
1J
1Q
#93580
0J
0Q
#93585
1J
1Q
#93590
0J
0Q
#93595
1J
1Q
#93600
0J
0Q
#93605
1J
1Q
#93610
0J
0Q
#93615
1J
1Q
#93620
0J
0Q
#93625
1J
1Q
#93630
0J
0Q
#93635
1J
1Q
#93640
0J
0Q
#93645
1J
1Q
#93650
0J
0Q
#93655
1J
1Q
#93660
0J
0Q
#93665
1J
1Q
#93670
0J
0Q
#93675
1J
1Q
#93680
0J
0Q
#93685
1J
1Q
#93690
0J
0Q
#93695
1J
1Q
#93700
0J
0Q
#93705
1J
1Q
#93710
0J
0Q
#93715
1J
1Q
#93720
0J
0Q
#93725
1J
1Q
#93730
0J
0Q
#93735
1J
1Q
#93740
0J
0Q
#93745
1J
1Q
#93750
0J
0Q
#93755
1J
1Q
#93760
0J
0Q
#93765
1J
1Q
#93770
0J
0Q
#93775
1J
1Q
#93780
0J
0Q
#93785
1J
1Q
#93790
0J
0Q
#93795
1J
1Q
#93800
0J
0Q
#93805
1J
1Q
#93810
0J
0Q
#93815
1J
1Q
#93820
0J
0Q
#93825
1J
1Q
#93830
0J
0Q
#93835
1J
1Q
#93840
0J
0Q
#93845
1J
1Q
#93850
0J
0Q
#93855
1J
1Q
#93860
0J
0Q
#93865
1J
1Q
#93870
0J
0Q
#93875
1J
1Q
#93880
0J
0Q
#93885
1J
1Q
#93890
0J
0Q
#93895
1J
1Q
#93900
0J
0Q
#93905
1J
1Q
#93910
0J
0Q
#93915
1J
1Q
#93920
0J
0Q
#93925
1J
1Q
#93930
0J
0Q
#93935
1J
1Q
#93940
0J
0Q
#93945
1J
1Q
#93950
0J
0Q
#93955
1J
1Q
#93960
0J
0Q
#93965
1J
1Q
#93970
0J
0Q
#93975
1J
1Q
#93980
0J
0Q
#93985
1J
1Q
#93990
0J
0Q
#93995
1J
1Q
#94000
0J
0Q
#94005
1J
1Q
#94010
0J
0Q
#94015
1J
1Q
#94020
0J
0Q
#94025
1J
1Q
#94030
0J
0Q
#94035
1J
1Q
#94040
0J
0Q
#94045
1J
1Q
#94050
0J
0Q
#94055
1J
1Q
#94060
0J
0Q
#94065
1J
1Q
#94070
0J
0Q
#94075
1J
1Q
#94080
0J
0Q
#94085
1J
1Q
#94090
0J
0Q
#94095
1J
1Q
#94100
0J
0Q
#94105
1J
1Q
#94110
0J
0Q
#94115
1J
1Q
#94120
0J
0Q
#94125
1J
1Q
#94130
0J
0Q
#94135
1J
1Q
#94140
0J
0Q
#94145
1J
1Q
#94150
0J
0Q
#94155
1J
1Q
#94160
0J
0Q
#94165
1J
1Q
#94170
0J
0Q
#94175
1J
1Q
#94180
0J
0Q
#94185
1J
1Q
#94190
0J
0Q
#94195
1J
1Q
#94200
0J
0Q
#94205
1J
1Q
#94210
0J
0Q
#94215
1J
1Q
#94220
0J
0Q
#94225
1J
1Q
#94230
0J
0Q
#94235
1J
1Q
#94240
0J
0Q
#94245
1J
1Q
#94250
0J
0Q
#94255
1J
1Q
#94260
0J
0Q
#94265
1J
1Q
#94270
0J
0Q
#94275
1J
1Q
#94280
0J
0Q
#94285
1J
1Q
#94290
0J
0Q
#94295
1J
1Q
#94300
0J
0Q
#94305
1J
1Q
#94310
0J
0Q
#94315
1J
1Q
#94320
0J
0Q
#94325
1J
1Q
#94330
0J
0Q
#94335
1J
1Q
#94340
0J
0Q
#94345
1J
1Q
#94350
0J
0Q
#94355
1J
1Q
#94360
0J
0Q
#94365
1J
1Q
#94370
0J
0Q
#94375
1J
1Q
#94380
0J
0Q
#94385
1J
1Q
#94390
0J
0Q
#94395
1J
1Q
#94400
0J
0Q
#94405
1J
1Q
#94410
0J
0Q
#94415
1J
1Q
#94420
0J
0Q
#94425
1J
1Q
#94430
0J
0Q
#94435
1J
1Q
#94440
0J
0Q
#94445
1J
1Q
#94450
0J
0Q
#94455
1J
1Q
#94460
0J
0Q
#94465
1J
1Q
#94470
0J
0Q
#94475
1J
1Q
#94480
0J
0Q
#94485
1J
1Q
#94490
0J
0Q
#94495
1J
1Q
#94500
0J
0Q
#94505
1J
1Q
#94510
0J
0Q
#94515
1J
1Q
#94520
0J
0Q
#94525
1J
1Q
#94530
0J
0Q
#94535
1J
1Q
#94540
0J
0Q
#94545
1J
1Q
#94550
0J
0Q
#94555
1J
1Q
#94560
0J
0Q
#94565
1J
1Q
#94570
0J
0Q
#94575
1J
1Q
#94580
0J
0Q
#94585
1J
1Q
#94590
0J
0Q
#94595
1J
1Q
#94600
0J
0Q
#94605
1J
1Q
#94610
0J
0Q
#94615
1J
1Q
#94620
0J
0Q
#94625
1J
1Q
#94630
0J
0Q
#94635
1J
1Q
#94640
0J
0Q
#94645
1J
1Q
#94650
0J
0Q
#94655
1J
1Q
#94660
0J
0Q
#94665
1J
1Q
#94670
0J
0Q
#94675
1J
1Q
#94680
0J
0Q
#94685
1J
1Q
#94690
0J
0Q
#94695
1J
1Q
#94700
0J
0Q
#94705
1J
1Q
#94710
0J
0Q
#94715
1J
1Q
#94720
0J
0Q
#94725
1J
1Q
#94730
0J
0Q
#94735
1J
1Q
#94740
0J
0Q
#94745
1J
1Q
#94750
0J
0Q
#94755
1J
1Q
#94760
0J
0Q
#94765
1J
1Q
#94770
0J
0Q
#94775
1J
1Q
#94780
0J
0Q
#94785
1J
1Q
#94790
0J
0Q
#94795
1J
1Q
#94800
0J
0Q
#94805
1J
1Q
#94810
0J
0Q
#94815
1J
1Q
#94820
0J
0Q
#94825
1J
1Q
#94830
0J
0Q
#94835
1J
1Q
#94840
0J
0Q
#94845
1J
1Q
#94850
0J
0Q
#94855
1J
1Q
#94860
0J
0Q
#94865
1J
1Q
#94870
0J
0Q
#94875
1J
1Q
#94880
0J
0Q
#94885
1J
1Q
#94890
0J
0Q
#94895
1J
1Q
#94900
0J
0Q
#94905
1J
1Q
#94910
0J
0Q
#94915
1J
1Q
#94920
0J
0Q
#94925
1J
1Q
#94930
0J
0Q
#94935
1J
1Q
#94940
0J
0Q
#94945
1J
1Q
#94950
0J
0Q
#94955
1J
1Q
#94960
0J
0Q
#94965
1J
1Q
#94970
0J
0Q
#94975
1J
1Q
#94980
0J
0Q
#94985
1J
1Q
#94990
0J
0Q
#94995
1J
1Q
#95000
0J
0Q
#95005
1J
1Q
#95010
0J
0Q
#95015
1J
1Q
#95020
0J
0Q
#95025
1J
1Q
#95030
0J
0Q
#95035
1J
1Q
#95040
0J
0Q
#95045
1J
1Q
#95050
0J
0Q
#95055
1J
1Q
#95060
0J
0Q
#95065
1J
1Q
#95070
0J
0Q
#95075
1J
1Q
#95080
0J
0Q
#95085
1J
1Q
#95090
0J
0Q
#95095
1J
1Q
#95100
0J
0Q
#95105
1J
1Q
#95110
0J
0Q
#95115
1J
1Q
#95120
0J
0Q
#95125
1J
1Q
#95130
0J
0Q
#95135
1J
1Q
#95140
0J
0Q
#95145
1J
1Q
#95150
0J
0Q
#95155
1J
1Q
#95160
0J
0Q
#95165
1J
1Q
#95170
0J
0Q
#95175
1J
1Q
#95180
0J
0Q
#95185
1J
1Q
#95190
0J
0Q
#95195
1J
1Q
#95200
0J
0Q
#95205
1J
1Q
#95210
0J
0Q
#95215
1J
1Q
#95220
0J
0Q
#95225
1J
1Q
#95230
0J
0Q
#95235
1J
1Q
#95240
0J
0Q
#95245
1J
1Q
#95250
0J
0Q
#95255
1J
1Q
#95260
0J
0Q
#95265
1J
1Q
#95270
0J
0Q
#95275
1J
1Q
#95280
0J
0Q
#95285
1J
1Q
#95290
0J
0Q
#95295
1J
1Q
#95300
0J
0Q
#95305
1J
1Q
#95310
0J
0Q
#95315
1J
1Q
#95320
0J
0Q
#95325
1J
1Q
#95330
0J
0Q
#95335
1J
1Q
#95340
0J
0Q
#95345
1J
1Q
#95350
0J
0Q
#95355
1J
1Q
#95360
0J
0Q
#95365
1J
1Q
#95370
0J
0Q
#95375
1J
1Q
#95380
0J
0Q
#95385
1J
1Q
#95390
0J
0Q
#95395
1J
1Q
#95400
0J
0Q
#95405
1J
1Q
#95410
0J
0Q
#95415
1J
1Q
#95420
0J
0Q
#95425
1J
1Q
#95430
0J
0Q
#95435
1J
1Q
#95440
0J
0Q
#95445
1J
1Q
#95450
0J
0Q
#95455
1J
1Q
#95460
0J
0Q
#95465
1J
1Q
#95470
0J
0Q
#95475
1J
1Q
#95480
0J
0Q
#95485
1J
1Q
#95490
0J
0Q
#95495
1J
1Q
#95500
0J
0Q
#95505
1J
1Q
#95510
0J
0Q
#95515
1J
1Q
#95520
0J
0Q
#95525
1J
1Q
#95530
0J
0Q
#95535
1J
1Q
#95540
0J
0Q
#95545
1J
1Q
#95550
0J
0Q
#95555
1J
1Q
#95560
0J
0Q
#95565
1J
1Q
#95570
0J
0Q
#95575
1J
1Q
#95580
0J
0Q
#95585
1J
1Q
#95590
0J
0Q
#95595
1J
1Q
#95600
0J
0Q
#95605
1J
1Q
#95610
0J
0Q
#95615
1J
1Q
#95620
0J
0Q
#95625
1J
1Q
#95630
0J
0Q
#95635
1J
1Q
#95640
0J
0Q
#95645
1J
1Q
#95650
0J
0Q
#95655
1J
1Q
#95660
0J
0Q
#95665
1J
1Q
#95670
0J
0Q
#95675
1J
1Q
#95680
0J
0Q
#95685
1J
1Q
#95690
0J
0Q
#95695
1J
1Q
#95700
0J
0Q
#95705
1J
1Q
#95710
0J
0Q
#95715
1J
1Q
#95720
0J
0Q
#95725
1J
1Q
#95730
0J
0Q
#95735
1J
1Q
#95740
0J
0Q
#95745
1J
1Q
#95750
0J
0Q
#95755
1J
1Q
#95760
0J
0Q
#95765
1J
1Q
#95770
0J
0Q
#95775
1J
1Q
#95780
0J
0Q
#95785
1J
1Q
#95790
0J
0Q
#95795
1J
1Q
#95800
0J
0Q
#95805
1J
1Q
#95810
0J
0Q
#95815
1J
1Q
#95820
0J
0Q
#95825
1J
1Q
#95830
0J
0Q
#95835
1J
1Q
#95840
0J
0Q
#95845
1J
1Q
#95850
0J
0Q
#95855
1J
1Q
#95860
0J
0Q
#95865
1J
1Q
#95870
0J
0Q
#95875
1J
1Q
#95880
0J
0Q
#95885
1J
1Q
#95890
0J
0Q
#95895
1J
1Q
#95900
0J
0Q
#95905
1J
1Q
#95910
0J
0Q
#95915
1J
1Q
#95920
0J
0Q
#95925
1J
1Q
#95930
0J
0Q
#95935
1J
1Q
#95940
0J
0Q
#95945
1J
1Q
#95950
0J
0Q
#95955
1J
1Q
#95960
0J
0Q
#95965
1J
1Q
#95970
0J
0Q
#95975
1J
1Q
#95980
0J
0Q
#95985
1J
1Q
#95990
0J
0Q
#95995
1J
1Q
#96000
0J
0Q
#96005
1J
1Q
#96010
0J
0Q
#96015
1J
1Q
#96020
0J
0Q
#96025
1J
1Q
#96030
0J
0Q
#96035
1J
1Q
#96040
0J
0Q
#96045
1J
1Q
#96050
0J
0Q
#96055
1J
1Q
#96060
0J
0Q
#96065
1J
1Q
#96070
0J
0Q
#96075
1J
1Q
#96080
0J
0Q
#96085
1J
1Q
#96090
0J
0Q
#96095
1J
1Q
#96100
0J
0Q
#96105
1J
1Q
#96110
0J
0Q
#96115
1J
1Q
#96120
0J
0Q
#96125
1J
1Q
#96130
0J
0Q
#96135
1J
1Q
#96140
0J
0Q
#96145
1J
1Q
#96150
0J
0Q
#96155
1J
1Q
#96160
0J
0Q
#96165
1J
1Q
#96170
0J
0Q
#96175
1J
1Q
#96180
0J
0Q
#96185
1J
1Q
#96190
0J
0Q
#96195
1J
1Q
#96200
0J
0Q
#96205
1J
1Q
#96210
0J
0Q
#96215
1J
1Q
#96220
0J
0Q
#96225
1J
1Q
#96230
0J
0Q
#96235
1J
1Q
#96240
0J
0Q
#96245
1J
1Q
#96250
0J
0Q
#96255
1J
1Q
#96260
0J
0Q
#96265
1J
1Q
#96270
0J
0Q
#96275
1J
1Q
#96280
0J
0Q
#96285
1J
1Q
#96290
0J
0Q
#96295
1J
1Q
#96300
0J
0Q
#96305
1J
1Q
#96310
0J
0Q
#96315
1J
1Q
#96320
0J
0Q
#96325
1J
1Q
#96330
0J
0Q
#96335
1J
1Q
#96340
0J
0Q
#96345
1J
1Q
#96350
0J
0Q
#96355
1J
1Q
#96360
0J
0Q
#96365
1J
1Q
#96370
0J
0Q
#96375
1J
1Q
#96380
0J
0Q
#96385
1J
1Q
#96390
0J
0Q
#96395
1J
1Q
#96400
0J
0Q
#96405
1J
1Q
#96410
0J
0Q
#96415
1J
1Q
#96420
0J
0Q
#96425
1J
1Q
#96430
0J
0Q
#96435
1J
1Q
#96440
0J
0Q
#96445
1J
1Q
#96450
0J
0Q
#96455
1J
1Q
#96460
0J
0Q
#96465
1J
1Q
#96470
0J
0Q
#96475
1J
1Q
#96480
0J
0Q
#96485
1J
1Q
#96490
0J
0Q
#96495
1J
1Q
#96500
0J
0Q
#96505
1J
1Q
#96510
0J
0Q
#96515
1J
1Q
#96520
0J
0Q
#96525
1J
1Q
#96530
0J
0Q
#96535
1J
1Q
#96540
0J
0Q
#96545
1J
1Q
#96550
0J
0Q
#96555
1J
1Q
#96560
0J
0Q
#96565
1J
1Q
#96570
0J
0Q
#96575
1J
1Q
#96580
0J
0Q
#96585
1J
1Q
#96590
0J
0Q
#96595
1J
1Q
#96600
0J
0Q
#96605
1J
1Q
#96610
0J
0Q
#96615
1J
1Q
#96620
0J
0Q
#96625
1J
1Q
#96630
0J
0Q
#96635
1J
1Q
#96640
0J
0Q
#96645
1J
1Q
#96650
0J
0Q
#96655
1J
1Q
#96660
0J
0Q
#96665
1J
1Q
#96670
0J
0Q
#96675
1J
1Q
#96680
0J
0Q
#96685
1J
1Q
#96690
0J
0Q
#96695
1J
1Q
#96700
0J
0Q
#96705
1J
1Q
#96710
0J
0Q
#96715
1J
1Q
#96720
0J
0Q
#96725
1J
1Q
#96730
0J
0Q
#96735
1J
1Q
#96740
0J
0Q
#96745
1J
1Q
#96750
0J
0Q
#96755
1J
1Q
#96760
0J
0Q
#96765
1J
1Q
#96770
0J
0Q
#96775
1J
1Q
#96780
0J
0Q
#96785
1J
1Q
#96790
0J
0Q
#96795
1J
1Q
#96800
0J
0Q
#96805
1J
1Q
#96810
0J
0Q
#96815
1J
1Q
#96820
0J
0Q
#96825
1J
1Q
#96830
0J
0Q
#96835
1J
1Q
#96840
0J
0Q
#96845
1J
1Q
#96850
0J
0Q
#96855
1J
1Q
#96860
0J
0Q
#96865
1J
1Q
#96870
0J
0Q
#96875
1J
1Q
#96880
0J
0Q
#96885
1J
1Q
#96890
0J
0Q
#96895
1J
1Q
#96900
0J
0Q
#96905
1J
1Q
#96910
0J
0Q
#96915
1J
1Q
#96920
0J
0Q
#96925
1J
1Q
#96930
0J
0Q
#96935
1J
1Q
#96940
0J
0Q
#96945
1J
1Q
#96950
0J
0Q
#96955
1J
1Q
#96960
0J
0Q
#96965
1J
1Q
#96970
0J
0Q
#96975
1J
1Q
#96980
0J
0Q
#96985
1J
1Q
#96990
0J
0Q
#96995
1J
1Q
#97000
0J
0Q
#97005
1J
1Q
#97010
0J
0Q
#97015
1J
1Q
#97020
0J
0Q
#97025
1J
1Q
#97030
0J
0Q
#97035
1J
1Q
#97040
0J
0Q
#97045
1J
1Q
#97050
0J
0Q
#97055
1J
1Q
#97060
0J
0Q
#97065
1J
1Q
#97070
0J
0Q
#97075
1J
1Q
#97080
0J
0Q
#97085
1J
1Q
#97090
0J
0Q
#97095
1J
1Q
#97100
0J
0Q
#97105
1J
1Q
#97110
0J
0Q
#97115
1J
1Q
#97120
0J
0Q
#97125
1J
1Q
#97130
0J
0Q
#97135
1J
1Q
#97140
0J
0Q
#97145
1J
1Q
#97150
0J
0Q
#97155
1J
1Q
#97160
0J
0Q
#97165
1J
1Q
#97170
0J
0Q
#97175
1J
1Q
#97180
0J
0Q
#97185
1J
1Q
#97190
0J
0Q
#97195
1J
1Q
#97200
0J
0Q
#97205
1J
1Q
#97210
0J
0Q
#97215
1J
1Q
#97220
0J
0Q
#97225
1J
1Q
#97230
0J
0Q
#97235
1J
1Q
#97240
0J
0Q
#97245
1J
1Q
#97250
0J
0Q
#97255
1J
1Q
#97260
0J
0Q
#97265
1J
1Q
#97270
0J
0Q
#97275
1J
1Q
#97280
0J
0Q
#97285
1J
1Q
#97290
0J
0Q
#97295
1J
1Q
#97300
0J
0Q
#97305
1J
1Q
#97310
0J
0Q
#97315
1J
1Q
#97320
0J
0Q
#97325
1J
1Q
#97330
0J
0Q
#97335
1J
1Q
#97340
0J
0Q
#97345
1J
1Q
#97350
0J
0Q
#97355
1J
1Q
#97360
0J
0Q
#97365
1J
1Q
#97370
0J
0Q
#97375
1J
1Q
#97380
0J
0Q
#97385
1J
1Q
#97390
0J
0Q
#97395
1J
1Q
#97400
0J
0Q
#97405
1J
1Q
#97410
0J
0Q
#97415
1J
1Q
#97420
0J
0Q
#97425
1J
1Q
#97430
0J
0Q
#97435
1J
1Q
#97440
0J
0Q
#97445
1J
1Q
#97450
0J
0Q
#97455
1J
1Q
#97460
0J
0Q
#97465
1J
1Q
#97470
0J
0Q
#97475
1J
1Q
#97480
0J
0Q
#97485
1J
1Q
#97490
0J
0Q
#97495
1J
1Q
#97500
0J
0Q
#97505
1J
1Q
#97510
0J
0Q
#97515
1J
1Q
#97520
0J
0Q
#97525
1J
1Q
#97530
0J
0Q
#97535
1J
1Q
#97540
0J
0Q
#97545
1J
1Q
#97550
0J
0Q
#97555
1J
1Q
#97560
0J
0Q
#97565
1J
1Q
#97570
0J
0Q
#97575
1J
1Q
#97580
0J
0Q
#97585
1J
1Q
#97590
0J
0Q
#97595
1J
1Q
#97600
0J
0Q
#97605
1J
1Q
#97610
0J
0Q
#97615
1J
1Q
#97620
0J
0Q
#97625
1J
1Q
#97630
0J
0Q
#97635
1J
1Q
#97640
0J
0Q
#97645
1J
1Q
#97650
0J
0Q
#97655
1J
1Q
#97660
0J
0Q
#97665
1J
1Q
#97670
0J
0Q
#97675
1J
1Q
#97680
0J
0Q
#97685
1J
1Q
#97690
0J
0Q
#97695
1J
1Q
#97700
0J
0Q
#97705
1J
1Q
#97710
0J
0Q
#97715
1J
1Q
#97720
0J
0Q
#97725
1J
1Q
#97730
0J
0Q
#97735
1J
1Q
#97740
0J
0Q
#97745
1J
1Q
#97750
0J
0Q
#97755
1J
1Q
#97760
0J
0Q
#97765
1J
1Q
#97770
0J
0Q
#97775
1J
1Q
#97780
0J
0Q
#97785
1J
1Q
#97790
0J
0Q
#97795
1J
1Q
#97800
0J
0Q
#97805
1J
1Q
#97810
0J
0Q
#97815
1J
1Q
#97820
0J
0Q
#97825
1J
1Q
#97830
0J
0Q
#97835
1J
1Q
#97840
0J
0Q
#97845
1J
1Q
#97850
0J
0Q
#97855
1J
1Q
#97860
0J
0Q
#97865
1J
1Q
#97870
0J
0Q
#97875
1J
1Q
#97880
0J
0Q
#97885
1J
1Q
#97890
0J
0Q
#97895
1J
1Q
#97900
0J
0Q
#97905
1J
1Q
#97910
0J
0Q
#97915
1J
1Q
#97920
0J
0Q
#97925
1J
1Q
#97930
0J
0Q
#97935
1J
1Q
#97940
0J
0Q
#97945
1J
1Q
#97950
0J
0Q
#97955
1J
1Q
#97960
0J
0Q
#97965
1J
1Q
#97970
0J
0Q
#97975
1J
1Q
#97980
0J
0Q
#97985
1J
1Q
#97990
0J
0Q
#97995
1J
1Q
#98000
0J
0Q
#98005
1J
1Q
#98010
0J
0Q
#98015
1J
1Q
#98020
0J
0Q
#98025
1J
1Q
#98030
0J
0Q
#98035
1J
1Q
#98040
0J
0Q
#98045
1J
1Q
#98050
0J
0Q
#98055
1J
1Q
#98060
0J
0Q
#98065
1J
1Q
#98070
0J
0Q
#98075
1J
1Q
#98080
0J
0Q
#98085
1J
1Q
#98090
0J
0Q
#98095
1J
1Q
#98100
0J
0Q
#98105
1J
1Q
#98110
0J
0Q
#98115
1J
1Q
#98120
0J
0Q
#98125
1J
1Q
#98130
0J
0Q
#98135
1J
1Q
#98140
0J
0Q
#98145
1J
1Q
#98150
0J
0Q
#98155
1J
1Q
#98160
0J
0Q
#98165
1J
1Q
#98170
0J
0Q
#98175
1J
1Q
#98180
0J
0Q
#98185
1J
1Q
#98190
0J
0Q
#98195
1J
1Q
#98200
0J
0Q
#98205
1J
1Q
#98210
0J
0Q
#98215
1J
1Q
#98220
0J
0Q
#98225
1J
1Q
#98230
0J
0Q
#98235
1J
1Q
#98240
0J
0Q
#98245
1J
1Q
#98250
0J
0Q
#98255
1J
1Q
#98260
0J
0Q
#98265
1J
1Q
#98270
0J
0Q
#98275
1J
1Q
#98280
0J
0Q
#98285
1J
1Q
#98290
0J
0Q
#98295
1J
1Q
#98300
0J
0Q
#98305
1J
1Q
#98310
0J
0Q
#98315
1J
1Q
#98320
0J
0Q
#98325
1J
1Q
#98330
0J
0Q
#98335
1J
1Q
#98340
0J
0Q
#98345
1J
1Q
#98350
0J
0Q
#98355
1J
1Q
#98360
0J
0Q
#98365
1J
1Q
#98370
0J
0Q
#98375
1J
1Q
#98380
0J
0Q
#98385
1J
1Q
#98390
0J
0Q
#98395
1J
1Q
#98400
0J
0Q
#98405
1J
1Q
#98410
0J
0Q
#98415
1J
1Q
#98420
0J
0Q
#98425
1J
1Q
#98430
0J
0Q
#98435
1J
1Q
#98440
0J
0Q
#98445
1J
1Q
#98450
0J
0Q
#98455
1J
1Q
#98460
0J
0Q
#98465
1J
1Q
#98470
0J
0Q
#98475
1J
1Q
#98480
0J
0Q
#98485
1J
1Q
#98490
0J
0Q
#98495
1J
1Q
#98500
0J
0Q
#98505
1J
1Q
#98510
0J
0Q
#98515
1J
1Q
#98520
0J
0Q
#98525
1J
1Q
#98530
0J
0Q
#98535
1J
1Q
#98540
0J
0Q
#98545
1J
1Q
#98550
0J
0Q
#98555
1J
1Q
#98560
0J
0Q
#98565
1J
1Q
#98570
0J
0Q
#98575
1J
1Q
#98580
0J
0Q
#98585
1J
1Q
#98590
0J
0Q
#98595
1J
1Q
#98600
0J
0Q
#98605
1J
1Q
#98610
0J
0Q
#98615
1J
1Q
#98620
0J
0Q
#98625
1J
1Q
#98630
0J
0Q
#98635
1J
1Q
#98640
0J
0Q
#98645
1J
1Q
#98650
0J
0Q
#98655
1J
1Q
#98660
0J
0Q
#98665
1J
1Q
#98670
0J
0Q
#98675
1J
1Q
#98680
0J
0Q
#98685
1J
1Q
#98690
0J
0Q
#98695
1J
1Q
#98700
0J
0Q
#98705
1J
1Q
#98710
0J
0Q
#98715
1J
1Q
#98720
0J
0Q
#98725
1J
1Q
#98730
0J
0Q
#98735
1J
1Q
#98740
0J
0Q
#98745
1J
1Q
#98750
0J
0Q
#98755
1J
1Q
#98760
0J
0Q
#98765
1J
1Q
#98770
0J
0Q
#98775
1J
1Q
#98780
0J
0Q
#98785
1J
1Q
#98790
0J
0Q
#98795
1J
1Q
#98800
0J
0Q
#98805
1J
1Q
#98810
0J
0Q
#98815
1J
1Q
#98820
0J
0Q
#98825
1J
1Q
#98830
0J
0Q
#98835
1J
1Q
#98840
0J
0Q
#98845
1J
1Q
#98850
0J
0Q
#98855
1J
1Q
#98860
0J
0Q
#98865
1J
1Q
#98870
0J
0Q
#98875
1J
1Q
#98880
0J
0Q
#98885
1J
1Q
#98890
0J
0Q
#98895
1J
1Q
#98900
0J
0Q
#98905
1J
1Q
#98910
0J
0Q
#98915
1J
1Q
#98920
0J
0Q
#98925
1J
1Q
#98930
0J
0Q
#98935
1J
1Q
#98940
0J
0Q
#98945
1J
1Q
#98950
0J
0Q
#98955
1J
1Q
#98960
0J
0Q
#98965
1J
1Q
#98970
0J
0Q
#98975
1J
1Q
#98980
0J
0Q
#98985
1J
1Q
#98990
0J
0Q
#98995
1J
1Q
#99000
0J
0Q
#99005
1J
1Q
#99010
0J
0Q
#99015
1J
1Q
#99020
0J
0Q
#99025
1J
1Q
#99030
0J
0Q
#99035
1J
1Q
#99040
0J
0Q
#99045
1J
1Q
#99050
0J
0Q
#99055
1J
1Q
#99060
0J
0Q
#99065
1J
1Q
#99070
0J
0Q
#99075
1J
1Q
#99080
0J
0Q
#99085
1J
1Q
#99090
0J
0Q
#99095
1J
1Q
#99100
0J
0Q
#99105
1J
1Q
#99110
0J
0Q
#99115
1J
1Q
#99120
0J
0Q
#99125
1J
1Q
#99130
0J
0Q
#99135
1J
1Q
#99140
0J
0Q
#99145
1J
1Q
#99150
0J
0Q
#99155
1J
1Q
#99160
0J
0Q
#99165
1J
1Q
#99170
0J
0Q
#99175
1J
1Q
#99180
0J
0Q
#99185
1J
1Q
#99190
0J
0Q
#99195
1J
1Q
#99200
0J
0Q
#99205
1J
1Q
#99210
0J
0Q
#99215
1J
1Q
#99220
0J
0Q
#99225
1J
1Q
#99230
0J
0Q
#99235
1J
1Q
#99240
0J
0Q
#99245
1J
1Q
#99250
0J
0Q
#99255
1J
1Q
#99260
0J
0Q
#99265
1J
1Q
#99270
0J
0Q
#99275
1J
1Q
#99280
0J
0Q
#99285
1J
1Q
#99290
0J
0Q
#99295
1J
1Q
#99300
0J
0Q
#99305
1J
1Q
#99310
0J
0Q
#99315
1J
1Q
#99320
0J
0Q
#99325
1J
1Q
#99330
0J
0Q
#99335
1J
1Q
#99340
0J
0Q
#99345
1J
1Q
#99350
0J
0Q
#99355
1J
1Q
#99360
0J
0Q
#99365
1J
1Q
#99370
0J
0Q
#99375
1J
1Q
#99380
0J
0Q
#99385
1J
1Q
#99390
0J
0Q
#99395
1J
1Q
#99400
0J
0Q
#99405
1J
1Q
#99410
0J
0Q
#99415
1J
1Q
#99420
0J
0Q
#99425
1J
1Q
#99430
0J
0Q
#99435
1J
1Q
#99440
0J
0Q
#99445
1J
1Q
#99450
0J
0Q
#99455
1J
1Q
#99460
0J
0Q
#99465
1J
1Q
#99470
0J
0Q
#99475
1J
1Q
#99480
0J
0Q
#99485
1J
1Q
#99490
0J
0Q
#99495
1J
1Q
#99500
0J
0Q
#99505
1J
1Q
#99510
0J
0Q
#99515
1J
1Q
#99520
0J
0Q
#99525
1J
1Q
#99530
0J
0Q
#99535
1J
1Q
#99540
0J
0Q
#99545
1J
1Q
#99550
0J
0Q
#99555
1J
1Q
#99560
0J
0Q
#99565
1J
1Q
#99570
0J
0Q
#99575
1J
1Q
#99580
0J
0Q
#99585
1J
1Q
#99590
0J
0Q
#99595
1J
1Q
#99600
0J
0Q
#99605
1J
1Q
#99610
0J
0Q
#99615
1J
1Q
#99620
0J
0Q
#99625
1J
1Q
#99630
0J
0Q
#99635
1J
1Q
#99640
0J
0Q
#99645
1J
1Q
#99650
0J
0Q
#99655
1J
1Q
#99660
0J
0Q
#99665
1J
1Q
#99670
0J
0Q
#99675
1J
1Q
#99680
0J
0Q
#99685
1J
1Q
#99690
0J
0Q
#99695
1J
1Q
#99700
0J
0Q
#99705
1J
1Q
#99710
0J
0Q
#99715
1J
1Q
#99720
0J
0Q
#99725
1J
1Q
#99730
0J
0Q
#99735
1J
1Q
#99740
0J
0Q
#99745
1J
1Q
#99750
0J
0Q
#99755
1J
1Q
#99760
0J
0Q
#99765
1J
1Q
#99770
0J
0Q
#99775
1J
1Q
#99780
0J
0Q
#99785
1J
1Q
#99790
0J
0Q
#99795
1J
1Q
#99800
0J
0Q
#99805
1J
1Q
#99810
0J
0Q
#99815
1J
1Q
#99820
0J
0Q
#99825
1J
1Q
#99830
0J
0Q
#99835
1J
1Q
#99840
0J
0Q
#99845
1J
1Q
#99850
0J
0Q
#99855
1J
1Q
#99860
0J
0Q
#99865
1J
1Q
#99870
0J
0Q
#99875
1J
1Q
#99880
0J
0Q
#99885
1J
1Q
#99890
0J
0Q
#99895
1J
1Q
#99900
0J
0Q
#99905
1J
1Q
#99910
0J
0Q
#99915
1J
1Q
#99920
0J
0Q
#99925
1J
1Q
#99930
0J
0Q
#99935
1J
1Q
#99940
0J
0Q
#99945
1J
1Q
#99950
0J
0Q
#99955
1J
1Q
#99960
0J
0Q
#99965
1J
1Q
#99970
0J
0Q
#99975
1J
1Q
#99980
0J
0Q
#99985
1J
1Q
#99990
0J
0Q
#99995
1J
1Q
#100000
0J
0Q
