$date
	Mon Jan  5 12:49:54 2026
$end
$version
	Icarus Verilog
$end
$timescale
	1s
$end
$scope module CR_to_MS $end
$var wire 8 ! x [7:0] $end
$var wire 1 " sgn_x $end
$var wire 8 # abs_x [7:0] $end
$var parameter 32 $ N $end
$upscope $end
$scope module MS_to_CR $end
$var wire 8 % abs_x [7:0] $end
$var wire 1 & ow $end
$var wire 1 ' sgn_x $end
$var wire 8 ( x [7:0] $end
$var parameter 32 ) N $end
$upscope $end
$scope module comp_nat $end
$var wire 2 * a [1:0] $end
$var wire 2 + b [1:0] $end
$var wire 1 , min $end
$var wire 1 - eq $end
$var parameter 32 . N $end
$upscope $end
$scope module diff $end
$var wire 1 / b_in $end
$var wire 8 0 x [7:0] $end
$var wire 8 1 y [7:0] $end
$var wire 1 2 ow $end
$var wire 8 3 d [7:0] $end
$var wire 1 4 b_out $end
$var parameter 32 5 N $end
$upscope $end
$scope module imul $end
$var wire 1 6 sgn_m $end
$var wire 8 7 x [7:0] $end
$var wire 8 8 y [7:0] $end
$var wire 1 9 sgn_y $end
$var wire 1 : sgn_x $end
$var wire 16 ; m [15:0] $end
$var wire 8 < abs_y [7:0] $end
$var wire 8 = abs_x [7:0] $end
$var wire 16 > abs_m [15:0] $end
$var parameter 32 ? M $end
$var parameter 32 @ N $end
$upscope $end
$scope module mul_add_nat $end
$var wire 2 A c [1:0] $end
$var wire 2 B x [1:0] $end
$var wire 2 C y [1:0] $end
$var wire 4 D m [3:0] $end
$var parameter 32 E M $end
$var parameter 32 F N $end
$upscope $end
$scope module testbench $end
$var wire 8 G y [7:0] $end
$var wire 8 H x [7:0] $end
$var wire 1 I soc_vy $end
$var wire 1 J soc_vx $end
$var wire 1 K eoc_p $end
$var wire 1 L clock $end
$var reg 1 M eoc_vx $end
$var reg 1 N eoc_vy $end
$var reg 1 O error $end
$var reg 1 P reset_ $end
$var reg 1 Q soc_p $end
$var reg 4 R vx [3:0] $end
$var reg 4 S vy [3:0] $end
$scope function get_testcase $end
$upscope $end
$scope module clk $end
$var wire 1 L clock $end
$var parameter 32 T HALF_PERIOD $end
$var reg 1 U CLOCK $end
$upscope $end
$scope module dut $end
$var wire 1 L clock $end
$var wire 1 K eoc_p $end
$var wire 1 M eoc_vx $end
$var wire 1 N eoc_vy $end
$var wire 1 P reset_ $end
$var wire 1 Q soc_p $end
$var wire 1 J soc_vx $end
$var wire 1 I soc_vy $end
$var wire 4 V vx [3:0] $end
$var wire 4 W vy [3:0] $end
$var wire 8 X x [7:0] $end
$var wire 8 Y y [7:0] $end
$var wire 8 Z next_y [7:0] $end
$var wire 8 [ next_x [7:0] $end
$var parameter 32 \ S0 $end
$var parameter 32 ] S1 $end
$var parameter 32 ^ S2 $end
$var parameter 32 _ S3 $end
$var parameter 32 ` S4 $end
$var parameter 32 a S5 $end
$var reg 1 b EOC $end
$var reg 1 c SOC_V $end
$var reg 3 d STAR [2:0] $end
$var reg 8 e X [7:0] $end
$var reg 8 f Y [7:0] $end
$scope module rc $end
$var wire 8 g cur_x [7:0] $end
$var wire 8 h cur_y [7:0] $end
$var wire 4 i vx [3:0] $end
$var wire 4 j vy [3:0] $end
$var wire 8 k vy_ext [7:0] $end
$var wire 8 l vx_ext [7:0] $end
$var wire 8 m sy [7:0] $end
$var wire 8 n sx [7:0] $end
$var wire 1 o ow_y $end
$var wire 1 p ow_x $end
$var wire 8 q next_y [7:0] $end
$var wire 8 r next_x [7:0] $end
$scope module add_x $end
$var wire 1 s c_in $end
$var wire 1 p ow $end
$var wire 8 t x [7:0] $end
$var wire 8 u y [7:0] $end
$var wire 8 v s [7:0] $end
$var wire 1 w c_out $end
$var parameter 32 x N $end
$upscope $end
$scope module add_y $end
$var wire 1 y c_in $end
$var wire 1 o ow $end
$var wire 8 z x [7:0] $end
$var wire 8 { y [7:0] $end
$var wire 8 | s [7:0] $end
$var wire 1 } c_out $end
$var parameter 32 ~ N $end
$upscope $end
$upscope $end
$upscope $end
$scope fork f $end
$scope begin consumer $end
$var reg 4 !" c_vx [3:0] $end
$var reg 4 "" c_vy [3:0] $end
$var reg 8 #" c_x [7:0] $end
$var reg 8 $" c_y [7:0] $end
$var reg 8 %" i [7:0] $end
$var reg 8 &" smp_x [7:0] $end
$var reg 8 '" smp_y [7:0] $end
$upscope $end
$scope begin producer_vx $end
$var reg 8 (" i [7:0] $end
$var reg 4 )" pvx_vx [3:0] $end
$var reg 4 *" pvx_vy [3:0] $end
$var reg 8 +" pvx_x [7:0] $end
$var reg 8 ," pvx_y [7:0] $end
$upscope $end
$scope begin producer_vy $end
$var reg 8 -" i [7:0] $end
$var reg 4 ." pvy_vx [3:0] $end
$var reg 4 /" pvy_vy [3:0] $end
$var reg 8 0" pvy_x [7:0] $end
$var reg 8 1" pvy_y [7:0] $end
$upscope $end
$upscope $end
$upscope $end
$enddefinitions $end
$comment Show the parameter values. $end
$dumpall
b1000 ~
b1000 x
b101 a
b100 `
b11 _
b10 ^
b1 ]
b0 \
b101 T
b10 F
b10 E
b1000 @
b1000 ?
b1000 5
b10 .
b1000 )
b1000 $
$end
#0
$dumpvars
bx 1"
bx 0"
bx /"
bx ."
bx -"
bx ,"
bx +"
bx *"
bx )"
bx ("
bx '"
bx &"
bx %"
bx $"
bx #"
bx ""
bx !"
x}
bx |
bx {
b0 z
0y
xw
bx v
bx u
b0 t
0s
bx r
bx q
xp
xo
bx n
bx m
bx l
bx k
bx j
bx i
b0 h
b0 g
b0 f
b0 e
b0 d
0c
1b
bx [
bx Z
b0 Y
b0 X
bx W
bx V
0U
bx S
bx R
0Q
0P
0O
1N
1M
0L
1K
0J
0I
b0 H
b0 G
bx D
bz C
bz B
bz A
bx >
bx =
bx <
bx ;
z:
z9
bz 8
bz 7
x6
x4
bx 3
x2
bz 1
bz 0
z/
x-
x,
bz +
bz *
bx (
z'
x&
bz %
bx #
z"
bz !
$end
#5
1L
1U
1P
#10
0L
0U
b101 )"
b0 *"
b101 +"
b0 ,"
b0 ("
b101 ."
b0 /"
b101 0"
b0 1"
b0 -"
1Q
b101 !"
b0 ""
b101 #"
b0 $"
b0 %"
#15
b1 d
1L
1U
#20
0L
0U
#25
0K
0b
1L
1U
#30
0L
0U
#35
1L
1U
#40
0L
0U
#45
b10 d
1L
1U
0Q
#50
0L
0U
#55
1I
1J
1c
1L
1U
#60
0L
0U
#65
1L
1U
#70
0L
0U
#75
1L
1U
#80
0L
0U
#85
1L
1U
0N
#90
0L
0U
#95
1L
1U
#100
0L
0U
#105
b11 d
1L
1U
0M
#110
0L
0U
#115
0I
0J
0c
1L
1U
#120
0L
0U
#125
1L
1U
#130
0L
0U
#135
1L
1U
#140
0L
0U
#145
1L
1U
b0 k
b0 {
b0 S
b0 W
b0 j
#146
b0 Z
b0 q
b0 m
b0 |
0}
#147
0o
#150
0L
0U
#155
1L
1U
b1001 ."
b111 /"
b11111110 0"
b111 1"
b1 -"
1N
#160
0L
0U
#165
1L
1U
b101 l
b101 u
b101 R
b101 V
b101 i
#166
b0x0x [
b0x0x r
b101 n
b101 v
0w
#167
b101 [
b101 r
0p
#170
0L
0U
#175
b100 d
1L
1U
b1001 )"
b111 *"
b11111110 +"
b111 ,"
b1 ("
1M
#180
0L
0U
#185
b101 d
b101 H
b101 X
b101 e
b101 g
b101 t
1L
1U
#186
b1010 [
b1010 r
b1010 n
b1010 v
#190
0L
0U
#195
b0 '"
b101 &"
b0 d
1K
1b
1L
1U
#200
0L
0U
#205
1L
1U
#210
0L
0U
1Q
b1001 !"
b111 ""
b11111110 #"
b111 $"
b1 %"
#215
b1 d
1L
1U
#220
0L
0U
#225
0K
0b
1L
1U
#230
0L
0U
#235
1L
1U
#240
0L
0U
#245
b10 d
1L
1U
0Q
#250
0L
0U
#255
bx k
bx {
bx S
bx W
bx j
bx l
bx u
bx R
bx V
bx i
1I
1J
1c
1L
1U
#256
bx Z
bx q
bx [
bx r
bx m
bx |
x}
bx n
bx v
xw
#257
xo
xp
#260
0L
0U
#265
1L
1U
#270
0L
0U
#275
1L
1U
#280
0L
0U
#285
1L
1U
0N
#290
0L
0U
#295
1L
1U
#300
0L
0U
#305
b11 d
1L
1U
0M
#310
0L
0U
#315
0I
0J
0c
1L
1U
#320
0L
0U
#325
1L
1U
#330
0L
0U
#335
1L
1U
#340
0L
0U
#345
1L
1U
b111 k
b111 {
b111 S
b111 W
b111 j
#346
b0xxx Z
b0xxx q
b111 m
b111 |
0}
#347
b111 Z
b111 q
0o
#350
0L
0U
#355
1L
1U
b100 ."
b10 0"
b1110 1"
b10 -"
1N
#360
0L
0U
#365
1L
1U
b11111001 l
b11111001 u
b1001 R
b1001 V
b1001 i
#366
b11111110 [
b11111110 r
b11111110 n
b11111110 v
0w
0p
#370
0L
0U
#375
b100 d
1L
1U
b100 )"
b10 +"
b1110 ,"
b10 ("
1M
#380
0L
0U
#385
b101 d
b111 G
b111 Y
b111 f
b111 h
b111 z
b11111110 H
b11111110 X
b11111110 e
b11111110 g
b11111110 t
1L
1U
#386
b1110 Z
b1110 q
b11110111 [
b11110111 r
b1110 m
b1110 |
b11110111 n
b11110111 v
1w
#390
0L
0U
#395
b111 '"
b11111110 &"
b0 d
1K
1b
1L
1U
#400
0L
0U
#405
1L
1U
#410
0L
0U
1Q
b100 !"
b10 #"
b1110 $"
b10 %"
#415
b1 d
1L
1U
#420
0L
0U
#425
0K
0b
1L
1U
#430
0L
0U
#435
1L
1U
#440
0L
0U
#445
b10 d
1L
1U
0Q
#450
0L
0U
#455
bx k
bx {
bx S
bx W
bx j
bx l
bx u
bx R
bx V
bx i
1I
1J
1c
1L
1U
#456
bx Z
bx q
bx [
bx r
bx m
bx |
x}
bx n
bx v
xw
#457
xo
xp
#460
0L
0U
#465
1L
1U
#470
0L
0U
#475
1L
1U
#480
0L
0U
#485
1L
1U
0N
#490
0L
0U
#495
1L
1U
#500
0L
0U
#505
b11 d
1L
1U
0M
#510
0L
0U
#515
0I
0J
0c
1L
1U
#520
0L
0U
#525
1L
1U
#530
0L
0U
#535
1L
1U
#540
0L
0U
#545
1L
1U
b111 k
b111 {
b111 S
b111 W
b111 j
#546
b0x11x Z
b0x11x q
b1110 m
b1110 |
0}
#547
b1110 Z
b1110 q
0o
#550
0L
0U
#555
1L
1U
b1111 ."
b10 /"
b1 0"
b10000 1"
b11 -"
1N
#560
0L
0U
#565
1L
1U
b100 l
b100 u
b100 R
b100 V
b100 i
#566
b10 [
b10 r
b10 n
b10 v
1w
0p
#570
0L
0U
#575
b100 d
1L
1U
b1111 )"
b10 *"
b1 +"
b10000 ,"
b11 ("
1M
#580
0L
0U
#585
b101 d
b1110 G
b1110 Y
b1110 f
b1110 h
b1110 z
b10 H
b10 X
b10 e
b10 g
b10 t
1L
1U
#586
b10101 Z
b10101 q
b110 [
b110 r
b10101 m
b10101 |
b110 n
b110 v
0w
#590
0L
0U
#595
b1110 '"
b10 &"
b0 d
1K
1b
1L
1U
#600
0L
0U
#605
1L
1U
#610
0L
0U
1Q
b1111 !"
b10 ""
b1 #"
b10000 $"
b11 %"
#615
b1 d
1L
1U
#620
0L
0U
#625
0K
0b
1L
1U
#630
0L
0U
#635
1L
1U
#640
0L
0U
#645
b10 d
1L
1U
0Q
#650
0L
0U
#655
bx k
bx {
bx S
bx W
bx j
bx l
bx u
bx R
bx V
bx i
1I
1J
1c
1L
1U
#656
bx Z
bx q
bx [
bx r
bx m
bx |
x}
bx n
bx v
xw
#657
xo
xp
#660
0L
0U
#665
1L
1U
#670
0L
0U
#675
1L
1U
#680
0L
0U
#685
1L
1U
0N
#690
0L
0U
#695
1L
1U
#700
0L
0U
#705
b11 d
1L
1U
0M
#710
0L
0U
#715
0I
0J
0c
1L
1U
#720
0L
0U
#725
1L
1U
#730
0L
0U
#735
1L
1U
#740
0L
0U
#745
1L
1U
b10 k
b10 {
b10 S
b10 W
b10 j
#746
b0xxxx0 Z
b0xxxx0 q
b10000 m
b10000 |
0}
#747
b10000 Z
b10000 q
0o
#750
0L
0U
#755
1L
1U
b1101 /"
b0 0"
b1101 1"
b100 -"
1N
#760
0L
0U
#765
1L
1U
b11111111 l
b11111111 u
b1111 R
b1111 V
b1111 i
#766
b1 [
b1 r
b1 n
b1 v
1w
0p
#770
0L
0U
#775
b100 d
1L
1U
b1101 *"
b0 +"
b1101 ,"
b100 ("
1M
#780
0L
0U
#785
b101 d
b10000 G
b10000 Y
b10000 f
b10000 h
b10000 z
b1 H
b1 X
b1 e
b1 g
b1 t
1L
1U
#786
b10010 Z
b10010 q
b0 [
b0 r
b10010 m
b10010 |
b0 n
b0 v
#790
0L
0U
#795
b10000 '"
b1 &"
b0 d
1K
1b
1L
1U
#800
0L
0U
#805
1L
1U
#810
0L
0U
1Q
b1101 ""
b0 #"
b1101 $"
b100 %"
#815
b1 d
1L
1U
#820
0L
0U
#825
0K
0b
1L
1U
#830
0L
0U
#835
1L
1U
#840
0L
0U
#845
b10 d
1L
1U
0Q
#850
0L
0U
#855
bx k
bx {
bx S
bx W
bx j
bx l
bx u
bx R
bx V
bx i
1I
1J
1c
1L
1U
#856
bx Z
bx q
bx [
bx r
bx m
bx |
x}
bx n
bx v
xw
#857
xo
xp
#860
0L
0U
#865
1L
1U
#870
0L
0U
#875
1L
1U
#880
0L
0U
#885
1L
1U
0N
#890
0L
0U
#895
1L
1U
#900
0L
0U
#905
b11 d
1L
1U
0M
#910
0L
0U
#915
0I
0J
0c
1L
1U
#920
0L
0U
#925
1L
1U
#930
0L
0U
#935
1L
1U
#940
0L
0U
#945
1L
1U
b11111101 k
b11111101 {
b1101 S
b1101 W
b1101 j
#946
b1101 Z
b1101 q
b1101 m
b1101 |
1}
0o
#950
0L
0U
#955
1L
1U
b110 ."
b100 /"
b110 0"
b10001 1"
b101 -"
1N
#960
0L
0U
#965
1L
1U
b11111111 l
b11111111 u
b1111 R
b1111 V
b1111 i
#966
b0 [
b0 r
b0 n
b0 v
1w
0p
#970
0L
0U
#975
b100 d
1L
1U
b110 )"
b100 *"
b110 +"
b10001 ,"
b101 ("
1M
#980
0L
0U
#985
b101 d
b1101 G
b1101 Y
b1101 f
b1101 h
b1101 z
b0 H
b0 X
b0 e
b0 g
b0 t
1L
1U
#986
b1010 Z
b1010 q
b11111111 [
b11111111 r
b1010 m
b1010 |
b11111111 n
b11111111 v
0w
#990
0L
0U
#995
b1101 '"
b0 &"
b0 d
1K
1b
1L
1U
#1000
0L
0U
#1005
1L
1U
#1010
0L
0U
1Q
b110 !"
b100 ""
b110 #"
b10001 $"
b101 %"
#1015
b1 d
1L
1U
#1020
0L
0U
#1025
0K
0b
1L
1U
#1030
0L
0U
#1035
1L
1U
#1040
0L
0U
#1045
b10 d
1L
1U
0Q
#1050
0L
0U
#1055
bx k
bx {
bx S
bx W
bx j
bx l
bx u
bx R
bx V
bx i
1I
1J
1c
1L
1U
#1056
bx Z
bx q
bx [
bx r
bx m
bx |
x}
bx n
bx v
xw
xp
#1057
xo
#1060
0L
0U
#1065
1L
1U
#1070
0L
0U
#1075
1L
1U
#1080
0L
0U
#1085
1L
1U
0N
#1090
0L
0U
#1095
1L
1U
#1100
0L
0U
#1105
b11 d
1L
1U
0M
#1110
0L
0U
#1115
0I
0J
0c
1L
1U
#1120
0L
0U
#1125
1L
1U
#1130
0L
0U
#1135
1L
1U
#1140
0L
0U
#1145
1L
1U
b100 k
b100 {
b100 S
b100 W
b100 j
#1146
b0xxx01 Z
b0xxx01 q
b10001 m
b10001 |
0}
#1147
b10001 Z
b10001 q
0o
#1150
0L
0U
#1155
1L
1U
b1011 ."
b110 /"
b1 0"
b10111 1"
b110 -"
1N
#1160
0L
0U
#1165
1L
1U
b110 l
b110 u
b110 R
b110 V
b110 i
#1166
b0xx0 [
b0xx0 r
b110 n
b110 v
0w
#1167
b110 [
b110 r
0p
#1170
0L
0U
#1175
b100 d
1L
1U
b1011 )"
b110 *"
b1 +"
b10111 ,"
b110 ("
1M
#1180
0L
0U
#1185
b101 d
b10001 G
b10001 Y
b10001 f
b10001 h
b10001 z
b110 H
b110 X
b110 e
b110 g
b110 t
1L
1U
#1186
b10101 Z
b10101 q
b1100 [
b1100 r
b10101 m
b10101 |
b1100 n
b1100 v
#1190
0L
0U
#1195
b10001 '"
b110 &"
b0 d
1K
1b
1L
1U
#1200
0L
0U
#1205
1L
1U
#1210
0L
0U
1Q
b1011 !"
b110 ""
b1 #"
b10111 $"
b110 %"
#1215
b1 d
1L
1U
#1220
0L
0U
#1225
0K
0b
1L
1U
#1230
0L
0U
#1235
1L
1U
#1240
0L
0U
#1245
b10 d
1L
1U
0Q
#1250
0L
0U
#1255
bx k
bx {
bx S
bx W
bx j
bx l
bx u
bx R
bx V
bx i
1I
1J
1c
1L
1U
#1256
bx Z
bx q
bx [
bx r
bx m
bx |
x}
bx n
bx v
xw
#1257
xo
xp
#1260
0L
0U
#1265
1L
1U
#1270
0L
0U
#1275
1L
1U
#1280
0L
0U
#1285
1L
1U
0N
#1290
0L
0U
#1295
1L
1U
#1300
0L
0U
#1305
b11 d
1L
1U
0M
#1310
0L
0U
#1315
0I
0J
0c
1L
1U
#1320
0L
0U
#1325
1L
1U
#1330
0L
0U
#1335
1L
1U
#1340
0L
0U
#1345
1L
1U
b110 k
b110 {
b110 S
b110 W
b110 j
#1346
b10xx1 Z
b10xx1 q
b10111 m
b10111 |
0}
#1347
b10111 Z
b10111 q
0o
#1350
0L
0U
#1355
1L
1U
b1001 /"
b11111100 0"
b10000 1"
b111 -"
1N
#1360
0L
0U
#1365
1L
1U
b11111011 l
b11111011 u
b1011 R
b1011 V
b1011 i
#1366
b1 [
b1 r
b1 n
b1 v
1w
0p
#1370
0L
0U
#1375
b100 d
1L
1U
b1001 *"
b11111100 +"
b10000 ,"
b111 ("
1M
#1380
0L
0U
#1385
b101 d
b10111 G
b10111 Y
b10111 f
b10111 h
b10111 z
b1 H
b1 X
b1 e
b1 g
b1 t
1L
1U
#1386
b11101 Z
b11101 q
b11111100 [
b11111100 r
b11101 m
b11101 |
b11111100 n
b11111100 v
0w
#1390
0L
0U
#1395
b10111 '"
b1 &"
b0 d
1K
1b
1L
1U
#1400
0L
0U
#1405
1L
1U
#1410
0L
0U
1Q
b1001 ""
b11111100 #"
b10000 $"
b111 %"
#1415
b1 d
1L
1U
#1420
0L
0U
#1425
0K
0b
1L
1U
#1430
0L
0U
#1435
1L
1U
#1440
0L
0U
#1445
b10 d
1L
1U
0Q
#1450
0L
0U
#1455
bx k
bx {
bx S
bx W
bx j
bx l
bx u
bx R
bx V
bx i
1I
1J
1c
1L
1U
#1456
bx Z
bx q
bx [
bx r
bx m
bx |
x}
bx n
bx v
xw
xp
#1457
xo
#1460
0L
0U
#1465
1L
1U
#1470
0L
0U
#1475
1L
1U
#1480
0L
0U
#1485
1L
1U
0N
#1490
0L
0U
#1495
1L
1U
#1500
0L
0U
#1505
b11 d
1L
1U
0M
#1510
0L
0U
#1515
0I
0J
0c
1L
1U
#1520
0L
0U
#1525
1L
1U
#1530
0L
0U
#1535
1L
1U
#1540
0L
0U
#1545
1L
1U
b11111001 k
b11111001 {
b1001 S
b1001 W
b1001 j
#1546
b10000 Z
b10000 q
b10000 m
b10000 |
1}
0o
#1550
0L
0U
#1555
1L
1U
b0 ."
b1011 /"
b1011 1"
b1000 -"
1N
#1560
0L
0U
#1565
1L
1U
b11111011 l
b11111011 u
b1011 R
b1011 V
b1011 i
#1566
b11111100 [
b11111100 r
b11111100 n
b11111100 v
0w
0p
#1570
0L
0U
#1575
b100 d
1L
1U
b0 )"
b1011 *"
b1011 ,"
b1000 ("
1M
#1580
0L
0U
#1585
b101 d
b10000 G
b10000 Y
b10000 f
b10000 h
b10000 z
b11111100 H
b11111100 X
b11111100 e
b11111100 g
b11111100 t
1L
1U
#1586
b1001 Z
b1001 q
b11110111 [
b11110111 r
b1001 m
b1001 |
b11110111 n
b11110111 v
1w
#1590
0L
0U
#1595
b10000 '"
b11111100 &"
b0 d
1K
1b
1L
1U
#1600
0L
0U
#1605
1L
1U
#1610
0L
0U
1Q
b0 !"
b1011 ""
b1011 $"
b1000 %"
#1615
b1 d
1L
1U
#1620
0L
0U
#1625
0K
0b
1L
1U
#1630
0L
0U
#1635
1L
1U
#1640
0L
0U
#1645
b10 d
1L
1U
0Q
#1650
0L
0U
#1655
bx k
bx {
bx S
bx W
bx j
bx l
bx u
bx R
bx V
bx i
1I
1J
1c
1L
1U
#1656
bx Z
bx q
bx [
bx r
bx m
bx |
x}
bx n
bx v
xw
#1657
xo
xp
#1660
0L
0U
#1665
1L
1U
#1670
0L
0U
#1675
1L
1U
#1680
0L
0U
#1685
1L
1U
0N
#1690
0L
0U
#1695
1L
1U
#1700
0L
0U
#1705
b11 d
1L
1U
0M
#1710
0L
0U
#1715
0I
0J
0c
1L
1U
#1720
0L
0U
#1725
1L
1U
#1730
0L
0U
#1735
1L
1U
#1740
0L
0U
#1745
1L
1U
b11111011 k
b11111011 {
b1011 S
b1011 W
b1011 j
#1746
b1011 Z
b1011 q
b1011 m
b1011 |
1}
0o
#1750
0L
0U
#1755
1L
1U
b1 /"
b1100 1"
b1001 -"
1N
#1760
0L
0U
#1765
1L
1U
b0 l
b0 u
b0 R
b0 V
b0 i
#1766
b11111100 [
b11111100 r
b11111100 n
b11111100 v
0w
0p
#1770
0L
0U
#1775
b100 d
1L
1U
b1 *"
b1100 ,"
b1001 ("
1M
#1780
0L
0U
#1785
b101 d
b1011 G
b1011 Y
b1011 f
b1011 h
b1011 z
1L
1U
#1786
b110 Z
b110 q
b110 m
b110 |
#1790
0L
0U
#1795
b1011 '"
b0 d
1K
1b
1L
1U
#1800
0L
0U
#1805
1L
1U
#1810
0L
0U
1Q
b1 ""
b1100 $"
b1001 %"
#1815
b1 d
1L
1U
#1820
0L
0U
#1825
0K
0b
1L
1U
#1830
0L
0U
#1835
1L
1U
#1840
0L
0U
#1845
b10 d
1L
1U
0Q
#1850
0L
0U
#1855
bx k
bx {
bx S
bx W
bx j
bx l
bx u
bx R
bx V
bx i
1I
1J
1c
1L
1U
#1856
bx Z
bx q
bx [
bx r
bx m
bx |
x}
bx n
bx v
xw
#1857
xo
xp
#1860
0L
0U
#1865
1L
1U
#1870
0L
0U
#1875
1L
1U
#1880
0L
0U
#1885
1L
1U
0N
#1890
0L
0U
#1895
1L
1U
#1900
0L
0U
#1905
b11 d
1L
1U
0M
#1910
0L
0U
#1915
0I
0J
0c
1L
1U
#1920
0L
0U
#1925
1L
1U
#1930
0L
0U
#1935
1L
1U
#1940
0L
0U
#1945
1L
1U
b1 k
b1 {
b1 S
b1 W
b1 j
#1946
b1xxx Z
b1xxx q
b1100 m
b1100 |
0}
#1947
b1100 Z
b1100 q
0o
#1950
0L
0U
#1955
1L
1U
b1010 ."
b1001 /"
b11110110 0"
b101 1"
b1010 -"
1N
#1960
0L
0U
#1965
1L
1U
b0 l
b0 u
b0 R
b0 V
b0 i
#1966
b11111100 [
b11111100 r
b11111100 n
b11111100 v
0w
0p
#1970
0L
0U
#1975
b100 d
1L
1U
b1010 )"
b1001 *"
b11110110 +"
b101 ,"
b1010 ("
1M
#1980
0L
0U
#1985
b101 d
b1100 G
b1100 Y
b1100 f
b1100 h
b1100 z
1L
1U
#1986
b1101 Z
b1101 q
b1101 m
b1101 |
#1990
0L
0U
#1995
b1100 '"
b0 d
1K
1b
1L
1U
#2000
0L
0U
#2005
1L
1U
#2010
0L
0U
1Q
b1010 !"
b1001 ""
b11110110 #"
b101 $"
b1010 %"
#2015
b1 d
1L
1U
#2020
0L
0U
#2025
0K
0b
1L
1U
#2030
0L
0U
#2035
1L
1U
#2040
0L
0U
#2045
b10 d
1L
1U
0Q
#2050
0L
0U
#2055
bx k
bx {
bx S
bx W
bx j
bx l
bx u
bx R
bx V
bx i
1I
1J
1c
1L
1U
#2056
bx Z
bx q
bx [
bx r
bx m
bx |
x}
bx n
bx v
xw
#2057
xo
xp
#2060
0L
0U
#2065
1L
1U
#2070
0L
0U
#2075
1L
1U
#2080
0L
0U
#2085
1L
1U
0N
#2090
0L
0U
#2095
1L
1U
#2100
0L
0U
#2105
b11 d
1L
1U
0M
#2110
0L
0U
#2115
0I
0J
0c
1L
1U
#2120
0L
0U
#2125
1L
1U
#2130
0L
0U
#2135
1L
1U
#2140
0L
0U
#2145
1L
1U
b11111001 k
b11111001 {
b1001 S
b1001 W
b1001 j
#2146
b101 Z
b101 q
b101 m
b101 |
1}
0o
#2150
0L
0U
#2155
1L
1U
b1100 ."
b110 /"
b11110010 0"
b1011 1"
b1011 -"
1N
#2160
0L
0U
#2165
1L
1U
b11111010 l
b11111010 u
b1010 R
b1010 V
b1010 i
#2166
b1111x1x0 [
b1111x1x0 r
b11110110 n
b11110110 v
1w
#2167
b11110110 [
b11110110 r
0p
#2170
0L
0U
#2175
b100 d
1L
1U
b1100 )"
b110 *"
b11110010 +"
b1011 ,"
b1011 ("
1M
#2180
0L
0U
#2185
b101 d
b101 G
b101 Y
b101 f
b101 h
b101 z
b11110110 H
b11110110 X
b11110110 e
b11110110 g
b11110110 t
1L
1U
#2186
b11111110 Z
b11111110 q
b11110000 [
b11110000 r
b11111110 m
b11111110 |
0}
b11110000 n
b11110000 v
#2190
0L
0U
#2195
b101 '"
b11110110 &"
b0 d
1K
1b
1L
1U
#2200
0L
0U
#2205
1L
1U
#2210
0L
0U
1Q
b1100 !"
b110 ""
b11110010 #"
b1011 $"
b1011 %"
#2215
b1 d
1L
1U
#2220
0L
0U
#2225
0K
0b
1L
1U
#2230
0L
0U
#2235
1L
1U
#2240
0L
0U
#2245
b10 d
1L
1U
0Q
#2250
0L
0U
#2255
bx k
bx {
bx S
bx W
bx j
bx l
bx u
bx R
bx V
bx i
1I
1J
1c
1L
1U
#2256
bx [
bx r
bx Z
bx q
bx m
bx |
x}
bx n
bx v
xw
xo
#2257
xp
#2260
0L
0U
#2265
1L
1U
#2270
0L
0U
#2275
1L
1U
#2280
0L
0U
#2285
1L
1U
0N
#2290
0L
0U
#2295
1L
1U
#2300
0L
0U
#2305
b11 d
1L
1U
0M
#2310
0L
0U
#2315
0I
0J
0c
1L
1U
#2320
0L
0U
#2325
1L
1U
#2330
0L
0U
#2335
1L
1U
#2340
0L
0U
#2345
1L
1U
b110 k
b110 {
b110 S
b110 W
b110 j
#2346
b0xxx1 Z
b0xxx1 q
b1011 m
b1011 |
0}
#2347
b1011 Z
b1011 q
0o
#2350
0L
0U
#2355
1L
1U
b111 ."
b10 /"
b11111001 0"
b1101 1"
b1100 -"
1N
#2360
0L
0U
#2365
1L
1U
b11111100 l
b11111100 u
b1100 R
b1100 V
b1100 i
#2366
b11110x10 [
b11110x10 r
b11110010 n
b11110010 v
1w
#2367
b11110010 [
b11110010 r
0p
#2370
0L
0U
#2375
b100 d
1L
1U
b111 )"
b10 *"
b11111001 +"
b1101 ,"
b1100 ("
1M
#2380
0L
0U
#2385
b101 d
b1011 G
b1011 Y
b1011 f
b1011 h
b1011 z
b11110010 H
b11110010 X
b11110010 e
b11110010 g
b11110010 t
1L
1U
#2386
b10001 Z
b10001 q
b11101110 [
b11101110 r
b10001 m
b10001 |
b11101110 n
b11101110 v
#2390
0L
0U
#2395
b1011 '"
b11110010 &"
b0 d
1K
1b
1L
1U
#2400
0L
0U
#2405
1L
1U
#2410
0L
0U
1Q
b111 !"
b10 ""
b11111001 #"
b1101 $"
b1100 %"
#2415
b1 d
1L
1U
#2420
0L
0U
#2425
0K
0b
1L
1U
#2430
0L
0U
#2435
1L
1U
#2440
0L
0U
#2445
b10 d
1L
1U
0Q
#2450
0L
0U
#2455
bx k
bx {
bx S
bx W
bx j
bx l
bx u
bx R
bx V
bx i
1I
1J
1c
1L
1U
#2456
bx Z
bx q
bx [
bx r
bx m
bx |
x}
bx n
bx v
xw
#2457
xo
xp
#2460
0L
0U
#2465
1L
1U
#2470
0L
0U
#2475
1L
1U
#2480
0L
0U
#2485
1L
1U
0N
#2490
0L
0U
#2495
1L
1U
#2500
0L
0U
#2505
b11 d
1L
1U
0M
#2510
0L
0U
#2515
0I
0J
0c
1L
1U
#2520
0L
0U
#2525
1L
1U
#2530
0L
0U
#2535
1L
1U
#2540
0L
0U
#2545
1L
1U
b10 k
b10 {
b10 S
b10 W
b10 j
#2546
b1xx1 Z
b1xx1 q
b1101 m
b1101 |
0}
#2547
b1101 Z
b1101 q
0o
#2550
0L
0U
#2555
1L
1U
b1000 ."
b11 /"
b11110001 0"
b10000 1"
b1101 -"
1N
#2560
0L
0U
#2565
1L
1U
b111 l
b111 u
b111 R
b111 V
b111 i
#2566
b11111001 [
b11111001 r
b11111001 n
b11111001 v
0w
0p
#2570
0L
0U
#2575
b100 d
1L
1U
b1000 )"
b11 *"
b11110001 +"
b10000 ,"
b1101 ("
1M
#2580
0L
0U
#2585
b101 d
b1101 G
b1101 Y
b1101 f
b1101 h
b1101 z
b11111001 H
b11111001 X
b11111001 e
b11111001 g
b11111001 t
1L
1U
#2586
b1111 Z
b1111 q
b0 [
b0 r
b1111 m
b1111 |
b0 n
b0 v
1w
#2590
0L
0U
#2595
b1101 '"
b11111001 &"
b0 d
1K
1b
1L
1U
#2600
0L
0U
#2605
1L
1U
#2610
0L
0U
1Q
b1000 !"
b11 ""
b11110001 #"
b10000 $"
b1101 %"
#2615
b1 d
1L
1U
#2620
0L
0U
#2625
0K
0b
1L
1U
#2630
0L
0U
#2635
1L
1U
#2640
0L
0U
#2645
b10 d
1L
1U
0Q
#2650
0L
0U
#2655
bx k
bx {
bx S
bx W
bx j
bx l
bx u
bx R
bx V
bx i
1I
1J
1c
1L
1U
#2656
bx Z
bx q
bx [
bx r
bx m
bx |
x}
bx n
bx v
xw
xp
#2657
xo
#2660
0L
0U
#2665
1L
1U
#2670
0L
0U
#2675
1L
1U
#2680
0L
0U
#2685
1L
1U
0N
#2690
0L
0U
#2695
1L
1U
#2700
0L
0U
#2705
b11 d
1L
1U
0M
#2710
0L
0U
#2715
0I
0J
0c
1L
1U
#2720
0L
0U
#2725
1L
1U
#2730
0L
0U
#2735
1L
1U
#2740
0L
0U
#2745
1L
1U
b11 k
b11 {
b11 S
b11 W
b11 j
#2746
b0xxx0x Z
b0xxx0x q
b10000 m
b10000 |
0}
#2747
b10000 Z
b10000 q
0o
#2750
0L
0U
#2755
1L
1U
b1001 ."
b101 /"
b11101010 0"
b10101 1"
b1110 -"
1N
#2760
0L
0U
#2765
1L
1U
b11111000 l
b11111000 u
b1000 R
b1000 V
b1000 i
#2766
b1111x001 [
b1111x001 r
b11110001 n
b11110001 v
1w
#2767
b11110001 [
b11110001 r
0p
#2770
0L
0U
#2775
b100 d
1L
1U
b1001 )"
b101 *"
b11101010 +"
b10101 ,"
b1110 ("
1M
#2780
0L
0U
#2785
b101 d
b10000 G
b10000 Y
b10000 f
b10000 h
b10000 z
b11110001 H
b11110001 X
b11110001 e
b11110001 g
b11110001 t
1L
1U
#2786
b10011 Z
b10011 q
b11101001 [
b11101001 r
b10011 m
b10011 |
b11101001 n
b11101001 v
#2790
0L
0U
#2795
b10000 '"
b11110001 &"
b0 d
1K
1b
1L
1U
#2800
0L
0U
#2805
1L
1U
#2810
0L
0U
1Q
b1001 !"
b101 ""
b11101010 #"
b10101 $"
b1110 %"
#2815
b1 d
1L
1U
#2820
0L
0U
#2825
0K
0b
1L
1U
#2830
0L
0U
#2835
1L
1U
#2840
0L
0U
#2845
b10 d
1L
1U
0Q
#2850
0L
0U
#2855
bx k
bx {
bx S
bx W
bx j
bx l
bx u
bx R
bx V
bx i
1I
1J
1c
1L
1U
#2856
bx Z
bx q
bx [
bx r
bx m
bx |
x}
bx n
bx v
xw
#2857
xo
xp
#2860
0L
0U
#2865
1L
1U
#2870
0L
0U
#2875
1L
1U
#2880
0L
0U
#2885
1L
1U
0N
#2890
0L
0U
#2895
1L
1U
#2900
0L
0U
#2905
b11 d
1L
1U
0M
#2910
0L
0U
#2915
0I
0J
0c
1L
1U
#2920
0L
0U
#2925
1L
1U
#2930
0L
0U
#2935
1L
1U
#2940
0L
0U
#2945
1L
1U
b101 k
b101 {
b101 S
b101 W
b101 j
#2946
b10x0x Z
b10x0x q
b10101 m
b10101 |
0}
#2947
b10101 Z
b10101 q
0o
#2950
0L
0U
#2955
1L
1U
b1111 ."
b1111 /"
b11101001 0"
b10100 1"
b1111 -"
1N
#2960
0L
0U
#2965
1L
1U
b11111001 l
b11111001 u
b1001 R
b1001 V
b1001 i
#2966
b111xx0xx [
b111xx0xx r
b11101010 n
b11101010 v
1w
#2967
b11101010 [
b11101010 r
0p
#2970
0L
0U
#2975
b100 d
1L
1U
b1111 )"
b1111 *"
b11101001 +"
b10100 ,"
b1111 ("
1M
#2980
0L
0U
#2985
b101 d
b10101 G
b10101 Y
b10101 f
b10101 h
b10101 z
b11101010 H
b11101010 X
b11101010 e
b11101010 g
b11101010 t
1L
1U
#2986
b11010 Z
b11010 q
b11100011 [
b11100011 r
b11010 m
b11010 |
b11100011 n
b11100011 v
#2990
0L
0U
#2995
b10101 '"
b11101010 &"
b0 d
1K
1b
1L
1U
#3000
0L
0U
#3005
1L
1U
#3010
0L
0U
1Q
b1111 !"
b1111 ""
b11101001 #"
b10100 $"
b1111 %"
#3015
b1 d
1L
1U
#3020
0L
0U
#3025
0K
0b
1L
1U
#3030
0L
0U
#3035
1L
1U
#3040
0L
0U
#3045
b10 d
1L
1U
0Q
#3050
0L
0U
#3055
bx k
bx {
bx S
bx W
bx j
bx l
bx u
bx R
bx V
bx i
1I
1J
1c
1L
1U
#3056
bx Z
bx q
bx [
bx r
bx m
bx |
x}
bx n
bx v
xw
#3057
xo
xp
#3060
0L
0U
#3065
1L
1U
#3070
0L
0U
#3075
1L
1U
#3080
0L
0U
#3085
1L
1U
0N
#3090
0L
0U
#3095
1L
1U
#3100
0L
0U
#3105
b11 d
1L
1U
0M
#3110
0L
0U
#3115
0I
0J
0c
1L
1U
#3120
0L
0U
#3125
1L
1U
#3130
0L
0U
#3135
1L
1U
#3140
0L
0U
#3145
1L
1U
b11111111 k
b11111111 {
b1111 S
b1111 W
b1111 j
#3146
b10100 Z
b10100 q
b10100 m
b10100 |
1}
0o
#3150
0L
0U
#3155
1L
1U
b111 ."
b0 /"
b11110000 0"
b10000 -"
1N
#3160
0L
0U
#3165
1L
1U
b11111111 l
b11111111 u
b1111 R
b1111 V
b1111 i
#3166
b111010xx [
b111010xx r
b11101001 n
b11101001 v
1w
#3167
b11101001 [
b11101001 r
0p
#3170
0L
0U
#3175
b100 d
1L
1U
b111 )"
b0 *"
b11110000 +"
b10000 ("
1M
#3180
0L
0U
#3185
b101 d
b10100 G
b10100 Y
b10100 f
b10100 h
b10100 z
b11101001 H
b11101001 X
b11101001 e
b11101001 g
b11101001 t
1L
1U
#3186
b10011 Z
b10011 q
b11101000 [
b11101000 r
b10011 m
b10011 |
b11101000 n
b11101000 v
#3190
0L
0U
#3195
b10100 '"
b11101001 &"
b0 d
1K
1b
1L
1U
#3200
0L
0U
#3205
1L
1U
#3210
0L
0U
1Q
b111 !"
b0 ""
b11110000 #"
b10000 %"
#3215
b1 d
1L
1U
#3220
0L
0U
#3225
0K
0b
1L
1U
#3230
0L
0U
#3235
1L
1U
#3240
0L
0U
#3245
b10 d
1L
1U
0Q
#3250
0L
0U
#3255
bx k
bx {
bx S
bx W
bx j
bx l
bx u
bx R
bx V
bx i
1I
1J
1c
1L
1U
#3256
bx Z
bx q
bx [
bx r
bx m
bx |
x}
bx n
bx v
xw
#3257
xo
xp
#3260
0L
0U
#3265
1L
1U
#3270
0L
0U
#3275
1L
1U
#3280
0L
0U
#3285
1L
1U
0N
#3290
0L
0U
#3295
1L
1U
#3300
0L
0U
#3305
b11 d
1L
1U
0M
#3310
0L
0U
#3315
0I
0J
0c
1L
1U
#3320
0L
0U
#3325
1L
1U
#3330
0L
0U
#3335
1L
1U
#3340
0L
0U
#3345
1L
1U
b0 k
b0 {
b0 S
b0 W
b0 j
#3346
b10100 Z
b10100 q
b10100 m
b10100 |
0}
#3347
0o
#3350
0L
0U
#3355
1L
1U
b1100 ."
b1001 /"
b11101100 0"
b1101 1"
b10001 -"
1N
#3360
0L
0U
#3365
1L
1U
b111 l
b111 u
b111 R
b111 V
b111 i
#3366
b11110000 [
b11110000 r
b11110000 n
b11110000 v
0w
0p
#3370
0L
0U
#3375
b100 d
1L
1U
b1100 )"
b1001 *"
b11101100 +"
b1101 ,"
b10001 ("
1M
#3380
0L
0U
#3385
b101 d
b11110000 H
b11110000 X
b11110000 e
b11110000 g
b11110000 t
1L
1U
#3386
b11110111 [
b11110111 r
b11110111 n
b11110111 v
#3390
0L
0U
#3395
b11110000 &"
b0 d
1K
1b
1L
1U
#3400
0L
0U
#3405
1L
1U
#3410
0L
0U
1Q
b1100 !"
b1001 ""
b11101100 #"
b1101 $"
b10001 %"
#3415
b1 d
1L
1U
#3420
0L
0U
#3425
0K
0b
1L
1U
#3430
0L
0U
#3435
1L
1U
#3440
0L
0U
#3445
b10 d
1L
1U
0Q
#3450
0L
0U
#3455
bx k
bx {
bx S
bx W
bx j
bx l
bx u
bx R
bx V
bx i
1I
1J
1c
1L
1U
#3456
bx Z
bx q
bx [
bx r
bx m
bx |
x}
bx n
bx v
xw
#3457
xo
xp
#3460
0L
0U
#3465
1L
1U
#3470
0L
0U
#3475
1L
1U
#3480
0L
0U
#3485
1L
1U
0N
#3490
0L
0U
#3495
1L
1U
#3500
0L
0U
#3505
b11 d
1L
1U
0M
#3510
0L
0U
#3515
0I
0J
0c
1L
1U
#3520
0L
0U
#3525
1L
1U
#3530
0L
0U
#3535
1L
1U
#3540
0L
0U
#3545
1L
1U
b11111001 k
b11111001 {
b1001 S
b1001 W
b1001 j
#3546
b1101 Z
b1101 q
b1101 m
b1101 |
1}
0o
#3550
0L
0U
#3555
1L
1U
b1010 ."
b0 /"
b11100110 0"
b10010 -"
1N
#3560
0L
0U
#3565
1L
1U
b11111100 l
b11111100 u
b1100 R
b1100 V
b1100 i
#3566
b111xxx00 [
b111xxx00 r
b11101100 n
b11101100 v
1w
#3567
b11101100 [
b11101100 r
0p
#3570
0L
0U
#3575
b100 d
1L
1U
b1010 )"
b0 *"
b11100110 +"
b10010 ("
1M
#3580
0L
0U
#3585
b101 d
b1101 G
b1101 Y
b1101 f
b1101 h
b1101 z
b11101100 H
b11101100 X
b11101100 e
b11101100 g
b11101100 t
1L
1U
#3586
b110 Z
b110 q
b11101000 [
b11101000 r
b110 m
b110 |
b11101000 n
b11101000 v
#3590
0L
0U
#3595
b1101 '"
b11101100 &"
b0 d
1K
1b
1L
1U
#3600
0L
0U
#3605
1L
1U
#3610
0L
0U
1Q
b1010 !"
b0 ""
b11100110 #"
b10010 %"
#3615
b1 d
1L
1U
#3620
0L
0U
#3625
0K
0b
1L
1U
#3630
0L
0U
#3635
1L
1U
#3640
0L
0U
#3645
b10 d
1L
1U
0Q
#3650
0L
0U
#3655
bx k
bx {
bx S
bx W
bx j
bx l
bx u
bx R
bx V
bx i
1I
1J
1c
1L
1U
#3656
bx Z
bx q
bx [
bx r
bx m
bx |
x}
bx n
bx v
xw
#3657
xo
xp
#3660
0L
0U
#3665
1L
1U
#3670
0L
0U
#3675
1L
1U
#3680
0L
0U
#3685
1L
1U
0N
#3690
0L
0U
#3695
1L
1U
#3700
0L
0U
#3705
b11 d
1L
1U
0M
#3710
0L
0U
#3715
0I
0J
0c
1L
1U
#3720
0L
0U
#3725
1L
1U
#3730
0L
0U
#3735
1L
1U
#3740
0L
0U
#3745
1L
1U
b0 k
b0 {
b0 S
b0 W
b0 j
#3746
b1101 Z
b1101 q
b1101 m
b1101 |
0}
#3747
0o
#3750
0L
0U
#3755
1L
1U
b1111 ."
b1010 /"
b11100101 0"
b111 1"
b10011 -"
1N
#3760
0L
0U
#3765
1L
1U
b11111010 l
b11111010 u
b1010 R
b1010 V
b1010 i
#3766
b1110x1x0 [
b1110x1x0 r
b11100110 n
b11100110 v
1w
#3767
b11100110 [
b11100110 r
0p
#3770
0L
0U
#3775
b100 d
1L
1U
b1111 )"
b1010 *"
b11100101 +"
b111 ,"
b10011 ("
1M
#3780
0L
0U
#3785
b101 d
b11100110 H
b11100110 X
b11100110 e
b11100110 g
b11100110 t
1L
1U
#3786
b11100000 [
b11100000 r
b11100000 n
b11100000 v
#3790
0L
0U
#3795
b11100110 &"
b0 d
1K
1b
1L
1U
#3800
0L
0U
#3805
1L
1U
#3810
0L
0U
1Q
b1111 !"
b1010 ""
b11100101 #"
b111 $"
b10011 %"
#3815
b1 d
1L
1U
#3820
0L
0U
#3825
0K
0b
1L
1U
#3830
0L
0U
#3835
1L
1U
#3840
0L
0U
#3845
b10 d
1L
1U
0Q
#3850
0L
0U
#3855
bx k
bx {
bx S
bx W
bx j
bx l
bx u
bx R
bx V
bx i
1I
1J
1c
1L
1U
#3856
bx Z
bx q
bx [
bx r
bx m
bx |
x}
bx n
bx v
xw
#3857
xo
xp
#3860
0L
0U
#3865
1L
1U
#3870
0L
0U
#3875
1L
1U
#3880
0L
0U
#3885
1L
1U
0N
#3890
0L
0U
#3895
1L
1U
#3900
0L
0U
#3905
b11 d
1L
1U
0M
#3910
0L
0U
#3915
0I
0J
0c
1L
1U
#3920
0L
0U
#3925
1L
1U
#3930
0L
0U
#3935
1L
1U
#3940
0L
0U
#3945
1L
1U
b11111010 k
b11111010 {
b1010 S
b1010 W
b1010 j
#3946
b111 Z
b111 q
b111 m
b111 |
1}
0o
#3950
0L
0U
#3955
1L
1U
b11 ."
b1011 /"
b11101000 0"
b10 1"
b10100 -"
1N
#3960
0L
0U
#3965
1L
1U
b11111111 l
b11111111 u
b1111 R
b1111 V
b1111 i
#3966
b111001xx [
b111001xx r
b11100101 n
b11100101 v
1w
#3967
b11100101 [
b11100101 r
0p
#3970
0L
0U
#3975
b100 d
1L
1U
b11 )"
b1011 *"
b11101000 +"
b10 ,"
b10100 ("
1M
#3980
0L
0U
#3985
b101 d
b111 G
b111 Y
b111 f
b111 h
b111 z
b11100101 H
b11100101 X
b11100101 e
b11100101 g
b11100101 t
1L
1U
#3986
b1 Z
b1 q
b11100100 [
b11100100 r
b1 m
b1 |
b11100100 n
b11100100 v
#3990
0L
0U
#3995
b111 '"
b11100101 &"
b0 d
1K
1b
1L
1U
#4000
0L
0U
#4005
1L
1U
#4010
0L
0U
1Q
b11 !"
b1011 ""
b11101000 #"
b10 $"
b10100 %"
#4015
b1 d
1L
1U
#4020
0L
0U
#4025
0K
0b
1L
1U
#4030
0L
0U
#4035
1L
1U
#4040
0L
0U
#4045
b10 d
1L
1U
0Q
#4050
0L
0U
#4055
bx k
bx {
bx S
bx W
bx j
bx l
bx u
bx R
bx V
bx i
1I
1J
1c
1L
1U
#4056
bx Z
bx q
bx [
bx r
bx m
bx |
x}
bx n
bx v
xw
#4057
xo
xp
#4060
0L
0U
#4065
1L
1U
#4070
0L
0U
#4075
1L
1U
#4080
0L
0U
#4085
1L
1U
0N
#4090
0L
0U
#4095
1L
1U
#4100
0L
0U
#4105
b11 d
1L
1U
0M
#4110
0L
0U
#4115
0I
0J
0c
1L
1U
#4120
0L
0U
#4125
1L
1U
#4130
0L
0U
#4135
1L
1U
#4140
0L
0U
#4145
1L
1U
b11111011 k
b11111011 {
b1011 S
b1011 W
b1011 j
#4146
b10 Z
b10 q
b10 m
b10 |
1}
0o
#4150
0L
0U
#4155
1L
1U
b1001 ."
b1 /"
b11100001 0"
b11 1"
b10101 -"
1N
#4160
0L
0U
#4165
1L
1U
b11 l
b11 u
b11 R
b11 V
b11 i
#4166
b11101000 [
b11101000 r
b11101000 n
b11101000 v
0w
0p
#4170
0L
0U
#4175
b100 d
1L
1U
b1001 )"
b1 *"
b11100001 +"
b11 ,"
b10101 ("
1M
#4180
0L
0U
#4185
b101 d
b10 G
b10 Y
b10 f
b10 h
b10 z
b11101000 H
b11101000 X
b11101000 e
b11101000 g
b11101000 t
1L
1U
#4186
b11111101 Z
b11111101 q
b11101011 [
b11101011 r
b11111101 m
b11111101 |
0}
b11101011 n
b11101011 v
#4190
0L
0U
#4195
b10 '"
b11101000 &"
b0 d
1K
1b
1L
1U
#4200
0L
0U
#4205
1L
1U
#4210
0L
0U
1Q
b1001 !"
b1 ""
b11100001 #"
b11 $"
b10101 %"
#4215
b1 d
1L
1U
#4220
0L
0U
#4225
0K
0b
1L
1U
#4230
0L
0U
#4235
1L
1U
#4240
0L
0U
#4245
b10 d
1L
1U
0Q
#4250
0L
0U
#4255
bx k
bx {
bx S
bx W
bx j
bx l
bx u
bx R
bx V
bx i
1I
1J
1c
1L
1U
#4256
bx [
bx r
bx Z
bx q
bx m
bx |
x}
bx n
bx v
xw
xo
#4257
xp
#4260
0L
0U
#4265
1L
1U
#4270
0L
0U
#4275
1L
1U
#4280
0L
0U
#4285
1L
1U
0N
#4290
0L
0U
#4295
1L
1U
#4300
0L
0U
#4305
b11 d
1L
1U
0M
#4310
0L
0U
#4315
0I
0J
0c
1L
1U
#4320
0L
0U
#4325
1L
1U
#4330
0L
0U
#4335
1L
1U
#4340
0L
0U
#4345
1L
1U
b1 k
b1 {
b1 S
b1 W
b1 j
#4346
b1x Z
b1x q
b11 m
b11 |
0}
#4347
b11 Z
b11 q
0o
#4350
0L
0U
#4355
1L
1U
b1110 ."
b1110 /"
b11011111 0"
b1 1"
b10110 -"
1N
#4360
0L
0U
#4365
1L
1U
b11111001 l
b11111001 u
b1001 R
b1001 V
b1001 i
#4366
b1110x00x [
b1110x00x r
b11100001 n
b11100001 v
1w
#4367
b11100001 [
b11100001 r
0p
#4370
0L
0U
#4375
b100 d
1L
1U
b1110 )"
b1110 *"
b11011111 +"
b1 ,"
b10110 ("
1M
#4380
0L
0U
#4385
b101 d
b11 G
b11 Y
b11 f
b11 h
b11 z
b11100001 H
b11100001 X
b11100001 e
b11100001 g
b11100001 t
1L
1U
#4386
b100 Z
b100 q
b11011010 [
b11011010 r
b100 m
b100 |
b11011010 n
b11011010 v
#4390
0L
0U
#4395
b11 '"
b11100001 &"
b0 d
1K
1b
1L
1U
#4400
0L
0U
#4405
1L
1U
#4410
0L
0U
1Q
b1110 !"
b1110 ""
b11011111 #"
b1 $"
b10110 %"
#4415
b1 d
1L
1U
#4420
0L
0U
#4425
0K
0b
1L
1U
#4430
0L
0U
#4435
1L
1U
#4440
0L
0U
#4445
b10 d
1L
1U
0Q
#4450
0L
0U
#4455
bx k
bx {
bx S
bx W
bx j
bx l
bx u
bx R
bx V
bx i
1I
1J
1c
1L
1U
#4456
bx Z
bx q
bx [
bx r
bx m
bx |
x}
bx n
bx v
xw
#4457
xo
xp
#4460
0L
0U
#4465
1L
1U
#4470
0L
0U
#4475
1L
1U
#4480
0L
0U
#4485
1L
1U
0N
#4490
0L
0U
#4495
1L
1U
#4500
0L
0U
#4505
b11 d
1L
1U
0M
#4510
0L
0U
#4515
0I
0J
0c
1L
1U
#4520
0L
0U
#4525
1L
1U
#4530
0L
0U
#4535
1L
1U
#4540
0L
0U
#4545
1L
1U
b11111110 k
b11111110 {
b1110 S
b1110 W
b1110 j
#4546
b1 Z
b1 q
b1 m
b1 |
1}
0o
#4550
0L
0U
#4555
1L
1U
b1111 ."
b1001 /"
b11011110 0"
b11111010 1"
b10111 -"
1N
#4560
0L
0U
#4565
1L
1U
b11111110 l
b11111110 u
b1110 R
b1110 V
b1110 i
#4566
b11xxxxx1 [
b11xxxxx1 r
b11011111 n
b11011111 v
1w
#4567
b11011111 [
b11011111 r
0p
#4570
0L
0U
#4575
b100 d
1L
1U
b1111 )"
b1001 *"
b11011110 +"
b11111010 ,"
b10111 ("
1M
#4580
0L
0U
#4585
b101 d
b1 G
b1 Y
b1 f
b1 h
b1 z
b11011111 H
b11011111 X
b11011111 e
b11011111 g
b11011111 t
1L
1U
#4586
b11111111 Z
b11111111 q
b11011101 [
b11011101 r
b11111111 m
b11111111 |
0}
b11011101 n
b11011101 v
#4590
0L
0U
#4595
b1 '"
b11011111 &"
b0 d
1K
1b
1L
1U
#4600
0L
0U
#4605
1L
1U
#4610
0L
0U
1Q
b1111 !"
b1001 ""
b11011110 #"
b11111010 $"
b10111 %"
#4615
b1 d
1L
1U
#4620
0L
0U
#4625
0K
0b
1L
1U
#4630
0L
0U
#4635
1L
1U
#4640
0L
0U
#4645
b10 d
1L
1U
0Q
#4650
0L
0U
#4655
bx k
bx {
bx S
bx W
bx j
bx l
bx u
bx R
bx V
bx i
1I
1J
1c
1L
1U
#4656
bx [
bx r
bx Z
bx q
bx m
bx |
x}
bx n
bx v
xw
xo
#4657
xp
#4660
0L
0U
#4665
1L
1U
#4670
0L
0U
#4675
1L
1U
#4680
0L
0U
#4685
1L
1U
0N
#4690
0L
0U
#4695
1L
1U
#4700
0L
0U
#4705
b11 d
1L
1U
0M
#4710
0L
0U
#4715
0I
0J
0c
1L
1U
#4720
0L
0U
#4725
1L
1U
#4730
0L
0U
#4735
1L
1U
#4740
0L
0U
#4745
1L
1U
b11111001 k
b11111001 {
b1001 S
b1001 W
b1001 j
#4746
b11111010 Z
b11111010 q
b11111010 m
b11111010 |
0}
0o
#4750
0L
0U
#4755
1L
1U
b1011 ."
b110 /"
b11011001 0"
b0 1"
b11000 -"
1N
#4760
0L
0U
#4765
1L
1U
b11111111 l
b11111111 u
b1111 R
b1111 V
b1111 i
#4766
b1101111x [
b1101111x r
b11011110 n
b11011110 v
1w
#4767
b11011110 [
b11011110 r
0p
#4770
0L
0U
#4775
b100 d
1L
1U
b1011 )"
b110 *"
b11011001 +"
b0 ,"
b11000 ("
1M
#4780
0L
0U
#4785
b101 d
b11111010 G
b11111010 Y
b11111010 f
b11111010 h
b11111010 z
b11011110 H
b11011110 X
b11011110 e
b11011110 g
b11011110 t
1L
1U
#4786
b11110011 Z
b11110011 q
b11011101 [
b11011101 r
b11110011 m
b11110011 |
1}
b11011101 n
b11011101 v
#4790
0L
0U
#4795
b11111010 '"
b11011110 &"
b0 d
1K
1b
1L
1U
#4800
0L
0U
#4805
1L
1U
#4810
0L
0U
1Q
b1011 !"
b110 ""
b11011001 #"
b0 $"
b11000 %"
#4815
b1 d
1L
1U
#4820
0L
0U
#4825
0K
0b
1L
1U
#4830
0L
0U
#4835
1L
1U
#4840
0L
0U
#4845
b10 d
1L
1U
0Q
#4850
0L
0U
#4855
bx k
bx {
bx S
bx W
bx j
bx l
bx u
bx R
bx V
bx i
1I
1J
1c
1L
1U
#4856
bx Z
bx q
bx [
bx r
bx m
bx |
x}
bx n
bx v
xw
#4857
xo
xp
#4860
0L
0U
#4865
1L
1U
#4870
0L
0U
#4875
1L
1U
#4880
0L
0U
#4885
1L
1U
0N
#4890
0L
0U
#4895
1L
1U
#4900
0L
0U
#4905
b11 d
1L
1U
0M
#4910
0L
0U
#4915
0I
0J
0c
1L
1U
#4920
0L
0U
#4925
1L
1U
#4930
0L
0U
#4935
1L
1U
#4940
0L
0U
#4945
1L
1U
b110 k
b110 {
b110 S
b110 W
b110 j
#4946
b0 Z
b0 q
b0 m
b0 |
1}
0o
#4950
0L
0U
#4955
1L
1U
b1000 ."
b1001 /"
b11010001 0"
b11111001 1"
b11001 -"
1N
#4960
0L
0U
#4965
1L
1U
b11111011 l
b11111011 u
b1011 R
b1011 V
b1011 i
#4966
b11011xxx [
b11011xxx r
b11011001 n
b11011001 v
1w
#4967
b11011001 [
b11011001 r
0p
#4970
0L
0U
#4975
b100 d
1L
1U
b1000 )"
b1001 *"
b11010001 +"
b11111001 ,"
b11001 ("
1M
#4980
0L
0U
#4985
b101 d
b0 G
b0 Y
b0 f
b0 h
b0 z
b11011001 H
b11011001 X
b11011001 e
b11011001 g
b11011001 t
1L
1U
#4986
b110 Z
b110 q
b11010100 [
b11010100 r
b110 m
b110 |
0}
b11010100 n
b11010100 v
#4990
0L
0U
#4995
b0 '"
b11011001 &"
b0 d
1K
1b
1L
1U
#5000
0L
0U
#5005
1L
1U
#5010
0L
0U
1Q
b1000 !"
b1001 ""
b11010001 #"
b11111001 $"
b11001 %"
#5015
b1 d
1L
1U
#5020
0L
0U
#5025
0K
0b
1L
1U
#5030
0L
0U
#5035
1L
1U
#5040
0L
0U
#5045
b10 d
1L
1U
0Q
#5050
0L
0U
#5055
bx k
bx {
bx S
bx W
bx j
bx l
bx u
bx R
bx V
bx i
1I
1J
1c
1L
1U
#5056
bx Z
bx q
bx [
bx r
bx m
bx |
x}
bx n
bx v
xw
#5057
xo
xp
#5060
0L
0U
#5065
1L
1U
#5070
0L
0U
#5075
1L
1U
#5080
0L
0U
#5085
1L
1U
0N
#5090
0L
0U
#5095
1L
1U
#5100
0L
0U
#5105
b11 d
1L
1U
0M
#5110
0L
0U
#5115
0I
0J
0c
1L
1U
#5120
0L
0U
#5125
1L
1U
#5130
0L
0U
#5135
1L
1U
#5140
0L
0U
#5145
1L
1U
b11111001 k
b11111001 {
b1001 S
b1001 W
b1001 j
#5146
b11111001 Z
b11111001 q
b11111001 m
b11111001 |
0}
0o
#5150
0L
0U
#5155
1L
1U
b1111 ."
b110 /"
b11010000 0"
b11111111 1"
b11010 -"
1N
#5160
0L
0U
#5165
1L
1U
b11111000 l
b11111000 u
b1000 R
b1000 V
b1000 i
#5166
b1101x001 [
b1101x001 r
b11010001 n
b11010001 v
1w
#5167
b11010001 [
b11010001 r
0p
#5170
0L
0U
#5175
b100 d
1L
1U
b1111 )"
b110 *"
b11010000 +"
b11111111 ,"
b11010 ("
1M
#5180
0L
0U
#5185
b101 d
b11111001 G
b11111001 Y
b11111001 f
b11111001 h
b11111001 z
b11010001 H
b11010001 X
b11010001 e
b11010001 g
b11010001 t
1L
1U
#5186
b11110010 Z
b11110010 q
b11001001 [
b11001001 r
b11110010 m
b11110010 |
1}
b11001001 n
b11001001 v
#5190
0L
0U
#5195
b11111001 '"
b11010001 &"
b0 d
1K
1b
1L
1U
#5200
0L
0U
#5205
1L
1U
#5210
0L
0U
1Q
b1111 !"
b110 ""
b11010000 #"
b11111111 $"
b11010 %"
#5215
b1 d
1L
1U
#5220
0L
0U
#5225
0K
0b
1L
1U
#5230
0L
0U
#5235
1L
1U
#5240
0L
0U
#5245
b10 d
1L
1U
0Q
#5250
0L
0U
#5255
bx k
bx {
bx S
bx W
bx j
bx l
bx u
bx R
bx V
bx i
1I
1J
1c
1L
1U
#5256
bx Z
bx q
bx [
bx r
bx m
bx |
x}
bx n
bx v
xw
#5257
xo
xp
#5260
0L
0U
#5265
1L
1U
#5270
0L
0U
#5275
1L
1U
#5280
0L
0U
#5285
1L
1U
0N
#5290
0L
0U
#5295
1L
1U
#5300
0L
0U
#5305
b11 d
1L
1U
0M
#5310
0L
0U
#5315
0I
0J
0c
1L
1U
#5320
0L
0U
#5325
1L
1U
#5330
0L
0U
#5335
1L
1U
#5340
0L
0U
#5345
1L
1U
b110 k
b110 {
b110 S
b110 W
b110 j
#5346
b11111111 Z
b11111111 q
b11111111 m
b11111111 |
0}
0o
#5350
0L
0U
#5355
1L
1U
b1000 ."
b1010 /"
b11001000 0"
b11111001 1"
b11011 -"
1N
#5360
0L
0U
#5365
1L
1U
b11111111 l
b11111111 u
b1111 R
b1111 V
b1111 i
#5366
b1101000x [
b1101000x r
b11010000 n
b11010000 v
1w
#5367
b11010000 [
b11010000 r
0p
#5370
0L
0U
#5375
b100 d
1L
1U
b1000 )"
b1010 *"
b11001000 +"
b11111001 ,"
b11011 ("
1M
#5380
0L
0U
#5385
b101 d
b11111111 G
b11111111 Y
b11111111 f
b11111111 h
b11111111 z
b11010000 H
b11010000 X
b11010000 e
b11010000 g
b11010000 t
1L
1U
#5386
b101 Z
b101 q
b11001111 [
b11001111 r
b101 m
b101 |
1}
b11001111 n
b11001111 v
#5390
0L
0U
#5395
b11111111 '"
b11010000 &"
b0 d
1K
1b
1L
1U
#5400
0L
0U
#5405
1L
1U
#5410
0L
0U
1Q
b1000 !"
b1010 ""
b11001000 #"
b11111001 $"
b11011 %"
#5415
b1 d
1L
1U
#5420
0L
0U
#5425
0K
0b
1L
1U
#5430
0L
0U
#5435
1L
1U
#5440
0L
0U
#5445
b10 d
1L
1U
0Q
#5450
0L
0U
#5455
bx k
bx {
bx S
bx W
bx j
bx l
bx u
bx R
bx V
bx i
1I
1J
1c
1L
1U
#5456
bx [
bx r
bx Z
bx q
bx m
bx |
x}
bx n
bx v
xw
xo
#5457
xp
#5460
0L
0U
#5465
1L
1U
#5470
0L
0U
#5475
1L
1U
#5480
0L
0U
#5485
1L
1U
0N
#5490
0L
0U
#5495
1L
1U
#5500
0L
0U
#5505
b11 d
1L
1U
0M
#5510
0L
0U
#5515
0I
0J
0c
1L
1U
#5520
0L
0U
#5525
1L
1U
#5530
0L
0U
#5535
1L
1U
#5540
0L
0U
#5545
1L
1U
b11111010 k
b11111010 {
b1010 S
b1010 W
b1010 j
#5546
b11111xx1 Z
b11111xx1 q
b11111001 m
b11111001 |
1}
#5547
b11111001 Z
b11111001 q
0o
#5550
0L
0U
#5555
1L
1U
b110 ."
b11001110 0"
b11110011 1"
b11100 -"
1N
#5560
0L
0U
#5565
1L
1U
b11111000 l
b11111000 u
b1000 R
b1000 V
b1000 i
#5566
b110xx000 [
b110xx000 r
b11001000 n
b11001000 v
1w
#5567
b11001000 [
b11001000 r
0p
#5570
0L
0U
#5575
b100 d
1L
1U
b110 )"
b11001110 +"
b11110011 ,"
b11100 ("
1M
#5580
0L
0U
#5585
b101 d
b11111001 G
b11111001 Y
b11111001 f
b11111001 h
b11111001 z
b11001000 H
b11001000 X
b11001000 e
b11001000 g
b11001000 t
1L
1U
#5586
b11110011 Z
b11110011 q
b11000000 [
b11000000 r
b11110011 m
b11110011 |
b11000000 n
b11000000 v
#5590
0L
0U
#5595
b11111001 '"
b11001000 &"
b0 d
1K
1b
1L
1U
#5600
0L
0U
#5605
1L
1U
#5610
0L
0U
1Q
b110 !"
b11001110 #"
b11110011 $"
b11100 %"
#5615
b1 d
1L
1U
#5620
0L
0U
#5625
0K
0b
1L
1U
#5630
0L
0U
#5635
1L
1U
#5640
0L
0U
#5645
b10 d
1L
1U
0Q
#5650
0L
0U
#5655
bx k
bx {
bx S
bx W
bx j
bx l
bx u
bx R
bx V
bx i
1I
1J
1c
1L
1U
#5656
bx Z
bx q
bx [
bx r
bx m
bx |
x}
bx n
bx v
xw
#5657
xo
xp
#5660
0L
0U
#5665
1L
1U
#5670
0L
0U
#5675
1L
1U
#5680
0L
0U
#5685
1L
1U
0N
#5690
0L
0U
#5695
1L
1U
#5700
0L
0U
#5705
b11 d
1L
1U
0M
#5710
0L
0U
#5715
0I
0J
0c
1L
1U
#5720
0L
0U
#5725
1L
1U
#5730
0L
0U
#5735
1L
1U
#5740
0L
0U
#5745
1L
1U
b11111010 k
b11111010 {
b1010 S
b1010 W
b1010 j
#5746
b1111x0x1 Z
b1111x0x1 q
b11110011 m
b11110011 |
1}
#5747
b11110011 Z
b11110011 q
0o
#5750
0L
0U
#5755
1L
1U
b1100 ."
b0 /"
b11001010 0"
b11101 -"
1N
#5760
0L
0U
#5765
1L
1U
b110 l
b110 u
b110 R
b110 V
b110 i
#5766
b11001110 [
b11001110 r
b11001110 n
b11001110 v
0w
0p
#5770
0L
0U
#5775
b100 d
1L
1U
b1100 )"
b0 *"
b11001010 +"
b11101 ("
1M
#5780
0L
0U
#5785
b101 d
b11110011 G
b11110011 Y
b11110011 f
b11110011 h
b11110011 z
b11001110 H
b11001110 X
b11001110 e
b11001110 g
b11001110 t
1L
1U
#5786
b11101101 Z
b11101101 q
b11010100 [
b11010100 r
b11101101 m
b11101101 |
b11010100 n
b11010100 v
#5790
0L
0U
#5795
b11110011 '"
b11001110 &"
b0 d
1K
1b
1L
1U
#5800
0L
0U
#5805
1L
1U
#5810
0L
0U
1Q
b1100 !"
b0 ""
b11001010 #"
b11101 %"
#5815
b1 d
1L
1U
#5820
0L
0U
#5825
0K
0b
1L
1U
#5830
0L
0U
#5835
1L
1U
#5840
0L
0U
#5845
b10 d
1L
1U
0Q
#5850
0L
0U
#5855
bx k
bx {
bx S
bx W
bx j
bx l
bx u
bx R
bx V
bx i
1I
1J
1c
1L
1U
#5856
bx Z
bx q
bx [
bx r
bx m
bx |
x}
bx n
bx v
xw
#5857
xo
xp
#5860
0L
0U
#5865
1L
1U
#5870
0L
0U
#5875
1L
1U
#5880
0L
0U
#5885
1L
1U
0N
#5890
0L
0U
#5895
1L
1U
#5900
0L
0U
#5905
b11 d
1L
1U
0M
#5910
0L
0U
#5915
0I
0J
0c
1L
1U
#5920
0L
0U
#5925
1L
1U
#5930
0L
0U
#5935
1L
1U
#5940
0L
0U
#5945
1L
1U
b0 k
b0 {
b0 S
b0 W
b0 j
#5946
b11110011 Z
b11110011 q
b11110011 m
b11110011 |
0}
0o
#5950
0L
0U
#5955
1L
1U
b1011 ."
b1000 /"
b11000101 0"
b11101011 1"
b11110 -"
1N
#5960
0L
0U
#5965
1L
1U
b11111100 l
b11111100 u
b1100 R
b1100 V
b1100 i
#5966
b11001x10 [
b11001x10 r
b11001010 n
b11001010 v
1w
#5967
b11001010 [
b11001010 r
0p
#5970
0L
0U
#5975
b100 d
1L
1U
b1011 )"
b1000 *"
b11000101 +"
b11101011 ,"
b11110 ("
1M
#5980
0L
0U
#5985
b101 d
b11001010 H
b11001010 X
b11001010 e
b11001010 g
b11001010 t
1L
1U
#5986
b11000110 [
b11000110 r
b11000110 n
b11000110 v
#5990
0L
0U
#5995
b11001010 &"
b0 d
1K
1b
1L
1U
#6000
0L
0U
#6005
1L
1U
#6010
0L
0U
1Q
b1011 !"
b1000 ""
b11000101 #"
b11101011 $"
b11110 %"
#6015
b1 d
1L
1U
#6020
0L
0U
#6025
0K
0b
1L
1U
#6030
0L
0U
#6035
1L
1U
#6040
0L
0U
#6045
b10 d
1L
1U
0Q
#6050
0L
0U
#6055
bx k
bx {
bx S
bx W
bx j
bx l
bx u
bx R
bx V
bx i
1I
1J
1c
1L
1U
#6056
bx Z
bx q
bx [
bx r
bx m
bx |
x}
bx n
bx v
xw
#6057
xo
xp
#6060
0L
0U
#6065
1L
1U
#6070
0L
0U
#6075
1L
1U
#6080
0L
0U
#6085
1L
1U
0N
#6090
0L
0U
#6095
1L
1U
#6100
0L
0U
#6105
b11 d
1L
1U
0M
#6110
0L
0U
#6115
0I
0J
0c
1L
1U
#6120
0L
0U
#6125
1L
1U
#6130
0L
0U
#6135
1L
1U
#6140
0L
0U
#6145
1L
1U
b11111000 k
b11111000 {
b1000 S
b1000 W
b1000 j
#6146
b111xx011 Z
b111xx011 q
b11101011 m
b11101011 |
1}
#6147
b11101011 Z
b11101011 q
0o
#6150
0L
0U
#6155
1L
1U
b100 /"
b11000000 0"
b11101111 1"
b11111 -"
1N
#6160
0L
0U
#6165
1L
1U
b11111011 l
b11111011 u
b1011 R
b1011 V
b1011 i
#6166
b1100xxxx [
b1100xxxx r
b11000101 n
b11000101 v
1w
#6167
b11000101 [
b11000101 r
0p
#6170
0L
0U
#6175
b100 d
1L
1U
b100 *"
b11000000 +"
b11101111 ,"
b11111 ("
1M
#6180
0L
0U
#6185
b101 d
b11101011 G
b11101011 Y
b11101011 f
b11101011 h
b11101011 z
b11000101 H
b11000101 X
b11000101 e
b11000101 g
b11000101 t
1L
1U
#6186
b11100011 Z
b11100011 q
b11000000 [
b11000000 r
b11100011 m
b11100011 |
b11000000 n
b11000000 v
#6190
0L
0U
#6195
b11101011 '"
b11000101 &"
b0 d
1K
1b
1L
1U
#6200
0L
0U
#6205
1L
1U
#6210
0L
0U
1Q
b100 ""
b11000000 #"
b11101111 $"
b11111 %"
#6215
b1 d
1L
1U
#6220
0L
0U
#6225
0K
0b
1L
1U
#6230
0L
0U
#6235
1L
1U
#6240
0L
0U
#6245
b10 d
1L
1U
0Q
#6250
0L
0U
#6255
bx k
bx {
bx S
bx W
bx j
bx l
bx u
bx R
bx V
bx i
1I
1J
1c
1L
1U
#6256
bx Z
bx q
bx [
bx r
bx m
bx |
x}
bx n
bx v
xw
#6257
xo
xp
#6260
0L
0U
#6265
1L
1U
#6270
0L
0U
#6275
1L
1U
#6280
0L
0U
#6285
1L
1U
0N
#6290
0L
0U
#6295
1L
1U
#6300
0L
0U
#6305
b11 d
1L
1U
0M
#6310
0L
0U
#6315
0I
0J
0c
1L
1U
#6320
0L
0U
#6325
1L
1U
#6330
0L
0U
#6335
1L
1U
#6340
0L
0U
#6345
1L
1U
b100 k
b100 {
b100 S
b100 W
b100 j
#6346
b11101111 Z
b11101111 q
b11101111 m
b11101111 |
0}
0o
#6350
0L
0U
#6355
1L
1U
b0 ."
b1111 /"
b11101110 1"
b100000 -"
1N
#6360
0L
0U
#6365
1L
1U
b11111011 l
b11111011 u
b1011 R
b1011 V
b1011 i
#6366
b11000x0x [
b11000x0x r
b11000000 n
b11000000 v
1w
#6367
b11000000 [
b11000000 r
0p
#6370
0L
0U
#6375
b100 d
1L
1U
b0 )"
b1111 *"
b11101110 ,"
b100000 ("
1M
#6380
0L
0U
#6385
b101 d
b11101111 G
b11101111 Y
b11101111 f
b11101111 h
b11101111 z
b11000000 H
b11000000 X
b11000000 e
b11000000 g
b11000000 t
1L
1U
#6386
b11110011 Z
b11110011 q
b10111011 [
b10111011 r
b11110011 m
b11110011 |
b10111011 n
b10111011 v
#6390
0L
0U
#6395
b11101111 '"
b11000000 &"
b0 d
1K
1b
1L
1U
#6400
0L
0U
#6405
1L
1U
#6410
0L
0U
1Q
b0 !"
b1111 ""
b11101110 $"
b100000 %"
#6415
b1 d
1L
1U
#6420
0L
0U
#6425
0K
0b
1L
1U
#6430
0L
0U
#6435
1L
1U
#6440
0L
0U
#6445
b10 d
1L
1U
0Q
#6450
0L
0U
#6455
bx k
bx {
bx S
bx W
bx j
bx l
bx u
bx R
bx V
bx i
1I
1J
1c
1L
1U
#6456
bx Z
bx q
bx [
bx r
bx m
bx |
x}
bx n
bx v
xw
#6457
xo
xp
#6460
0L
0U
#6465
1L
1U
#6470
0L
0U
#6475
1L
1U
#6480
0L
0U
#6485
1L
1U
0N
#6490
0L
0U
#6495
1L
1U
#6500
0L
0U
#6505
b11 d
1L
1U
0M
#6510
0L
0U
#6515
0I
0J
0c
1L
1U
#6520
0L
0U
#6525
1L
1U
#6530
0L
0U
#6535
1L
1U
#6540
0L
0U
#6545
1L
1U
b11111111 k
b11111111 {
b1111 S
b1111 W
b1111 j
#6546
b1110111x Z
b1110111x q
b11101110 m
b11101110 |
1}
#6547
b11101110 Z
b11101110 q
0o
#6550
0L
0U
#6555
1L
1U
b101 ."
b100 /"
b11000101 0"
b11110010 1"
b100001 -"
1N
#6560
0L
0U
#6565
1L
1U
b0 l
b0 u
b0 R
b0 V
b0 i
#6566
b11000000 [
b11000000 r
b11000000 n
b11000000 v
0w
0p
#6570
0L
0U
#6575
b100 d
1L
1U
b101 )"
b100 *"
b11000101 +"
b11110010 ,"
b100001 ("
1M
#6580
0L
0U
#6585
b101 d
b11101110 G
b11101110 Y
b11101110 f
b11101110 h
b11101110 z
1L
1U
#6586
b11101101 Z
b11101101 q
b11101101 m
b11101101 |
#6590
0L
0U
#6595
b11101110 '"
b0 d
1K
1b
1L
1U
#6600
0L
0U
#6605
1L
1U
#6610
0L
0U
1Q
b101 !"
b100 ""
b11000101 #"
b11110010 $"
b100001 %"
#6615
b1 d
1L
1U
#6620
0L
0U
#6625
0K
0b
1L
1U
#6630
0L
0U
#6635
1L
1U
#6640
0L
0U
#6645
b10 d
1L
1U
0Q
#6650
0L
0U
#6655
bx k
bx {
bx S
bx W
bx j
bx l
bx u
bx R
bx V
bx i
1I
1J
1c
1L
1U
#6656
bx Z
bx q
bx [
bx r
bx m
bx |
x}
bx n
bx v
xw
#6657
xo
xp
#6660
0L
0U
#6665
1L
1U
#6670
0L
0U
#6675
1L
1U
#6680
0L
0U
#6685
1L
1U
0N
#6690
0L
0U
#6695
1L
1U
#6700
0L
0U
#6705
b11 d
1L
1U
0M
#6710
0L
0U
#6715
0I
0J
0c
1L
1U
#6720
0L
0U
#6725
1L
1U
#6730
0L
0U
#6735
1L
1U
#6740
0L
0U
#6745
1L
1U
b100 k
b100 {
b100 S
b100 W
b100 j
#6746
b11110010 Z
b11110010 q
b11110010 m
b11110010 |
0}
0o
#6750
0L
0U
#6755
1L
1U
b1000 ."
b101 /"
b10111101 0"
b11110111 1"
b100010 -"
1N
#6760
0L
0U
#6765
1L
1U
b101 l
b101 u
b101 R
b101 V
b101 i
#6766
b11000101 [
b11000101 r
b11000101 n
b11000101 v
0w
0p
#6770
0L
0U
#6775
b100 d
1L
1U
b1000 )"
b101 *"
b10111101 +"
b11110111 ,"
b100010 ("
1M
#6780
0L
0U
#6785
b101 d
b11110010 G
b11110010 Y
b11110010 f
b11110010 h
b11110010 z
b11000101 H
b11000101 X
b11000101 e
b11000101 g
b11000101 t
1L
1U
#6786
b11110110 Z
b11110110 q
b11001010 [
b11001010 r
b11110110 m
b11110110 |
b11001010 n
b11001010 v
#6790
0L
0U
#6795
b11110010 '"
b11000101 &"
b0 d
1K
1b
1L
1U
#6800
0L
0U
#6805
1L
1U
#6810
0L
0U
1Q
b1000 !"
b101 ""
b10111101 #"
b11110111 $"
b100010 %"
#6815
b1 d
1L
1U
#6820
0L
0U
#6825
0K
0b
1L
1U
#6830
0L
0U
#6835
1L
1U
#6840
0L
0U
#6845
b10 d
1L
1U
0Q
#6850
0L
0U
#6855
bx k
bx {
bx S
bx W
bx j
bx l
bx u
bx R
bx V
bx i
1I
1J
1c
1L
1U
#6856
bx Z
bx q
bx [
bx r
bx m
bx |
x}
bx n
bx v
xw
#6857
xo
xp
#6860
0L
0U
#6865
1L
1U
#6870
0L
0U
#6875
1L
1U
#6880
0L
0U
#6885
1L
1U
0N
#6890
0L
0U
#6895
1L
1U
#6900
0L
0U
#6905
b11 d
1L
1U
0M
#6910
0L
0U
#6915
0I
0J
0c
1L
1U
#6920
0L
0U
#6925
1L
1U
#6930
0L
0U
#6935
1L
1U
#6940
0L
0U
#6945
1L
1U
b101 k
b101 {
b101 S
b101 W
b101 j
#6946
b11110111 Z
b11110111 q
b11110111 m
b11110111 |
0}
0o
#6950
0L
0U
#6955
1L
1U
b1 ."
b1 /"
b10111110 0"
b11111000 1"
b100011 -"
1N
#6960
0L
0U
#6965
1L
1U
b11111000 l
b11111000 u
b1000 R
b1000 V
b1000 i
#6966
b1xxxx101 [
b1xxxx101 r
b10111101 n
b10111101 v
1w
#6967
b10111101 [
b10111101 r
0p
#6970
0L
0U
#6975
b100 d
1L
1U
b1 )"
b1 *"
b10111110 +"
b11111000 ,"
b100011 ("
1M
#6980
0L
0U
#6985
b101 d
b11110111 G
b11110111 Y
b11110111 f
b11110111 h
b11110111 z
b10111101 H
b10111101 X
b10111101 e
b10111101 g
b10111101 t
1L
1U
#6986
b11111100 Z
b11111100 q
b10110101 [
b10110101 r
b11111100 m
b11111100 |
b10110101 n
b10110101 v
#6990
0L
0U
#6995
b11110111 '"
b10111101 &"
b0 d
1K
1b
1L
1U
#7000
0L
0U
#7005
1L
1U
#7010
0L
0U
1Q
b1 !"
b1 ""
b10111110 #"
b11111000 $"
b100011 %"
#7015
b1 d
1L
1U
#7020
0L
0U
#7025
0K
0b
1L
1U
#7030
0L
0U
#7035
1L
1U
#7040
0L
0U
#7045
b10 d
1L
1U
0Q
#7050
0L
0U
#7055
bx k
bx {
bx S
bx W
bx j
bx l
bx u
bx R
bx V
bx i
1I
1J
1c
1L
1U
#7056
bx Z
bx q
bx [
bx r
bx m
bx |
x}
bx n
bx v
xw
#7057
xo
xp
#7060
0L
0U
#7065
1L
1U
#7070
0L
0U
#7075
1L
1U
#7080
0L
0U
#7085
1L
1U
0N
#7090
0L
0U
#7095
1L
1U
#7100
0L
0U
#7105
b11 d
1L
1U
0M
#7110
0L
0U
#7115
0I
0J
0c
1L
1U
#7120
0L
0U
#7125
1L
1U
#7130
0L
0U
#7135
1L
1U
#7140
0L
0U
#7145
1L
1U
b1 k
b1 {
b1 S
b1 W
b1 j
#7146
b11111000 Z
b11111000 q
b11111000 m
b11111000 |
0}
0o
#7150
0L
0U
#7155
1L
1U
b1100 ."
b1011 /"
b10111010 0"
b11110011 1"
b100100 -"
1N
#7160
0L
0U
#7165
1L
1U
b1 l
b1 u
b1 R
b1 V
b1 i
#7166
b10111110 [
b10111110 r
b10111110 n
b10111110 v
0w
0p
#7170
0L
0U
#7175
b100 d
1L
1U
b1100 )"
b1011 *"
b10111010 +"
b11110011 ,"
b100100 ("
1M
#7180
0L
0U
#7185
b101 d
b11111000 G
b11111000 Y
b11111000 f
b11111000 h
b11111000 z
b10111110 H
b10111110 X
b10111110 e
b10111110 g
b10111110 t
1L
1U
#7186
b11111001 Z
b11111001 q
b10111111 [
b10111111 r
b11111001 m
b11111001 |
b10111111 n
b10111111 v
#7190
0L
0U
#7195
b11111000 '"
b10111110 &"
b0 d
1K
1b
1L
1U
#7200
0L
0U
#7205
1L
1U
#7210
0L
0U
1Q
b1100 !"
b1011 ""
b10111010 #"
b11110011 $"
b100100 %"
#7215
b1 d
1L
1U
#7220
0L
0U
#7225
0K
0b
1L
1U
#7230
0L
0U
#7235
1L
1U
#7240
0L
0U
#7245
b10 d
1L
1U
0Q
#7250
0L
0U
#7255
bx k
bx {
bx S
bx W
bx j
bx l
bx u
bx R
bx V
bx i
1I
1J
1c
1L
1U
#7256
bx Z
bx q
bx [
bx r
bx m
bx |
x}
bx n
bx v
xw
#7257
xo
xp
#7260
0L
0U
#7265
1L
1U
#7270
0L
0U
#7275
1L
1U
#7280
0L
0U
#7285
1L
1U
0N
#7290
0L
0U
#7295
1L
1U
#7300
0L
0U
#7305
b11 d
1L
1U
0M
#7310
0L
0U
#7315
0I
0J
0c
1L
1U
#7320
0L
0U
#7325
1L
1U
#7330
0L
0U
#7335
1L
1U
#7340
0L
0U
#7345
1L
1U
b11111011 k
b11111011 {
b1011 S
b1011 W
b1011 j
#7346
b1111x0xx Z
b1111x0xx q
b11110011 m
b11110011 |
1}
#7347
b11110011 Z
b11110011 q
0o
#7350
0L
0U
#7355
1L
1U
b1110 ."
b110 /"
b10111000 0"
b11111001 1"
b100101 -"
1N
#7360
0L
0U
#7365
1L
1U
b11111100 l
b11111100 u
b1100 R
b1100 V
b1100 i
#7366
b10111x10 [
b10111x10 r
b10111010 n
b10111010 v
1w
#7367
b10111010 [
b10111010 r
0p
#7370
0L
0U
#7375
b100 d
1L
1U
b1110 )"
b110 *"
b10111000 +"
b11111001 ,"
b100101 ("
1M
#7380
0L
0U
#7385
b101 d
b11110011 G
b11110011 Y
b11110011 f
b11110011 h
b11110011 z
b10111010 H
b10111010 X
b10111010 e
b10111010 g
b10111010 t
1L
1U
#7386
b11101110 Z
b11101110 q
b10110110 [
b10110110 r
b11101110 m
b11101110 |
b10110110 n
b10110110 v
#7390
0L
0U
#7395
b11110011 '"
b10111010 &"
b0 d
1K
1b
1L
1U
#7400
0L
0U
#7405
1L
1U
#7410
0L
0U
1Q
b1110 !"
b110 ""
b10111000 #"
b11111001 $"
b100101 %"
#7415
b1 d
1L
1U
#7420
0L
0U
#7425
0K
0b
1L
1U
#7430
0L
0U
#7435
1L
1U
#7440
0L
0U
#7445
b10 d
1L
1U
0Q
#7450
0L
0U
#7455
bx k
bx {
bx S
bx W
bx j
bx l
bx u
bx R
bx V
bx i
1I
1J
1c
1L
1U
#7456
bx Z
bx q
bx [
bx r
bx m
bx |
x}
bx n
bx v
xw
#7457
xo
xp
#7460
0L
0U
#7465
1L
1U
#7470
0L
0U
#7475
1L
1U
#7480
0L
0U
#7485
1L
1U
0N
#7490
0L
0U
#7495
1L
1U
#7500
0L
0U
#7505
b11 d
1L
1U
0M
#7510
0L
0U
#7515
0I
0J
0c
1L
1U
#7520
0L
0U
#7525
1L
1U
#7530
0L
0U
#7535
1L
1U
#7540
0L
0U
#7545
1L
1U
b110 k
b110 {
b110 S
b110 W
b110 j
#7546
b11111001 Z
b11111001 q
b11111001 m
b11111001 |
0}
0o
#7550
0L
0U
#7555
1L
1U
b1100 ."
b1101 /"
b10110100 0"
b11110110 1"
b100110 -"
1N
#7560
0L
0U
#7565
1L
1U
b11111110 l
b11111110 u
b1110 R
b1110 V
b1110 i
#7566
b101110x0 [
b101110x0 r
b10111000 n
b10111000 v
1w
#7567
b10111000 [
b10111000 r
0p
#7570
0L
0U
#7575
b100 d
1L
1U
b1100 )"
b1101 *"
b10110100 +"
b11110110 ,"
b100110 ("
1M
#7580
0L
0U
#7585
b101 d
b11111001 G
b11111001 Y
b11111001 f
b11111001 h
b11111001 z
b10111000 H
b10111000 X
b10111000 e
b10111000 g
b10111000 t
1L
1U
#7586
b11111111 Z
b11111111 q
b10110110 [
b10110110 r
b11111111 m
b11111111 |
b10110110 n
b10110110 v
#7590
0L
0U
#7595
b11111001 '"
b10111000 &"
b0 d
1K
1b
1L
1U
#7600
0L
0U
#7605
1L
1U
#7610
0L
0U
1Q
b1100 !"
b1101 ""
b10110100 #"
b11110110 $"
b100110 %"
#7615
b1 d
1L
1U
#7620
0L
0U
#7625
0K
0b
1L
1U
#7630
0L
0U
#7635
1L
1U
#7640
0L
0U
#7645
b10 d
1L
1U
0Q
#7650
0L
0U
#7655
bx k
bx {
bx S
bx W
bx j
bx l
bx u
bx R
bx V
bx i
1I
1J
1c
1L
1U
#7656
bx Z
bx q
bx [
bx r
bx m
bx |
x}
bx n
bx v
xw
#7657
xo
xp
#7660
0L
0U
#7665
1L
1U
#7670
0L
0U
#7675
1L
1U
#7680
0L
0U
#7685
1L
1U
0N
#7690
0L
0U
#7695
1L
1U
#7700
0L
0U
#7705
b11 d
1L
1U
0M
#7710
0L
0U
#7715
0I
0J
0c
1L
1U
#7720
0L
0U
#7725
1L
1U
#7730
0L
0U
#7735
1L
1U
#7740
0L
0U
#7745
1L
1U
b11111101 k
b11111101 {
b1101 S
b1101 W
b1101 j
#7746
b1111xxxx Z
b1111xxxx q
b11110110 m
b11110110 |
1}
#7747
b11110110 Z
b11110110 q
0o
#7750
0L
0U
#7755
1L
1U
b1 /"
b10110000 0"
b11110111 1"
b100111 -"
1N
#7760
0L
0U
#7765
1L
1U
b11111100 l
b11111100 u
b1100 R
b1100 V
b1100 i
#7766
b1011xx00 [
b1011xx00 r
b10110100 n
b10110100 v
1w
#7767
b10110100 [
b10110100 r
0p
#7770
0L
0U
#7775
b100 d
1L
1U
b1 *"
b10110000 +"
b11110111 ,"
b100111 ("
1M
#7780
0L
0U
#7785
b101 d
b11110110 G
b11110110 Y
b11110110 f
b11110110 h
b11110110 z
b10110100 H
b10110100 X
b10110100 e
b10110100 g
b10110100 t
1L
1U
#7786
b11110011 Z
b11110011 q
b10110000 [
b10110000 r
b11110011 m
b11110011 |
b10110000 n
b10110000 v
#7790
0L
0U
#7795
b11110110 '"
b10110100 &"
b0 d
1K
1b
1L
1U
#7800
0L
0U
#7805
1L
1U
#7810
0L
0U
1Q
b1 ""
b10110000 #"
b11110111 $"
b100111 %"
#7815
b1 d
1L
1U
#7820
0L
0U
#7825
0K
0b
1L
1U
#7830
0L
0U
#7835
1L
1U
#7840
0L
0U
#7845
b10 d
1L
1U
0Q
#7850
0L
0U
#7855
bx k
bx {
bx S
bx W
bx j
bx l
bx u
bx R
bx V
bx i
1I
1J
1c
1L
1U
#7856
bx Z
bx q
bx [
bx r
bx m
bx |
x}
bx n
bx v
xw
#7857
xo
xp
#7860
0L
0U
#7865
1L
1U
#7870
0L
0U
#7875
1L
1U
#7880
0L
0U
#7885
1L
1U
0N
#7890
0L
0U
#7895
1L
1U
#7900
0L
0U
#7905
b11 d
1L
1U
0M
#7910
0L
0U
#7915
0I
0J
0c
1L
1U
#7920
0L
0U
#7925
1L
1U
#7930
0L
0U
#7935
1L
1U
#7940
0L
0U
#7945
1L
1U
b1 k
b1 {
b1 S
b1 W
b1 j
#7946
b11110111 Z
b11110111 q
b11110111 m
b11110111 |
0}
0o
#7950
0L
0U
#7955
1L
1U
b1001 ."
b1110 /"
b10101001 0"
b11110101 1"
b101000 -"
1N
#7960
0L
0U
#7965
1L
1U
b11111100 l
b11111100 u
b1100 R
b1100 V
b1100 i
#7966
b10110x00 [
b10110x00 r
b10110000 n
b10110000 v
1w
#7967
b10110000 [
b10110000 r
0p
#7970
0L
0U
#7975
b100 d
1L
1U
b1001 )"
b1110 *"
b10101001 +"
b11110101 ,"
b101000 ("
1M
#7980
0L
0U
#7985
b101 d
b11110111 G
b11110111 Y
b11110111 f
b11110111 h
b11110111 z
b10110000 H
b10110000 X
b10110000 e
b10110000 g
b10110000 t
1L
1U
#7986
b11111000 Z
b11111000 q
b10101100 [
b10101100 r
b11111000 m
b11111000 |
b10101100 n
b10101100 v
#7990
0L
0U
#7995
b11110111 '"
b10110000 &"
b0 d
1K
1b
1L
1U
#8000
0L
0U
#8005
1L
1U
#8010
0L
0U
1Q
b1001 !"
b1110 ""
b10101001 #"
b11110101 $"
b101000 %"
#8015
b1 d
1L
1U
#8020
0L
0U
#8025
0K
0b
1L
1U
#8030
0L
0U
#8035
1L
1U
#8040
0L
0U
#8045
b10 d
1L
1U
0Q
#8050
0L
0U
#8055
bx k
bx {
bx S
bx W
bx j
bx l
bx u
bx R
bx V
bx i
1I
1J
1c
1L
1U
#8056
bx Z
bx q
bx [
bx r
bx m
bx |
x}
bx n
bx v
xw
#8057
xo
xp
#8060
0L
0U
#8065
1L
1U
#8070
0L
0U
#8075
1L
1U
#8080
0L
0U
#8085
1L
1U
0N
#8090
0L
0U
#8095
1L
1U
#8100
0L
0U
#8105
b11 d
1L
1U
0M
#8110
0L
0U
#8115
0I
0J
0c
1L
1U
#8120
0L
0U
#8125
1L
1U
#8130
0L
0U
#8135
1L
1U
#8140
0L
0U
#8145
1L
1U
b11111110 k
b11111110 {
b1110 S
b1110 W
b1110 j
#8146
b111101x1 Z
b111101x1 q
b11110101 m
b11110101 |
1}
#8147
b11110101 Z
b11110101 q
0o
#8150
0L
0U
#8155
1L
1U
b1 ."
b1 /"
b10101010 0"
b11110110 1"
b101001 -"
1N
#8160
0L
0U
#8165
1L
1U
b11111001 l
b11111001 u
b1001 R
b1001 V
b1001 i
#8166
b101xx00x [
b101xx00x r
b10101001 n
b10101001 v
1w
#8167
b10101001 [
b10101001 r
0p
#8170
0L
0U
#8175
b100 d
1L
1U
b1 )"
b1 *"
b10101010 +"
b11110110 ,"
b101001 ("
1M
#8180
0L
0U
#8185
b101 d
b11110101 G
b11110101 Y
b11110101 f
b11110101 h
b11110101 z
b10101001 H
b10101001 X
b10101001 e
b10101001 g
b10101001 t
1L
1U
#8186
b11110011 Z
b11110011 q
b10100010 [
b10100010 r
b11110011 m
b11110011 |
b10100010 n
b10100010 v
#8190
0L
0U
#8195
b11110101 '"
b10101001 &"
b0 d
1K
1b
1L
1U
#8200
0L
0U
#8205
1L
1U
#8210
0L
0U
1Q
b1 !"
b1 ""
b10101010 #"
b11110110 $"
b101001 %"
#8215
b1 d
1L
1U
#8220
0L
0U
#8225
0K
0b
1L
1U
#8230
0L
0U
#8235
1L
1U
#8240
0L
0U
#8245
b10 d
1L
1U
0Q
#8250
0L
0U
#8255
bx k
bx {
bx S
bx W
bx j
bx l
bx u
bx R
bx V
bx i
1I
1J
1c
1L
1U
#8256
bx Z
bx q
bx [
bx r
bx m
bx |
x}
bx n
bx v
xw
#8257
xo
xp
#8260
0L
0U
#8265
1L
1U
#8270
0L
0U
#8275
1L
1U
#8280
0L
0U
#8285
1L
1U
0N
#8290
0L
0U
#8295
1L
1U
#8300
0L
0U
#8305
b11 d
1L
1U
0M
#8310
0L
0U
#8315
0I
0J
0c
1L
1U
#8320
0L
0U
#8325
1L
1U
#8330
0L
0U
#8335
1L
1U
#8340
0L
0U
#8345
1L
1U
b1 k
b1 {
b1 S
b1 W
b1 j
#8346
b11110110 Z
b11110110 q
b11110110 m
b11110110 |
0}
0o
#8350
0L
0U
#8355
1L
1U
b0 ."
b11 /"
b11111001 1"
b101010 -"
1N
#8360
0L
0U
#8365
1L
1U
b1 l
b1 u
b1 R
b1 V
b1 i
#8366
b10101010 [
b10101010 r
b10101010 n
b10101010 v
0w
0p
#8370
0L
0U
#8375
b100 d
1L
1U
b0 )"
b11 *"
b11111001 ,"
b101010 ("
1M
#8380
0L
0U
#8385
b101 d
b11110110 G
b11110110 Y
b11110110 f
b11110110 h
b11110110 z
b10101010 H
b10101010 X
b10101010 e
b10101010 g
b10101010 t
1L
1U
#8386
b11110111 Z
b11110111 q
b10101011 [
b10101011 r
b11110111 m
b11110111 |
b10101011 n
b10101011 v
#8390
0L
0U
#8395
b11110110 '"
b10101010 &"
b0 d
1K
1b
1L
1U
#8400
0L
0U
#8405
1L
1U
#8410
0L
0U
1Q
b0 !"
b11 ""
b11111001 $"
b101010 %"
#8415
b1 d
1L
1U
#8420
0L
0U
#8425
0K
0b
1L
1U
#8430
0L
0U
#8435
1L
1U
#8440
0L
0U
#8445
b10 d
1L
1U
0Q
#8450
0L
0U
#8455
bx k
bx {
bx S
bx W
bx j
bx l
bx u
bx R
bx V
bx i
1I
1J
1c
1L
1U
#8456
bx Z
bx q
bx [
bx r
bx m
bx |
x}
bx n
bx v
xw
#8457
xo
xp
#8460
0L
0U
#8465
1L
1U
#8470
0L
0U
#8475
1L
1U
#8480
0L
0U
#8485
1L
1U
0N
#8490
0L
0U
#8495
1L
1U
#8500
0L
0U
#8505
b11 d
1L
1U
0M
#8510
0L
0U
#8515
0I
0J
0c
1L
1U
#8520
0L
0U
#8525
1L
1U
#8530
0L
0U
#8535
1L
1U
#8540
0L
0U
#8545
1L
1U
b11 k
b11 {
b11 S
b11 W
b11 j
#8546
b11111001 Z
b11111001 q
b11111001 m
b11111001 |
0}
0o
#8550
0L
0U
#8555
1L
1U
b100 /"
b11111101 1"
b101011 -"
1N
#8560
0L
0U
#8565
1L
1U
b0 l
b0 u
b0 R
b0 V
b0 i
#8566
b10101010 [
b10101010 r
b10101010 n
b10101010 v
0w
0p
#8570
0L
0U
#8575
b100 d
1L
1U
b100 *"
b11111101 ,"
b101011 ("
1M
#8580
0L
0U
#8585
b101 d
b11111001 G
b11111001 Y
b11111001 f
b11111001 h
b11111001 z
1L
1U
#8586
b11111100 Z
b11111100 q
b11111100 m
b11111100 |
#8590
0L
0U
#8595
b11111001 '"
b0 d
1K
1b
1L
1U
#8600
0L
0U
#8605
1L
1U
#8610
0L
0U
1Q
b100 ""
b11111101 $"
b101011 %"
#8615
b1 d
1L
1U
#8620
0L
0U
#8625
0K
0b
1L
1U
#8630
0L
0U
#8635
1L
1U
#8640
0L
0U
#8645
b10 d
1L
1U
0Q
#8650
0L
0U
#8655
bx k
bx {
bx S
bx W
bx j
bx l
bx u
bx R
bx V
bx i
1I
1J
1c
1L
1U
#8656
bx Z
bx q
bx [
bx r
bx m
bx |
x}
bx n
bx v
xw
#8657
xo
xp
#8660
0L
0U
#8665
1L
1U
#8670
0L
0U
#8675
1L
1U
#8680
0L
0U
#8685
1L
1U
0N
#8690
0L
0U
#8695
1L
1U
#8700
0L
0U
#8705
b11 d
1L
1U
0M
#8710
0L
0U
#8715
0I
0J
0c
1L
1U
#8720
0L
0U
#8725
1L
1U
#8730
0L
0U
#8735
1L
1U
#8740
0L
0U
#8745
1L
1U
b100 k
b100 {
b100 S
b100 W
b100 j
#8746
b11111101 Z
b11111101 q
b11111101 m
b11111101 |
0}
0o
#8750
0L
0U
#8755
1L
1U
b111 ."
b1000 /"
b10110001 0"
b11110101 1"
b101100 -"
1N
#8760
0L
0U
#8765
1L
1U
b0 l
b0 u
b0 R
b0 V
b0 i
#8766
b10101010 [
b10101010 r
b10101010 n
b10101010 v
0w
0p
#8770
0L
0U
#8775
b100 d
1L
1U
b111 )"
b1000 *"
b10110001 +"
b11110101 ,"
b101100 ("
1M
#8780
0L
0U
#8785
b101 d
b11111101 G
b11111101 Y
b11111101 f
b11111101 h
b11111101 z
1L
1U
#8786
b1 Z
b1 q
b1 m
b1 |
1}
#8790
0L
0U
#8795
b11111101 '"
b0 d
1K
1b
1L
1U
#8800
0L
0U
#8805
1L
1U
#8810
0L
0U
1Q
b111 !"
b1000 ""
b10110001 #"
b11110101 $"
b101100 %"
#8815
b1 d
1L
1U
#8820
0L
0U
#8825
0K
0b
1L
1U
#8830
0L
0U
#8835
1L
1U
#8840
0L
0U
#8845
b10 d
1L
1U
0Q
#8850
0L
0U
#8855
bx k
bx {
bx S
bx W
bx j
bx l
bx u
bx R
bx V
bx i
1I
1J
1c
1L
1U
#8856
bx [
bx r
bx Z
bx q
bx m
bx |
x}
bx n
bx v
xw
xo
#8857
xp
#8860
0L
0U
#8865
1L
1U
#8870
0L
0U
#8875
1L
1U
#8880
0L
0U
#8885
1L
1U
0N
#8890
0L
0U
#8895
1L
1U
#8900
0L
0U
#8905
b11 d
1L
1U
0M
#8910
0L
0U
#8915
0I
0J
0c
1L
1U
#8920
0L
0U
#8925
1L
1U
#8930
0L
0U
#8935
1L
1U
#8940
0L
0U
#8945
1L
1U
b11111000 k
b11111000 {
b1000 S
b1000 W
b1000 j
#8946
b1111x101 Z
b1111x101 q
b11110101 m
b11110101 |
1}
#8947
b11110101 Z
b11110101 q
0o
#8950
0L
0U
#8955
1L
1U
b0 ."
b1101 /"
b11110010 1"
b101101 -"
1N
#8960
0L
0U
#8965
1L
1U
b111 l
b111 u
b111 R
b111 V
b111 i
#8966
b10110001 [
b10110001 r
b10110001 n
b10110001 v
0w
0p
#8970
0L
0U
#8975
b100 d
1L
1U
b0 )"
b1101 *"
b11110010 ,"
b101101 ("
1M
#8980
0L
0U
#8985
b101 d
b11110101 G
b11110101 Y
b11110101 f
b11110101 h
b11110101 z
b10110001 H
b10110001 X
b10110001 e
b10110001 g
b10110001 t
1L
1U
#8986
b11101101 Z
b11101101 q
b10111000 [
b10111000 r
b11101101 m
b11101101 |
b10111000 n
b10111000 v
#8990
0L
0U
#8995
b11110101 '"
b10110001 &"
b0 d
1K
1b
1L
1U
#9000
0L
0U
#9005
1L
1U
#9010
0L
0U
1Q
b0 !"
b1101 ""
b11110010 $"
b101101 %"
#9015
b1 d
1L
1U
#9020
0L
0U
#9025
0K
0b
1L
1U
#9030
0L
0U
#9035
1L
1U
#9040
0L
0U
#9045
b10 d
1L
1U
0Q
#9050
0L
0U
#9055
bx k
bx {
bx S
bx W
bx j
bx l
bx u
bx R
bx V
bx i
1I
1J
1c
1L
1U
#9056
bx Z
bx q
bx [
bx r
bx m
bx |
x}
bx n
bx v
xw
#9057
xo
xp
#9060
0L
0U
#9065
1L
1U
#9070
0L
0U
#9075
1L
1U
#9080
0L
0U
#9085
1L
1U
0N
#9090
0L
0U
#9095
1L
1U
#9100
0L
0U
#9105
b11 d
1L
1U
0M
#9110
0L
0U
#9115
0I
0J
0c
1L
1U
#9120
0L
0U
#9125
1L
1U
#9130
0L
0U
#9135
1L
1U
#9140
0L
0U
#9145
1L
1U
b11111101 k
b11111101 {
b1101 S
b1101 W
b1101 j
#9146
b11110xxx Z
b11110xxx q
b11110010 m
b11110010 |
1}
#9147
b11110010 Z
b11110010 q
0o
#9150
0L
0U
#9155
1L
1U
b1011 ."
b110 /"
b10101100 0"
b11111000 1"
b101110 -"
1N
#9160
0L
0U
#9165
1L
1U
b0 l
b0 u
b0 R
b0 V
b0 i
#9166
b10110001 [
b10110001 r
b10110001 n
b10110001 v
0w
0p
#9170
0L
0U
#9175
b100 d
1L
1U
b1011 )"
b110 *"
b10101100 +"
b11111000 ,"
b101110 ("
1M
#9180
0L
0U
#9185
b101 d
b11110010 G
b11110010 Y
b11110010 f
b11110010 h
b11110010 z
1L
1U
#9186
b11101111 Z
b11101111 q
b11101111 m
b11101111 |
#9190
0L
0U
#9195
b11110010 '"
b0 d
1K
1b
1L
1U
#9200
0L
0U
#9205
1L
1U
#9210
0L
0U
1Q
b1011 !"
b110 ""
b10101100 #"
b11111000 $"
b101110 %"
#9215
b1 d
1L
1U
#9220
0L
0U
#9225
0K
0b
1L
1U
#9230
0L
0U
#9235
1L
1U
#9240
0L
0U
#9245
b10 d
1L
1U
0Q
#9250
0L
0U
#9255
bx k
bx {
bx S
bx W
bx j
bx l
bx u
bx R
bx V
bx i
1I
1J
1c
1L
1U
#9256
bx Z
bx q
bx [
bx r
bx m
bx |
x}
bx n
bx v
xw
#9257
xo
xp
#9260
0L
0U
#9265
1L
1U
#9270
0L
0U
#9275
1L
1U
#9280
0L
0U
#9285
1L
1U
0N
#9290
0L
0U
#9295
1L
1U
#9300
0L
0U
#9305
b11 d
1L
1U
0M
#9310
0L
0U
#9315
0I
0J
0c
1L
1U
#9320
0L
0U
#9325
1L
1U
#9330
0L
0U
#9335
1L
1U
#9340
0L
0U
#9345
1L
1U
b110 k
b110 {
b110 S
b110 W
b110 j
#9346
b11111000 Z
b11111000 q
b11111000 m
b11111000 |
0}
0o
#9350
0L
0U
#9355
1L
1U
b1101 ."
b111 /"
b10101001 0"
b11111111 1"
b101111 -"
1N
#9360
0L
0U
#9365
1L
1U
b11111011 l
b11111011 u
b1011 R
b1011 V
b1011 i
#9366
b101xxx0x [
b101xxx0x r
b10101100 n
b10101100 v
1w
#9367
b10101100 [
b10101100 r
0p
#9370
0L
0U
#9375
b100 d
1L
1U
b1101 )"
b111 *"
b10101001 +"
b11111111 ,"
b101111 ("
1M
#9380
0L
0U
#9385
b101 d
b11111000 G
b11111000 Y
b11111000 f
b11111000 h
b11111000 z
b10101100 H
b10101100 X
b10101100 e
b10101100 g
b10101100 t
1L
1U
#9386
b11111110 Z
b11111110 q
b10100111 [
b10100111 r
b11111110 m
b11111110 |
b10100111 n
b10100111 v
#9390
0L
0U
#9395
b11111000 '"
b10101100 &"
b0 d
1K
1b
1L
1U
#9400
0L
0U
#9405
1L
1U
#9410
0L
0U
1Q
b1101 !"
b111 ""
b10101001 #"
b11111111 $"
b101111 %"
#9415
b1 d
1L
1U
#9420
0L
0U
#9425
0K
0b
1L
1U
#9430
0L
0U
#9435
1L
1U
#9440
0L
0U
#9445
b10 d
1L
1U
0Q
#9450
0L
0U
#9455
bx k
bx {
bx S
bx W
bx j
bx l
bx u
bx R
bx V
bx i
1I
1J
1c
1L
1U
#9456
bx Z
bx q
bx [
bx r
bx m
bx |
x}
bx n
bx v
xw
#9457
xo
xp
#9460
0L
0U
#9465
1L
1U
#9470
0L
0U
#9475
1L
1U
#9480
0L
0U
#9485
1L
1U
0N
#9490
0L
0U
#9495
1L
1U
#9500
0L
0U
#9505
b11 d
1L
1U
0M
#9510
0L
0U
#9515
0I
0J
0c
1L
1U
#9520
0L
0U
#9525
1L
1U
#9530
0L
0U
#9535
1L
1U
#9540
0L
0U
#9545
1L
1U
b111 k
b111 {
b111 S
b111 W
b111 j
#9546
b11111111 Z
b11111111 q
b11111111 m
b11111111 |
0}
0o
#9550
0L
0U
#9555
1L
1U
b1011 ."
b0 /"
b10100100 0"
b110000 -"
1N
#9560
0L
0U
#9565
1L
1U
b11111101 l
b11111101 u
b1101 R
b1101 V
b1101 i
#9566
b10101x0x [
b10101x0x r
b10101001 n
b10101001 v
1w
#9567
b10101001 [
b10101001 r
0p
#9570
0L
0U
#9575
b100 d
1L
1U
b1011 )"
b0 *"
b10100100 +"
b110000 ("
1M
#9580
0L
0U
#9585
b101 d
b11111111 G
b11111111 Y
b11111111 f
b11111111 h
b11111111 z
b10101001 H
b10101001 X
b10101001 e
b10101001 g
b10101001 t
1L
1U
#9586
b110 Z
b110 q
b10100110 [
b10100110 r
b110 m
b110 |
1}
b10100110 n
b10100110 v
#9590
0L
0U
#9595
b11111111 '"
b10101001 &"
b0 d
1K
1b
1L
1U
#9600
0L
0U
#9605
1L
1U
#9610
0L
0U
1Q
b1011 !"
b0 ""
b10100100 #"
b110000 %"
#9615
b1 d
1L
1U
#9620
0L
0U
#9625
0K
0b
1L
1U
#9630
0L
0U
#9635
1L
1U
#9640
0L
0U
#9645
b10 d
1L
1U
0Q
#9650
0L
0U
#9655
bx k
bx {
bx S
bx W
bx j
bx l
bx u
bx R
bx V
bx i
1I
1J
1c
1L
1U
#9656
bx [
bx r
bx Z
bx q
bx m
bx |
x}
bx n
bx v
xw
xo
#9657
xp
#9660
0L
0U
#9665
1L
1U
#9670
0L
0U
#9675
1L
1U
#9680
0L
0U
#9685
1L
1U
0N
#9690
0L
0U
#9695
1L
1U
#9700
0L
0U
#9705
b11 d
1L
1U
0M
#9710
0L
0U
#9715
0I
0J
0c
1L
1U
#9720
0L
0U
#9725
1L
1U
#9730
0L
0U
#9735
1L
1U
#9740
0L
0U
#9745
1L
1U
b0 k
b0 {
b0 S
b0 W
b0 j
#9746
b11111111 Z
b11111111 q
b11111111 m
b11111111 |
0}
0o
#9750
0L
0U
#9755
1L
1U
b1000 ."
b1001 /"
b10011100 0"
b11111000 1"
b110001 -"
1N
#9760
0L
0U
#9765
1L
1U
b11111011 l
b11111011 u
b1011 R
b1011 V
b1011 i
#9766
b1010xx0x [
b1010xx0x r
b10100100 n
b10100100 v
1w
#9767
b10100100 [
b10100100 r
0p
#9770
0L
0U
#9775
b100 d
1L
1U
b1000 )"
b1001 *"
b10011100 +"
b11111000 ,"
b110001 ("
1M
#9780
0L
0U
#9785
b101 d
b10100100 H
b10100100 X
b10100100 e
b10100100 g
b10100100 t
1L
1U
#9786
b10011111 [
b10011111 r
b10011111 n
b10011111 v
#9790
0L
0U
#9795
b10100100 &"
b0 d
1K
1b
1L
1U
#9800
0L
0U
#9805
1L
1U
#9810
0L
0U
1Q
b1000 !"
b1001 ""
b10011100 #"
b11111000 $"
b110001 %"
#9815
b1 d
1L
1U
#9820
0L
0U
#9825
0K
0b
1L
1U
#9830
0L
0U
#9835
1L
1U
#9840
0L
0U
#9845
b10 d
1L
1U
0Q
#9850
0L
0U
#9855
bx k
bx {
bx S
bx W
bx j
bx l
bx u
bx R
bx V
bx i
1I
1J
1c
1L
1U
#9856
bx Z
bx q
bx [
bx r
bx m
bx |
x}
bx n
bx v
xw
#9857
xo
xp
#9860
0L
0U
#9865
1L
1U
#9870
0L
0U
#9875
1L
1U
#9880
0L
0U
#9885
1L
1U
0N
#9890
0L
0U
#9895
1L
1U
#9900
0L
0U
#9905
b11 d
1L
1U
0M
#9910
0L
0U
#9915
0I
0J
0c
1L
1U
#9920
0L
0U
#9925
1L
1U
#9930
0L
0U
#9935
1L
1U
#9940
0L
0U
#9945
1L
1U
b11111001 k
b11111001 {
b1001 S
b1001 W
b1001 j
#9946
b11111xxx Z
b11111xxx q
b11111000 m
b11111000 |
1}
#9947
b11111000 Z
b11111000 q
0o
#9950
0L
0U
#9955
1L
1U
b1111 ."
b11 /"
b10011011 0"
b11111011 1"
b110010 -"
1N
#9960
0L
0U
#9965
1L
1U
b11111000 l
b11111000 u
b1000 R
b1000 V
b1000 i
#9966
b10xxx100 [
b10xxx100 r
b10011100 n
b10011100 v
1w
#9967
b10011100 [
b10011100 r
0p
#9970
0L
0U
#9975
b100 d
1L
1U
b1111 )"
b11 *"
b10011011 +"
b11111011 ,"
b110010 ("
1M
#9980
0L
0U
#9985
b101 d
b11111000 G
b11111000 Y
b11111000 f
b11111000 h
b11111000 z
b10011100 H
b10011100 X
b10011100 e
b10011100 g
b10011100 t
1L
1U
#9986
b11110001 Z
b11110001 q
b10010100 [
b10010100 r
b11110001 m
b11110001 |
b10010100 n
b10010100 v
#9990
0L
0U
#9995
b11111000 '"
b10011100 &"
b0 d
1K
1b
1L
1U
#10000
0L
0U
#10005
1L
1U
#10010
0L
0U
1Q
b1111 !"
b11 ""
b10011011 #"
b11111011 $"
b110010 %"
#10015
b1 d
1L
1U
#10020
0L
0U
#10025
0K
0b
1L
1U
#10030
0L
0U
#10035
1L
1U
#10040
0L
0U
#10045
b10 d
1L
1U
0Q
#10050
0L
0U
#10055
bx k
bx {
bx S
bx W
bx j
bx l
bx u
bx R
bx V
bx i
1I
1J
1c
1L
1U
#10056
bx Z
bx q
bx [
bx r
bx m
bx |
x}
bx n
bx v
xw
#10057
xo
xp
#10060
0L
0U
#10065
1L
1U
#10070
0L
0U
#10075
1L
1U
#10080
0L
0U
#10085
1L
1U
0N
#10090
0L
0U
#10095
1L
1U
#10100
0L
0U
#10105
b11 d
1L
1U
0M
#10110
0L
0U
#10115
0I
0J
0c
1L
1U
#10120
0L
0U
#10125
1L
1U
#10130
0L
0U
#10135
1L
1U
#10140
0L
0U
#10145
1L
1U
b11 k
b11 {
b11 S
b11 W
b11 j
#10146
b11111011 Z
b11111011 q
b11111011 m
b11111011 |
0}
0o
#10150
0L
0U
#10155
1L
1U
b1010 ."
b1010 /"
b10010101 0"
b11110101 1"
b110011 -"
1N
#10160
0L
0U
#10165
1L
1U
b11111111 l
b11111111 u
b1111 R
b1111 V
b1111 i
#10166
b10011xxx [
b10011xxx r
b10011011 n
b10011011 v
1w
#10167
b10011011 [
b10011011 r
0p
#10170
0L
0U
#10175
b100 d
1L
1U
b1010 )"
b1010 *"
b10010101 +"
b11110101 ,"
b110011 ("
1M
#10180
0L
0U
#10185
b101 d
b11111011 G
b11111011 Y
b11111011 f
b11111011 h
b11111011 z
b10011011 H
b10011011 X
b10011011 e
b10011011 g
b10011011 t
1L
1U
#10186
b11111110 Z
b11111110 q
b10011010 [
b10011010 r
b11111110 m
b11111110 |
b10011010 n
b10011010 v
#10190
0L
0U
#10195
b11111011 '"
b10011011 &"
b0 d
1K
1b
1L
1U
#10200
0L
0U
#10205
1L
1U
#10210
0L
0U
1Q
b1010 !"
b1010 ""
b10010101 #"
b11110101 $"
b110011 %"
#10215
b1 d
1L
1U
#10220
0L
0U
#10225
0K
0b
1L
1U
#10230
0L
0U
#10235
1L
1U
#10240
0L
0U
#10245
b10 d
1L
1U
0Q
#10250
0L
0U
#10255
bx k
bx {
bx S
bx W
bx j
bx l
bx u
bx R
bx V
bx i
1I
1J
1c
1L
1U
#10256
bx Z
bx q
bx [
bx r
bx m
bx |
x}
bx n
bx v
xw
#10257
xo
xp
#10260
0L
0U
#10265
1L
1U
#10270
0L
0U
#10275
1L
1U
#10280
0L
0U
#10285
1L
1U
0N
#10290
0L
0U
#10295
1L
1U
#10300
0L
0U
#10305
b11 d
1L
1U
0M
#10310
0L
0U
#10315
0I
0J
0c
1L
1U
#10320
0L
0U
#10325
1L
1U
#10330
0L
0U
#10335
1L
1U
#10340
0L
0U
#10345
1L
1U
b11111010 k
b11111010 {
b1010 S
b1010 W
b1010 j
#10346
b1111xxx1 Z
b1111xxx1 q
b11110101 m
b11110101 |
1}
#10347
b11110101 Z
b11110101 q
0o
#10350
0L
0U
#10355
1L
1U
b100 ."
b1000 /"
b10011001 0"
b11101101 1"
b110100 -"
1N
#10360
0L
0U
#10365
1L
1U
b11111010 l
b11111010 u
b1010 R
b1010 V
b1010 i
#10366
b1001xxx1 [
b1001xxx1 r
b10010101 n
b10010101 v
1w
#10367
b10010101 [
b10010101 r
0p
#10370
0L
0U
#10375
b100 d
1L
1U
b100 )"
b1000 *"
b10011001 +"
b11101101 ,"
b110100 ("
1M
#10380
0L
0U
#10385
b101 d
b11110101 G
b11110101 Y
b11110101 f
b11110101 h
b11110101 z
b10010101 H
b10010101 X
b10010101 e
b10010101 g
b10010101 t
1L
1U
#10386
b11101111 Z
b11101111 q
b10001111 [
b10001111 r
b11101111 m
b11101111 |
b10001111 n
b10001111 v
#10390
0L
0U
#10395
b11110101 '"
b10010101 &"
b0 d
1K
1b
1L
1U
#10400
0L
0U
#10405
1L
1U
#10410
0L
0U
1Q
b100 !"
b1000 ""
b10011001 #"
b11101101 $"
b110100 %"
#10415
b1 d
1L
1U
#10420
0L
0U
#10425
0K
0b
1L
1U
#10430
0L
0U
#10435
1L
1U
#10440
0L
0U
#10445
b10 d
1L
1U
0Q
#10450
0L
0U
#10455
bx k
bx {
bx S
bx W
bx j
bx l
bx u
bx R
bx V
bx i
1I
1J
1c
1L
1U
#10456
bx Z
bx q
bx [
bx r
bx m
bx |
x}
bx n
bx v
xw
#10457
xo
xp
#10460
0L
0U
#10465
1L
1U
#10470
0L
0U
#10475
1L
1U
#10480
0L
0U
#10485
1L
1U
0N
#10490
0L
0U
#10495
1L
1U
#10500
0L
0U
#10505
b11 d
1L
1U
0M
#10510
0L
0U
#10515
0I
0J
0c
1L
1U
#10520
0L
0U
#10525
1L
1U
#10530
0L
0U
#10535
1L
1U
#10540
0L
0U
#10545
1L
1U
b11111000 k
b11111000 {
b1000 S
b1000 W
b1000 j
#10546
b111xx101 Z
b111xx101 q
b11101101 m
b11101101 |
1}
#10547
b11101101 Z
b11101101 q
0o
#10550
0L
0U
#10555
1L
1U
b0 ."
b101 /"
b11110010 1"
b110101 -"
1N
#10560
0L
0U
#10565
1L
1U
b100 l
b100 u
b100 R
b100 V
b100 i
#10566
b10011001 [
b10011001 r
b10011001 n
b10011001 v
0w
0p
#10570
0L
0U
#10575
b100 d
1L
1U
b0 )"
b101 *"
b11110010 ,"
b110101 ("
1M
#10580
0L
0U
#10585
b101 d
b11101101 G
b11101101 Y
b11101101 f
b11101101 h
b11101101 z
b10011001 H
b10011001 X
b10011001 e
b10011001 g
b10011001 t
1L
1U
#10586
b11100101 Z
b11100101 q
b10011101 [
b10011101 r
b11100101 m
b11100101 |
b10011101 n
b10011101 v
#10590
0L
0U
#10595
b11101101 '"
b10011001 &"
b0 d
1K
1b
1L
1U
#10600
0L
0U
#10605
1L
1U
#10610
0L
0U
1Q
b0 !"
b101 ""
b11110010 $"
b110101 %"
#10615
b1 d
1L
1U
#10620
0L
0U
#10625
0K
0b
1L
1U
#10630
0L
0U
#10635
1L
1U
#10640
0L
0U
#10645
b10 d
1L
1U
0Q
#10650
0L
0U
#10655
bx k
bx {
bx S
bx W
bx j
bx l
bx u
bx R
bx V
bx i
1I
1J
1c
1L
1U
#10656
bx Z
bx q
bx [
bx r
bx m
bx |
x}
bx n
bx v
xw
#10657
xo
xp
#10660
0L
0U
#10665
1L
1U
#10670
0L
0U
#10675
1L
1U
#10680
0L
0U
#10685
1L
1U
0N
#10690
0L
0U
#10695
1L
1U
#10700
0L
0U
#10705
b11 d
1L
1U
0M
#10710
0L
0U
#10715
0I
0J
0c
1L
1U
#10720
0L
0U
#10725
1L
1U
#10730
0L
0U
#10735
1L
1U
#10740
0L
0U
#10745
1L
1U
b101 k
b101 {
b101 S
b101 W
b101 j
#10746
b11110010 Z
b11110010 q
b11110010 m
b11110010 |
0}
0o
#10750
0L
0U
#10755
1L
1U
b1001 ."
b100 /"
b10010010 0"
b11110110 1"
b110110 -"
1N
#10760
0L
0U
#10765
1L
1U
b0 l
b0 u
b0 R
b0 V
b0 i
#10766
b10011001 [
b10011001 r
b10011001 n
b10011001 v
0w
0p
#10770
0L
0U
#10775
b100 d
1L
1U
b1001 )"
b100 *"
b10010010 +"
b11110110 ,"
b110110 ("
1M
#10780
0L
0U
#10785
b101 d
b11110010 G
b11110010 Y
b11110010 f
b11110010 h
b11110010 z
1L
1U
#10786
b11110111 Z
b11110111 q
b11110111 m
b11110111 |
#10790
0L
0U
#10795
b11110010 '"
b0 d
1K
1b
1L
1U
#10800
0L
0U
#10805
1L
1U
#10810
0L
0U
1Q
b1001 !"
b100 ""
b10010010 #"
b11110110 $"
b110110 %"
#10815
b1 d
1L
1U
#10820
0L
0U
#10825
0K
0b
1L
1U
#10830
0L
0U
#10835
1L
1U
#10840
0L
0U
#10845
b10 d
1L
1U
0Q
#10850
0L
0U
#10855
bx k
bx {
bx S
bx W
bx j
bx l
bx u
bx R
bx V
bx i
1I
1J
1c
1L
1U
#10856
bx Z
bx q
bx [
bx r
bx m
bx |
x}
bx n
bx v
xw
#10857
xo
xp
#10860
0L
0U
#10865
1L
1U
#10870
0L
0U
#10875
1L
1U
#10880
0L
0U
#10885
1L
1U
0N
#10890
0L
0U
#10895
1L
1U
#10900
0L
0U
#10905
b11 d
1L
1U
0M
#10910
0L
0U
#10915
0I
0J
0c
1L
1U
#10920
0L
0U
#10925
1L
1U
#10930
0L
0U
#10935
1L
1U
#10940
0L
0U
#10945
1L
1U
b100 k
b100 {
b100 S
b100 W
b100 j
#10946
b11110110 Z
b11110110 q
b11110110 m
b11110110 |
0}
0o
#10950
0L
0U
#10955
1L
1U
b1000 ."
b10001010 0"
b11111010 1"
b110111 -"
1N
#10960
0L
0U
#10965
1L
1U
b11111001 l
b11111001 u
b1001 R
b1001 V
b1001 i
#10966
b1001x0xx [
b1001x0xx r
b10010010 n
b10010010 v
1w
#10967
b10010010 [
b10010010 r
0p
#10970
0L
0U
#10975
b100 d
1L
1U
b1000 )"
b10001010 +"
b11111010 ,"
b110111 ("
1M
#10980
0L
0U
#10985
b101 d
b11110110 G
b11110110 Y
b11110110 f
b11110110 h
b11110110 z
b10010010 H
b10010010 X
b10010010 e
b10010010 g
b10010010 t
1L
1U
#10986
b11111010 Z
b11111010 q
b10001011 [
b10001011 r
b11111010 m
b11111010 |
b10001011 n
b10001011 v
#10990
0L
0U
#10995
b11110110 '"
b10010010 &"
b0 d
1K
1b
1L
1U
#11000
0L
0U
#11005
1L
1U
#11010
0L
0U
1Q
b1000 !"
b10001010 #"
b11111010 $"
b110111 %"
#11015
b1 d
1L
1U
#11020
0L
0U
#11025
0K
0b
1L
1U
#11030
0L
0U
#11035
1L
1U
#11040
0L
0U
#11045
b10 d
1L
1U
0Q
#11050
0L
0U
#11055
bx k
bx {
bx S
bx W
bx j
bx l
bx u
bx R
bx V
bx i
1I
1J
1c
1L
1U
#11056
bx Z
bx q
bx [
bx r
bx m
bx |
x}
bx n
bx v
xw
#11057
xo
xp
#11060
0L
0U
#11065
1L
1U
#11070
0L
0U
#11075
1L
1U
#11080
0L
0U
#11085
1L
1U
0N
#11090
0L
0U
#11095
1L
1U
#11100
0L
0U
#11105
b11 d
1L
1U
0M
#11110
0L
0U
#11115
0I
0J
0c
1L
1U
#11120
0L
0U
#11125
1L
1U
#11130
0L
0U
#11135
1L
1U
#11140
0L
0U
#11145
1L
1U
b100 k
b100 {
b100 S
b100 W
b100 j
#11146
b11111010 Z
b11111010 q
b11111010 m
b11111010 |
0}
0o
#11150
0L
0U
#11155
1L
1U
b100 ."
b110 /"
b10001110 0"
b0 1"
b111000 -"
1N
#11160
0L
0U
#11165
1L
1U
b11111000 l
b11111000 u
b1000 R
b1000 V
b1000 i
#11166
b100xx010 [
b100xx010 r
b10001010 n
b10001010 v
1w
#11167
b10001010 [
b10001010 r
0p
#11170
0L
0U
#11175
b100 d
1L
1U
b100 )"
b110 *"
b10001110 +"
b0 ,"
b111000 ("
1M
#11180
0L
0U
#11185
b101 d
b11111010 G
b11111010 Y
b11111010 f
b11111010 h
b11111010 z
b10001010 H
b10001010 X
b10001010 e
b10001010 g
b10001010 t
1L
1U
#11186
b11111110 Z
b11111110 q
b10000010 [
b10000010 r
b11111110 m
b11111110 |
b10000010 n
b10000010 v
#11190
0L
0U
#11195
b11111010 '"
b10001010 &"
b0 d
1K
1b
1L
1U
#11200
0L
0U
#11205
1L
1U
#11210
0L
0U
1Q
b100 !"
b110 ""
b10001110 #"
b0 $"
b111000 %"
#11215
b1 d
1L
1U
#11220
0L
0U
#11225
0K
0b
1L
1U
#11230
0L
0U
#11235
1L
1U
#11240
0L
0U
#11245
b10 d
1L
1U
0Q
#11250
0L
0U
#11255
bx k
bx {
bx S
bx W
bx j
bx l
bx u
bx R
bx V
bx i
1I
1J
1c
1L
1U
#11256
bx Z
bx q
bx [
bx r
bx m
bx |
x}
bx n
bx v
xw
#11257
xo
xp
#11260
0L
0U
#11265
1L
1U
#11270
0L
0U
#11275
1L
1U
#11280
0L
0U
#11285
1L
1U
0N
#11290
0L
0U
#11295
1L
1U
#11300
0L
0U
#11305
b11 d
1L
1U
0M
#11310
0L
0U
#11315
0I
0J
0c
1L
1U
#11320
0L
0U
#11325
1L
1U
#11330
0L
0U
#11335
1L
1U
#11340
0L
0U
#11345
1L
1U
b110 k
b110 {
b110 S
b110 W
b110 j
#11346
b0 Z
b0 q
b0 m
b0 |
1}
0o
#11350
0L
0U
#11355
1L
1U
b1111 ."
b1110 /"
b10001101 0"
b11111110 1"
b111001 -"
1N
#11360
0L
0U
#11365
1L
1U
b100 l
b100 u
b100 R
b100 V
b100 i
#11366
b10001110 [
b10001110 r
b10001110 n
b10001110 v
0w
0p
#11370
0L
0U
#11375
b100 d
1L
1U
b1111 )"
b1110 *"
b10001101 +"
b11111110 ,"
b111001 ("
1M
#11380
0L
0U
#11385
b101 d
b0 G
b0 Y
b0 f
b0 h
b0 z
b10001110 H
b10001110 X
b10001110 e
b10001110 g
b10001110 t
1L
1U
#11386
b110 Z
b110 q
b10010010 [
b10010010 r
b110 m
b110 |
0}
b10010010 n
b10010010 v
#11390
0L
0U
#11395
b0 '"
b10001110 &"
b0 d
1K
1b
1L
1U
#11400
0L
0U
#11405
1L
1U
#11410
0L
0U
1Q
b1111 !"
b1110 ""
b10001101 #"
b11111110 $"
b111001 %"
#11415
b1 d
1L
1U
#11420
0L
0U
#11425
0K
0b
1L
1U
#11430
0L
0U
#11435
1L
1U
#11440
0L
0U
#11445
b10 d
1L
1U
0Q
#11450
0L
0U
#11455
bx k
bx {
bx S
bx W
bx j
bx l
bx u
bx R
bx V
bx i
1I
1J
1c
1L
1U
#11456
bx Z
bx q
bx [
bx r
bx m
bx |
x}
bx n
bx v
xw
#11457
xo
xp
#11460
0L
0U
#11465
1L
1U
#11470
0L
0U
#11475
1L
1U
#11480
0L
0U
#11485
1L
1U
0N
#11490
0L
0U
#11495
1L
1U
#11500
0L
0U
#11505
b11 d
1L
1U
0M
#11510
0L
0U
#11515
0I
0J
0c
1L
1U
#11520
0L
0U
#11525
1L
1U
#11530
0L
0U
#11535
1L
1U
#11540
0L
0U
#11545
1L
1U
b11111110 k
b11111110 {
b1110 S
b1110 W
b1110 j
#11546
b11111110 Z
b11111110 q
b11111110 m
b11111110 |
0}
0o
#11550
0L
0U
#11555
1L
1U
b1000 ."
b110 /"
b10000101 0"
b100 1"
b111010 -"
1N
#11560
0L
0U
#11565
1L
1U
b11111111 l
b11111111 u
b1111 R
b1111 V
b1111 i
#11566
b100011xx [
b100011xx r
b10001101 n
b10001101 v
1w
#11567
b10001101 [
b10001101 r
0p
#11570
0L
0U
#11575
b100 d
1L
1U
b1000 )"
b110 *"
b10000101 +"
b100 ,"
b111010 ("
1M
#11580
0L
0U
#11585
b101 d
b11111110 G
b11111110 Y
b11111110 f
b11111110 h
b11111110 z
b10001101 H
b10001101 X
b10001101 e
b10001101 g
b10001101 t
1L
1U
#11586
b11111100 Z
b11111100 q
b10001100 [
b10001100 r
b11111100 m
b11111100 |
1}
b10001100 n
b10001100 v
#11590
0L
0U
#11595
b11111110 '"
b10001101 &"
b0 d
1K
1b
1L
1U
#11600
0L
0U
#11605
1L
1U
#11610
0L
0U
1Q
b1000 !"
b110 ""
b10000101 #"
b100 $"
b111010 %"
#11615
b1 d
1L
1U
#11620
0L
0U
#11625
0K
0b
1L
1U
#11630
0L
0U
#11635
1L
1U
#11640
0L
0U
#11645
b10 d
1L
1U
0Q
#11650
0L
0U
#11655
bx k
bx {
bx S
bx W
bx j
bx l
bx u
bx R
bx V
bx i
1I
1J
1c
1L
1U
#11656
bx Z
bx q
bx [
bx r
bx m
bx |
x}
bx n
bx v
xw
#11657
xo
xp
#11660
0L
0U
#11665
1L
1U
#11670
0L
0U
#11675
1L
1U
#11680
0L
0U
#11685
1L
1U
0N
#11690
0L
0U
#11695
1L
1U
#11700
0L
0U
#11705
b11 d
1L
1U
0M
#11710
0L
0U
#11715
0I
0J
0c
1L
1U
#11720
0L
0U
#11725
1L
1U
#11730
0L
0U
#11735
1L
1U
#11740
0L
0U
#11745
1L
1U
b110 k
b110 {
b110 S
b110 W
b110 j
#11746
b100 Z
b100 q
b100 m
b100 |
1}
0o
#11750
0L
0U
#11755
1L
1U
b1010 ."
b100 /"
b1000 1"
b111011 -"
1N
#11760
0L
0U
#11765
1L
1U
b11111000 l
b11111000 u
b1000 R
b1000 V
b1000 i
#11766
b1000x101 [
b1000x101 r
b10000101 n
b10000101 v
1w
#11767
b10000101 [
b10000101 r
0p
#11770
0L
0U
#11775
b100 d
1L
1U
b1010 )"
b100 *"
b1000 ,"
b111011 ("
1M
#11780
0L
0U
#11785
b101 d
b100 G
b100 Y
b100 f
b100 h
b100 z
b10000101 H
b10000101 X
b10000101 e
b10000101 g
b10000101 t
1L
1U
#11786
b1010 Z
b1010 q
b1111101 [
b1111101 r
b1010 m
b1010 |
0}
b1111101 n
b1111101 v
#11787
b10000101 [
b10000101 r
1p
#11790
0L
0U
#11795
b100 '"
b10000101 &"
b0 d
1K
1b
1L
1U
#11800
0L
0U
#11805
1L
1U
#11810
0L
0U
1Q
b1010 !"
b100 ""
b1000 $"
b111011 %"
#11815
b1 d
1L
1U
#11820
0L
0U
#11825
0K
0b
1L
1U
#11830
0L
0U
#11835
1L
1U
#11840
0L
0U
#11845
b10 d
1L
1U
0Q
#11850
0L
0U
#11855
bx k
bx {
bx S
bx W
bx j
bx l
bx u
bx R
bx V
bx i
1I
1J
1c
1L
1U
#11856
bx Z
bx q
bx [
bx r
bx m
bx |
x}
bx n
bx v
xw
xp
#11857
xo
#11860
0L
0U
#11865
1L
1U
#11870
0L
0U
#11875
1L
1U
#11880
0L
0U
#11885
1L
1U
0N
#11890
0L
0U
#11895
1L
1U
#11900
0L
0U
#11905
b11 d
1L
1U
0M
#11910
0L
0U
#11915
0I
0J
0c
1L
1U
#11920
0L
0U
#11925
1L
1U
#11930
0L
0U
#11935
1L
1U
#11940
0L
0U
#11945
1L
1U
b100 k
b100 {
b100 S
b100 W
b100 j
#11946
b0xx00 Z
b0xx00 q
b1000 m
b1000 |
0}
#11947
b1000 Z
b1000 q
0o
#11950
0L
0U
#11955
1L
1U
b1101 ."
b11 /"
b10000010 0"
b1011 1"
b111100 -"
1N
#11960
0L
0U
#11965
1L
1U
b11111010 l
b11111010 u
b1010 R
b1010 V
b1010 i
#11966
bx1x1 [
bx1x1 r
b1111111 n
b1111111 v
1w
#11967
b10000101 [
b10000101 r
1p
#11970
0L
0U
#11975
b100 d
1L
1U
b1101 )"
b11 *"
b10000010 +"
b1011 ,"
b111100 ("
1M
#11980
0L
0U
#11985
b101 d
b1000 G
b1000 Y
b1000 f
b1000 h
b1000 z
1L
1U
#11986
b1100 Z
b1100 q
b1100 m
b1100 |
#11990
0L
0U
#11995
b1000 '"
b0 d
1K
1b
1L
1U
#12000
0L
0U
#12005
1L
1U
#12010
0L
0U
1Q
b1101 !"
b11 ""
b10000010 #"
b1011 $"
b111100 %"
#12015
b1 d
1L
1U
#12020
0L
0U
#12025
0K
0b
1L
1U
#12030
0L
0U
#12035
1L
1U
#12040
0L
0U
#12045
b10 d
1L
1U
0Q
#12050
0L
0U
#12055
bx k
bx {
bx S
bx W
bx j
bx l
bx u
bx R
bx V
bx i
1I
1J
1c
1L
1U
#12056
bx Z
bx q
bx [
bx r
bx m
bx |
x}
bx n
bx v
xw
xp
#12057
xo
#12060
0L
0U
#12065
1L
1U
#12070
0L
0U
#12075
1L
1U
#12080
0L
0U
#12085
1L
1U
0N
#12090
0L
0U
#12095
1L
1U
#12100
0L
0U
#12105
b11 d
1L
1U
0M
#12110
0L
0U
#12115
0I
0J
0c
1L
1U
#12120
0L
0U
#12125
1L
1U
#12130
0L
0U
#12135
1L
1U
#12140
0L
0U
#12145
1L
1U
b11 k
b11 {
b11 S
b11 W
b11 j
#12146
b10xx Z
b10xx q
b1011 m
b1011 |
0}
#12147
b1011 Z
b1011 q
0o
#12150
0L
0U
#12155
1L
1U
b100 ."
b101 /"
b10000110 0"
b10000 1"
b111101 -"
1N
#12160
0L
0U
#12165
1L
1U
b11111101 l
b11111101 u
b1101 R
b1101 V
b1101 i
#12166
b10000xxx [
b10000xxx r
b10000010 n
b10000010 v
1w
#12167
b10000010 [
b10000010 r
0p
#12170
0L
0U
#12175
b100 d
1L
1U
b100 )"
b101 *"
b10000110 +"
b10000 ,"
b111101 ("
1M
#12180
0L
0U
#12185
b101 d
b1011 G
b1011 Y
b1011 f
b1011 h
b1011 z
b10000010 H
b10000010 X
b10000010 e
b10000010 g
b10000010 t
1L
1U
#12186
b1110 Z
b1110 q
b1111111 [
b1111111 r
b1110 m
b1110 |
b1111111 n
b1111111 v
#12187
b10000010 [
b10000010 r
1p
#12190
0L
0U
#12195
b1011 '"
b10000010 &"
b0 d
1K
1b
1L
1U
#12200
0L
0U
#12205
1L
1U
#12210
0L
0U
1Q
b100 !"
b101 ""
b10000110 #"
b10000 $"
b111101 %"
#12215
b1 d
1L
1U
#12220
0L
0U
#12225
0K
0b
1L
1U
#12230
0L
0U
#12235
1L
1U
#12240
0L
0U
#12245
b10 d
1L
1U
0Q
#12250
0L
0U
#12255
bx k
bx {
bx S
bx W
bx j
bx l
bx u
bx R
bx V
bx i
1I
1J
1c
1L
1U
#12256
bx Z
bx q
bx [
bx r
bx m
bx |
x}
bx n
bx v
xw
xp
#12257
xo
#12260
0L
0U
#12265
1L
1U
#12270
0L
0U
#12275
1L
1U
#12280
0L
0U
#12285
1L
1U
0N
#12290
0L
0U
#12295
1L
1U
#12300
0L
0U
#12305
b11 d
1L
1U
0M
#12310
0L
0U
#12315
0I
0J
0c
1L
1U
#12320
0L
0U
#12325
1L
1U
#12330
0L
0U
#12335
1L
1U
#12340
0L
0U
#12345
1L
1U
b101 k
b101 {
b101 S
b101 W
b101 j
#12346
b0xx0xx Z
b0xx0xx q
b10000 m
b10000 |
0}
#12347
b10000 Z
b10000 q
0o
#12350
0L
0U
#12355
1L
1U
b1000 ."
b1110 /"
b1110 1"
b111110 -"
1N
#12360
0L
0U
#12365
1L
1U
b100 l
b100 u
b100 R
b100 V
b100 i
#12366
b10000110 [
b10000110 r
b10000110 n
b10000110 v
0w
0p
#12370
0L
0U
#12375
b100 d
1L
1U
b1000 )"
b1110 *"
b1110 ,"
b111110 ("
1M
#12380
0L
0U
#12385
b101 d
b10000 G
b10000 Y
b10000 f
b10000 h
b10000 z
b10000110 H
b10000110 X
b10000110 e
b10000110 g
b10000110 t
1L
1U
#12386
b10101 Z
b10101 q
b10001010 [
b10001010 r
b10101 m
b10101 |
b10001010 n
b10001010 v
#12390
0L
0U
#12395
b10000 '"
b10000110 &"
b0 d
1K
1b
1L
1U
#12400
0L
0U
#12405
1L
1U
#12410
0L
0U
1Q
b1000 !"
b1110 ""
b1110 $"
b111110 %"
#12415
b1 d
1L
1U
#12420
0L
0U
#12425
0K
0b
1L
1U
#12430
0L
0U
#12435
1L
1U
#12440
0L
0U
#12445
b10 d
1L
1U
0Q
#12450
0L
0U
#12455
bx k
bx {
bx S
bx W
bx j
bx l
bx u
bx R
bx V
bx i
1I
1J
1c
1L
1U
#12456
bx Z
bx q
bx [
bx r
bx m
bx |
x}
bx n
bx v
xw
#12457
xo
xp
#12460
0L
0U
#12465
1L
1U
#12470
0L
0U
#12475
1L
1U
#12480
0L
0U
#12485
1L
1U
0N
#12490
0L
0U
#12495
1L
1U
#12500
0L
0U
#12505
b11 d
1L
1U
0M
#12510
0L
0U
#12515
0I
0J
0c
1L
1U
#12520
0L
0U
#12525
1L
1U
#12530
0L
0U
#12535
1L
1U
#12540
0L
0U
#12545
1L
1U
b11111110 k
b11111110 {
b1110 S
b1110 W
b1110 j
#12546
b1110 Z
b1110 q
b1110 m
b1110 |
1}
0o
#12550
0L
0U
#12555
1L
1U
b110 ."
b1001 /"
b10001100 0"
b111 1"
b111111 -"
1N
#12560
0L
0U
#12565
1L
1U
b11111000 l
b11111000 u
b1000 R
b1000 V
b1000 i
#12566
bx110 [
bx110 r
b1111110 n
b1111110 v
1w
#12567
b10000110 [
b10000110 r
1p
#12570
0L
0U
#12575
b100 d
1L
1U
b110 )"
b1001 *"
b10001100 +"
b111 ,"
b111111 ("
1M
#12580
0L
0U
#12585
b101 d
b1110 G
b1110 Y
b1110 f
b1110 h
b1110 z
1L
1U
#12586
b1100 Z
b1100 q
b1100 m
b1100 |
#12590
0L
0U
#12595
b1110 '"
b0 d
1K
1b
1L
1U
#12600
0L
0U
#12605
1L
1U
#12610
0L
0U
1Q
b110 !"
b1001 ""
b10001100 #"
b111 $"
b111111 %"
#12615
b1 d
1L
1U
#12620
0L
0U
#12625
0K
0b
1L
1U
#12630
0L
0U
#12635
1L
1U
#12640
0L
0U
#12645
b10 d
1L
1U
0Q
#12650
0L
0U
#12655
bx k
bx {
bx S
bx W
bx j
bx l
bx u
bx R
bx V
bx i
1I
1J
1c
1L
1U
#12656
bx Z
bx q
bx [
bx r
bx m
bx |
x}
bx n
bx v
xw
xp
#12657
xo
#12660
0L
0U
#12665
1L
1U
#12670
0L
0U
#12675
1L
1U
#12680
0L
0U
#12685
1L
1U
0N
#12690
0L
0U
#12695
1L
1U
#12700
0L
0U
#12705
b11 d
1L
1U
0M
#12710
0L
0U
#12715
0I
0J
0c
1L
1U
#12720
0L
0U
#12725
1L
1U
#12730
0L
0U
#12735
1L
1U
#12740
0L
0U
#12745
1L
1U
b11111001 k
b11111001 {
b1001 S
b1001 W
b1001 j
#12746
b111 Z
b111 q
b111 m
b111 |
1}
0o
#12750
0L
0U
#12755
1L
1U
b1111 ."
b1110 /"
b10001011 0"
b101 1"
b1000000 -"
1N
#12760
0L
0U
#12765
1L
1U
b110 l
b110 u
b110 R
b110 V
b110 i
#12766
b10001100 [
b10001100 r
b10001100 n
b10001100 v
0w
0p
#12770
0L
0U
#12775
b100 d
1L
1U
b1111 )"
b1110 *"
b10001011 +"
b101 ,"
b1000000 ("
1M
#12780
0L
0U
#12785
b101 d
b111 G
b111 Y
b111 f
b111 h
b111 z
b10001100 H
b10001100 X
b10001100 e
b10001100 g
b10001100 t
1L
1U
#12786
b0 Z
b0 q
b10010010 [
b10010010 r
b0 m
b0 |
b10010010 n
b10010010 v
#12790
0L
0U
#12795
b111 '"
b10001100 &"
b0 d
1K
1b
1L
1U
#12800
0L
0U
#12805
1L
1U
#12810
0L
0U
1Q
b1111 !"
b1110 ""
b10001011 #"
b101 $"
b1000000 %"
#12815
b1 d
1L
1U
#12820
0L
0U
#12825
0K
0b
1L
1U
#12830
0L
0U
#12835
1L
1U
#12840
0L
0U
#12845
b10 d
1L
1U
0Q
#12850
0L
0U
#12855
bx k
bx {
bx S
bx W
bx j
bx l
bx u
bx R
bx V
bx i
1I
1J
1c
1L
1U
#12856
bx Z
bx q
bx [
bx r
bx m
bx |
x}
bx n
bx v
xw
#12857
xo
xp
#12860
0L
0U
#12865
1L
1U
#12870
0L
0U
#12875
1L
1U
#12880
0L
0U
#12885
1L
1U
0N
#12890
0L
0U
#12895
1L
1U
#12900
0L
0U
#12905
b11 d
1L
1U
0M
#12910
0L
0U
#12915
0I
0J
0c
1L
1U
#12920
0L
0U
#12925
1L
1U
#12930
0L
0U
#12935
1L
1U
#12940
0L
0U
#12945
1L
1U
b11111110 k
b11111110 {
b1110 S
b1110 W
b1110 j
#12946
b101 Z
b101 q
b101 m
b101 |
1}
0o
#12950
0L
0U
#12955
1L
1U
b1010 ."
b11 /"
b10000101 0"
b1000 1"
b1000001 -"
1N
#12960
0L
0U
#12965
1L
1U
b11111111 l
b11111111 u
b1111 R
b1111 V
b1111 i
#12966
b10001xxx [
b10001xxx r
b10001011 n
b10001011 v
1w
#12967
b10001011 [
b10001011 r
0p
#12970
0L
0U
#12975
b100 d
1L
1U
b1010 )"
b11 *"
b10000101 +"
b1000 ,"
b1000001 ("
1M
#12980
0L
0U
#12985
b101 d
b101 G
b101 Y
b101 f
b101 h
b101 z
b10001011 H
b10001011 X
b10001011 e
b10001011 g
b10001011 t
1L
1U
#12986
b11 Z
b11 q
b10001010 [
b10001010 r
b11 m
b11 |
b10001010 n
b10001010 v
#12990
0L
0U
#12995
b101 '"
b10001011 &"
b0 d
1K
1b
1L
1U
#13000
0L
0U
#13005
1L
1U
#13010
0L
0U
1Q
b1010 !"
b11 ""
b10000101 #"
b1000 $"
b1000001 %"
#13015
b1 d
1L
1U
#13020
0L
0U
#13025
0K
0b
1L
1U
#13030
0L
0U
#13035
1L
1U
#13040
0L
0U
#13045
b10 d
1L
1U
0Q
#13050
0L
0U
#13055
bx k
bx {
bx S
bx W
bx j
bx l
bx u
bx R
bx V
bx i
1I
1J
1c
1L
1U
#13056
bx Z
bx q
bx [
bx r
bx m
bx |
x}
bx n
bx v
xw
#13057
xo
xp
#13060
0L
0U
#13065
1L
1U
#13070
0L
0U
#13075
1L
1U
#13080
0L
0U
#13085
1L
1U
0N
#13090
0L
0U
#13095
1L
1U
#13100
0L
0U
#13105
b11 d
1L
1U
0M
#13110
0L
0U
#13115
0I
0J
0c
1L
1U
#13120
0L
0U
#13125
1L
1U
#13130
0L
0U
#13135
1L
1U
#13140
0L
0U
#13145
1L
1U
b11 k
b11 {
b11 S
b11 W
b11 j
#13146
b0xx0x Z
b0xx0x q
b1000 m
b1000 |
0}
#13147
b1000 Z
b1000 q
0o
#13150
0L
0U
#13155
1L
1U
b1011 /"
b11 1"
b1000010 -"
1N
#13160
0L
0U
#13165
1L
1U
b11111010 l
b11111010 u
b1010 R
b1010 V
b1010 i
#13166
b1000xxx1 [
b1000xxx1 r
b10000101 n
b10000101 v
1w
#13167
b10000101 [
b10000101 r
0p
#13170
0L
0U
#13175
b100 d
1L
1U
b1011 *"
b11 ,"
b1000010 ("
1M
#13180
0L
0U
#13185
b101 d
b1000 G
b1000 Y
b1000 f
b1000 h
b1000 z
b10000101 H
b10000101 X
b10000101 e
b10000101 g
b10000101 t
1L
1U
#13186
b1011 Z
b1011 q
b1111111 [
b1111111 r
b1011 m
b1011 |
b1111111 n
b1111111 v
#13187
b10000101 [
b10000101 r
1p
#13190
0L
0U
#13195
b1000 '"
b10000101 &"
b0 d
1K
1b
1L
1U
#13200
0L
0U
#13205
1L
1U
#13210
0L
0U
1Q
b1011 ""
b11 $"
b1000010 %"
#13215
b1 d
1L
1U
#13220
0L
0U
#13225
0K
0b
1L
1U
#13230
0L
0U
#13235
1L
1U
#13240
0L
0U
#13245
b10 d
1L
1U
0Q
#13250
0L
0U
#13255
bx k
bx {
bx S
bx W
bx j
bx l
bx u
bx R
bx V
bx i
1I
1J
1c
1L
1U
#13256
bx Z
bx q
bx [
bx r
bx m
bx |
x}
bx n
bx v
xw
xp
#13257
xo
#13260
0L
0U
#13265
1L
1U
#13270
0L
0U
#13275
1L
1U
#13280
0L
0U
#13285
1L
1U
0N
#13290
0L
0U
#13295
1L
1U
#13300
0L
0U
#13305
b11 d
1L
1U
0M
#13310
0L
0U
#13315
0I
0J
0c
1L
1U
#13320
0L
0U
#13325
1L
1U
#13330
0L
0U
#13335
1L
1U
#13340
0L
0U
#13345
1L
1U
b11111011 k
b11111011 {
b1011 S
b1011 W
b1011 j
#13346
b11 Z
b11 q
b11 m
b11 |
1}
0o
#13350
0L
0U
#13355
1L
1U
b100 ."
b0 /"
b10001001 0"
b1000011 -"
1N
#13360
0L
0U
#13365
1L
1U
b11111010 l
b11111010 u
b1010 R
b1010 V
b1010 i
#13366
bx1x1 [
bx1x1 r
b1111111 n
b1111111 v
1w
#13367
b10000101 [
b10000101 r
1p
#13370
0L
0U
#13375
b100 d
1L
1U
b100 )"
b0 *"
b10001001 +"
b1000011 ("
1M
#13380
0L
0U
#13385
b101 d
b11 G
b11 Y
b11 f
b11 h
b11 z
1L
1U
#13386
b11111110 Z
b11111110 q
b11111110 m
b11111110 |
0}
#13390
0L
0U
#13395
b11 '"
b0 d
1K
1b
1L
1U
#13400
0L
0U
#13405
1L
1U
#13410
0L
0U
1Q
b100 !"
b0 ""
b10001001 #"
b1000011 %"
#13415
b1 d
1L
1U
#13420
0L
0U
#13425
0K
0b
1L
1U
#13430
0L
0U
#13435
1L
1U
#13440
0L
0U
#13445
b10 d
1L
1U
0Q
#13450
0L
0U
#13455
bx k
bx {
bx S
bx W
bx j
bx l
bx u
bx R
bx V
bx i
1I
1J
1c
1L
1U
#13456
bx Z
bx q
bx [
bx r
bx m
bx |
x}
bx n
bx v
xw
xo
xp
#13460
0L
0U
#13465
1L
1U
#13470
0L
0U
#13475
1L
1U
#13480
0L
0U
#13485
1L
1U
0N
#13490
0L
0U
#13495
1L
1U
#13500
0L
0U
#13505
b11 d
1L
1U
0M
#13510
0L
0U
#13515
0I
0J
0c
1L
1U
#13520
0L
0U
#13525
1L
1U
#13530
0L
0U
#13535
1L
1U
#13540
0L
0U
#13545
1L
1U
b0 k
b0 {
b0 S
b0 W
b0 j
#13546
b11 Z
b11 q
b11 m
b11 |
0}
#13547
0o
#13550
0L
0U
#13555
1L
1U
b111 ."
b1100 /"
b10010000 0"
b11111111 1"
b1000100 -"
1N
#13560
0L
0U
#13565
1L
1U
b100 l
b100 u
b100 R
b100 V
b100 i
#13566
b10001001 [
b10001001 r
b10001001 n
b10001001 v
0w
0p
#13570
0L
0U
#13575
b100 d
1L
1U
b111 )"
b1100 *"
b10010000 +"
b11111111 ,"
b1000100 ("
1M
#13580
0L
0U
#13585
b101 d
b10001001 H
b10001001 X
b10001001 e
b10001001 g
b10001001 t
1L
1U
#13586
b10001101 [
b10001101 r
b10001101 n
b10001101 v
#13590
0L
0U
#13595
b10001001 &"
b0 d
1K
1b
1L
1U
#13600
0L
0U
#13605
1L
1U
#13610
0L
0U
1Q
b111 !"
b1100 ""
b10010000 #"
b11111111 $"
b1000100 %"
#13615
b1 d
1L
1U
#13620
0L
0U
#13625
0K
0b
1L
1U
#13630
0L
0U
#13635
1L
1U
#13640
0L
0U
#13645
b10 d
1L
1U
0Q
#13650
0L
0U
#13655
bx k
bx {
bx S
bx W
bx j
bx l
bx u
bx R
bx V
bx i
1I
1J
1c
1L
1U
#13656
bx Z
bx q
bx [
bx r
bx m
bx |
x}
bx n
bx v
xw
#13657
xo
xp
#13660
0L
0U
#13665
1L
1U
#13670
0L
0U
#13675
1L
1U
#13680
0L
0U
#13685
1L
1U
0N
#13690
0L
0U
#13695
1L
1U
#13700
0L
0U
#13705
b11 d
1L
1U
0M
#13710
0L
0U
#13715
0I
0J
0c
1L
1U
#13720
0L
0U
#13725
1L
1U
#13730
0L
0U
#13735
1L
1U
#13740
0L
0U
#13745
1L
1U
b11111100 k
b11111100 {
b1100 S
b1100 W
b1100 j
#13746
b11111111 Z
b11111111 q
b11111111 m
b11111111 |
0}
0o
#13750
0L
0U
#13755
1L
1U
b10 ."
b1101 /"
b10010010 0"
b11111100 1"
b1000101 -"
1N
#13760
0L
0U
#13765
1L
1U
b111 l
b111 u
b111 R
b111 V
b111 i
#13766
b10010000 [
b10010000 r
b10010000 n
b10010000 v
0w
0p
#13770
0L
0U
#13775
b100 d
1L
1U
b10 )"
b1101 *"
b10010010 +"
b11111100 ,"
b1000101 ("
1M
#13780
0L
0U
#13785
b101 d
b11111111 G
b11111111 Y
b11111111 f
b11111111 h
b11111111 z
b10010000 H
b10010000 X
b10010000 e
b10010000 g
b10010000 t
1L
1U
#13786
b11111011 Z
b11111011 q
b10010111 [
b10010111 r
b11111011 m
b11111011 |
1}
b10010111 n
b10010111 v
#13790
0L
0U
#13795
b11111111 '"
b10010000 &"
b0 d
1K
1b
1L
1U
#13800
0L
0U
#13805
1L
1U
#13810
0L
0U
1Q
b10 !"
b1101 ""
b10010010 #"
b11111100 $"
b1000101 %"
#13815
b1 d
1L
1U
#13820
0L
0U
#13825
0K
0b
1L
1U
#13830
0L
0U
#13835
1L
1U
#13840
0L
0U
#13845
b10 d
1L
1U
0Q
#13850
0L
0U
#13855
bx k
bx {
bx S
bx W
bx j
bx l
bx u
bx R
bx V
bx i
1I
1J
1c
1L
1U
#13856
bx Z
bx q
bx [
bx r
bx m
bx |
x}
bx n
bx v
xw
#13857
xo
xp
#13860
0L
0U
#13865
1L
1U
#13870
0L
0U
#13875
1L
1U
#13880
0L
0U
#13885
1L
1U
0N
#13890
0L
0U
#13895
1L
1U
#13900
0L
0U
#13905
b11 d
1L
1U
0M
#13910
0L
0U
#13915
0I
0J
0c
1L
1U
#13920
0L
0U
#13925
1L
1U
#13930
0L
0U
#13935
1L
1U
#13940
0L
0U
#13945
1L
1U
b11111101 k
b11111101 {
b1101 S
b1101 W
b1101 j
#13946
b111111xx Z
b111111xx q
b11111100 m
b11111100 |
1}
#13947
b11111100 Z
b11111100 q
0o
#13950
0L
0U
#13955
1L
1U
b11 ."
b10 /"
b10010101 0"
b11111110 1"
b1000110 -"
1N
#13960
0L
0U
#13965
1L
1U
b10 l
b10 u
b10 R
b10 V
b10 i
#13966
b10010010 [
b10010010 r
b10010010 n
b10010010 v
0w
0p
#13970
0L
0U
#13975
b100 d
1L
1U
b11 )"
b10 *"
b10010101 +"
b11111110 ,"
b1000110 ("
1M
#13980
0L
0U
#13985
b101 d
b11111100 G
b11111100 Y
b11111100 f
b11111100 h
b11111100 z
b10010010 H
b10010010 X
b10010010 e
b10010010 g
b10010010 t
1L
1U
#13986
b11111001 Z
b11111001 q
b10010100 [
b10010100 r
b11111001 m
b11111001 |
b10010100 n
b10010100 v
#13990
0L
0U
#13995
b11111100 '"
b10010010 &"
b0 d
1K
1b
1L
1U
#14000
0L
0U
#14005
1L
1U
#14010
0L
0U
1Q
b11 !"
b10 ""
b10010101 #"
b11111110 $"
b1000110 %"
#14015
b1 d
1L
1U
#14020
0L
0U
#14025
0K
0b
1L
1U
#14030
0L
0U
#14035
1L
1U
#14040
0L
0U
#14045
b10 d
1L
1U
0Q
#14050
0L
0U
#14055
bx k
bx {
bx S
bx W
bx j
bx l
bx u
bx R
bx V
bx i
1I
1J
1c
1L
1U
#14056
bx Z
bx q
bx [
bx r
bx m
bx |
x}
bx n
bx v
xw
#14057
xo
xp
#14060
0L
0U
#14065
1L
1U
#14070
0L
0U
#14075
1L
1U
#14080
0L
0U
#14085
1L
1U
0N
#14090
0L
0U
#14095
1L
1U
#14100
0L
0U
#14105
b11 d
1L
1U
0M
#14110
0L
0U
#14115
0I
0J
0c
1L
1U
#14120
0L
0U
#14125
1L
1U
#14130
0L
0U
#14135
1L
1U
#14140
0L
0U
#14145
1L
1U
b10 k
b10 {
b10 S
b10 W
b10 j
#14146
b11111110 Z
b11111110 q
b11111110 m
b11111110 |
0}
0o
#14150
0L
0U
#14155
1L
1U
b1110 ."
b10010011 0"
b0 1"
b1000111 -"
1N
#14160
0L
0U
#14165
1L
1U
b11 l
b11 u
b11 R
b11 V
b11 i
#14166
b10010101 [
b10010101 r
b10010101 n
b10010101 v
0w
0p
#14170
0L
0U
#14175
b100 d
1L
1U
b1110 )"
b10010011 +"
b0 ,"
b1000111 ("
1M
#14180
0L
0U
#14185
b101 d
b11111110 G
b11111110 Y
b11111110 f
b11111110 h
b11111110 z
b10010101 H
b10010101 X
b10010101 e
b10010101 g
b10010101 t
1L
1U
#14186
b0 Z
b0 q
b10011000 [
b10011000 r
b0 m
b0 |
1}
b10011000 n
b10011000 v
#14190
0L
0U
#14195
b11111110 '"
b10010101 &"
b0 d
1K
1b
1L
1U
#14200
0L
0U
#14205
1L
1U
#14210
0L
0U
1Q
b1110 !"
b10010011 #"
b0 $"
b1000111 %"
#14215
b1 d
1L
1U
#14220
0L
0U
#14225
0K
0b
1L
1U
#14230
0L
0U
#14235
1L
1U
#14240
0L
0U
#14245
b10 d
1L
1U
0Q
#14250
0L
0U
#14255
bx k
bx {
bx S
bx W
bx j
bx l
bx u
bx R
bx V
bx i
1I
1J
1c
1L
1U
#14256
bx [
bx r
bx Z
bx q
bx m
bx |
x}
bx n
bx v
xw
xo
#14257
xp
#14260
0L
0U
#14265
1L
1U
#14270
0L
0U
#14275
1L
1U
#14280
0L
0U
#14285
1L
1U
0N
#14290
0L
0U
#14295
1L
1U
#14300
0L
0U
#14305
b11 d
1L
1U
0M
#14310
0L
0U
#14315
0I
0J
0c
1L
1U
#14320
0L
0U
#14325
1L
1U
#14330
0L
0U
#14335
1L
1U
#14340
0L
0U
#14345
1L
1U
b10 k
b10 {
b10 S
b10 W
b10 j
#14346
b0 Z
b0 q
b0 m
b0 |
1}
0o
#14350
0L
0U
#14355
1L
1U
b11 ."
b1111 /"
b10010110 0"
b11111111 1"
b1001000 -"
1N
#14360
0L
0U
#14365
1L
1U
b11111110 l
b11111110 u
b1110 R
b1110 V
b1110 i
#14366
b10010xx1 [
b10010xx1 r
b10010011 n
b10010011 v
1w
#14367
b10010011 [
b10010011 r
0p
#14370
0L
0U
#14375
b100 d
1L
1U
b11 )"
b1111 *"
b10010110 +"
b11111111 ,"
b1001000 ("
1M
#14380
0L
0U
#14385
b101 d
b0 G
b0 Y
b0 f
b0 h
b0 z
b10010011 H
b10010011 X
b10010011 e
b10010011 g
b10010011 t
1L
1U
#14386
b10 Z
b10 q
b10010001 [
b10010001 r
b10 m
b10 |
0}
b10010001 n
b10010001 v
#14390
0L
0U
#14395
b0 '"
b10010011 &"
b0 d
1K
1b
1L
1U
#14400
0L
0U
#14405
1L
1U
#14410
0L
0U
1Q
b11 !"
b1111 ""
b10010110 #"
b11111111 $"
b1001000 %"
#14415
b1 d
1L
1U
#14420
0L
0U
#14425
0K
0b
1L
1U
#14430
0L
0U
#14435
1L
1U
#14440
0L
0U
#14445
b10 d
1L
1U
0Q
#14450
0L
0U
#14455
bx k
bx {
bx S
bx W
bx j
bx l
bx u
bx R
bx V
bx i
1I
1J
1c
1L
1U
#14456
bx Z
bx q
bx [
bx r
bx m
bx |
x}
bx n
bx v
xw
#14457
xo
xp
#14460
0L
0U
#14465
1L
1U
#14470
0L
0U
#14475
1L
1U
#14480
0L
0U
#14485
1L
1U
0N
#14490
0L
0U
#14495
1L
1U
#14500
0L
0U
#14505
b11 d
1L
1U
0M
#14510
0L
0U
#14515
0I
0J
0c
1L
1U
#14520
0L
0U
#14525
1L
1U
#14530
0L
0U
#14535
1L
1U
#14540
0L
0U
#14545
1L
1U
b11111111 k
b11111111 {
b1111 S
b1111 W
b1111 j
#14546
b11111111 Z
b11111111 q
b11111111 m
b11111111 |
0}
0o
#14550
0L
0U
#14555
1L
1U
b1100 ."
b0 /"
b10010010 0"
b1001001 -"
1N
#14560
0L
0U
#14565
1L
1U
b11 l
b11 u
b11 R
b11 V
b11 i
#14566
b10010110 [
b10010110 r
b10010110 n
b10010110 v
0w
0p
#14570
0L
0U
#14575
b100 d
1L
1U
b1100 )"
b0 *"
b10010010 +"
b1001001 ("
1M
#14580
0L
0U
#14585
b101 d
b11111111 G
b11111111 Y
b11111111 f
b11111111 h
b11111111 z
b10010110 H
b10010110 X
b10010110 e
b10010110 g
b10010110 t
1L
1U
#14586
b11111110 Z
b11111110 q
b10011001 [
b10011001 r
b11111110 m
b11111110 |
1}
b10011001 n
b10011001 v
#14590
0L
0U
#14595
b11111111 '"
b10010110 &"
b0 d
1K
1b
1L
1U
#14600
0L
0U
#14605
1L
1U
#14610
0L
0U
1Q
b1100 !"
b0 ""
b10010010 #"
b1001001 %"
#14615
b1 d
1L
1U
#14620
0L
0U
#14625
0K
0b
1L
1U
#14630
0L
0U
#14635
1L
1U
#14640
0L
0U
#14645
b10 d
1L
1U
0Q
#14650
0L
0U
#14655
bx k
bx {
bx S
bx W
bx j
bx l
bx u
bx R
bx V
bx i
1I
1J
1c
1L
1U
#14656
bx Z
bx q
bx [
bx r
bx m
bx |
x}
bx n
bx v
xw
#14657
xo
xp
#14660
0L
0U
#14665
1L
1U
#14670
0L
0U
#14675
1L
1U
#14680
0L
0U
#14685
1L
1U
0N
#14690
0L
0U
#14695
1L
1U
#14700
0L
0U
#14705
b11 d
1L
1U
0M
#14710
0L
0U
#14715
0I
0J
0c
1L
1U
#14720
0L
0U
#14725
1L
1U
#14730
0L
0U
#14735
1L
1U
#14740
0L
0U
#14745
1L
1U
b0 k
b0 {
b0 S
b0 W
b0 j
#14746
b11111111 Z
b11111111 q
b11111111 m
b11111111 |
0}
0o
#14750
0L
0U
#14755
1L
1U
b11 ."
b1 /"
b10010101 0"
b0 1"
b1001010 -"
1N
#14760
0L
0U
#14765
1L
1U
b11111100 l
b11111100 u
b1100 R
b1100 V
b1100 i
#14766
b10010x10 [
b10010x10 r
b10010010 n
b10010010 v
1w
#14767
b10010010 [
b10010010 r
0p
#14770
0L
0U
#14775
b100 d
1L
1U
b11 )"
b1 *"
b10010101 +"
b0 ,"
b1001010 ("
1M
#14780
0L
0U
#14785
b101 d
b10010010 H
b10010010 X
b10010010 e
b10010010 g
b10010010 t
1L
1U
#14786
b10001110 [
b10001110 r
b10001110 n
b10001110 v
#14790
0L
0U
#14795
b10010010 &"
b0 d
1K
1b
1L
1U
#14800
0L
0U
#14805
1L
1U
#14810
0L
0U
1Q
b11 !"
b1 ""
b10010101 #"
b0 $"
b1001010 %"
#14815
b1 d
1L
1U
#14820
0L
0U
#14825
0K
0b
1L
1U
#14830
0L
0U
#14835
1L
1U
#14840
0L
0U
#14845
b10 d
1L
1U
0Q
#14850
0L
0U
#14855
bx k
bx {
bx S
bx W
bx j
bx l
bx u
bx R
bx V
bx i
1I
1J
1c
1L
1U
#14856
bx Z
bx q
bx [
bx r
bx m
bx |
x}
bx n
bx v
xw
#14857
xo
xp
#14860
0L
0U
#14865
1L
1U
#14870
0L
0U
#14875
1L
1U
#14880
0L
0U
#14885
1L
1U
0N
#14890
0L
0U
#14895
1L
1U
#14900
0L
0U
#14905
b11 d
1L
1U
0M
#14910
0L
0U
#14915
0I
0J
0c
1L
1U
#14920
0L
0U
#14925
1L
1U
#14930
0L
0U
#14935
1L
1U
#14940
0L
0U
#14945
1L
1U
b1 k
b1 {
b1 S
b1 W
b1 j
#14946
b0 Z
b0 q
b0 m
b0 |
1}
0o
#14950
0L
0U
#14955
1L
1U
b1 ."
b1010 /"
b10010110 0"
b11111010 1"
b1001011 -"
1N
#14960
0L
0U
#14965
1L
1U
b11 l
b11 u
b11 R
b11 V
b11 i
#14966
b10010101 [
b10010101 r
b10010101 n
b10010101 v
0w
0p
#14970
0L
0U
#14975
b100 d
1L
1U
b1 )"
b1010 *"
b10010110 +"
b11111010 ,"
b1001011 ("
1M
#14980
0L
0U
#14985
b101 d
b0 G
b0 Y
b0 f
b0 h
b0 z
b10010101 H
b10010101 X
b10010101 e
b10010101 g
b10010101 t
1L
1U
#14986
b1 Z
b1 q
b10011000 [
b10011000 r
b1 m
b1 |
0}
b10011000 n
b10011000 v
#14990
0L
0U
#14995
b0 '"
b10010101 &"
b0 d
1K
1b
1L
1U
#15000
0L
0U
#15005
1L
1U
#15010
0L
0U
1Q
b1 !"
b1010 ""
b10010110 #"
b11111010 $"
b1001011 %"
#15015
b1 d
1L
1U
#15020
0L
0U
#15025
0K
0b
1L
1U
#15030
0L
0U
#15035
1L
1U
#15040
0L
0U
#15045
b10 d
1L
1U
0Q
#15050
0L
0U
#15055
bx k
bx {
bx S
bx W
bx j
bx l
bx u
bx R
bx V
bx i
1I
1J
1c
1L
1U
#15056
bx Z
bx q
bx [
bx r
bx m
bx |
x}
bx n
bx v
xw
#15057
xo
xp
#15060
0L
0U
#15065
1L
1U
#15070
0L
0U
#15075
1L
1U
#15080
0L
0U
#15085
1L
1U
0N
#15090
0L
0U
#15095
1L
1U
#15100
0L
0U
#15105
b11 d
1L
1U
0M
#15110
0L
0U
#15115
0I
0J
0c
1L
1U
#15120
0L
0U
#15125
1L
1U
#15130
0L
0U
#15135
1L
1U
#15140
0L
0U
#15145
1L
1U
b11111010 k
b11111010 {
b1010 S
b1010 W
b1010 j
#15146
b11111010 Z
b11111010 q
b11111010 m
b11111010 |
0}
0o
#15150
0L
0U
#15155
1L
1U
b1010 ."
b10 /"
b10010000 0"
b11111100 1"
b1001100 -"
1N
#15160
0L
0U
#15165
1L
1U
b1 l
b1 u
b1 R
b1 V
b1 i
#15166
b10010110 [
b10010110 r
b10010110 n
b10010110 v
0w
0p
#15170
0L
0U
#15175
b100 d
1L
1U
b1010 )"
b10 *"
b10010000 +"
b11111100 ,"
b1001100 ("
1M
#15180
0L
0U
#15185
b101 d
b11111010 G
b11111010 Y
b11111010 f
b11111010 h
b11111010 z
b10010110 H
b10010110 X
b10010110 e
b10010110 g
b10010110 t
1L
1U
#15186
b11110100 Z
b11110100 q
b10010111 [
b10010111 r
b11110100 m
b11110100 |
1}
b10010111 n
b10010111 v
#15190
0L
0U
#15195
b11111010 '"
b10010110 &"
b0 d
1K
1b
1L
1U
#15200
0L
0U
#15205
1L
1U
#15210
0L
0U
1Q
b1010 !"
b10 ""
b10010000 #"
b11111100 $"
b1001100 %"
#15215
b1 d
1L
1U
#15220
0L
0U
#15225
0K
0b
1L
1U
#15230
0L
0U
#15235
1L
1U
#15240
0L
0U
#15245
b10 d
1L
1U
0Q
#15250
0L
0U
#15255
bx k
bx {
bx S
bx W
bx j
bx l
bx u
bx R
bx V
bx i
1I
1J
1c
1L
1U
#15256
bx Z
bx q
bx [
bx r
bx m
bx |
x}
bx n
bx v
xw
#15257
xo
xp
#15260
0L
0U
#15265
1L
1U
#15270
0L
0U
#15275
1L
1U
#15280
0L
0U
#15285
1L
1U
0N
#15290
0L
0U
#15295
1L
1U
#15300
0L
0U
#15305
b11 d
1L
1U
0M
#15310
0L
0U
#15315
0I
0J
0c
1L
1U
#15320
0L
0U
#15325
1L
1U
#15330
0L
0U
#15335
1L
1U
#15340
0L
0U
#15345
1L
1U
b10 k
b10 {
b10 S
b10 W
b10 j
#15346
b11111100 Z
b11111100 q
b11111100 m
b11111100 |
0}
0o
#15350
0L
0U
#15355
1L
1U
b10 ."
b111 /"
b10010010 0"
b11 1"
b1001101 -"
1N
#15360
0L
0U
#15365
1L
1U
b11111010 l
b11111010 u
b1010 R
b1010 V
b1010 i
#15366
b10010xx0 [
b10010xx0 r
b10010000 n
b10010000 v
1w
#15367
b10010000 [
b10010000 r
0p
#15370
0L
0U
#15375
b100 d
1L
1U
b10 )"
b111 *"
b10010010 +"
b11 ,"
b1001101 ("
1M
#15380
0L
0U
#15385
b101 d
b11111100 G
b11111100 Y
b11111100 f
b11111100 h
b11111100 z
b10010000 H
b10010000 X
b10010000 e
b10010000 g
b10010000 t
1L
1U
#15386
b11111110 Z
b11111110 q
b10001010 [
b10001010 r
b11111110 m
b11111110 |
b10001010 n
b10001010 v
#15390
0L
0U
#15395
b11111100 '"
b10010000 &"
b0 d
1K
1b
1L
1U
#15400
0L
0U
#15405
1L
1U
#15410
0L
0U
1Q
b10 !"
b111 ""
b10010010 #"
b11 $"
b1001101 %"
#15415
b1 d
1L
1U
#15420
0L
0U
#15425
0K
0b
1L
1U
#15430
0L
0U
#15435
1L
1U
#15440
0L
0U
#15445
b10 d
1L
1U
0Q
#15450
0L
0U
#15455
bx k
bx {
bx S
bx W
bx j
bx l
bx u
bx R
bx V
bx i
1I
1J
1c
1L
1U
#15456
bx Z
bx q
bx [
bx r
bx m
bx |
x}
bx n
bx v
xw
#15457
xo
xp
#15460
0L
0U
#15465
1L
1U
#15470
0L
0U
#15475
1L
1U
#15480
0L
0U
#15485
1L
1U
0N
#15490
0L
0U
#15495
1L
1U
#15500
0L
0U
#15505
b11 d
1L
1U
0M
#15510
0L
0U
#15515
0I
0J
0c
1L
1U
#15520
0L
0U
#15525
1L
1U
#15530
0L
0U
#15535
1L
1U
#15540
0L
0U
#15545
1L
1U
b111 k
b111 {
b111 S
b111 W
b111 j
#15546
b11 Z
b11 q
b11 m
b11 |
1}
0o
#15550
0L
0U
#15555
1L
1U
b1101 ."
b110 /"
b10001111 0"
b1001 1"
b1001110 -"
1N
#15560
0L
0U
#15565
1L
1U
b10 l
b10 u
b10 R
b10 V
b10 i
#15566
b10010010 [
b10010010 r
b10010010 n
b10010010 v
0w
0p
#15570
0L
0U
#15575
b100 d
1L
1U
b1101 )"
b110 *"
b10001111 +"
b1001 ,"
b1001110 ("
1M
#15580
0L
0U
#15585
b101 d
b11 G
b11 Y
b11 f
b11 h
b11 z
b10010010 H
b10010010 X
b10010010 e
b10010010 g
b10010010 t
1L
1U
#15586
b1010 Z
b1010 q
b10010100 [
b10010100 r
b1010 m
b1010 |
0}
b10010100 n
b10010100 v
#15590
0L
0U
#15595
b11 '"
b10010010 &"
b0 d
1K
1b
1L
1U
#15600
0L
0U
#15605
1L
1U
#15610
0L
0U
1Q
b1101 !"
b110 ""
b10001111 #"
b1001 $"
b1001110 %"
#15615
b1 d
1L
1U
#15620
0L
0U
#15625
0K
0b
1L
1U
#15630
0L
0U
#15635
1L
1U
#15640
0L
0U
#15645
b10 d
1L
1U
0Q
#15650
0L
0U
#15655
bx k
bx {
bx S
bx W
bx j
bx l
bx u
bx R
bx V
bx i
1I
1J
1c
1L
1U
#15656
bx Z
bx q
bx [
bx r
bx m
bx |
x}
bx n
bx v
xw
#15657
xo
xp
#15660
0L
0U
#15665
1L
1U
#15670
0L
0U
#15675
1L
1U
#15680
0L
0U
#15685
1L
1U
0N
#15690
0L
0U
#15695
1L
1U
#15700
0L
0U
#15705
b11 d
1L
1U
0M
#15710
0L
0U
#15715
0I
0J
0c
1L
1U
#15720
0L
0U
#15725
1L
1U
#15730
0L
0U
#15735
1L
1U
#15740
0L
0U
#15745
1L
1U
b110 k
b110 {
b110 S
b110 W
b110 j
#15746
b0x0x1 Z
b0x0x1 q
b1001 m
b1001 |
0}
#15747
b1001 Z
b1001 q
0o
#15750
0L
0U
#15755
1L
1U
b1100 ."
b100 /"
b10001011 0"
b1101 1"
b1001111 -"
1N
#15760
0L
0U
#15765
1L
1U
b11111101 l
b11111101 u
b1101 R
b1101 V
b1101 i
#15766
b100xxx1x [
b100xxx1x r
b10001111 n
b10001111 v
1w
#15767
b10001111 [
b10001111 r
0p
#15770
0L
0U
#15775
b100 d
1L
1U
b1100 )"
b100 *"
b10001011 +"
b1101 ,"
b1001111 ("
1M
#15780
0L
0U
#15785
b101 d
b1001 G
b1001 Y
b1001 f
b1001 h
b1001 z
b10001111 H
b10001111 X
b10001111 e
b10001111 g
b10001111 t
1L
1U
#15786
b1111 Z
b1111 q
b10001100 [
b10001100 r
b1111 m
b1111 |
b10001100 n
b10001100 v
#15790
0L
0U
#15795
b1001 '"
b10001111 &"
b0 d
1K
1b
1L
1U
#15800
0L
0U
#15805
1L
1U
#15810
0L
0U
1Q
b1100 !"
b100 ""
b10001011 #"
b1101 $"
b1001111 %"
#15815
b1 d
1L
1U
#15820
0L
0U
#15825
0K
0b
1L
1U
#15830
0L
0U
#15835
1L
1U
#15840
0L
0U
#15845
b10 d
1L
1U
0Q
#15850
0L
0U
#15855
bx k
bx {
bx S
bx W
bx j
bx l
bx u
bx R
bx V
bx i
1I
1J
1c
1L
1U
#15856
bx Z
bx q
bx [
bx r
bx m
bx |
x}
bx n
bx v
xw
#15857
xo
xp
#15860
0L
0U
#15865
1L
1U
#15870
0L
0U
#15875
1L
1U
#15880
0L
0U
#15885
1L
1U
0N
#15890
0L
0U
#15895
1L
1U
#15900
0L
0U
#15905
b11 d
1L
1U
0M
#15910
0L
0U
#15915
0I
0J
0c
1L
1U
#15920
0L
0U
#15925
1L
1U
#15930
0L
0U
#15935
1L
1U
#15940
0L
0U
#15945
1L
1U
b100 k
b100 {
b100 S
b100 W
b100 j
#15946
b1x01 Z
b1x01 q
b1101 m
b1101 |
0}
#15947
b1101 Z
b1101 q
0o
#15950
0L
0U
#15955
1L
1U
b1101 ."
b1100 /"
b10001000 0"
b1001 1"
b1010000 -"
1N
#15960
0L
0U
#15965
1L
1U
b11111100 l
b11111100 u
b1100 R
b1100 V
b1100 i
#15966
b10001x11 [
b10001x11 r
b10001011 n
b10001011 v
1w
#15967
b10001011 [
b10001011 r
0p
#15970
0L
0U
#15975
b100 d
1L
1U
b1101 )"
b1100 *"
b10001000 +"
b1001 ,"
b1010000 ("
1M
#15980
0L
0U
#15985
b101 d
b1101 G
b1101 Y
b1101 f
b1101 h
b1101 z
b10001011 H
b10001011 X
b10001011 e
b10001011 g
b10001011 t
1L
1U
#15986
b10001 Z
b10001 q
b10000111 [
b10000111 r
b10001 m
b10001 |
b10000111 n
b10000111 v
#15990
0L
0U
#15995
b1101 '"
b10001011 &"
b0 d
1K
1b
1L
1U
#16000
0L
0U
#16005
1L
1U
#16010
0L
0U
1Q
b1101 !"
b1100 ""
b10001000 #"
b1001 $"
b1010000 %"
#16015
b1 d
1L
1U
#16020
0L
0U
#16025
0K
0b
1L
1U
#16030
0L
0U
#16035
1L
1U
#16040
0L
0U
#16045
b10 d
1L
1U
0Q
#16050
0L
0U
#16055
bx k
bx {
bx S
bx W
bx j
bx l
bx u
bx R
bx V
bx i
1I
1J
1c
1L
1U
#16056
bx Z
bx q
bx [
bx r
bx m
bx |
x}
bx n
bx v
xw
#16057
xo
xp
#16060
0L
0U
#16065
1L
1U
#16070
0L
0U
#16075
1L
1U
#16080
0L
0U
#16085
1L
1U
0N
#16090
0L
0U
#16095
1L
1U
#16100
0L
0U
#16105
b11 d
1L
1U
0M
#16110
0L
0U
#16115
0I
0J
0c
1L
1U
#16120
0L
0U
#16125
1L
1U
#16130
0L
0U
#16135
1L
1U
#16140
0L
0U
#16145
1L
1U
b11111100 k
b11111100 {
b1100 S
b1100 W
b1100 j
#16146
b1001 Z
b1001 q
b1001 m
b1001 |
1}
0o
#16150
0L
0U
#16155
1L
1U
b100 ."
b101 /"
b10001100 0"
b1110 1"
b1010001 -"
1N
#16160
0L
0U
#16165
1L
1U
b11111101 l
b11111101 u
b1101 R
b1101 V
b1101 i
#16166
b100010xx [
b100010xx r
b10001000 n
b10001000 v
1w
#16167
b10001000 [
b10001000 r
0p
#16170
0L
0U
#16175
b100 d
1L
1U
b100 )"
b101 *"
b10001100 +"
b1110 ,"
b1010001 ("
1M
#16180
0L
0U
#16185
b101 d
b1001 G
b1001 Y
b1001 f
b1001 h
b1001 z
b10001000 H
b10001000 X
b10001000 e
b10001000 g
b10001000 t
1L
1U
#16186
b101 Z
b101 q
b10000101 [
b10000101 r
b101 m
b101 |
b10000101 n
b10000101 v
#16190
0L
0U
#16195
b1001 '"
b10001000 &"
b0 d
1K
1b
1L
1U
#16200
0L
0U
#16205
1L
1U
#16210
0L
0U
1Q
b100 !"
b101 ""
b10001100 #"
b1110 $"
b1010001 %"
#16215
b1 d
1L
1U
#16220
0L
0U
#16225
0K
0b
1L
1U
#16230
0L
0U
#16235
1L
1U
#16240
0L
0U
#16245
b10 d
1L
1U
0Q
#16250
0L
0U
#16255
bx k
bx {
bx S
bx W
bx j
bx l
bx u
bx R
bx V
bx i
1I
1J
1c
1L
1U
#16256
bx Z
bx q
bx [
bx r
bx m
bx |
x}
bx n
bx v
xw
#16257
xo
xp
#16260
0L
0U
#16265
1L
1U
#16270
0L
0U
#16275
1L
1U
#16280
0L
0U
#16285
1L
1U
0N
#16290
0L
0U
#16295
1L
1U
#16300
0L
0U
#16305
b11 d
1L
1U
0M
#16310
0L
0U
#16315
0I
0J
0c
1L
1U
#16320
0L
0U
#16325
1L
1U
#16330
0L
0U
#16335
1L
1U
#16340
0L
0U
#16345
1L
1U
b101 k
b101 {
b101 S
b101 W
b101 j
#16346
b1xxx Z
b1xxx q
b1110 m
b1110 |
0}
#16347
b1110 Z
b1110 q
0o
#16350
0L
0U
#16355
1L
1U
b110 ."
b1000 /"
b10010010 0"
b110 1"
b1010010 -"
1N
#16360
0L
0U
#16365
1L
1U
b100 l
b100 u
b100 R
b100 V
b100 i
#16366
b10001100 [
b10001100 r
b10001100 n
b10001100 v
0w
0p
#16370
0L
0U
#16375
b100 d
1L
1U
b110 )"
b1000 *"
b10010010 +"
b110 ,"
b1010010 ("
1M
#16380
0L
0U
#16385
b101 d
b1110 G
b1110 Y
b1110 f
b1110 h
b1110 z
b10001100 H
b10001100 X
b10001100 e
b10001100 g
b10001100 t
1L
1U
#16386
b10011 Z
b10011 q
b10010000 [
b10010000 r
b10011 m
b10011 |
b10010000 n
b10010000 v
#16390
0L
0U
#16395
b1110 '"
b10001100 &"
b0 d
1K
1b
1L
1U
#16400
0L
0U
#16405
1L
1U
#16410
0L
0U
1Q
b110 !"
b1000 ""
b10010010 #"
b110 $"
b1010010 %"
#16415
b1 d
1L
1U
#16420
0L
0U
#16425
0K
0b
1L
1U
#16430
0L
0U
#16435
1L
1U
#16440
0L
0U
#16445
b10 d
1L
1U
0Q
#16450
0L
0U
#16455
bx k
bx {
bx S
bx W
bx j
bx l
bx u
bx R
bx V
bx i
1I
1J
1c
1L
1U
#16456
bx Z
bx q
bx [
bx r
bx m
bx |
x}
bx n
bx v
xw
#16457
xo
xp
#16460
0L
0U
#16465
1L
1U
#16470
0L
0U
#16475
1L
1U
#16480
0L
0U
#16485
1L
1U
0N
#16490
0L
0U
#16495
1L
1U
#16500
0L
0U
#16505
b11 d
1L
1U
0M
#16510
0L
0U
#16515
0I
0J
0c
1L
1U
#16520
0L
0U
#16525
1L
1U
#16530
0L
0U
#16535
1L
1U
#16540
0L
0U
#16545
1L
1U
b11111000 k
b11111000 {
b1000 S
b1000 W
b1000 j
#16546
b110 Z
b110 q
b110 m
b110 |
1}
0o
#16550
0L
0U
#16555
1L
1U
b1011 ."
b111 /"
b10001101 0"
b1101 1"
b1010011 -"
1N
#16560
0L
0U
#16565
1L
1U
b110 l
b110 u
b110 R
b110 V
b110 i
#16566
b10010010 [
b10010010 r
b10010010 n
b10010010 v
0w
0p
#16570
0L
0U
#16575
b100 d
1L
1U
b1011 )"
b111 *"
b10001101 +"
b1101 ,"
b1010011 ("
1M
#16580
0L
0U
#16585
b101 d
b110 G
b110 Y
b110 f
b110 h
b110 z
b10010010 H
b10010010 X
b10010010 e
b10010010 g
b10010010 t
1L
1U
#16586
b11111110 Z
b11111110 q
b10011000 [
b10011000 r
b11111110 m
b11111110 |
0}
b10011000 n
b10011000 v
#16590
0L
0U
#16595
b110 '"
b10010010 &"
b0 d
1K
1b
1L
1U
#16600
0L
0U
#16605
1L
1U
#16610
0L
0U
1Q
b1011 !"
b111 ""
b10001101 #"
b1101 $"
b1010011 %"
#16615
b1 d
1L
1U
#16620
0L
0U
#16625
0K
0b
1L
1U
#16630
0L
0U
#16635
1L
1U
#16640
0L
0U
#16645
b10 d
1L
1U
0Q
#16650
0L
0U
#16655
bx k
bx {
bx S
bx W
bx j
bx l
bx u
bx R
bx V
bx i
1I
1J
1c
1L
1U
#16656
bx [
bx r
bx Z
bx q
bx m
bx |
x}
bx n
bx v
xw
xo
#16657
xp
#16660
0L
0U
#16665
1L
1U
#16670
0L
0U
#16675
1L
1U
#16680
0L
0U
#16685
1L
1U
0N
#16690
0L
0U
#16695
1L
1U
#16700
0L
0U
#16705
b11 d
1L
1U
0M
#16710
0L
0U
#16715
0I
0J
0c
1L
1U
#16720
0L
0U
#16725
1L
1U
#16730
0L
0U
#16735
1L
1U
#16740
0L
0U
#16745
1L
1U
b111 k
b111 {
b111 S
b111 W
b111 j
#16746
b0x1xx Z
b0x1xx q
b1101 m
b1101 |
0}
#16747
b1101 Z
b1101 q
0o
#16750
0L
0U
#16755
1L
1U
b101 ."
b1100 /"
b10010010 0"
b1001 1"
b1010100 -"
1N
#16760
0L
0U
#16765
1L
1U
b11111011 l
b11111011 u
b1011 R
b1011 V
b1011 i
#16766
b100xxxxx [
b100xxxxx r
b10001101 n
b10001101 v
1w
#16767
b10001101 [
b10001101 r
0p
#16770
0L
0U
#16775
b100 d
1L
1U
b101 )"
b1100 *"
b10010010 +"
b1001 ,"
b1010100 ("
1M
#16780
0L
0U
#16785
b101 d
b1101 G
b1101 Y
b1101 f
b1101 h
b1101 z
b10001101 H
b10001101 X
b10001101 e
b10001101 g
b10001101 t
1L
1U
#16786
b10100 Z
b10100 q
b10001000 [
b10001000 r
b10100 m
b10100 |
b10001000 n
b10001000 v
#16790
0L
0U
#16795
b1101 '"
b10001101 &"
b0 d
1K
1b
1L
1U
#16800
0L
0U
#16805
1L
1U
#16810
0L
0U
1Q
b101 !"
b1100 ""
b10010010 #"
b1001 $"
b1010100 %"
#16815
b1 d
1L
1U
#16820
0L
0U
#16825
0K
0b
1L
1U
#16830
0L
0U
#16835
1L
1U
#16840
0L
0U
#16845
b10 d
1L
1U
0Q
#16850
0L
0U
#16855
bx k
bx {
bx S
bx W
bx j
bx l
bx u
bx R
bx V
bx i
1I
1J
1c
1L
1U
#16856
bx Z
bx q
bx [
bx r
bx m
bx |
x}
bx n
bx v
xw
#16857
xo
xp
#16860
0L
0U
#16865
1L
1U
#16870
0L
0U
#16875
1L
1U
#16880
0L
0U
#16885
1L
1U
0N
#16890
0L
0U
#16895
1L
1U
#16900
0L
0U
#16905
b11 d
1L
1U
0M
#16910
0L
0U
#16915
0I
0J
0c
1L
1U
#16920
0L
0U
#16925
1L
1U
#16930
0L
0U
#16935
1L
1U
#16940
0L
0U
#16945
1L
1U
b11111100 k
b11111100 {
b1100 S
b1100 W
b1100 j
#16946
b1001 Z
b1001 q
b1001 m
b1001 |
1}
0o
#16950
0L
0U
#16955
1L
1U
b11 ."
b1000 /"
b10010101 0"
b1 1"
b1010101 -"
1N
#16960
0L
0U
#16965
1L
1U
b101 l
b101 u
b101 R
b101 V
b101 i
#16966
b10010010 [
b10010010 r
b10010010 n
b10010010 v
0w
0p
#16970
0L
0U
#16975
b100 d
1L
1U
b11 )"
b1000 *"
b10010101 +"
b1 ,"
b1010101 ("
1M
#16980
0L
0U
#16985
b101 d
b1001 G
b1001 Y
b1001 f
b1001 h
b1001 z
b10010010 H
b10010010 X
b10010010 e
b10010010 g
b10010010 t
1L
1U
#16986
b101 Z
b101 q
b10010111 [
b10010111 r
b101 m
b101 |
b10010111 n
b10010111 v
#16990
0L
0U
#16995
b1001 '"
b10010010 &"
b0 d
1K
1b
1L
1U
#17000
0L
0U
#17005
1L
1U
#17010
0L
0U
1Q
b11 !"
b1000 ""
b10010101 #"
b1 $"
b1010101 %"
#17015
b1 d
1L
1U
#17020
0L
0U
#17025
0K
0b
1L
1U
#17030
0L
0U
#17035
1L
1U
#17040
0L
0U
#17045
b10 d
1L
1U
0Q
#17050
0L
0U
#17055
bx k
bx {
bx S
bx W
bx j
bx l
bx u
bx R
bx V
bx i
1I
1J
1c
1L
1U
#17056
bx Z
bx q
bx [
bx r
bx m
bx |
x}
bx n
bx v
xw
#17057
xo
xp
#17060
0L
0U
#17065
1L
1U
#17070
0L
0U
#17075
1L
1U
#17080
0L
0U
#17085
1L
1U
0N
#17090
0L
0U
#17095
1L
1U
#17100
0L
0U
#17105
b11 d
1L
1U
0M
#17110
0L
0U
#17115
0I
0J
0c
1L
1U
#17120
0L
0U
#17125
1L
1U
#17130
0L
0U
#17135
1L
1U
#17140
0L
0U
#17145
1L
1U
b11111000 k
b11111000 {
b1000 S
b1000 W
b1000 j
#17146
b1 Z
b1 q
b1 m
b1 |
1}
0o
#17150
0L
0U
#17155
1L
1U
b1110 ."
b1101 /"
b10010011 0"
b11111110 1"
b1010110 -"
1N
#17160
0L
0U
#17165
1L
1U
b11 l
b11 u
b11 R
b11 V
b11 i
#17166
b10010101 [
b10010101 r
b10010101 n
b10010101 v
0w
0p
#17170
0L
0U
#17175
b100 d
1L
1U
b1110 )"
b1101 *"
b10010011 +"
b11111110 ,"
b1010110 ("
1M
#17180
0L
0U
#17185
b101 d
b1 G
b1 Y
b1 f
b1 h
b1 z
b10010101 H
b10010101 X
b10010101 e
b10010101 g
b10010101 t
1L
1U
#17186
b11111001 Z
b11111001 q
b10011000 [
b10011000 r
b11111001 m
b11111001 |
0}
b10011000 n
b10011000 v
#17190
0L
0U
#17195
b1 '"
b10010101 &"
b0 d
1K
1b
1L
1U
#17200
0L
0U
#17205
1L
1U
#17210
0L
0U
1Q
b1110 !"
b1101 ""
b10010011 #"
b11111110 $"
b1010110 %"
#17215
b1 d
1L
1U
#17220
0L
0U
#17225
0K
0b
1L
1U
#17230
0L
0U
#17235
1L
1U
#17240
0L
0U
#17245
b10 d
1L
1U
0Q
#17250
0L
0U
#17255
bx k
bx {
bx S
bx W
bx j
bx l
bx u
bx R
bx V
bx i
1I
1J
1c
1L
1U
#17256
bx [
bx r
bx Z
bx q
bx m
bx |
x}
bx n
bx v
xw
xo
#17257
xp
#17260
0L
0U
#17265
1L
1U
#17270
0L
0U
#17275
1L
1U
#17280
0L
0U
#17285
1L
1U
0N
#17290
0L
0U
#17295
1L
1U
#17300
0L
0U
#17305
b11 d
1L
1U
0M
#17310
0L
0U
#17315
0I
0J
0c
1L
1U
#17320
0L
0U
#17325
1L
1U
#17330
0L
0U
#17335
1L
1U
#17340
0L
0U
#17345
1L
1U
b11111101 k
b11111101 {
b1101 S
b1101 W
b1101 j
#17346
b11111110 Z
b11111110 q
b11111110 m
b11111110 |
0}
0o
#17350
0L
0U
#17355
1L
1U
b1101 ."
b110 /"
b10010000 0"
b100 1"
b1010111 -"
1N
#17360
0L
0U
#17365
1L
1U
b11111110 l
b11111110 u
b1110 R
b1110 V
b1110 i
#17366
b10010xx1 [
b10010xx1 r
b10010011 n
b10010011 v
1w
#17367
b10010011 [
b10010011 r
0p
#17370
0L
0U
#17375
b100 d
1L
1U
b1101 )"
b110 *"
b10010000 +"
b100 ,"
b1010111 ("
1M
#17380
0L
0U
#17385
b101 d
b11111110 G
b11111110 Y
b11111110 f
b11111110 h
b11111110 z
b10010011 H
b10010011 X
b10010011 e
b10010011 g
b10010011 t
1L
1U
#17386
b11111011 Z
b11111011 q
b10010001 [
b10010001 r
b11111011 m
b11111011 |
1}
b10010001 n
b10010001 v
#17390
0L
0U
#17395
b11111110 '"
b10010011 &"
b0 d
1K
1b
1L
1U
#17400
0L
0U
#17405
1L
1U
#17410
0L
0U
1Q
b1101 !"
b110 ""
b10010000 #"
b100 $"
b1010111 %"
#17415
b1 d
1L
1U
#17420
0L
0U
#17425
0K
0b
1L
1U
#17430
0L
0U
#17435
1L
1U
#17440
0L
0U
#17445
b10 d
1L
1U
0Q
#17450
0L
0U
#17455
bx k
bx {
bx S
bx W
bx j
bx l
bx u
bx R
bx V
bx i
1I
1J
1c
1L
1U
#17456
bx Z
bx q
bx [
bx r
bx m
bx |
x}
bx n
bx v
xw
#17457
xo
xp
#17460
0L
0U
#17465
1L
1U
#17470
0L
0U
#17475
1L
1U
#17480
0L
0U
#17485
1L
1U
0N
#17490
0L
0U
#17495
1L
1U
#17500
0L
0U
#17505
b11 d
1L
1U
0M
#17510
0L
0U
#17515
0I
0J
0c
1L
1U
#17520
0L
0U
#17525
1L
1U
#17530
0L
0U
#17535
1L
1U
#17540
0L
0U
#17545
1L
1U
b110 k
b110 {
b110 S
b110 W
b110 j
#17546
b100 Z
b100 q
b100 m
b100 |
1}
0o
#17550
0L
0U
#17555
1L
1U
b1001 ."
b1101 /"
b10001001 0"
b1 1"
b1011000 -"
1N
#17560
0L
0U
#17565
1L
1U
b11111101 l
b11111101 u
b1101 R
b1101 V
b1101 i
#17566
b100100xx [
b100100xx r
b10010000 n
b10010000 v
1w
#17567
b10010000 [
b10010000 r
0p
#17570
0L
0U
#17575
b100 d
1L
1U
b1001 )"
b1101 *"
b10001001 +"
b1 ,"
b1011000 ("
1M
#17580
0L
0U
#17585
b101 d
b100 G
b100 Y
b100 f
b100 h
b100 z
b10010000 H
b10010000 X
b10010000 e
b10010000 g
b10010000 t
1L
1U
#17586
b1010 Z
b1010 q
b10001101 [
b10001101 r
b1010 m
b1010 |
0}
b10001101 n
b10001101 v
#17590
0L
0U
#17595
b100 '"
b10010000 &"
b0 d
1K
1b
1L
1U
#17600
0L
0U
#17605
1L
1U
#17610
0L
0U
1Q
b1001 !"
b1101 ""
b10001001 #"
b1 $"
b1011000 %"
#17615
b1 d
1L
1U
#17620
0L
0U
#17625
0K
0b
1L
1U
#17630
0L
0U
#17635
1L
1U
#17640
0L
0U
#17645
b10 d
1L
1U
0Q
#17650
0L
0U
#17655
bx k
bx {
bx S
bx W
bx j
bx l
bx u
bx R
bx V
bx i
1I
1J
1c
1L
1U
#17656
bx Z
bx q
bx [
bx r
bx m
bx |
x}
bx n
bx v
xw
#17657
xo
xp
#17660
0L
0U
#17665
1L
1U
#17670
0L
0U
#17675
1L
1U
#17680
0L
0U
#17685
1L
1U
0N
#17690
0L
0U
#17695
1L
1U
#17700
0L
0U
#17705
b11 d
1L
1U
0M
#17710
0L
0U
#17715
0I
0J
0c
1L
1U
#17720
0L
0U
#17725
1L
1U
#17730
0L
0U
#17735
1L
1U
#17740
0L
0U
#17745
1L
1U
b11111101 k
b11111101 {
b1101 S
b1101 W
b1101 j
#17746
b1 Z
b1 q
b1 m
b1 |
1}
0o
#17750
0L
0U
#17755
1L
1U
b0 /"
b10000010 0"
b1011001 -"
1N
#17760
0L
0U
#17765
1L
1U
b11111001 l
b11111001 u
b1001 R
b1001 V
b1001 i
#17766
b100xx00x [
b100xx00x r
b10001001 n
b10001001 v
1w
#17767
b10001001 [
b10001001 r
0p
#17770
0L
0U
#17775
b100 d
1L
1U
b0 *"
b10000010 +"
b1011001 ("
1M
#17780
0L
0U
#17785
b101 d
b1 G
b1 Y
b1 f
b1 h
b1 z
b10001001 H
b10001001 X
b10001001 e
b10001001 g
b10001001 t
1L
1U
#17786
b11111110 Z
b11111110 q
b10000010 [
b10000010 r
b11111110 m
b11111110 |
0}
b10000010 n
b10000010 v
#17790
0L
0U
#17795
b1 '"
b10001001 &"
b0 d
1K
1b
1L
1U
#17800
0L
0U
#17805
1L
1U
#17810
0L
0U
1Q
b0 ""
b10000010 #"
b1011001 %"
#17815
b1 d
1L
1U
#17820
0L
0U
#17825
0K
0b
1L
1U
#17830
0L
0U
#17835
1L
1U
#17840
0L
0U
#17845
b10 d
1L
1U
0Q
#17850
0L
0U
#17855
bx k
bx {
bx S
bx W
bx j
bx l
bx u
bx R
bx V
bx i
1I
1J
1c
1L
1U
#17856
bx [
bx r
bx Z
bx q
bx m
bx |
x}
bx n
bx v
xw
xo
#17857
xp
#17860
0L
0U
#17865
1L
1U
#17870
0L
0U
#17875
1L
1U
#17880
0L
0U
#17885
1L
1U
0N
#17890
0L
0U
#17895
1L
1U
#17900
0L
0U
#17905
b11 d
1L
1U
0M
#17910
0L
0U
#17915
0I
0J
0c
1L
1U
#17920
0L
0U
#17925
1L
1U
#17930
0L
0U
#17935
1L
1U
#17940
0L
0U
#17945
1L
1U
b0 k
b0 {
b0 S
b0 W
b0 j
#17946
b1 Z
b1 q
b1 m
b1 |
0}
#17947
0o
#17950
0L
0U
#17955
1L
1U
b110 ."
b1100 /"
b10001000 0"
b11111101 1"
b1011010 -"
1N
#17960
0L
0U
#17965
1L
1U
b11111001 l
b11111001 u
b1001 R
b1001 V
b1001 i
#17966
b1000x0xx [
b1000x0xx r
b10000010 n
b10000010 v
1w
#17967
b10000010 [
b10000010 r
0p
#17970
0L
0U
#17975
b100 d
1L
1U
b110 )"
b1100 *"
b10001000 +"
b11111101 ,"
b1011010 ("
1M
#17980
0L
0U
#17985
b101 d
b10000010 H
b10000010 X
b10000010 e
b10000010 g
b10000010 t
1L
1U
#17986
b1111011 [
b1111011 r
b1111011 n
b1111011 v
#17987
b10000010 [
b10000010 r
1p
#17990
0L
0U
#17995
b10000010 &"
b0 d
1K
1b
1L
1U
#18000
0L
0U
#18005
1L
1U
#18010
0L
0U
1Q
b110 !"
b1100 ""
b10001000 #"
b11111101 $"
b1011010 %"
#18015
b1 d
1L
1U
#18020
0L
0U
#18025
0K
0b
1L
1U
#18030
0L
0U
#18035
1L
1U
#18040
0L
0U
#18045
b10 d
1L
1U
0Q
#18050
0L
0U
#18055
bx k
bx {
bx S
bx W
bx j
bx l
bx u
bx R
bx V
bx i
1I
1J
1c
1L
1U
#18056
bx Z
bx q
bx [
bx r
bx m
bx |
x}
bx n
bx v
xw
xp
#18057
xo
#18060
0L
0U
#18065
1L
1U
#18070
0L
0U
#18075
1L
1U
#18080
0L
0U
#18085
1L
1U
0N
#18090
0L
0U
#18095
1L
1U
#18100
0L
0U
#18105
b11 d
1L
1U
0M
#18110
0L
0U
#18115
0I
0J
0c
1L
1U
#18120
0L
0U
#18125
1L
1U
#18130
0L
0U
#18135
1L
1U
#18140
0L
0U
#18145
1L
1U
b11111100 k
b11111100 {
b1100 S
b1100 W
b1100 j
#18146
b11111101 Z
b11111101 q
b11111101 m
b11111101 |
0}
0o
#18150
0L
0U
#18155
1L
1U
b1011 ."
b1011 /"
b10000011 0"
b11111000 1"
b1011011 -"
1N
#18160
0L
0U
#18165
1L
1U
b110 l
b110 u
b110 R
b110 V
b110 i
#18166
b10001000 [
b10001000 r
b10001000 n
b10001000 v
0w
0p
#18170
0L
0U
#18175
b100 d
1L
1U
b1011 )"
b1011 *"
b10000011 +"
b11111000 ,"
b1011011 ("
1M
#18180
0L
0U
#18185
b101 d
b11111101 G
b11111101 Y
b11111101 f
b11111101 h
b11111101 z
b10001000 H
b10001000 X
b10001000 e
b10001000 g
b10001000 t
1L
1U
#18186
b11111001 Z
b11111001 q
b10001110 [
b10001110 r
b11111001 m
b11111001 |
1}
b10001110 n
b10001110 v
#18190
0L
0U
#18195
b11111101 '"
b10001000 &"
b0 d
1K
1b
1L
1U
#18200
0L
0U
#18205
1L
1U
#18210
0L
0U
1Q
b1011 !"
b1011 ""
b10000011 #"
b11111000 $"
b1011011 %"
#18215
b1 d
1L
1U
#18220
0L
0U
#18225
0K
0b
1L
1U
#18230
0L
0U
#18235
1L
1U
#18240
0L
0U
#18245
b10 d
1L
1U
0Q
#18250
0L
0U
#18255
bx k
bx {
bx S
bx W
bx j
bx l
bx u
bx R
bx V
bx i
1I
1J
1c
1L
1U
#18256
bx Z
bx q
bx [
bx r
bx m
bx |
x}
bx n
bx v
xw
#18257
xo
xp
#18260
0L
0U
#18265
1L
1U
#18270
0L
0U
#18275
1L
1U
#18280
0L
0U
#18285
1L
1U
0N
#18290
0L
0U
#18295
1L
1U
#18300
0L
0U
#18305
b11 d
1L
1U
0M
#18310
0L
0U
#18315
0I
0J
0c
1L
1U
#18320
0L
0U
#18325
1L
1U
#18330
0L
0U
#18335
1L
1U
#18340
0L
0U
#18345
1L
1U
b11111011 k
b11111011 {
b1011 S
b1011 W
b1011 j
#18346
b11111x0x Z
b11111x0x q
b11111000 m
b11111000 |
1}
#18347
b11111000 Z
b11111000 q
0o
#18350
0L
0U
#18355
1L
1U
b111 ."
b1110 /"
b10001010 0"
b11110110 1"
b1011100 -"
1N
#18360
0L
0U
#18365
1L
1U
b11111011 l
b11111011 u
b1011 R
b1011 V
b1011 i
#18366
b1000x0xx [
b1000x0xx r
b10000011 n
b10000011 v
1w
#18367
b10000011 [
b10000011 r
0p
#18370
0L
0U
#18375
b100 d
1L
1U
b111 )"
b1110 *"
b10001010 +"
b11110110 ,"
b1011100 ("
1M
#18380
0L
0U
#18385
b101 d
b11111000 G
b11111000 Y
b11111000 f
b11111000 h
b11111000 z
b10000011 H
b10000011 X
b10000011 e
b10000011 g
b10000011 t
1L
1U
#18386
b11110011 Z
b11110011 q
b1111110 [
b1111110 r
b11110011 m
b11110011 |
b1111110 n
b1111110 v
#18387
b10000011 [
b10000011 r
1p
#18390
0L
0U
#18395
b11111000 '"
b10000011 &"
b0 d
1K
1b
1L
1U
#18400
0L
0U
#18405
1L
1U
#18410
0L
0U
1Q
b111 !"
b1110 ""
b10001010 #"
b11110110 $"
b1011100 %"
#18415
b1 d
1L
1U
#18420
0L
0U
#18425
0K
0b
1L
1U
#18430
0L
0U
#18435
1L
1U
#18440
0L
0U
#18445
b10 d
1L
1U
0Q
#18450
0L
0U
#18455
bx k
bx {
bx S
bx W
bx j
bx l
bx u
bx R
bx V
bx i
1I
1J
1c
1L
1U
#18456
bx Z
bx q
bx [
bx r
bx m
bx |
x}
bx n
bx v
xw
xp
#18457
xo
#18460
0L
0U
#18465
1L
1U
#18470
0L
0U
#18475
1L
1U
#18480
0L
0U
#18485
1L
1U
0N
#18490
0L
0U
#18495
1L
1U
#18500
0L
0U
#18505
b11 d
1L
1U
0M
#18510
0L
0U
#18515
0I
0J
0c
1L
1U
#18520
0L
0U
#18525
1L
1U
#18530
0L
0U
#18535
1L
1U
#18540
0L
0U
#18545
1L
1U
b11111110 k
b11111110 {
b1110 S
b1110 W
b1110 j
#18546
b1111xxx0 Z
b1111xxx0 q
b11110110 m
b11110110 |
1}
#18547
b11110110 Z
b11110110 q
0o
#18550
0L
0U
#18555
1L
1U
b101 ."
b1101 /"
b10001111 0"
b11110011 1"
b1011101 -"
1N
#18560
0L
0U
#18565
1L
1U
b111 l
b111 u
b111 R
b111 V
b111 i
#18566
b10001010 [
b10001010 r
b10001010 n
b10001010 v
0w
0p
#18570
0L
0U
#18575
b100 d
1L
1U
b101 )"
b1101 *"
b10001111 +"
b11110011 ,"
b1011101 ("
1M
#18580
0L
0U
#18585
b101 d
b11110110 G
b11110110 Y
b11110110 f
b11110110 h
b11110110 z
b10001010 H
b10001010 X
b10001010 e
b10001010 g
b10001010 t
1L
1U
#18586
b11110100 Z
b11110100 q
b10010001 [
b10010001 r
b11110100 m
b11110100 |
b10010001 n
b10010001 v
#18590
0L
0U
#18595
b11110110 '"
b10001010 &"
b0 d
1K
1b
1L
1U
#18600
0L
0U
#18605
1L
1U
#18610
0L
0U
1Q
b101 !"
b1101 ""
b10001111 #"
b11110011 $"
b1011101 %"
#18615
b1 d
1L
1U
#18620
0L
0U
#18625
0K
0b
1L
1U
#18630
0L
0U
#18635
1L
1U
#18640
0L
0U
#18645
b10 d
1L
1U
0Q
#18650
0L
0U
#18655
bx k
bx {
bx S
bx W
bx j
bx l
bx u
bx R
bx V
bx i
1I
1J
1c
1L
1U
#18656
bx Z
bx q
bx [
bx r
bx m
bx |
x}
bx n
bx v
xw
#18657
xo
xp
#18660
0L
0U
#18665
1L
1U
#18670
0L
0U
#18675
1L
1U
#18680
0L
0U
#18685
1L
1U
0N
#18690
0L
0U
#18695
1L
1U
#18700
0L
0U
#18705
b11 d
1L
1U
0M
#18710
0L
0U
#18715
0I
0J
0c
1L
1U
#18720
0L
0U
#18725
1L
1U
#18730
0L
0U
#18735
1L
1U
#18740
0L
0U
#18745
1L
1U
b11111101 k
b11111101 {
b1101 S
b1101 W
b1101 j
#18746
b11110x1x Z
b11110x1x q
b11110011 m
b11110011 |
1}
#18747
b11110011 Z
b11110011 q
0o
#18750
0L
0U
#18755
1L
1U
b1010 ."
b1000 /"
b10001001 0"
b11101011 1"
b1011110 -"
1N
#18760
0L
0U
#18765
1L
1U
b101 l
b101 u
b101 R
b101 V
b101 i
#18766
b10001111 [
b10001111 r
b10001111 n
b10001111 v
0w
0p
#18770
0L
0U
#18775
b100 d
1L
1U
b1010 )"
b1000 *"
b10001001 +"
b11101011 ,"
b1011110 ("
1M
#18780
0L
0U
#18785
b101 d
b11110011 G
b11110011 Y
b11110011 f
b11110011 h
b11110011 z
b10001111 H
b10001111 X
b10001111 e
b10001111 g
b10001111 t
1L
1U
#18786
b11110000 Z
b11110000 q
b10010100 [
b10010100 r
b11110000 m
b11110000 |
b10010100 n
b10010100 v
#18790
0L
0U
#18795
b11110011 '"
b10001111 &"
b0 d
1K
1b
1L
1U
#18800
0L
0U
#18805
1L
1U
#18810
0L
0U
1Q
b1010 !"
b1000 ""
b10001001 #"
b11101011 $"
b1011110 %"
#18815
b1 d
1L
1U
#18820
0L
0U
#18825
0K
0b
1L
1U
#18830
0L
0U
#18835
1L
1U
#18840
0L
0U
#18845
b10 d
1L
1U
0Q
#18850
0L
0U
#18855
bx k
bx {
bx S
bx W
bx j
bx l
bx u
bx R
bx V
bx i
1I
1J
1c
1L
1U
#18856
bx Z
bx q
bx [
bx r
bx m
bx |
x}
bx n
bx v
xw
#18857
xo
xp
#18860
0L
0U
#18865
1L
1U
#18870
0L
0U
#18875
1L
1U
#18880
0L
0U
#18885
1L
1U
0N
#18890
0L
0U
#18895
1L
1U
#18900
0L
0U
#18905
b11 d
1L
1U
0M
#18910
0L
0U
#18915
0I
0J
0c
1L
1U
#18920
0L
0U
#18925
1L
1U
#18930
0L
0U
#18935
1L
1U
#18940
0L
0U
#18945
1L
1U
b11111000 k
b11111000 {
b1000 S
b1000 W
b1000 j
#18946
b111xx011 Z
b111xx011 q
b11101011 m
b11101011 |
1}
#18947
b11101011 Z
b11101011 q
0o
#18950
0L
0U
#18955
1L
1U
b101 /"
b10000011 0"
b11110000 1"
b1011111 -"
1N
#18960
0L
0U
#18965
1L
1U
b11111010 l
b11111010 u
b1010 R
b1010 V
b1010 i
#18966
b10001xx1 [
b10001xx1 r
b10001001 n
b10001001 v
1w
#18967
b10001001 [
b10001001 r
0p
#18970
0L
0U
#18975
b100 d
1L
1U
b101 *"
b10000011 +"
b11110000 ,"
b1011111 ("
1M
#18980
0L
0U
#18985
b101 d
b11101011 G
b11101011 Y
b11101011 f
b11101011 h
b11101011 z
b10001001 H
b10001001 X
b10001001 e
b10001001 g
b10001001 t
1L
1U
#18986
b11100011 Z
b11100011 q
b10000011 [
b10000011 r
b11100011 m
b11100011 |
b10000011 n
b10000011 v
#18990
0L
0U
#18995
b11101011 '"
b10001001 &"
b0 d
1K
1b
1L
1U
#19000
0L
0U
#19005
1L
1U
#19010
0L
0U
1Q
b101 ""
b10000011 #"
b11110000 $"
b1011111 %"
#19015
b1 d
1L
1U
#19020
0L
0U
#19025
0K
0b
1L
1U
#19030
0L
0U
#19035
1L
1U
#19040
0L
0U
#19045
b10 d
1L
1U
0Q
#19050
0L
0U
#19055
bx k
bx {
bx S
bx W
bx j
bx l
bx u
bx R
bx V
bx i
1I
1J
1c
1L
1U
#19056
bx Z
bx q
bx [
bx r
bx m
bx |
x}
bx n
bx v
xw
#19057
xo
xp
#19060
0L
0U
#19065
1L
1U
#19070
0L
0U
#19075
1L
1U
#19080
0L
0U
#19085
1L
1U
0N
#19090
0L
0U
#19095
1L
1U
#19100
0L
0U
#19105
b11 d
1L
1U
0M
#19110
0L
0U
#19115
0I
0J
0c
1L
1U
#19120
0L
0U
#19125
1L
1U
#19130
0L
0U
#19135
1L
1U
#19140
0L
0U
#19145
1L
1U
b101 k
b101 {
b101 S
b101 W
b101 j
#19146
b11110000 Z
b11110000 q
b11110000 m
b11110000 |
0}
0o
#19150
0L
0U
#19155
1L
1U
b1110 ."
b1101 /"
b10000001 0"
b11101101 1"
b1100000 -"
1N
#19160
0L
0U
#19165
1L
1U
b11111010 l
b11111010 u
b1010 R
b1010 V
b1010 i
#19166
b1000x0x1 [
b1000x0x1 r
b10000011 n
b10000011 v
1w
#19167
b10000011 [
b10000011 r
0p
#19170
0L
0U
#19175
b100 d
1L
1U
b1110 )"
b1101 *"
b10000001 +"
b11101101 ,"
b1100000 ("
1M
#19180
0L
0U
#19185
b101 d
b11110000 G
b11110000 Y
b11110000 f
b11110000 h
b11110000 z
b10000011 H
b10000011 X
b10000011 e
b10000011 g
b10000011 t
1L
1U
#19186
b11110101 Z
b11110101 q
b1111101 [
b1111101 r
b11110101 m
b11110101 |
b1111101 n
b1111101 v
#19187
b10000011 [
b10000011 r
1p
#19190
0L
0U
#19195
b11110000 '"
b10000011 &"
b0 d
1K
1b
1L
1U
#19200
0L
0U
#19205
1L
1U
#19210
0L
0U
1Q
b1110 !"
b1101 ""
b10000001 #"
b11101101 $"
b1100000 %"
#19215
b1 d
1L
1U
#19220
0L
0U
#19225
0K
0b
1L
1U
#19230
0L
0U
#19235
1L
1U
#19240
0L
0U
#19245
b10 d
1L
1U
0Q
#19250
0L
0U
#19255
bx k
bx {
bx S
bx W
bx j
bx l
bx u
bx R
bx V
bx i
1I
1J
1c
1L
1U
#19256
bx Z
bx q
bx [
bx r
bx m
bx |
x}
bx n
bx v
xw
xp
#19257
xo
#19260
0L
0U
#19265
1L
1U
#19270
0L
0U
#19275
1L
1U
#19280
0L
0U
#19285
1L
1U
0N
#19290
0L
0U
#19295
1L
1U
#19300
0L
0U
#19305
b11 d
1L
1U
0M
#19310
0L
0U
#19315
0I
0J
0c
1L
1U
#19320
0L
0U
#19325
1L
1U
#19330
0L
0U
#19335
1L
1U
#19340
0L
0U
#19345
1L
1U
b11111101 k
b11111101 {
b1101 S
b1101 W
b1101 j
#19346
b111xxx0x Z
b111xxx0x q
b11101101 m
b11101101 |
1}
#19347
b11101101 Z
b11101101 q
0o
#19350
0L
0U
#19355
1L
1U
b1111 ."
b1110 /"
b10000000 0"
b11101011 1"
b1100001 -"
1N
#19360
0L
0U
#19365
1L
1U
b11111110 l
b11111110 u
b1110 R
b1110 V
b1110 i
#19366
b100000x1 [
b100000x1 r
b10000001 n
b10000001 v
1w
#19367
b10000001 [
b10000001 r
0p
#19370
0L
0U
#19375
b100 d
1L
1U
b1111 )"
b1110 *"
b10000000 +"
b11101011 ,"
b1100001 ("
1M
#19380
0L
0U
#19385
b101 d
b11101101 G
b11101101 Y
b11101101 f
b11101101 h
b11101101 z
b10000001 H
b10000001 X
b10000001 e
b10000001 g
b10000001 t
1L
1U
#19386
b11101010 Z
b11101010 q
b1111111 [
b1111111 r
b11101010 m
b11101010 |
b1111111 n
b1111111 v
#19387
b10000001 [
b10000001 r
1p
#19390
0L
0U
#19395
b11101101 '"
b10000001 &"
b0 d
1K
1b
1L
1U
#19400
0L
0U
#19405
1L
1U
#19410
0L
0U
1Q
b1111 !"
b1110 ""
b10000000 #"
b11101011 $"
b1100001 %"
#19415
b1 d
1L
1U
#19420
0L
0U
#19425
0K
0b
1L
1U
#19430
0L
0U
#19435
1L
1U
#19440
0L
0U
#19445
b10 d
1L
1U
0Q
#19450
0L
0U
#19455
bx k
bx {
bx S
bx W
bx j
bx l
bx u
bx R
bx V
bx i
1I
1J
1c
1L
1U
#19456
bx Z
bx q
bx [
bx r
bx m
bx |
x}
bx n
bx v
xw
xp
#19457
xo
#19460
0L
0U
#19465
1L
1U
#19470
0L
0U
#19475
1L
1U
#19480
0L
0U
#19485
1L
1U
0N
#19490
0L
0U
#19495
1L
1U
#19500
0L
0U
#19505
b11 d
1L
1U
0M
#19510
0L
0U
#19515
0I
0J
0c
1L
1U
#19520
0L
0U
#19525
1L
1U
#19530
0L
0U
#19535
1L
1U
#19540
0L
0U
#19545
1L
1U
b11111110 k
b11111110 {
b1110 S
b1110 W
b1110 j
#19546
b11101xx1 Z
b11101xx1 q
b11101011 m
b11101011 |
1}
#19547
b11101011 Z
b11101011 q
0o
#19550
0L
0U
#19555
1L
1U
b0 ."
b1011 /"
b11100110 1"
b1100010 -"
1N
#19560
0L
0U
#19565
1L
1U
b11111111 l
b11111111 u
b1111 R
b1111 V
b1111 i
#19566
b1000000x [
b1000000x r
b10000000 n
b10000000 v
1w
#19567
b10000000 [
b10000000 r
0p
#19570
0L
0U
#19575
b100 d
1L
1U
b0 )"
b1011 *"
b11100110 ,"
b1100010 ("
1M
#19580
0L
0U
#19585
b101 d
b11101011 G
b11101011 Y
b11101011 f
b11101011 h
b11101011 z
b10000000 H
b10000000 X
b10000000 e
b10000000 g
b10000000 t
1L
1U
#19586
b11101001 Z
b11101001 q
b1111111 [
b1111111 r
b11101001 m
b11101001 |
b1111111 n
b1111111 v
#19587
b10000000 [
b10000000 r
1p
#19590
0L
0U
#19595
b11101011 '"
b10000000 &"
b0 d
1K
1b
1L
1U
#19600
0L
0U
#19605
1L
1U
#19610
0L
0U
1Q
b0 !"
b1011 ""
b11100110 $"
b1100010 %"
#19615
b1 d
1L
1U
#19620
0L
0U
#19625
0K
0b
1L
1U
#19630
0L
0U
#19635
1L
1U
#19640
0L
0U
#19645
b10 d
1L
1U
0Q
#19650
0L
0U
#19655
bx k
bx {
bx S
bx W
bx j
bx l
bx u
bx R
bx V
bx i
1I
1J
1c
1L
1U
#19656
bx Z
bx q
bx [
bx r
bx m
bx |
x}
bx n
bx v
xw
xp
#19657
xo
#19660
0L
0U
#19665
1L
1U
#19670
0L
0U
#19675
1L
1U
#19680
0L
0U
#19685
1L
1U
0N
#19690
0L
0U
#19695
1L
1U
#19700
0L
0U
#19705
b11 d
1L
1U
0M
#19710
0L
0U
#19715
0I
0J
0c
1L
1U
#19720
0L
0U
#19725
1L
1U
#19730
0L
0U
#19735
1L
1U
#19740
0L
0U
#19745
1L
1U
b11111011 k
b11111011 {
b1011 S
b1011 W
b1011 j
#19746
b1110xx1x Z
b1110xx1x q
b11100110 m
b11100110 |
1}
#19747
b11100110 Z
b11100110 q
0o
#19750
0L
0U
#19755
1L
1U
b1011 ."
b11 /"
b11101001 1"
b1100011 -"
1N
#19760
0L
0U
#19765
1L
1U
b0 l
b0 u
b0 R
b0 V
b0 i
#19766
b10000000 [
b10000000 r
b10000000 n
b10000000 v
0w
0p
#19770
0L
0U
#19775
b100 d
1L
1U
b1011 )"
b11 *"
b11101001 ,"
b1100011 ("
1M
#19780
0L
0U
#19785
b101 d
b11100110 G
b11100110 Y
b11100110 f
b11100110 h
b11100110 z
1L
1U
#19786
b11100001 Z
b11100001 q
b11100001 m
b11100001 |
#19790
0L
0U
#19795
b11100110 '"
b0 d
1K
1b
1L
1U
#19800
0L
0U
#19805
1L
1U
#19810
0L
0U
1Q
b1011 !"
b11 ""
b11101001 $"
b1100011 %"
#19815
b1 d
1L
1U
#19820
0L
0U
#19825
0K
0b
1L
1U
#19830
0L
0U
#19835
1L
1U
#19840
0L
0U
#19845
b10 d
1L
1U
0Q
#19850
0L
0U
#19855
bx k
bx {
bx S
bx W
bx j
bx l
bx u
bx R
bx V
bx i
1I
1J
1c
1L
1U
#19856
bx Z
bx q
bx [
bx r
bx m
bx |
x}
bx n
bx v
xw
#19857
xo
xp
#19860
0L
0U
#19865
1L
1U
#19870
0L
0U
#19875
1L
1U
#19880
0L
0U
#19885
1L
1U
0N
#19890
0L
0U
#19895
1L
1U
#19900
0L
0U
#19905
b11 d
1L
1U
0M
#19910
0L
0U
#19915
0I
0J
0c
1L
1U
#19920
0L
0U
#19925
1L
1U
#19930
0L
0U
#19935
1L
1U
#19940
0L
0U
#19945
1L
1U
b11 k
b11 {
b11 S
b11 W
b11 j
#19946
b11101001 Z
b11101001 q
b11101001 m
b11101001 |
0}
0o
#19950
0L
0U
#19955
1L
1U
b1001 ."
b1011 /"
b11100100 1"
b1100100 -"
1N
#19960
0L
0U
#19965
1L
1U
b11111011 l
b11111011 u
b1011 R
b1011 V
b1011 i
#19966
bx0xx [
bx0xx r
b1111011 n
b1111011 v
1w
#19967
b10000000 [
b10000000 r
1p
#19970
0L
0U
#19975
b100 d
1L
1U
b1001 )"
b1011 *"
b11100100 ,"
b1100100 ("
1M
#19980
0L
0U
#19985
b101 d
b11101001 G
b11101001 Y
b11101001 f
b11101001 h
b11101001 z
1L
1U
#19986
b11101100 Z
b11101100 q
b11101100 m
b11101100 |
#19990
0L
0U
#19995
b11101001 '"
b0 d
1K
1b
1L
1U
#20000
0L
0U
#20005
1L
1U
#20010
0L
0U
1Q
b1001 !"
b1011 ""
b11100100 $"
b1100100 %"
#20015
b1 d
1L
1U
#20020
0L
0U
#20025
0K
0b
1L
1U
#20030
0L
0U
#20035
1L
1U
#20040
0L
0U
#20045
b10 d
1L
1U
0Q
#20050
0L
0U
#20055
bx k
bx {
bx S
bx W
bx j
bx l
bx u
bx R
bx V
bx i
1I
1J
1c
1L
1U
#20056
bx Z
bx q
bx [
bx r
bx m
bx |
x}
bx n
bx v
xw
xp
#20057
xo
#20060
0L
0U
#20065
1L
1U
#20070
0L
0U
#20075
1L
1U
#20080
0L
0U
#20085
1L
1U
0N
#20090
0L
0U
#20095
1L
1U
#20100
0L
0U
#20105
b11 d
1L
1U
0M
#20110
0L
0U
#20115
0I
0J
0c
1L
1U
#20120
0L
0U
#20125
1L
1U
#20130
0L
0U
#20135
1L
1U
#20140
0L
0U
#20145
1L
1U
b11111011 k
b11111011 {
b1011 S
b1011 W
b1011 j
#20146
b1110xx0x Z
b1110xx0x q
b11100100 m
b11100100 |
1}
#20147
b11100100 Z
b11100100 q
0o
#20150
0L
0U
#20155
1L
1U
b10 ."
b1100 /"
b10000010 0"
b11100000 1"
b1100101 -"
1N
#20160
0L
0U
#20165
1L
1U
b11111001 l
b11111001 u
b1001 R
b1001 V
b1001 i
#20166
bx00x [
bx00x r
b1111001 n
b1111001 v
1w
#20167
b10000000 [
b10000000 r
1p
#20170
0L
0U
#20175
b100 d
1L
1U
b10 )"
b1100 *"
b10000010 +"
b11100000 ,"
b1100101 ("
1M
#20180
0L
0U
#20185
b101 d
b11100100 G
b11100100 Y
b11100100 f
b11100100 h
b11100100 z
1L
1U
#20186
b11011111 Z
b11011111 q
b11011111 m
b11011111 |
#20190
0L
0U
#20195
b11100100 '"
b0 d
1K
1b
1L
1U
#20200
0L
0U
#20205
1L
1U
#20210
0L
0U
1Q
b10 !"
b1100 ""
b10000010 #"
b11100000 $"
b1100101 %"
#20215
b1 d
1L
1U
#20220
0L
0U
#20225
0K
0b
1L
1U
#20230
0L
0U
#20235
1L
1U
#20240
0L
0U
#20245
b10 d
1L
1U
0Q
#20250
0L
0U
#20255
bx k
bx {
bx S
bx W
bx j
bx l
bx u
bx R
bx V
bx i
1I
1J
1c
1L
1U
#20256
bx Z
bx q
bx [
bx r
bx m
bx |
x}
bx n
bx v
xw
xp
#20257
xo
#20260
0L
0U
#20265
1L
1U
#20270
0L
0U
#20275
1L
1U
#20280
0L
0U
#20285
1L
1U
0N
#20290
0L
0U
#20295
1L
1U
#20300
0L
0U
#20305
b11 d
1L
1U
0M
#20310
0L
0U
#20315
0I
0J
0c
1L
1U
#20320
0L
0U
#20325
1L
1U
#20330
0L
0U
#20335
1L
1U
#20340
0L
0U
#20345
1L
1U
b11111100 k
b11111100 {
b1100 S
b1100 W
b1100 j
#20346
b11100x00 Z
b11100x00 q
b11100000 m
b11100000 |
1}
#20347
b11100000 Z
b11100000 q
0o
#20350
0L
0U
#20355
1L
1U
b1000 ."
b1 /"
b11100001 1"
b1100110 -"
1N
#20360
0L
0U
#20365
1L
1U
b10 l
b10 u
b10 R
b10 V
b10 i
#20366
b10000010 [
b10000010 r
b10000010 n
b10000010 v
0w
0p
#20370
0L
0U
#20375
b100 d
1L
1U
b1000 )"
b1 *"
b11100001 ,"
b1100110 ("
1M
#20380
0L
0U
#20385
b101 d
b11100000 G
b11100000 Y
b11100000 f
b11100000 h
b11100000 z
b10000010 H
b10000010 X
b10000010 e
b10000010 g
b10000010 t
1L
1U
#20386
b11011100 Z
b11011100 q
b10000100 [
b10000100 r
b11011100 m
b11011100 |
b10000100 n
b10000100 v
#20390
0L
0U
#20395
b11100000 '"
b10000010 &"
b0 d
1K
1b
1L
1U
#20400
0L
0U
#20405
1L
1U
#20410
0L
0U
1Q
b1000 !"
b1 ""
b11100001 $"
b1100110 %"
#20415
b1 d
1L
1U
#20420
0L
0U
#20425
0K
0b
1L
1U
#20430
0L
0U
#20435
1L
1U
#20440
0L
0U
#20445
b10 d
1L
1U
0Q
#20450
0L
0U
#20455
bx k
bx {
bx S
bx W
bx j
bx l
bx u
bx R
bx V
bx i
1I
1J
1c
1L
1U
#20456
bx Z
bx q
bx [
bx r
bx m
bx |
x}
bx n
bx v
xw
#20457
xo
xp
#20460
0L
0U
#20465
1L
1U
#20470
0L
0U
#20475
1L
1U
#20480
0L
0U
#20485
1L
1U
0N
#20490
0L
0U
#20495
1L
1U
#20500
0L
0U
#20505
b11 d
1L
1U
0M
#20510
0L
0U
#20515
0I
0J
0c
1L
1U
#20520
0L
0U
#20525
1L
1U
#20530
0L
0U
#20535
1L
1U
#20540
0L
0U
#20545
1L
1U
b1 k
b1 {
b1 S
b1 W
b1 j
#20546
b11100001 Z
b11100001 q
b11100001 m
b11100001 |
0}
0o
#20550
0L
0U
#20555
1L
1U
b111 ."
b101 /"
b10001001 0"
b11100110 1"
b1100111 -"
1N
#20560
0L
0U
#20565
1L
1U
b11111000 l
b11111000 u
b1000 R
b1000 V
b1000 i
#20566
bx010 [
bx010 r
b1111010 n
b1111010 v
1w
#20567
b10000010 [
b10000010 r
1p
#20570
0L
0U
#20575
b100 d
1L
1U
b111 )"
b101 *"
b10001001 +"
b11100110 ,"
b1100111 ("
1M
#20580
0L
0U
#20585
b101 d
b11100001 G
b11100001 Y
b11100001 f
b11100001 h
b11100001 z
1L
1U
#20586
b11100010 Z
b11100010 q
b11100010 m
b11100010 |
#20590
0L
0U
#20595
b11100001 '"
b0 d
1K
1b
1L
1U
#20600
0L
0U
#20605
1L
1U
#20610
0L
0U
1Q
b111 !"
b101 ""
b10001001 #"
b11100110 $"
b1100111 %"
#20615
b1 d
1L
1U
#20620
0L
0U
#20625
0K
0b
1L
1U
#20630
0L
0U
#20635
1L
1U
#20640
0L
0U
#20645
b10 d
1L
1U
0Q
#20650
0L
0U
#20655
bx k
bx {
bx S
bx W
bx j
bx l
bx u
bx R
bx V
bx i
1I
1J
1c
1L
1U
#20656
bx Z
bx q
bx [
bx r
bx m
bx |
x}
bx n
bx v
xw
xp
#20657
xo
#20660
0L
0U
#20665
1L
1U
#20670
0L
0U
#20675
1L
1U
#20680
0L
0U
#20685
1L
1U
0N
#20690
0L
0U
#20695
1L
1U
#20700
0L
0U
#20705
b11 d
1L
1U
0M
#20710
0L
0U
#20715
0I
0J
0c
1L
1U
#20720
0L
0U
#20725
1L
1U
#20730
0L
0U
#20735
1L
1U
#20740
0L
0U
#20745
1L
1U
b101 k
b101 {
b101 S
b101 W
b101 j
#20746
b11100110 Z
b11100110 q
b11100110 m
b11100110 |
0}
0o
#20750
0L
0U
#20755
1L
1U
b0 ."
b1101 /"
b11100011 1"
b1101000 -"
1N
#20760
0L
0U
#20765
1L
1U
b111 l
b111 u
b111 R
b111 V
b111 i
#20766
b10001001 [
b10001001 r
b10001001 n
b10001001 v
0w
0p
#20770
0L
0U
#20775
b100 d
1L
1U
b0 )"
b1101 *"
b11100011 ,"
b1101000 ("
1M
#20780
0L
0U
#20785
b101 d
b11100110 G
b11100110 Y
b11100110 f
b11100110 h
b11100110 z
b10001001 H
b10001001 X
b10001001 e
b10001001 g
b10001001 t
1L
1U
#20786
b11101011 Z
b11101011 q
b10010000 [
b10010000 r
b11101011 m
b11101011 |
b10010000 n
b10010000 v
#20790
0L
0U
#20795
b11100110 '"
b10001001 &"
b0 d
1K
1b
1L
1U
#20800
0L
0U
#20805
1L
1U
#20810
0L
0U
1Q
b0 !"
b1101 ""
b11100011 $"
b1101000 %"
#20815
b1 d
1L
1U
#20820
0L
0U
#20825
0K
0b
1L
1U
#20830
0L
0U
#20835
1L
1U
#20840
0L
0U
#20845
b10 d
1L
1U
0Q
#20850
0L
0U
#20855
bx k
bx {
bx S
bx W
bx j
bx l
bx u
bx R
bx V
bx i
1I
1J
1c
1L
1U
#20856
bx Z
bx q
bx [
bx r
bx m
bx |
x}
bx n
bx v
xw
#20857
xo
xp
#20860
0L
0U
#20865
1L
1U
#20870
0L
0U
#20875
1L
1U
#20880
0L
0U
#20885
1L
1U
0N
#20890
0L
0U
#20895
1L
1U
#20900
0L
0U
#20905
b11 d
1L
1U
0M
#20910
0L
0U
#20915
0I
0J
0c
1L
1U
#20920
0L
0U
#20925
1L
1U
#20930
0L
0U
#20935
1L
1U
#20940
0L
0U
#20945
1L
1U
b11111101 k
b11111101 {
b1101 S
b1101 W
b1101 j
#20946
b11100x1x Z
b11100x1x q
b11100011 m
b11100011 |
1}
#20947
b11100011 Z
b11100011 q
0o
#20950
0L
0U
#20955
1L
1U
b1101 ."
b10000110 0"
b11100000 1"
b1101001 -"
1N
#20960
0L
0U
#20965
1L
1U
b0 l
b0 u
b0 R
b0 V
b0 i
#20966
b10001001 [
b10001001 r
b10001001 n
b10001001 v
0w
0p
#20970
0L
0U
#20975
b100 d
1L
1U
b1101 )"
b10000110 +"
b11100000 ,"
b1101001 ("
1M
#20980
0L
0U
#20985
b101 d
b11100011 G
b11100011 Y
b11100011 f
b11100011 h
b11100011 z
1L
1U
#20986
b11100000 Z
b11100000 q
b11100000 m
b11100000 |
#20990
0L
0U
#20995
b11100011 '"
b0 d
1K
1b
1L
1U
#21000
0L
0U
#21005
1L
1U
#21010
0L
0U
1Q
b1101 !"
b10000110 #"
b11100000 $"
b1101001 %"
#21015
b1 d
1L
1U
#21020
0L
0U
#21025
0K
0b
1L
1U
#21030
0L
0U
#21035
1L
1U
#21040
0L
0U
#21045
b10 d
1L
1U
0Q
#21050
0L
0U
#21055
bx k
bx {
bx S
bx W
bx j
bx l
bx u
bx R
bx V
bx i
1I
1J
1c
1L
1U
#21056
bx Z
bx q
bx [
bx r
bx m
bx |
x}
bx n
bx v
xw
#21057
xo
xp
#21060
0L
0U
#21065
1L
1U
#21070
0L
0U
#21075
1L
1U
#21080
0L
0U
#21085
1L
1U
0N
#21090
0L
0U
#21095
1L
1U
#21100
0L
0U
#21105
b11 d
1L
1U
0M
#21110
0L
0U
#21115
0I
0J
0c
1L
1U
#21120
0L
0U
#21125
1L
1U
#21130
0L
0U
#21135
1L
1U
#21140
0L
0U
#21145
1L
1U
b11111101 k
b11111101 {
b1101 S
b1101 W
b1101 j
#21146
b111000xx Z
b111000xx q
b11100000 m
b11100000 |
1}
#21147
b11100000 Z
b11100000 q
0o
#21150
0L
0U
#21155
1L
1U
b1110 ."
b1 /"
b10000100 0"
b11100001 1"
b1101010 -"
1N
#21160
0L
0U
#21165
1L
1U
b11111101 l
b11111101 u
b1101 R
b1101 V
b1101 i
#21166
b1000xxxx [
b1000xxxx r
b10000110 n
b10000110 v
1w
#21167
b10000110 [
b10000110 r
0p
#21170
0L
0U
#21175
b100 d
1L
1U
b1110 )"
b1 *"
b10000100 +"
b11100001 ,"
b1101010 ("
1M
#21180
0L
0U
#21185
b101 d
b11100000 G
b11100000 Y
b11100000 f
b11100000 h
b11100000 z
b10000110 H
b10000110 X
b10000110 e
b10000110 g
b10000110 t
1L
1U
#21186
b11011101 Z
b11011101 q
b10000011 [
b10000011 r
b11011101 m
b11011101 |
b10000011 n
b10000011 v
#21190
0L
0U
#21195
b11100000 '"
b10000110 &"
b0 d
1K
1b
1L
1U
#21200
0L
0U
#21205
1L
1U
#21210
0L
0U
1Q
b1110 !"
b1 ""
b10000100 #"
b11100001 $"
b1101010 %"
#21215
b1 d
1L
1U
#21220
0L
0U
#21225
0K
0b
1L
1U
#21230
0L
0U
#21235
1L
1U
#21240
0L
0U
#21245
b10 d
1L
1U
0Q
#21250
0L
0U
#21255
bx k
bx {
bx S
bx W
bx j
bx l
bx u
bx R
bx V
bx i
1I
1J
1c
1L
1U
#21256
bx Z
bx q
bx [
bx r
bx m
bx |
x}
bx n
bx v
xw
#21257
xo
xp
#21260
0L
0U
#21265
1L
1U
#21270
0L
0U
#21275
1L
1U
#21280
0L
0U
#21285
1L
1U
0N
#21290
0L
0U
#21295
1L
1U
#21300
0L
0U
#21305
b11 d
1L
1U
0M
#21310
0L
0U
#21315
0I
0J
0c
1L
1U
#21320
0L
0U
#21325
1L
1U
#21330
0L
0U
#21335
1L
1U
#21340
0L
0U
#21345
1L
1U
b1 k
b1 {
b1 S
b1 W
b1 j
#21346
b11100001 Z
b11100001 q
b11100001 m
b11100001 |
0}
0o
#21350
0L
0U
#21355
1L
1U
b1000 ."
b1110 /"
b11011111 1"
b1101011 -"
1N
#21360
0L
0U
#21365
1L
1U
b11111110 l
b11111110 u
b1110 R
b1110 V
b1110 i
#21366
b100001x0 [
b100001x0 r
b10000100 n
b10000100 v
1w
#21367
b10000100 [
b10000100 r
0p
#21370
0L
0U
#21375
b100 d
1L
1U
b1000 )"
b1110 *"
b11011111 ,"
b1101011 ("
1M
#21380
0L
0U
#21385
b101 d
b11100001 G
b11100001 Y
b11100001 f
b11100001 h
b11100001 z
b10000100 H
b10000100 X
b10000100 e
b10000100 g
b10000100 t
1L
1U
#21386
b11100010 Z
b11100010 q
b10000010 [
b10000010 r
b11100010 m
b11100010 |
b10000010 n
b10000010 v
#21390
0L
0U
#21395
b11100001 '"
b10000100 &"
b0 d
1K
1b
1L
1U
#21400
0L
0U
#21405
1L
1U
#21410
0L
0U
1Q
b1000 !"
b1110 ""
b11011111 $"
b1101011 %"
#21415
b1 d
1L
1U
#21420
0L
0U
#21425
0K
0b
1L
1U
#21430
0L
0U
#21435
1L
1U
#21440
0L
0U
#21445
b10 d
1L
1U
0Q
#21450
0L
0U
#21455
bx k
bx {
bx S
bx W
bx j
bx l
bx u
bx R
bx V
bx i
1I
1J
1c
1L
1U
#21456
bx Z
bx q
bx [
bx r
bx m
bx |
x}
bx n
bx v
xw
#21457
xo
xp
#21460
0L
0U
#21465
1L
1U
#21470
0L
0U
#21475
1L
1U
#21480
0L
0U
#21485
1L
1U
0N
#21490
0L
0U
#21495
1L
1U
#21500
0L
0U
#21505
b11 d
1L
1U
0M
#21510
0L
0U
#21515
0I
0J
0c
1L
1U
#21520
0L
0U
#21525
1L
1U
#21530
0L
0U
#21535
1L
1U
#21540
0L
0U
#21545
1L
1U
b11111110 k
b11111110 {
b1110 S
b1110 W
b1110 j
#21546
b11xxxxx1 Z
b11xxxxx1 q
b11011111 m
b11011111 |
1}
#21547
b11011111 Z
b11011111 q
0o
#21550
0L
0U
#21555
1L
1U
b111 ."
b1 /"
b10001011 0"
b11100000 1"
b1101100 -"
1N
#21560
0L
0U
#21565
1L
1U
b11111000 l
b11111000 u
b1000 R
b1000 V
b1000 i
#21566
bx100 [
bx100 r
b1111100 n
b1111100 v
1w
#21567
b10000100 [
b10000100 r
1p
#21570
0L
0U
#21575
b100 d
1L
1U
b111 )"
b1 *"
b10001011 +"
b11100000 ,"
b1101100 ("
1M
#21580
0L
0U
#21585
b101 d
b11011111 G
b11011111 Y
b11011111 f
b11011111 h
b11011111 z
1L
1U
#21586
b11011101 Z
b11011101 q
b11011101 m
b11011101 |
#21590
0L
0U
#21595
b11011111 '"
b0 d
1K
1b
1L
1U
#21600
0L
0U
#21605
1L
1U
#21610
0L
0U
1Q
b111 !"
b1 ""
b10001011 #"
b11100000 $"
b1101100 %"
#21615
b1 d
1L
1U
#21620
0L
0U
#21625
0K
0b
1L
1U
#21630
0L
0U
#21635
1L
1U
#21640
0L
0U
#21645
b10 d
1L
1U
0Q
#21650
0L
0U
#21655
bx k
bx {
bx S
bx W
bx j
bx l
bx u
bx R
bx V
bx i
1I
1J
1c
1L
1U
#21656
bx Z
bx q
bx [
bx r
bx m
bx |
x}
bx n
bx v
xw
xp
#21657
xo
#21660
0L
0U
#21665
1L
1U
#21670
0L
0U
#21675
1L
1U
#21680
0L
0U
#21685
1L
1U
0N
#21690
0L
0U
#21695
1L
1U
#21700
0L
0U
#21705
b11 d
1L
1U
0M
#21710
0L
0U
#21715
0I
0J
0c
1L
1U
#21720
0L
0U
#21725
1L
1U
#21730
0L
0U
#21735
1L
1U
#21740
0L
0U
#21745
1L
1U
b1 k
b1 {
b1 S
b1 W
b1 j
#21746
b11100000 Z
b11100000 q
b11100000 m
b11100000 |
0}
0o
#21750
0L
0U
#21755
1L
1U
b1101 ."
b111 /"
b10001000 0"
b11100111 1"
b1101101 -"
1N
#21760
0L
0U
#21765
1L
1U
b111 l
b111 u
b111 R
b111 V
b111 i
#21766
b10001011 [
b10001011 r
b10001011 n
b10001011 v
0w
0p
#21770
0L
0U
#21775
b100 d
1L
1U
b1101 )"
b111 *"
b10001000 +"
b11100111 ,"
b1101101 ("
1M
#21780
0L
0U
#21785
b101 d
b11100000 G
b11100000 Y
b11100000 f
b11100000 h
b11100000 z
b10001011 H
b10001011 X
b10001011 e
b10001011 g
b10001011 t
1L
1U
#21786
b11100001 Z
b11100001 q
b10010010 [
b10010010 r
b11100001 m
b11100001 |
b10010010 n
b10010010 v
#21790
0L
0U
#21795
b11100000 '"
b10001011 &"
b0 d
1K
1b
1L
1U
#21800
0L
0U
#21805
1L
1U
#21810
0L
0U
1Q
b1101 !"
b111 ""
b10001000 #"
b11100111 $"
b1101101 %"
#21815
b1 d
1L
1U
#21820
0L
0U
#21825
0K
0b
1L
1U
#21830
0L
0U
#21835
1L
1U
#21840
0L
0U
#21845
b10 d
1L
1U
0Q
#21850
0L
0U
#21855
bx k
bx {
bx S
bx W
bx j
bx l
bx u
bx R
bx V
bx i
1I
1J
1c
1L
1U
#21856
bx Z
bx q
bx [
bx r
bx m
bx |
x}
bx n
bx v
xw
#21857
xo
xp
#21860
0L
0U
#21865
1L
1U
#21870
0L
0U
#21875
1L
1U
#21880
0L
0U
#21885
1L
1U
0N
#21890
0L
0U
#21895
1L
1U
#21900
0L
0U
#21905
b11 d
1L
1U
0M
#21910
0L
0U
#21915
0I
0J
0c
1L
1U
#21920
0L
0U
#21925
1L
1U
#21930
0L
0U
#21935
1L
1U
#21940
0L
0U
#21945
1L
1U
b111 k
b111 {
b111 S
b111 W
b111 j
#21946
b11100111 Z
b11100111 q
b11100111 m
b11100111 |
0}
0o
#21950
0L
0U
#21955
1L
1U
b100 ."
b1100 /"
b10001100 0"
b11100011 1"
b1101110 -"
1N
#21960
0L
0U
#21965
1L
1U
b11111101 l
b11111101 u
b1101 R
b1101 V
b1101 i
#21966
b100010xx [
b100010xx r
b10001000 n
b10001000 v
1w
#21967
b10001000 [
b10001000 r
0p
#21970
0L
0U
#21975
b100 d
1L
1U
b100 )"
b1100 *"
b10001100 +"
b11100011 ,"
b1101110 ("
1M
#21980
0L
0U
#21985
b101 d
b11100111 G
b11100111 Y
b11100111 f
b11100111 h
b11100111 z
b10001000 H
b10001000 X
b10001000 e
b10001000 g
b10001000 t
1L
1U
#21986
b11101110 Z
b11101110 q
b10000101 [
b10000101 r
b11101110 m
b11101110 |
b10000101 n
b10000101 v
#21990
0L
0U
#21995
b11100111 '"
b10001000 &"
b0 d
1K
1b
1L
1U
#22000
0L
0U
#22005
1L
1U
#22010
0L
0U
1Q
b100 !"
b1100 ""
b10001100 #"
b11100011 $"
b1101110 %"
#22015
b1 d
1L
1U
#22020
0L
0U
#22025
0K
0b
1L
1U
#22030
0L
0U
#22035
1L
1U
#22040
0L
0U
#22045
b10 d
1L
1U
0Q
#22050
0L
0U
#22055
bx k
bx {
bx S
bx W
bx j
bx l
bx u
bx R
bx V
bx i
1I
1J
1c
1L
1U
#22056
bx Z
bx q
bx [
bx r
bx m
bx |
x}
bx n
bx v
xw
#22057
xo
xp
#22060
0L
0U
#22065
1L
1U
#22070
0L
0U
#22075
1L
1U
#22080
0L
0U
#22085
1L
1U
0N
#22090
0L
0U
#22095
1L
1U
#22100
0L
0U
#22105
b11 d
1L
1U
0M
#22110
0L
0U
#22115
0I
0J
0c
1L
1U
#22120
0L
0U
#22125
1L
1U
#22130
0L
0U
#22135
1L
1U
#22140
0L
0U
#22145
1L
1U
b11111100 k
b11111100 {
b1100 S
b1100 W
b1100 j
#22146
b11100x11 Z
b11100x11 q
b11100011 m
b11100011 |
1}
#22147
b11100011 Z
b11100011 q
0o
#22150
0L
0U
#22155
1L
1U
b10 ."
b0 /"
b10001110 0"
b1101111 -"
1N
#22160
0L
0U
#22165
1L
1U
b100 l
b100 u
b100 R
b100 V
b100 i
#22166
b10001100 [
b10001100 r
b10001100 n
b10001100 v
0w
0p
#22170
0L
0U
#22175
b100 d
1L
1U
b10 )"
b0 *"
b10001110 +"
b1101111 ("
1M
#22180
0L
0U
#22185
b101 d
b11100011 G
b11100011 Y
b11100011 f
b11100011 h
b11100011 z
b10001100 H
b10001100 X
b10001100 e
b10001100 g
b10001100 t
1L
1U
#22186
b11011111 Z
b11011111 q
b10010000 [
b10010000 r
b11011111 m
b11011111 |
b10010000 n
b10010000 v
#22190
0L
0U
#22195
b11100011 '"
b10001100 &"
b0 d
1K
1b
1L
1U
#22200
0L
0U
#22205
1L
1U
#22210
0L
0U
1Q
b10 !"
b0 ""
b10001110 #"
b1101111 %"
#22215
b1 d
1L
1U
#22220
0L
0U
#22225
0K
0b
1L
1U
#22230
0L
0U
#22235
1L
1U
#22240
0L
0U
#22245
b10 d
1L
1U
0Q
#22250
0L
0U
#22255
bx k
bx {
bx S
bx W
bx j
bx l
bx u
bx R
bx V
bx i
1I
1J
1c
1L
1U
#22256
bx Z
bx q
bx [
bx r
bx m
bx |
x}
bx n
bx v
xw
#22257
xo
xp
#22260
0L
0U
#22265
1L
1U
#22270
0L
0U
#22275
1L
1U
#22280
0L
0U
#22285
1L
1U
0N
#22290
0L
0U
#22295
1L
1U
#22300
0L
0U
#22305
b11 d
1L
1U
0M
#22310
0L
0U
#22315
0I
0J
0c
1L
1U
#22320
0L
0U
#22325
1L
1U
#22330
0L
0U
#22335
1L
1U
#22340
0L
0U
#22345
1L
1U
b0 k
b0 {
b0 S
b0 W
b0 j
#22346
b11100011 Z
b11100011 q
b11100011 m
b11100011 |
0}
0o
#22350
0L
0U
#22355
1L
1U
b1100 ."
b10 /"
b10001010 0"
b11100101 1"
b1110000 -"
1N
#22360
0L
0U
#22365
1L
1U
b10 l
b10 u
b10 R
b10 V
b10 i
#22366
b10001110 [
b10001110 r
b10001110 n
b10001110 v
0w
0p
#22370
0L
0U
#22375
b100 d
1L
1U
b1100 )"
b10 *"
b10001010 +"
b11100101 ,"
b1110000 ("
1M
#22380
0L
0U
#22385
b101 d
b10001110 H
b10001110 X
b10001110 e
b10001110 g
b10001110 t
1L
1U
#22386
b10010000 [
b10010000 r
b10010000 n
b10010000 v
#22390
0L
0U
#22395
b10001110 &"
b0 d
1K
1b
1L
1U
#22400
0L
0U
#22405
1L
1U
#22410
0L
0U
1Q
b1100 !"
b10 ""
b10001010 #"
b11100101 $"
b1110000 %"
#22415
b1 d
1L
1U
#22420
0L
0U
#22425
0K
0b
1L
1U
#22430
0L
0U
#22435
1L
1U
#22440
0L
0U
#22445
b10 d
1L
1U
0Q
#22450
0L
0U
#22455
bx k
bx {
bx S
bx W
bx j
bx l
bx u
bx R
bx V
bx i
1I
1J
1c
1L
1U
#22456
bx Z
bx q
bx [
bx r
bx m
bx |
x}
bx n
bx v
xw
#22457
xo
xp
#22460
0L
0U
#22465
1L
1U
#22470
0L
0U
#22475
1L
1U
#22480
0L
0U
#22485
1L
1U
0N
#22490
0L
0U
#22495
1L
1U
#22500
0L
0U
#22505
b11 d
1L
1U
0M
#22510
0L
0U
#22515
0I
0J
0c
1L
1U
#22520
0L
0U
#22525
1L
1U
#22530
0L
0U
#22535
1L
1U
#22540
0L
0U
#22545
1L
1U
b10 k
b10 {
b10 S
b10 W
b10 j
#22546
b11100101 Z
b11100101 q
b11100101 m
b11100101 |
0}
0o
#22550
0L
0U
#22555
1L
1U
b11 ."
b1100 /"
b10001101 0"
b11100001 1"
b1110001 -"
1N
#22560
0L
0U
#22565
1L
1U
b11111100 l
b11111100 u
b1100 R
b1100 V
b1100 i
#22566
b10001x10 [
b10001x10 r
b10001010 n
b10001010 v
1w
#22567
b10001010 [
b10001010 r
0p
#22570
0L
0U
#22575
b100 d
1L
1U
b11 )"
b1100 *"
b10001101 +"
b11100001 ,"
b1110001 ("
1M
#22580
0L
0U
#22585
b101 d
b11100101 G
b11100101 Y
b11100101 f
b11100101 h
b11100101 z
b10001010 H
b10001010 X
b10001010 e
b10001010 g
b10001010 t
1L
1U
#22586
b11100111 Z
b11100111 q
b10000110 [
b10000110 r
b11100111 m
b11100111 |
b10000110 n
b10000110 v
#22590
0L
0U
#22595
b11100101 '"
b10001010 &"
b0 d
1K
1b
1L
1U
#22600
0L
0U
#22605
1L
1U
#22610
0L
0U
1Q
b11 !"
b1100 ""
b10001101 #"
b11100001 $"
b1110001 %"
#22615
b1 d
1L
1U
#22620
0L
0U
#22625
0K
0b
1L
1U
#22630
0L
0U
#22635
1L
1U
#22640
0L
0U
#22645
b10 d
1L
1U
0Q
#22650
0L
0U
#22655
bx k
bx {
bx S
bx W
bx j
bx l
bx u
bx R
bx V
bx i
1I
1J
1c
1L
1U
#22656
bx Z
bx q
bx [
bx r
bx m
bx |
x}
bx n
bx v
xw
#22657
xo
xp
#22660
0L
0U
#22665
1L
1U
#22670
0L
0U
#22675
1L
1U
#22680
0L
0U
#22685
1L
1U
0N
#22690
0L
0U
#22695
1L
1U
#22700
0L
0U
#22705
b11 d
1L
1U
0M
#22710
0L
0U
#22715
0I
0J
0c
1L
1U
#22720
0L
0U
#22725
1L
1U
#22730
0L
0U
#22735
1L
1U
#22740
0L
0U
#22745
1L
1U
b11111100 k
b11111100 {
b1100 S
b1100 W
b1100 j
#22746
b11100x01 Z
b11100x01 q
b11100001 m
b11100001 |
1}
#22747
b11100001 Z
b11100001 q
0o
#22750
0L
0U
#22755
1L
1U
b110 ."
b1011 /"
b10010011 0"
b11011100 1"
b1110010 -"
1N
#22760
0L
0U
#22765
1L
1U
b11 l
b11 u
b11 R
b11 V
b11 i
#22766
b10001101 [
b10001101 r
b10001101 n
b10001101 v
0w
0p
#22770
0L
0U
#22775
b100 d
1L
1U
b110 )"
b1011 *"
b10010011 +"
b11011100 ,"
b1110010 ("
1M
#22780
0L
0U
#22785
b101 d
b11100001 G
b11100001 Y
b11100001 f
b11100001 h
b11100001 z
b10001101 H
b10001101 X
b10001101 e
b10001101 g
b10001101 t
1L
1U
#22786
b11011101 Z
b11011101 q
b10010000 [
b10010000 r
b11011101 m
b11011101 |
b10010000 n
b10010000 v
#22790
0L
0U
#22795
b11100001 '"
b10001101 &"
b0 d
1K
1b
1L
1U
#22800
0L
0U
#22805
1L
1U
#22810
0L
0U
1Q
b110 !"
b1011 ""
b10010011 #"
b11011100 $"
b1110010 %"
#22815
b1 d
1L
1U
#22820
0L
0U
#22825
0K
0b
1L
1U
#22830
0L
0U
#22835
1L
1U
#22840
0L
0U
#22845
b10 d
1L
1U
0Q
#22850
0L
0U
#22855
bx k
bx {
bx S
bx W
bx j
bx l
bx u
bx R
bx V
bx i
1I
1J
1c
1L
1U
#22856
bx Z
bx q
bx [
bx r
bx m
bx |
x}
bx n
bx v
xw
#22857
xo
xp
#22860
0L
0U
#22865
1L
1U
#22870
0L
0U
#22875
1L
1U
#22880
0L
0U
#22885
1L
1U
0N
#22890
0L
0U
#22895
1L
1U
#22900
0L
0U
#22905
b11 d
1L
1U
0M
#22910
0L
0U
#22915
0I
0J
0c
1L
1U
#22920
0L
0U
#22925
1L
1U
#22930
0L
0U
#22935
1L
1U
#22940
0L
0U
#22945
1L
1U
b11111011 k
b11111011 {
b1011 S
b1011 W
b1011 j
#22946
b11xxxx0x Z
b11xxxx0x q
b11011100 m
b11011100 |
1}
#22947
b11011100 Z
b11011100 q
0o
#22950
0L
0U
#22955
1L
1U
b11 ."
b10010110 0"
b11010111 1"
b1110011 -"
1N
#22960
0L
0U
#22965
1L
1U
b110 l
b110 u
b110 R
b110 V
b110 i
#22966
b10010011 [
b10010011 r
b10010011 n
b10010011 v
0w
0p
#22970
0L
0U
#22975
b100 d
1L
1U
b11 )"
b10010110 +"
b11010111 ,"
b1110011 ("
1M
#22980
0L
0U
#22985
b101 d
b11011100 G
b11011100 Y
b11011100 f
b11011100 h
b11011100 z
b10010011 H
b10010011 X
b10010011 e
b10010011 g
b10010011 t
1L
1U
#22986
b11010111 Z
b11010111 q
b10011001 [
b10011001 r
b11010111 m
b11010111 |
b10011001 n
b10011001 v
#22990
0L
0U
#22995
b11011100 '"
b10010011 &"
b0 d
1K
1b
1L
1U
#23000
0L
0U
#23005
1L
1U
#23010
0L
0U
1Q
b11 !"
b10010110 #"
b11010111 $"
b1110011 %"
#23015
b1 d
1L
1U
#23020
0L
0U
#23025
0K
0b
1L
1U
#23030
0L
0U
#23035
1L
1U
#23040
0L
0U
#23045
b10 d
1L
1U
0Q
#23050
0L
0U
#23055
bx k
bx {
bx S
bx W
bx j
bx l
bx u
bx R
bx V
bx i
1I
1J
1c
1L
1U
#23056
bx Z
bx q
bx [
bx r
bx m
bx |
x}
bx n
bx v
xw
#23057
xo
xp
#23060
0L
0U
#23065
1L
1U
#23070
0L
0U
#23075
1L
1U
#23080
0L
0U
#23085
1L
1U
0N
#23090
0L
0U
#23095
1L
1U
#23100
0L
0U
#23105
b11 d
1L
1U
0M
#23110
0L
0U
#23115
0I
0J
0c
1L
1U
#23120
0L
0U
#23125
1L
1U
#23130
0L
0U
#23135
1L
1U
#23140
0L
0U
#23145
1L
1U
b11111011 k
b11111011 {
b1011 S
b1011 W
b1011 j
#23146
b1101x1xx Z
b1101x1xx q
b11010111 m
b11010111 |
1}
#23147
b11010111 Z
b11010111 q
0o
#23150
0L
0U
#23155
1L
1U
b1101 /"
b10011001 0"
b11010100 1"
b1110100 -"
1N
#23160
0L
0U
#23165
1L
1U
b11 l
b11 u
b11 R
b11 V
b11 i
#23166
b10010110 [
b10010110 r
b10010110 n
b10010110 v
0w
0p
#23170
0L
0U
#23175
b100 d
1L
1U
b1101 *"
b10011001 +"
b11010100 ,"
b1110100 ("
1M
#23180
0L
0U
#23185
b101 d
b11010111 G
b11010111 Y
b11010111 f
b11010111 h
b11010111 z
b10010110 H
b10010110 X
b10010110 e
b10010110 g
b10010110 t
1L
1U
#23186
b11010010 Z
b11010010 q
b10011001 [
b10011001 r
b11010010 m
b11010010 |
b10011001 n
b10011001 v
#23190
0L
0U
#23195
b11010111 '"
b10010110 &"
b0 d
1K
1b
1L
1U
#23200
0L
0U
#23205
1L
1U
#23210
0L
0U
1Q
b1101 ""
b10011001 #"
b11010100 $"
b1110100 %"
#23215
b1 d
1L
1U
#23220
0L
0U
#23225
0K
0b
1L
1U
#23230
0L
0U
#23235
1L
1U
#23240
0L
0U
#23245
b10 d
1L
1U
0Q
#23250
0L
0U
#23255
bx k
bx {
bx S
bx W
bx j
bx l
bx u
bx R
bx V
bx i
1I
1J
1c
1L
1U
#23256
bx Z
bx q
bx [
bx r
bx m
bx |
x}
bx n
bx v
xw
#23257
xo
xp
#23260
0L
0U
#23265
1L
1U
#23270
0L
0U
#23275
1L
1U
#23280
0L
0U
#23285
1L
1U
0N
#23290
0L
0U
#23295
1L
1U
#23300
0L
0U
#23305
b11 d
1L
1U
0M
#23310
0L
0U
#23315
0I
0J
0c
1L
1U
#23320
0L
0U
#23325
1L
1U
#23330
0L
0U
#23335
1L
1U
#23340
0L
0U
#23345
1L
1U
b11111101 k
b11111101 {
b1101 S
b1101 W
b1101 j
#23346
b110101xx Z
b110101xx q
b11010100 m
b11010100 |
1}
#23347
b11010100 Z
b11010100 q
0o
#23350
0L
0U
#23355
1L
1U
b1110 /"
b10011100 0"
b11010010 1"
b1110101 -"
1N
#23360
0L
0U
#23365
1L
1U
b11 l
b11 u
b11 R
b11 V
b11 i
#23366
b10011001 [
b10011001 r
b10011001 n
b10011001 v
0w
0p
#23370
0L
0U
#23375
b100 d
1L
1U
b1110 *"
b10011100 +"
b11010010 ,"
b1110101 ("
1M
#23380
0L
0U
#23385
b101 d
b11010100 G
b11010100 Y
b11010100 f
b11010100 h
b11010100 z
b10011001 H
b10011001 X
b10011001 e
b10011001 g
b10011001 t
1L
1U
#23386
b11010001 Z
b11010001 q
b10011100 [
b10011100 r
b11010001 m
b11010001 |
b10011100 n
b10011100 v
#23390
0L
0U
#23395
b11010100 '"
b10011001 &"
b0 d
1K
1b
1L
1U
#23400
0L
0U
#23405
1L
1U
#23410
0L
0U
1Q
b1110 ""
b10011100 #"
b11010010 $"
b1110101 %"
#23415
b1 d
1L
1U
#23420
0L
0U
#23425
0K
0b
1L
1U
#23430
0L
0U
#23435
1L
1U
#23440
0L
0U
#23445
b10 d
1L
1U
0Q
#23450
0L
0U
#23455
bx k
bx {
bx S
bx W
bx j
bx l
bx u
bx R
bx V
bx i
1I
1J
1c
1L
1U
#23456
bx Z
bx q
bx [
bx r
bx m
bx |
x}
bx n
bx v
xw
#23457
xo
xp
#23460
0L
0U
#23465
1L
1U
#23470
0L
0U
#23475
1L
1U
#23480
0L
0U
#23485
1L
1U
0N
#23490
0L
0U
#23495
1L
1U
#23500
0L
0U
#23505
b11 d
1L
1U
0M
#23510
0L
0U
#23515
0I
0J
0c
1L
1U
#23520
0L
0U
#23525
1L
1U
#23530
0L
0U
#23535
1L
1U
#23540
0L
0U
#23545
1L
1U
b11111110 k
b11111110 {
b1110 S
b1110 W
b1110 j
#23546
b11010xx0 Z
b11010xx0 q
b11010010 m
b11010010 |
1}
#23547
b11010010 Z
b11010010 q
0o
#23550
0L
0U
#23555
1L
1U
b1100 ."
b11 /"
b10011000 0"
b11010101 1"
b1110110 -"
1N
#23560
0L
0U
#23565
1L
1U
b11 l
b11 u
b11 R
b11 V
b11 i
#23566
b10011100 [
b10011100 r
b10011100 n
b10011100 v
0w
0p
#23570
0L
0U
#23575
b100 d
1L
1U
b1100 )"
b11 *"
b10011000 +"
b11010101 ,"
b1110110 ("
1M
#23580
0L
0U
#23585
b101 d
b11010010 G
b11010010 Y
b11010010 f
b11010010 h
b11010010 z
b10011100 H
b10011100 X
b10011100 e
b10011100 g
b10011100 t
1L
1U
#23586
b11010000 Z
b11010000 q
b10011111 [
b10011111 r
b11010000 m
b11010000 |
b10011111 n
b10011111 v
#23590
0L
0U
#23595
b11010010 '"
b10011100 &"
b0 d
1K
1b
1L
1U
#23600
0L
0U
#23605
1L
1U
#23610
0L
0U
1Q
b1100 !"
b11 ""
b10011000 #"
b11010101 $"
b1110110 %"
#23615
b1 d
1L
1U
#23620
0L
0U
#23625
0K
0b
1L
1U
#23630
0L
0U
#23635
1L
1U
#23640
0L
0U
#23645
b10 d
1L
1U
0Q
#23650
0L
0U
#23655
bx k
bx {
bx S
bx W
bx j
bx l
bx u
bx R
bx V
bx i
1I
1J
1c
1L
1U
#23656
bx Z
bx q
bx [
bx r
bx m
bx |
x}
bx n
bx v
xw
#23657
xo
xp
#23660
0L
0U
#23665
1L
1U
#23670
0L
0U
#23675
1L
1U
#23680
0L
0U
#23685
1L
1U
0N
#23690
0L
0U
#23695
1L
1U
#23700
0L
0U
#23705
b11 d
1L
1U
0M
#23710
0L
0U
#23715
0I
0J
0c
1L
1U
#23720
0L
0U
#23725
1L
1U
#23730
0L
0U
#23735
1L
1U
#23740
0L
0U
#23745
1L
1U
b11 k
b11 {
b11 S
b11 W
b11 j
#23746
b11010101 Z
b11010101 q
b11010101 m
b11010101 |
0}
0o
#23750
0L
0U
#23755
1L
1U
b1001 ."
b1 /"
b10010001 0"
b11010110 1"
b1110111 -"
1N
#23760
0L
0U
#23765
1L
1U
b11111100 l
b11111100 u
b1100 R
b1100 V
b1100 i
#23766
b10011x00 [
b10011x00 r
b10011000 n
b10011000 v
1w
#23767
b10011000 [
b10011000 r
0p
#23770
0L
0U
#23775
b100 d
1L
1U
b1001 )"
b1 *"
b10010001 +"
b11010110 ,"
b1110111 ("
1M
#23780
0L
0U
#23785
b101 d
b11010101 G
b11010101 Y
b11010101 f
b11010101 h
b11010101 z
b10011000 H
b10011000 X
b10011000 e
b10011000 g
b10011000 t
1L
1U
#23786
b11011000 Z
b11011000 q
b10010100 [
b10010100 r
b11011000 m
b11011000 |
b10010100 n
b10010100 v
#23790
0L
0U
#23795
b11010101 '"
b10011000 &"
b0 d
1K
1b
1L
1U
#23800
0L
0U
#23805
1L
1U
#23810
0L
0U
1Q
b1001 !"
b1 ""
b10010001 #"
b11010110 $"
b1110111 %"
#23815
b1 d
1L
1U
#23820
0L
0U
#23825
0K
0b
1L
1U
#23830
0L
0U
#23835
1L
1U
#23840
0L
0U
#23845
b10 d
1L
1U
0Q
#23850
0L
0U
#23855
bx k
bx {
bx S
bx W
bx j
bx l
bx u
bx R
bx V
bx i
1I
1J
1c
1L
1U
#23856
bx Z
bx q
bx [
bx r
bx m
bx |
x}
bx n
bx v
xw
#23857
xo
xp
#23860
0L
0U
#23865
1L
1U
#23870
0L
0U
#23875
1L
1U
#23880
0L
0U
#23885
1L
1U
0N
#23890
0L
0U
#23895
1L
1U
#23900
0L
0U
#23905
b11 d
1L
1U
0M
#23910
0L
0U
#23915
0I
0J
0c
1L
1U
#23920
0L
0U
#23925
1L
1U
#23930
0L
0U
#23935
1L
1U
#23940
0L
0U
#23945
1L
1U
b1 k
b1 {
b1 S
b1 W
b1 j
#23946
b11010110 Z
b11010110 q
b11010110 m
b11010110 |
0}
0o
#23950
0L
0U
#23955
1L
1U
b1101 ."
b1011 /"
b10001110 0"
b11010001 1"
b1111000 -"
1N
#23960
0L
0U
#23965
1L
1U
b11111001 l
b11111001 u
b1001 R
b1001 V
b1001 i
#23966
b1001x00x [
b1001x00x r
b10010001 n
b10010001 v
1w
#23967
b10010001 [
b10010001 r
0p
#23970
0L
0U
#23975
b100 d
1L
1U
b1101 )"
b1011 *"
b10001110 +"
b11010001 ,"
b1111000 ("
1M
#23980
0L
0U
#23985
b101 d
b11010110 G
b11010110 Y
b11010110 f
b11010110 h
b11010110 z
b10010001 H
b10010001 X
b10010001 e
b10010001 g
b10010001 t
1L
1U
#23986
b11010111 Z
b11010111 q
b10001010 [
b10001010 r
b11010111 m
b11010111 |
b10001010 n
b10001010 v
#23990
0L
0U
#23995
b11010110 '"
b10010001 &"
b0 d
1K
1b
1L
1U
#24000
0L
0U
#24005
1L
1U
#24010
0L
0U
1Q
b1101 !"
b1011 ""
b10001110 #"
b11010001 $"
b1111000 %"
#24015
b1 d
1L
1U
#24020
0L
0U
#24025
0K
0b
1L
1U
#24030
0L
0U
#24035
1L
1U
#24040
0L
0U
#24045
b10 d
1L
1U
0Q
#24050
0L
0U
#24055
bx k
bx {
bx S
bx W
bx j
bx l
bx u
bx R
bx V
bx i
1I
1J
1c
1L
1U
#24056
bx Z
bx q
bx [
bx r
bx m
bx |
x}
bx n
bx v
xw
#24057
xo
xp
#24060
0L
0U
#24065
1L
1U
#24070
0L
0U
#24075
1L
1U
#24080
0L
0U
#24085
1L
1U
0N
#24090
0L
0U
#24095
1L
1U
#24100
0L
0U
#24105
b11 d
1L
1U
0M
#24110
0L
0U
#24115
0I
0J
0c
1L
1U
#24120
0L
0U
#24125
1L
1U
#24130
0L
0U
#24135
1L
1U
#24140
0L
0U
#24145
1L
1U
b11111011 k
b11111011 {
b1011 S
b1011 W
b1011 j
#24146
b11010xxx Z
b11010xxx q
b11010001 m
b11010001 |
1}
#24147
b11010001 Z
b11010001 q
0o
#24150
0L
0U
#24155
1L
1U
b1011 ."
b101 /"
b10001001 0"
b11010110 1"
b1111001 -"
1N
#24160
0L
0U
#24165
1L
1U
b11111101 l
b11111101 u
b1101 R
b1101 V
b1101 i
#24166
b100xxxxx [
b100xxxxx r
b10001110 n
b10001110 v
1w
#24167
b10001110 [
b10001110 r
0p
#24170
0L
0U
#24175
b100 d
1L
1U
b1011 )"
b101 *"
b10001001 +"
b11010110 ,"
b1111001 ("
1M
#24180
0L
0U
#24185
b101 d
b11010001 G
b11010001 Y
b11010001 f
b11010001 h
b11010001 z
b10001110 H
b10001110 X
b10001110 e
b10001110 g
b10001110 t
1L
1U
#24186
b11001100 Z
b11001100 q
b10001011 [
b10001011 r
b11001100 m
b11001100 |
b10001011 n
b10001011 v
#24190
0L
0U
#24195
b11010001 '"
b10001110 &"
b0 d
1K
1b
1L
1U
#24200
0L
0U
#24205
1L
1U
#24210
0L
0U
1Q
b1011 !"
b101 ""
b10001001 #"
b11010110 $"
b1111001 %"
#24215
b1 d
1L
1U
#24220
0L
0U
#24225
0K
0b
1L
1U
#24230
0L
0U
#24235
1L
1U
#24240
0L
0U
#24245
b10 d
1L
1U
0Q
#24250
0L
0U
#24255
bx k
bx {
bx S
bx W
bx j
bx l
bx u
bx R
bx V
bx i
1I
1J
1c
1L
1U
#24256
bx Z
bx q
bx [
bx r
bx m
bx |
x}
bx n
bx v
xw
#24257
xo
xp
#24260
0L
0U
#24265
1L
1U
#24270
0L
0U
#24275
1L
1U
#24280
0L
0U
#24285
1L
1U
0N
#24290
0L
0U
#24295
1L
1U
#24300
0L
0U
#24305
b11 d
1L
1U
0M
#24310
0L
0U
#24315
0I
0J
0c
1L
1U
#24320
0L
0U
#24325
1L
1U
#24330
0L
0U
#24335
1L
1U
#24340
0L
0U
#24345
1L
1U
b101 k
b101 {
b101 S
b101 W
b101 j
#24346
b11010110 Z
b11010110 q
b11010110 m
b11010110 |
0}
0o
#24350
0L
0U
#24355
1L
1U
b1101 /"
b10000100 0"
b11010011 1"
b1111010 -"
1N
#24360
0L
0U
#24365
1L
1U
b11111011 l
b11111011 u
b1011 R
b1011 V
b1011 i
#24366
b10001xxx [
b10001xxx r
b10001001 n
b10001001 v
1w
#24367
b10001001 [
b10001001 r
0p
#24370
0L
0U
#24375
b100 d
1L
1U
b1101 *"
b10000100 +"
b11010011 ,"
b1111010 ("
1M
#24380
0L
0U
#24385
b101 d
b11010110 G
b11010110 Y
b11010110 f
b11010110 h
b11010110 z
b10001001 H
b10001001 X
b10001001 e
b10001001 g
b10001001 t
1L
1U
#24386
b11011011 Z
b11011011 q
b10000100 [
b10000100 r
b11011011 m
b11011011 |
b10000100 n
b10000100 v
#24390
0L
0U
#24395
b11010110 '"
b10001001 &"
b0 d
1K
1b
1L
1U
#24400
0L
0U
#24405
1L
1U
#24410
0L
0U
1Q
b1101 ""
b10000100 #"
b11010011 $"
b1111010 %"
#24415
b1 d
1L
1U
#24420
0L
0U
#24425
0K
0b
1L
1U
#24430
0L
0U
#24435
1L
1U
#24440
0L
0U
#24445
b10 d
1L
1U
0Q
#24450
0L
0U
#24455
bx k
bx {
bx S
bx W
bx j
bx l
bx u
bx R
bx V
bx i
1I
1J
1c
1L
1U
#24456
bx Z
bx q
bx [
bx r
bx m
bx |
x}
bx n
bx v
xw
#24457
xo
xp
#24460
0L
0U
#24465
1L
1U
#24470
0L
0U
#24475
1L
1U
#24480
0L
0U
#24485
1L
1U
0N
#24490
0L
0U
#24495
1L
1U
#24500
0L
0U
#24505
b11 d
1L
1U
0M
#24510
0L
0U
#24515
0I
0J
0c
1L
1U
#24520
0L
0U
#24525
1L
1U
#24530
0L
0U
#24535
1L
1U
#24540
0L
0U
#24545
1L
1U
b11111101 k
b11111101 {
b1101 S
b1101 W
b1101 j
#24546
b11010x1x Z
b11010x1x q
b11010011 m
b11010011 |
1}
#24547
b11010011 Z
b11010011 q
0o
#24550
0L
0U
#24555
1L
1U
b1 ."
b110 /"
b10000101 0"
b11011001 1"
b1111011 -"
1N
#24560
0L
0U
#24565
1L
1U
b11111011 l
b11111011 u
b1011 R
b1011 V
b1011 i
#24566
b1000xx0x [
b1000xx0x r
b10000100 n
b10000100 v
1w
#24567
b10000100 [
b10000100 r
0p
#24570
0L
0U
#24575
b100 d
1L
1U
b1 )"
b110 *"
b10000101 +"
b11011001 ,"
b1111011 ("
1M
#24580
0L
0U
#24585
b101 d
b11010011 G
b11010011 Y
b11010011 f
b11010011 h
b11010011 z
b10000100 H
b10000100 X
b10000100 e
b10000100 g
b10000100 t
1L
1U
#24586
b11010000 Z
b11010000 q
b1111111 [
b1111111 r
b11010000 m
b11010000 |
b1111111 n
b1111111 v
#24587
b10000100 [
b10000100 r
1p
#24590
0L
0U
#24595
b11010011 '"
b10000100 &"
b0 d
1K
1b
1L
1U
#24600
0L
0U
#24605
1L
1U
#24610
0L
0U
1Q
b1 !"
b110 ""
b10000101 #"
b11011001 $"
b1111011 %"
#24615
b1 d
1L
1U
#24620
0L
0U
#24625
0K
0b
1L
1U
#24630
0L
0U
#24635
1L
1U
#24640
0L
0U
#24645
b10 d
1L
1U
0Q
#24650
0L
0U
#24655
bx k
bx {
bx S
bx W
bx j
bx l
bx u
bx R
bx V
bx i
1I
1J
1c
1L
1U
#24656
bx Z
bx q
bx [
bx r
bx m
bx |
x}
bx n
bx v
xw
xp
#24657
xo
#24660
0L
0U
#24665
1L
1U
#24670
0L
0U
#24675
1L
1U
#24680
0L
0U
#24685
1L
1U
0N
#24690
0L
0U
#24695
1L
1U
#24700
0L
0U
#24705
b11 d
1L
1U
0M
#24710
0L
0U
#24715
0I
0J
0c
1L
1U
#24720
0L
0U
#24725
1L
1U
#24730
0L
0U
#24735
1L
1U
#24740
0L
0U
#24745
1L
1U
b110 k
b110 {
b110 S
b110 W
b110 j
#24746
b11011001 Z
b11011001 q
b11011001 m
b11011001 |
0}
0o
#24750
0L
0U
#24755
1L
1U
b1011 ."
b1010 /"
b10000000 0"
b11010011 1"
b1111100 -"
1N
#24760
0L
0U
#24765
1L
1U
b1 l
b1 u
b1 R
b1 V
b1 i
#24766
b10000101 [
b10000101 r
b10000101 n
b10000101 v
0w
0p
#24770
0L
0U
#24775
b100 d
1L
1U
b1011 )"
b1010 *"
b10000000 +"
b11010011 ,"
b1111100 ("
1M
#24780
0L
0U
#24785
b101 d
b11011001 G
b11011001 Y
b11011001 f
b11011001 h
b11011001 z
b10000101 H
b10000101 X
b10000101 e
b10000101 g
b10000101 t
1L
1U
#24786
b11011111 Z
b11011111 q
b10000110 [
b10000110 r
b11011111 m
b11011111 |
b10000110 n
b10000110 v
#24790
0L
0U
#24795
b11011001 '"
b10000101 &"
b0 d
1K
1b
1L
1U
#24800
0L
0U
#24805
1L
1U
#24810
0L
0U
1Q
b1011 !"
b1010 ""
b10000000 #"
b11010011 $"
b1111100 %"
#24815
b1 d
1L
1U
#24820
0L
0U
#24825
0K
0b
1L
1U
#24830
0L
0U
#24835
1L
1U
#24840
0L
0U
#24845
b10 d
1L
1U
0Q
#24850
0L
0U
#24855
bx k
bx {
bx S
bx W
bx j
bx l
bx u
bx R
bx V
bx i
1I
1J
1c
1L
1U
#24856
bx Z
bx q
bx [
bx r
bx m
bx |
x}
bx n
bx v
xw
#24857
xo
xp
#24860
0L
0U
#24865
1L
1U
#24870
0L
0U
#24875
1L
1U
#24880
0L
0U
#24885
1L
1U
0N
#24890
0L
0U
#24895
1L
1U
#24900
0L
0U
#24905
b11 d
1L
1U
0M
#24910
0L
0U
#24915
0I
0J
0c
1L
1U
#24920
0L
0U
#24925
1L
1U
#24930
0L
0U
#24935
1L
1U
#24940
0L
0U
#24945
1L
1U
b11111010 k
b11111010 {
b1010 S
b1010 W
b1010 j
#24946
b1101x0x1 Z
b1101x0x1 q
b11010011 m
b11010011 |
1}
#24947
b11010011 Z
b11010011 q
0o
#24950
0L
0U
#24955
1L
1U
b1000 ."
b100 /"
b11010111 1"
b1111101 -"
1N
#24960
0L
0U
#24965
1L
1U
b11111011 l
b11111011 u
b1011 R
b1011 V
b1011 i
#24966
b10000x0x [
b10000x0x r
b10000000 n
b10000000 v
1w
#24967
b10000000 [
b10000000 r
0p
#24970
0L
0U
#24975
b100 d
1L
1U
b1000 )"
b100 *"
b11010111 ,"
b1111101 ("
1M
#24980
0L
0U
#24985
b101 d
b11010011 G
b11010011 Y
b11010011 f
b11010011 h
b11010011 z
b10000000 H
b10000000 X
b10000000 e
b10000000 g
b10000000 t
1L
1U
#24986
b11001101 Z
b11001101 q
b1111011 [
b1111011 r
b11001101 m
b11001101 |
b1111011 n
b1111011 v
#24987
b10000000 [
b10000000 r
1p
#24990
0L
0U
#24995
b11010011 '"
b10000000 &"
b0 d
1K
1b
1L
1U
#25000
0L
0U
#25005
1L
1U
#25010
0L
0U
1Q
b1000 !"
b100 ""
b11010111 $"
b1111101 %"
#25015
b1 d
1L
1U
#25020
0L
0U
#25025
0K
0b
1L
1U
#25030
0L
0U
#25035
1L
1U
#25040
0L
0U
#25045
b10 d
1L
1U
0Q
#25050
0L
0U
#25055
bx k
bx {
bx S
bx W
bx j
bx l
bx u
bx R
bx V
bx i
1I
1J
1c
1L
1U
#25056
bx Z
bx q
bx [
bx r
bx m
bx |
x}
bx n
bx v
xw
xp
#25057
xo
#25060
0L
0U
#25065
1L
1U
#25070
0L
0U
#25075
1L
1U
#25080
0L
0U
#25085
1L
1U
0N
#25090
0L
0U
#25095
1L
1U
#25100
0L
0U
#25105
b11 d
1L
1U
0M
#25110
0L
0U
#25115
0I
0J
0c
1L
1U
#25120
0L
0U
#25125
1L
1U
#25130
0L
0U
#25135
1L
1U
#25140
0L
0U
#25145
1L
1U
b100 k
b100 {
b100 S
b100 W
b100 j
#25146
b11010111 Z
b11010111 q
b11010111 m
b11010111 |
0}
0o
#25150
0L
0U
#25155
1L
1U
b101 ."
b1111 /"
b10000101 0"
b11010110 1"
b1111110 -"
1N
#25160
0L
0U
#25165
1L
1U
b11111000 l
b11111000 u
b1000 R
b1000 V
b1000 i
#25166
bx000 [
bx000 r
b1111000 n
b1111000 v
1w
#25167
b10000000 [
b10000000 r
1p
#25170
0L
0U
#25175
b100 d
1L
1U
b101 )"
b1111 *"
b10000101 +"
b11010110 ,"
b1111110 ("
1M
#25180
0L
0U
#25185
b101 d
b11010111 G
b11010111 Y
b11010111 f
b11010111 h
b11010111 z
1L
1U
#25186
b11011011 Z
b11011011 q
b11011011 m
b11011011 |
#25190
0L
0U
#25195
b11010111 '"
b0 d
1K
1b
1L
1U
#25200
0L
0U
#25205
1L
1U
#25210
0L
0U
1Q
b101 !"
b1111 ""
b10000101 #"
b11010110 $"
b1111110 %"
#25215
b1 d
1L
1U
#25220
0L
0U
#25225
0K
0b
1L
1U
#25230
0L
0U
#25235
1L
1U
#25240
0L
0U
#25245
b10 d
1L
1U
0Q
#25250
0L
0U
#25255
bx k
bx {
bx S
bx W
bx j
bx l
bx u
bx R
bx V
bx i
1I
1J
1c
1L
1U
#25256
bx Z
bx q
bx [
bx r
bx m
bx |
x}
bx n
bx v
xw
xp
#25257
xo
#25260
0L
0U
#25265
1L
1U
#25270
0L
0U
#25275
1L
1U
#25280
0L
0U
#25285
1L
1U
0N
#25290
0L
0U
#25295
1L
1U
#25300
0L
0U
#25305
b11 d
1L
1U
0M
#25310
0L
0U
#25315
0I
0J
0c
1L
1U
#25320
0L
0U
#25325
1L
1U
#25330
0L
0U
#25335
1L
1U
#25340
0L
0U
#25345
1L
1U
b11111111 k
b11111111 {
b1111 S
b1111 W
b1111 j
#25346
b1101011x Z
b1101011x q
b11010110 m
b11010110 |
1}
#25347
b11010110 Z
b11010110 q
0o
#25350
0L
0U
#25355
1L
1U
b1000 ."
b1001 /"
b11001111 1"
b1111111 -"
1N
#25360
0L
0U
#25365
1L
1U
b101 l
b101 u
b101 R
b101 V
b101 i
#25366
b10000101 [
b10000101 r
b10000101 n
b10000101 v
0w
0p
#25370
0L
0U
#25375
b100 d
1L
1U
b1000 )"
b1001 *"
b11001111 ,"
b1111111 ("
1M
#25380
0L
0U
#25385
b101 d
b11010110 G
b11010110 Y
b11010110 f
b11010110 h
b11010110 z
b10000101 H
b10000101 X
b10000101 e
b10000101 g
b10000101 t
1L
1U
#25386
b11010101 Z
b11010101 q
b10001010 [
b10001010 r
b11010101 m
b11010101 |
b10001010 n
b10001010 v
#25390
0L
0U
#25395
b11010110 '"
b10000101 &"
b0 d
1K
1b
1L
1U
#25400
0L
0U
#25405
1L
1U
#25410
0L
0U
1Q
b1000 !"
b1001 ""
b11001111 $"
b1111111 %"
#25415
b1 d
1L
1U
#25420
0L
0U
#25425
0K
0b
1L
1U
#25430
0L
0U
#25435
1L
1U
#25440
0L
0U
#25445
b10 d
1L
1U
0Q
#25450
0L
0U
#25455
bx k
bx {
bx S
bx W
bx j
bx l
bx u
bx R
bx V
bx i
1I
1J
1c
1L
1U
#25456
bx Z
bx q
bx [
bx r
bx m
bx |
x}
bx n
bx v
xw
#25457
xo
xp
#25460
0L
0U
#25465
1L
1U
#25470
0L
0U
#25475
1L
1U
#25480
0L
0U
#25485
1L
1U
0N
#25490
0L
0U
#25495
1L
1U
#25500
0L
0U
#25505
b11 d
1L
1U
0M
#25510
0L
0U
#25515
0I
0J
0c
1L
1U
#25520
0L
0U
#25525
1L
1U
#25530
0L
0U
#25535
1L
1U
#25540
0L
0U
#25545
1L
1U
b11111001 k
b11111001 {
b1001 S
b1001 W
b1001 j
#25546
b110xx11x Z
b110xx11x q
b11001111 m
b11001111 |
1}
#25547
b11001111 Z
b11001111 q
0o
#25550
0L
0U
#25555
1L
1U
b10000000 -"
1N
#25560
0L
0U
#25565
1L
1U
b11111000 l
b11111000 u
b1000 R
b1000 V
b1000 i
#25566
bx101 [
bx101 r
b1111101 n
b1111101 v
1w
#25567
b10000101 [
b10000101 r
1p
#25570
0L
0U
#25575
b100 d
1L
1U
b10000000 ("
1M
#25580
0L
0U
#25585
b101 d
b11001111 G
b11001111 Y
b11001111 f
b11001111 h
b11001111 z
1L
1U
#25586
b11001000 Z
b11001000 q
b11001000 m
b11001000 |
#25590
0L
0U
#25595
b11001111 '"
b0 d
1K
1b
1L
1U
#25600
0L
0U
#25605
1L
1U
#25610
0L
0U
b10000000 %"
