$date
	Mon Jan  5 17:24:29 2026
$end
$version
	Icarus Verilog
$end
$timescale
	1s
$end
$scope module CR_to_MS $end
$var wire 8 ! x [7:0] $end
$var wire 1 " sgn_x $end
$var wire 8 # abs_x [7:0] $end
$var parameter 32 $ N $end
$upscope $end
$scope module MS_to_CR $end
$var wire 8 % abs_x [7:0] $end
$var wire 1 & ow $end
$var wire 1 ' sgn_x $end
$var wire 8 ( x [7:0] $end
$var parameter 32 ) N $end
$upscope $end
$scope module comp_nat $end
$var wire 2 * a [1:0] $end
$var wire 2 + b [1:0] $end
$var wire 1 , min $end
$var wire 1 - eq $end
$var parameter 32 . N $end
$upscope $end
$scope module diff $end
$var wire 1 / b_in $end
$var wire 8 0 x [7:0] $end
$var wire 8 1 y [7:0] $end
$var wire 1 2 ow $end
$var wire 8 3 d [7:0] $end
$var wire 1 4 b_out $end
$var parameter 32 5 N $end
$upscope $end
$scope module imul $end
$var wire 1 6 sgn_m $end
$var wire 8 7 x [7:0] $end
$var wire 8 8 y [7:0] $end
$var wire 1 9 sgn_y $end
$var wire 1 : sgn_x $end
$var wire 16 ; m [15:0] $end
$var wire 8 < abs_y [7:0] $end
$var wire 8 = abs_x [7:0] $end
$var wire 16 > abs_m [15:0] $end
$var parameter 32 ? M $end
$var parameter 32 @ N $end
$upscope $end
$scope module mul_add_nat $end
$var wire 2 A c [1:0] $end
$var wire 2 B x [1:0] $end
$var wire 2 C y [1:0] $end
$var wire 4 D m [3:0] $end
$var parameter 32 E M $end
$var parameter 32 F N $end
$upscope $end
$scope module testbench $end
$var wire 8 G y [7:0] $end
$var wire 8 H x [7:0] $end
$var wire 1 I soc_vy $end
$var wire 1 J soc_vx $end
$var wire 1 K eoc_p $end
$var wire 1 L clock $end
$var reg 1 M eoc_vx $end
$var reg 1 N eoc_vy $end
$var reg 1 O error $end
$var reg 1 P reset_ $end
$var reg 1 Q soc_p $end
$var reg 4 R vx [3:0] $end
$var reg 4 S vy [3:0] $end
$scope function get_testcase $end
$upscope $end
$scope module clk $end
$var wire 1 L clock $end
$var parameter 32 T HALF_PERIOD $end
$var reg 1 U CLOCK $end
$upscope $end
$scope module dut $end
$var wire 1 L clock $end
$var wire 1 K eoc_p $end
$var wire 1 M eoc_vx $end
$var wire 1 N eoc_vy $end
$var wire 1 P reset_ $end
$var wire 1 Q soc_p $end
$var wire 1 J soc_vx $end
$var wire 1 I soc_vy $end
$var wire 4 V vx [3:0] $end
$var wire 4 W vy [3:0] $end
$var wire 8 X x [7:0] $end
$var wire 8 Y y [7:0] $end
$var wire 8 Z y_next [7:0] $end
$var wire 8 [ x_next [7:0] $end
$var parameter 32 \ S0 $end
$var parameter 32 ] S1 $end
$var parameter 32 ^ S2 $end
$var parameter 32 _ S3 $end
$var parameter 32 ` S4 $end
$var parameter 32 a S5 $end
$var reg 1 b EOC $end
$var reg 1 c SOC $end
$var reg 3 d STAR [2:0] $end
$var reg 8 e X [7:0] $end
$var reg 8 f Y [7:0] $end
$scope module P $end
$var wire 4 g vx [3:0] $end
$var wire 4 h vy [3:0] $end
$var wire 8 i x [7:0] $end
$var wire 8 j y [7:0] $end
$var wire 8 k yn [7:0] $end
$var wire 8 l y_next [7:0] $end
$var wire 8 m xn [7:0] $end
$var wire 8 n x_next [7:0] $end
$var wire 8 o vy_ext [7:0] $end
$var wire 8 p vx_ext [7:0] $end
$var wire 1 q ow_y $end
$var wire 1 r ow_x $end
$scope module ax $end
$var wire 1 s c_in $end
$var wire 1 r ow $end
$var wire 8 t x [7:0] $end
$var wire 8 u y [7:0] $end
$var wire 8 v s [7:0] $end
$var wire 1 w c_out $end
$var parameter 32 x N $end
$upscope $end
$scope module ay $end
$var wire 1 y c_in $end
$var wire 1 q ow $end
$var wire 8 z x [7:0] $end
$var wire 8 { y [7:0] $end
$var wire 8 | s [7:0] $end
$var wire 1 } c_out $end
$var parameter 32 ~ N $end
$upscope $end
$upscope $end
$upscope $end
$scope fork f $end
$scope begin consumer $end
$var reg 4 !" c_vx [3:0] $end
$var reg 4 "" c_vy [3:0] $end
$var reg 8 #" c_x [7:0] $end
$var reg 8 $" c_y [7:0] $end
$var reg 8 %" i [7:0] $end
$var reg 8 &" smp_x [7:0] $end
$var reg 8 '" smp_y [7:0] $end
$upscope $end
$scope begin producer_vx $end
$var reg 8 (" i [7:0] $end
$var reg 4 )" pvx_vx [3:0] $end
$var reg 4 *" pvx_vy [3:0] $end
$var reg 8 +" pvx_x [7:0] $end
$var reg 8 ," pvx_y [7:0] $end
$upscope $end
$scope begin producer_vy $end
$var reg 8 -" i [7:0] $end
$var reg 4 ." pvy_vx [3:0] $end
$var reg 4 /" pvy_vy [3:0] $end
$var reg 8 0" pvy_x [7:0] $end
$var reg 8 1" pvy_y [7:0] $end
$upscope $end
$upscope $end
$upscope $end
$enddefinitions $end
$comment Show the parameter values. $end
$dumpall
b1000 ~
b1000 x
b101 a
b100 `
b11 _
b10 ^
b1 ]
b0 \
b101 T
b10 F
b10 E
b1000 @
b1000 ?
b1000 5
b10 .
b1000 )
b1000 $
$end
#0
$dumpvars
bx 1"
bx 0"
bx /"
bx ."
bx -"
bx ,"
bx +"
bx *"
bx )"
bx ("
bx '"
bx &"
bx %"
bx $"
bx #"
bx ""
bx !"
x}
bx |
bx {
bx z
0y
xw
bx v
bx u
bx t
0s
xr
xq
bx p
bx o
bx n
bx m
bx l
bx k
bx j
bx i
bx h
bx g
bx f
bx e
bx d
xc
xb
bx [
bx Z
bx Y
bx X
bx W
bx V
0U
bx S
bx R
0Q
0P
0O
1N
1M
0L
xK
xJ
xI
bx H
bx G
bx D
bz C
bz B
bz A
bx >
bx =
bx <
bx ;
z:
z9
bz 8
bz 7
x6
x4
bx 3
x2
bz 1
bz 0
z/
x-
x,
bz +
bz *
bx (
z'
x&
bz %
bx #
z"
bz !
$end
#1
b0 G
b0 Y
b0 f
b0 j
b0 z
b0 H
b0 X
b0 e
b0 i
b0 t
b0 d
1K
1b
0I
0J
0c
#5
1L
1U
1P
#10
0L
0U
b101 )"
b0 *"
b101 +"
b0 ,"
b0 ("
b101 ."
b0 /"
b101 0"
b0 1"
b0 -"
1Q
b101 !"
b0 ""
b101 #"
b0 $"
b0 %"
#15
1L
1U
#18
b1 d
#20
0L
0U
#25
1L
1U
#28
0K
0b
#30
0L
0U
#35
1L
1U
#40
0L
0U
#45
1L
1U
#48
b10 d
0Q
#50
0L
0U
#55
1L
1U
#58
1I
1J
1c
#60
0L
0U
#65
1L
1U
#70
0L
0U
#75
1L
1U
#80
0L
0U
#85
1L
1U
#88
0N
#90
0L
0U
#95
1L
1U
#100
0L
0U
#105
1L
1U
#108
b11 d
0M
#110
0L
0U
#115
1L
1U
#118
0I
0J
0c
#120
0L
0U
#125
1L
1U
#130
0L
0U
#135
1L
1U
#140
0L
0U
#145
1L
1U
#148
b0 o
b0 {
b0 S
b0 W
b0 h
#149
b0 Z
b0 l
b0 k
b0 |
0}
#150
0L
0U
0q
#155
1L
1U
#158
b1001 ."
b111 /"
b11111110 0"
b111 1"
b1 -"
1N
#160
0L
0U
#165
1L
1U
#168
b101 p
b101 u
b101 R
b101 V
b101 g
#169
b0x0x [
b0x0x n
b101 m
b101 v
0w
#170
0L
0U
b101 [
b101 n
0r
#175
1L
1U
#178
b100 d
b1001 )"
b111 *"
b11111110 +"
b111 ,"
b1 ("
1M
#180
0L
0U
#185
1L
1U
#188
b101 d
b101 H
b101 X
b101 e
b101 i
b101 t
#189
b1010 [
b1010 n
b1010 m
b1010 v
#190
0L
0U
#195
1L
1U
#198
b0 '"
b101 &"
b0 d
1K
1b
#200
0L
0U
#205
1L
1U
#210
0L
0U
#213
1Q
b1001 !"
b111 ""
b11111110 #"
b111 $"
b1 %"
#215
1L
1U
#218
b1 d
#220
0L
0U
#225
1L
1U
#228
0K
0b
#230
0L
0U
#235
1L
1U
#240
0L
0U
#245
1L
1U
#248
b10 d
0Q
#250
0L
0U
#255
1L
1U
#258
bx o
bx {
bx S
bx W
bx h
bx p
bx u
bx R
bx V
bx g
1I
1J
1c
#259
bx Z
bx l
bx [
bx n
bx k
bx |
x}
bx m
bx v
xw
#260
0L
0U
xq
xr
#265
1L
1U
#270
0L
0U
#275
1L
1U
#280
0L
0U
#285
1L
1U
#288
0N
#290
0L
0U
#295
1L
1U
#300
0L
0U
#305
1L
1U
#308
b11 d
0M
#310
0L
0U
#315
1L
1U
#318
0I
0J
0c
#320
0L
0U
#325
1L
1U
#330
0L
0U
#335
1L
1U
#340
0L
0U
#345
1L
1U
#348
b111 o
b111 {
b111 S
b111 W
b111 h
#349
b1x1 Z
b1x1 l
b111 k
b111 |
0}
#350
0L
0U
b111 Z
b111 l
0q
#355
1L
1U
#358
b100 ."
b10 0"
b1110 1"
b10 -"
1N
#360
0L
0U
#365
1L
1U
#368
b11111001 p
b11111001 u
b1001 R
b1001 V
b1001 g
#369
b11111110 [
b11111110 n
b11111110 m
b11111110 v
0w
0r
#370
0L
0U
#375
1L
1U
#378
b100 d
b100 )"
b10 +"
b1110 ,"
b10 ("
1M
#380
0L
0U
#385
1L
1U
#388
b101 d
b111 G
b111 Y
b111 f
b111 j
b111 z
b11111110 H
b11111110 X
b11111110 e
b11111110 i
b11111110 t
#389
b1110 Z
b1110 l
b11110111 [
b11110111 n
b1110 k
b1110 |
b11110111 m
b11110111 v
1w
#390
0L
0U
#395
1L
1U
#398
b111 '"
b11111110 &"
b0 d
1K
1b
#400
0L
0U
#405
1L
1U
#410
0L
0U
#413
1Q
b100 !"
b10 #"
b1110 $"
b10 %"
#415
1L
1U
#418
b1 d
#420
0L
0U
#425
1L
1U
#428
0K
0b
#430
0L
0U
#435
1L
1U
#440
0L
0U
#445
1L
1U
#448
b10 d
0Q
#450
0L
0U
#455
1L
1U
#458
bx o
bx {
bx S
bx W
bx h
bx p
bx u
bx R
bx V
bx g
1I
1J
1c
#459
bx Z
bx l
bx [
bx n
bx k
bx |
x}
bx m
bx v
xw
#460
0L
0U
xq
xr
#465
1L
1U
#470
0L
0U
#475
1L
1U
#480
0L
0U
#485
1L
1U
#488
0N
#490
0L
0U
#495
1L
1U
#500
0L
0U
#505
1L
1U
#508
b11 d
0M
#510
0L
0U
#515
1L
1U
#518
0I
0J
0c
#520
0L
0U
#525
1L
1U
#530
0L
0U
#535
1L
1U
#540
0L
0U
#545
1L
1U
#548
b111 o
b111 {
b111 S
b111 W
b111 h
#549
bx1110 Z
bx1110 l
b1110 k
b1110 |
0}
#550
0L
0U
b1110 Z
b1110 l
0q
#555
1L
1U
#558
b1111 ."
b10 /"
b1 0"
b10000 1"
b11 -"
1N
#560
0L
0U
#565
1L
1U
#568
b100 p
b100 u
b100 R
b100 V
b100 g
#569
b10 [
b10 n
b10 m
b10 v
1w
0r
#570
0L
0U
#575
1L
1U
#578
b100 d
b1111 )"
b10 *"
b1 +"
b10000 ,"
b11 ("
1M
#580
0L
0U
#585
1L
1U
#588
b101 d
b1110 G
b1110 Y
b1110 f
b1110 j
b1110 z
b10 H
b10 X
b10 e
b10 i
b10 t
#589
b10101 Z
b10101 l
b110 [
b110 n
b10101 k
b10101 |
b110 m
b110 v
0w
#590
0L
0U
#595
1L
1U
#598
b1110 '"
b10 &"
b0 d
1K
1b
#600
0L
0U
#605
1L
1U
#610
0L
0U
#613
1Q
b1111 !"
b10 ""
b1 #"
b10000 $"
b11 %"
#615
1L
1U
#618
b1 d
#620
0L
0U
#625
1L
1U
#628
0K
0b
#630
0L
0U
#635
1L
1U
#640
0L
0U
#645
1L
1U
#648
b10 d
0Q
#650
0L
0U
#655
1L
1U
#658
bx o
bx {
bx S
bx W
bx h
bx p
bx u
bx R
bx V
bx g
1I
1J
1c
#659
bx Z
bx l
bx [
bx n
bx k
bx |
x}
bx m
bx v
xw
#660
0L
0U
xq
xr
#665
1L
1U
#670
0L
0U
#675
1L
1U
#680
0L
0U
#685
1L
1U
#688
0N
#690
0L
0U
#695
1L
1U
#700
0L
0U
#705
1L
1U
#708
b11 d
0M
#710
0L
0U
#715
1L
1U
#718
0I
0J
0c
#720
0L
0U
#725
1L
1U
#730
0L
0U
#735
1L
1U
#740
0L
0U
#745
1L
1U
#748
b10 o
b10 {
b10 S
b10 W
b10 h
#749
b0x00x0 Z
b0x00x0 l
b10000 k
b10000 |
0}
#750
0L
0U
b10000 Z
b10000 l
0q
#755
1L
1U
#758
b1101 /"
b0 0"
b1101 1"
b100 -"
1N
#760
0L
0U
#765
1L
1U
#768
b11111111 p
b11111111 u
b1111 R
b1111 V
b1111 g
#769
b1 [
b1 n
b1 m
b1 v
1w
0r
#770
0L
0U
#775
1L
1U
#778
b100 d
b1101 *"
b0 +"
b1101 ,"
b100 ("
1M
#780
0L
0U
#785
1L
1U
#788
b101 d
b10000 G
b10000 Y
b10000 f
b10000 j
b10000 z
b1 H
b1 X
b1 e
b1 i
b1 t
#789
b10010 Z
b10010 l
b0 [
b0 n
b10010 k
b10010 |
b0 m
b0 v
#790
0L
0U
#795
1L
1U
#798
b10000 '"
b1 &"
b0 d
1K
1b
#800
0L
0U
#805
1L
1U
#810
0L
0U
#813
1Q
b1101 ""
b0 #"
b1101 $"
b100 %"
#815
1L
1U
#818
b1 d
#820
0L
0U
#825
1L
1U
#828
0K
0b
#830
0L
0U
#835
1L
1U
#840
0L
0U
#845
1L
1U
#848
b10 d
0Q
#850
0L
0U
#855
1L
1U
#858
bx o
bx {
bx S
bx W
bx h
bx p
bx u
bx R
bx V
bx g
1I
1J
1c
#859
bx Z
bx l
bx [
bx n
bx k
bx |
x}
bx m
bx v
xw
#860
0L
0U
xq
xr
#865
1L
1U
#870
0L
0U
#875
1L
1U
#880
0L
0U
#885
1L
1U
#888
0N
#890
0L
0U
#895
1L
1U
#900
0L
0U
#905
1L
1U
#908
b11 d
0M
#910
0L
0U
#915
1L
1U
#918
0I
0J
0c
#920
0L
0U
#925
1L
1U
#930
0L
0U
#935
1L
1U
#940
0L
0U
#945
1L
1U
#948
b11111101 o
b11111101 {
b1101 S
b1101 W
b1101 h
#949
b1101 Z
b1101 l
b1101 k
b1101 |
1}
0q
#950
0L
0U
#955
1L
1U
#958
b110 ."
b100 /"
b110 0"
b10001 1"
b101 -"
1N
#960
0L
0U
#965
1L
1U
#968
b11111111 p
b11111111 u
b1111 R
b1111 V
b1111 g
#969
b0 [
b0 n
b0 m
b0 v
1w
0r
#970
0L
0U
#975
1L
1U
#978
b100 d
b110 )"
b100 *"
b110 +"
b10001 ,"
b101 ("
1M
#980
0L
0U
#985
1L
1U
#988
b101 d
b1101 G
b1101 Y
b1101 f
b1101 j
b1101 z
b0 H
b0 X
b0 e
b0 i
b0 t
#989
b1010 Z
b1010 l
b11111111 [
b11111111 n
b1010 k
b1010 |
b11111111 m
b11111111 v
0w
#990
0L
0U
#995
1L
1U
#998
b1101 '"
b0 &"
b0 d
1K
1b
#1000
0L
0U
#1005
1L
1U
#1010
0L
0U
#1013
1Q
b110 !"
b100 ""
b110 #"
b10001 $"
b101 %"
#1015
1L
1U
#1018
b1 d
#1020
0L
0U
#1025
1L
1U
#1028
0K
0b
#1030
0L
0U
#1035
1L
1U
#1040
0L
0U
#1045
1L
1U
#1048
b10 d
0Q
#1050
0L
0U
#1055
1L
1U
#1058
bx o
bx {
bx S
bx W
bx h
bx p
bx u
bx R
bx V
bx g
1I
1J
1c
#1059
bx Z
bx l
bx [
bx n
bx k
bx |
x}
bx m
bx v
xw
xr
#1060
0L
0U
xq
#1065
1L
1U
#1070
0L
0U
#1075
1L
1U
#1080
0L
0U
#1085
1L
1U
#1088
0N
#1090
0L
0U
#1095
1L
1U
#1100
0L
0U
#1105
1L
1U
#1108
b11 d
0M
#1110
0L
0U
#1115
1L
1U
#1118
0I
0J
0c
#1120
0L
0U
#1125
1L
1U
#1130
0L
0U
#1135
1L
1U
#1140
0L
0U
#1145
1L
1U
#1148
b100 o
b100 {
b100 S
b100 W
b100 h
#1149
b0x000x Z
b0x000x l
b10001 k
b10001 |
0}
#1150
0L
0U
b10001 Z
b10001 l
0q
#1155
1L
1U
#1158
b1011 ."
b110 /"
b1 0"
b10111 1"
b110 -"
1N
#1160
0L
0U
#1165
1L
1U
#1168
b110 p
b110 u
b110 R
b110 V
b110 g
#1169
b0xx0 [
b0xx0 n
b110 m
b110 v
0w
#1170
0L
0U
b110 [
b110 n
0r
#1175
1L
1U
#1178
b100 d
b1011 )"
b110 *"
b1 +"
b10111 ,"
b110 ("
1M
#1180
0L
0U
#1185
1L
1U
#1188
b101 d
b10001 G
b10001 Y
b10001 f
b10001 j
b10001 z
b110 H
b110 X
b110 e
b110 i
b110 t
#1189
b10101 Z
b10101 l
b1100 [
b1100 n
b10101 k
b10101 |
b1100 m
b1100 v
#1190
0L
0U
#1195
1L
1U
#1198
b10001 '"
b110 &"
b0 d
1K
1b
#1200
0L
0U
#1205
1L
1U
#1210
0L
0U
#1213
1Q
b1011 !"
b110 ""
b1 #"
b10111 $"
b110 %"
#1215
1L
1U
#1218
b1 d
#1220
0L
0U
#1225
1L
1U
#1228
0K
0b
#1230
0L
0U
#1235
1L
1U
#1240
0L
0U
#1245
1L
1U
#1248
b10 d
0Q
#1250
0L
0U
#1255
1L
1U
#1258
bx o
bx {
bx S
bx W
bx h
bx p
bx u
bx R
bx V
bx g
1I
1J
1c
#1259
bx Z
bx l
bx [
bx n
bx k
bx |
x}
bx m
bx v
xw
#1260
0L
0U
xq
xr
#1265
1L
1U
#1270
0L
0U
#1275
1L
1U
#1280
0L
0U
#1285
1L
1U
#1288
0N
#1290
0L
0U
#1295
1L
1U
#1300
0L
0U
#1305
1L
1U
#1308
b11 d
0M
#1310
0L
0U
#1315
1L
1U
#1318
0I
0J
0c
#1320
0L
0U
#1325
1L
1U
#1330
0L
0U
#1335
1L
1U
#1340
0L
0U
#1345
1L
1U
#1348
b110 o
b110 {
b110 S
b110 W
b110 h
#1349
b0x011x Z
b0x011x l
b10111 k
b10111 |
0}
#1350
0L
0U
b10111 Z
b10111 l
0q
#1355
1L
1U
#1358
b1001 /"
b11111100 0"
b10000 1"
b111 -"
1N
#1360
0L
0U
#1365
1L
1U
#1368
b11111011 p
b11111011 u
b1011 R
b1011 V
b1011 g
#1369
b1 [
b1 n
b1 m
b1 v
1w
0r
#1370
0L
0U
#1375
1L
1U
#1378
b100 d
b1001 *"
b11111100 +"
b10000 ,"
b111 ("
1M
#1380
0L
0U
#1385
1L
1U
#1388
b101 d
b10111 G
b10111 Y
b10111 f
b10111 j
b10111 z
b1 H
b1 X
b1 e
b1 i
b1 t
#1389
b11101 Z
b11101 l
b11111100 [
b11111100 n
b11101 k
b11101 |
b11111100 m
b11111100 v
0w
#1390
0L
0U
#1395
1L
1U
#1398
b10111 '"
b1 &"
b0 d
1K
1b
#1400
0L
0U
#1405
1L
1U
#1410
0L
0U
#1413
1Q
b1001 ""
b11111100 #"
b10000 $"
b111 %"
#1415
1L
1U
#1418
b1 d
#1420
0L
0U
#1425
1L
1U
#1428
0K
0b
#1430
0L
0U
#1435
1L
1U
#1440
0L
0U
#1445
1L
1U
#1448
b10 d
0Q
#1450
0L
0U
#1455
1L
1U
#1458
bx o
bx {
bx S
bx W
bx h
bx p
bx u
bx R
bx V
bx g
1I
1J
1c
#1459
bx Z
bx l
bx [
bx n
bx k
bx |
x}
bx m
bx v
xw
xr
#1460
0L
0U
xq
#1465
1L
1U
#1470
0L
0U
#1475
1L
1U
#1480
0L
0U
#1485
1L
1U
#1488
0N
#1490
0L
0U
#1495
1L
1U
#1500
0L
0U
#1505
1L
1U
#1508
b11 d
0M
#1510
0L
0U
#1515
1L
1U
#1518
0I
0J
0c
#1520
0L
0U
#1525
1L
1U
#1530
0L
0U
#1535
1L
1U
#1540
0L
0U
#1545
1L
1U
#1548
b11111001 o
b11111001 {
b1001 S
b1001 W
b1001 h
#1549
b10000 Z
b10000 l
b10000 k
b10000 |
1}
0q
#1550
0L
0U
#1555
1L
1U
#1558
b0 ."
b1011 /"
b1011 1"
b1000 -"
1N
#1560
0L
0U
#1565
1L
1U
#1568
b11111011 p
b11111011 u
b1011 R
b1011 V
b1011 g
#1569
b11111100 [
b11111100 n
b11111100 m
b11111100 v
0w
0r
#1570
0L
0U
#1575
1L
1U
#1578
b100 d
b0 )"
b1011 *"
b1011 ,"
b1000 ("
1M
#1580
0L
0U
#1585
1L
1U
#1588
b101 d
b10000 G
b10000 Y
b10000 f
b10000 j
b10000 z
b11111100 H
b11111100 X
b11111100 e
b11111100 i
b11111100 t
#1589
b1001 Z
b1001 l
b11110111 [
b11110111 n
b1001 k
b1001 |
b11110111 m
b11110111 v
1w
#1590
0L
0U
#1595
1L
1U
#1598
b10000 '"
b11111100 &"
b0 d
1K
1b
#1600
0L
0U
#1605
1L
1U
#1610
0L
0U
#1613
1Q
b0 !"
b1011 ""
b1011 $"
b1000 %"
#1615
1L
1U
#1618
b1 d
#1620
0L
0U
#1625
1L
1U
#1628
0K
0b
#1630
0L
0U
#1635
1L
1U
#1640
0L
0U
#1645
1L
1U
#1648
b10 d
0Q
#1650
0L
0U
#1655
1L
1U
#1658
bx o
bx {
bx S
bx W
bx h
bx p
bx u
bx R
bx V
bx g
1I
1J
1c
#1659
bx Z
bx l
bx [
bx n
bx k
bx |
x}
bx m
bx v
xw
#1660
0L
0U
xq
xr
#1665
1L
1U
#1670
0L
0U
#1675
1L
1U
#1680
0L
0U
#1685
1L
1U
#1688
0N
#1690
0L
0U
#1695
1L
1U
#1700
0L
0U
#1705
1L
1U
#1708
b11 d
0M
#1710
0L
0U
#1715
1L
1U
#1718
0I
0J
0c
#1720
0L
0U
#1725
1L
1U
#1730
0L
0U
#1735
1L
1U
#1740
0L
0U
#1745
1L
1U
#1748
b11111011 o
b11111011 {
b1011 S
b1011 W
b1011 h
#1749
b1011 Z
b1011 l
b1011 k
b1011 |
1}
0q
#1750
0L
0U
#1755
1L
1U
#1758
b1 /"
b1100 1"
b1001 -"
1N
#1760
0L
0U
#1765
1L
1U
#1768
b0 p
b0 u
b0 R
b0 V
b0 g
#1769
b11111100 [
b11111100 n
b11111100 m
b11111100 v
0w
0r
#1770
0L
0U
#1775
1L
1U
#1778
b100 d
b1 *"
b1100 ,"
b1001 ("
1M
#1780
0L
0U
#1785
1L
1U
#1788
b101 d
b1011 G
b1011 Y
b1011 f
b1011 j
b1011 z
#1789
b110 Z
b110 l
b110 k
b110 |
#1790
0L
0U
#1795
1L
1U
#1798
b1011 '"
b0 d
1K
1b
#1800
0L
0U
#1805
1L
1U
#1810
0L
0U
#1813
1Q
b1 ""
b1100 $"
b1001 %"
#1815
1L
1U
#1818
b1 d
#1820
0L
0U
#1825
1L
1U
#1828
0K
0b
#1830
0L
0U
#1835
1L
1U
#1840
0L
0U
#1845
1L
1U
#1848
b10 d
0Q
#1850
0L
0U
#1855
1L
1U
#1858
bx o
bx {
bx S
bx W
bx h
bx p
bx u
bx R
bx V
bx g
1I
1J
1c
#1859
bx Z
bx l
bx [
bx n
bx k
bx |
x}
bx m
bx v
xw
#1860
0L
0U
xq
xr
#1865
1L
1U
#1870
0L
0U
#1875
1L
1U
#1880
0L
0U
#1885
1L
1U
#1888
0N
#1890
0L
0U
#1895
1L
1U
#1900
0L
0U
#1905
1L
1U
#1908
b11 d
0M
#1910
0L
0U
#1915
1L
1U
#1918
0I
0J
0c
#1920
0L
0U
#1925
1L
1U
#1930
0L
0U
#1935
1L
1U
#1940
0L
0U
#1945
1L
1U
#1948
b1 o
b1 {
b1 S
b1 W
b1 h
#1949
bx1100 Z
bx1100 l
b1100 k
b1100 |
0}
#1950
0L
0U
b1100 Z
b1100 l
0q
#1955
1L
1U
#1958
b1010 ."
b1001 /"
b11110110 0"
b101 1"
b1010 -"
1N
#1960
0L
0U
#1965
1L
1U
#1968
b0 p
b0 u
b0 R
b0 V
b0 g
#1969
b11111100 [
b11111100 n
b11111100 m
b11111100 v
0w
0r
#1970
0L
0U
#1975
1L
1U
#1978
b100 d
b1010 )"
b1001 *"
b11110110 +"
b101 ,"
b1010 ("
1M
#1980
0L
0U
#1985
1L
1U
#1988
b101 d
b1100 G
b1100 Y
b1100 f
b1100 j
b1100 z
#1989
b1101 Z
b1101 l
b1101 k
b1101 |
#1990
0L
0U
#1995
1L
1U
#1998
b1100 '"
b0 d
1K
1b
#2000
0L
0U
#2005
1L
1U
#2010
0L
0U
#2013
1Q
b1010 !"
b1001 ""
b11110110 #"
b101 $"
b1010 %"
#2015
1L
1U
#2018
b1 d
#2020
0L
0U
#2025
1L
1U
#2028
0K
0b
#2030
0L
0U
#2035
1L
1U
#2040
0L
0U
#2045
1L
1U
#2048
b10 d
0Q
#2050
0L
0U
#2055
1L
1U
#2058
bx o
bx {
bx S
bx W
bx h
bx p
bx u
bx R
bx V
bx g
1I
1J
1c
#2059
bx Z
bx l
bx [
bx n
bx k
bx |
x}
bx m
bx v
xw
#2060
0L
0U
xq
xr
#2065
1L
1U
#2070
0L
0U
#2075
1L
1U
#2080
0L
0U
#2085
1L
1U
#2088
0N
#2090
0L
0U
#2095
1L
1U
#2100
0L
0U
#2105
1L
1U
#2108
b11 d
0M
#2110
0L
0U
#2115
1L
1U
#2118
0I
0J
0c
#2120
0L
0U
#2125
1L
1U
#2130
0L
0U
#2135
1L
1U
#2140
0L
0U
#2145
1L
1U
#2148
b11111001 o
b11111001 {
b1001 S
b1001 W
b1001 h
#2149
b101 Z
b101 l
b101 k
b101 |
1}
0q
#2150
0L
0U
#2155
1L
1U
#2158
b1100 ."
b110 /"
b11110010 0"
b1011 1"
b1011 -"
1N
#2160
0L
0U
#2165
1L
1U
#2168
b11111010 p
b11111010 u
b1010 R
b1010 V
b1010 g
#2169
b1111x1x0 [
b1111x1x0 n
b11110110 m
b11110110 v
1w
#2170
0L
0U
b11110110 [
b11110110 n
0r
#2175
1L
1U
#2178
b100 d
b1100 )"
b110 *"
b11110010 +"
b1011 ,"
b1011 ("
1M
#2180
0L
0U
#2185
1L
1U
#2188
b101 d
b101 G
b101 Y
b101 f
b101 j
b101 z
b11110110 H
b11110110 X
b11110110 e
b11110110 i
b11110110 t
#2189
b11111110 Z
b11111110 l
b11110000 [
b11110000 n
b11111110 k
b11111110 |
0}
b11110000 m
b11110000 v
#2190
0L
0U
#2195
1L
1U
#2198
b101 '"
b11110110 &"
b0 d
1K
1b
#2200
0L
0U
#2205
1L
1U
#2210
0L
0U
#2213
1Q
b1100 !"
b110 ""
b11110010 #"
b1011 $"
b1011 %"
#2215
1L
1U
#2218
b1 d
#2220
0L
0U
#2225
1L
1U
#2228
0K
0b
#2230
0L
0U
#2235
1L
1U
#2240
0L
0U
#2245
1L
1U
#2248
b10 d
0Q
#2250
0L
0U
#2255
1L
1U
#2258
bx o
bx {
bx S
bx W
bx h
bx p
bx u
bx R
bx V
bx g
1I
1J
1c
#2259
bx [
bx n
bx Z
bx l
bx k
bx |
x}
bx m
bx v
xw
xq
#2260
0L
0U
xr
#2265
1L
1U
#2270
0L
0U
#2275
1L
1U
#2280
0L
0U
#2285
1L
1U
#2288
0N
#2290
0L
0U
#2295
1L
1U
#2300
0L
0U
#2305
1L
1U
#2308
b11 d
0M
#2310
0L
0U
#2315
1L
1U
#2318
0I
0J
0c
#2320
0L
0U
#2325
1L
1U
#2330
0L
0U
#2335
1L
1U
#2340
0L
0U
#2345
1L
1U
#2348
b110 o
b110 {
b110 S
b110 W
b110 h
#2349
bx1x Z
bx1x l
b1011 k
b1011 |
0}
#2350
0L
0U
b1011 Z
b1011 l
0q
#2355
1L
1U
#2358
b111 ."
b10 /"
b11111001 0"
b1101 1"
b1100 -"
1N
#2360
0L
0U
#2365
1L
1U
#2368
b11111100 p
b11111100 u
b1100 R
b1100 V
b1100 g
#2369
b11110x10 [
b11110x10 n
b11110010 m
b11110010 v
1w
#2370
0L
0U
b11110010 [
b11110010 n
0r
#2375
1L
1U
#2378
b100 d
b111 )"
b10 *"
b11111001 +"
b1101 ,"
b1100 ("
1M
#2380
0L
0U
#2385
1L
1U
#2388
b101 d
b1011 G
b1011 Y
b1011 f
b1011 j
b1011 z
b11110010 H
b11110010 X
b11110010 e
b11110010 i
b11110010 t
#2389
b10001 Z
b10001 l
b11101110 [
b11101110 n
b10001 k
b10001 |
b11101110 m
b11101110 v
#2390
0L
0U
#2395
1L
1U
#2398
b1011 '"
b11110010 &"
b0 d
1K
1b
#2400
0L
0U
#2405
1L
1U
#2410
0L
0U
#2413
1Q
b111 !"
b10 ""
b11111001 #"
b1101 $"
b1100 %"
#2415
1L
1U
#2418
b1 d
#2420
0L
0U
#2425
1L
1U
#2428
0K
0b
#2430
0L
0U
#2435
1L
1U
#2440
0L
0U
#2445
1L
1U
#2448
b10 d
0Q
#2450
0L
0U
#2455
1L
1U
#2458
bx o
bx {
bx S
bx W
bx h
bx p
bx u
bx R
bx V
bx g
1I
1J
1c
#2459
bx Z
bx l
bx [
bx n
bx k
bx |
x}
bx m
bx v
xw
#2460
0L
0U
xq
xr
#2465
1L
1U
#2470
0L
0U
#2475
1L
1U
#2480
0L
0U
#2485
1L
1U
#2488
0N
#2490
0L
0U
#2495
1L
1U
#2500
0L
0U
#2505
1L
1U
#2508
b11 d
0M
#2510
0L
0U
#2515
1L
1U
#2518
0I
0J
0c
#2520
0L
0U
#2525
1L
1U
#2530
0L
0U
#2535
1L
1U
#2540
0L
0U
#2545
1L
1U
#2548
b10 o
b10 {
b10 S
b10 W
b10 h
#2549
b1101 k
b1101 |
0}
#2550
0L
0U
b1101 Z
b1101 l
0q
#2555
1L
1U
#2558
b1000 ."
b11 /"
b11110001 0"
b10000 1"
b1101 -"
1N
#2560
0L
0U
#2565
1L
1U
#2568
b111 p
b111 u
b111 R
b111 V
b111 g
#2569
b11111001 [
b11111001 n
b11111001 m
b11111001 v
0w
0r
#2570
0L
0U
#2575
1L
1U
#2578
b100 d
b1000 )"
b11 *"
b11110001 +"
b10000 ,"
b1101 ("
1M
#2580
0L
0U
#2585
1L
1U
#2588
b101 d
b1101 G
b1101 Y
b1101 f
b1101 j
b1101 z
b11111001 H
b11111001 X
b11111001 e
b11111001 i
b11111001 t
#2589
b1111 Z
b1111 l
b0 [
b0 n
b1111 k
b1111 |
b0 m
b0 v
1w
#2590
0L
0U
#2595
1L
1U
#2598
b1101 '"
b11111001 &"
b0 d
1K
1b
#2600
0L
0U
#2605
1L
1U
#2610
0L
0U
#2613
1Q
b1000 !"
b11 ""
b11110001 #"
b10000 $"
b1101 %"
#2615
1L
1U
#2618
b1 d
#2620
0L
0U
#2625
1L
1U
#2628
0K
0b
#2630
0L
0U
#2635
1L
1U
#2640
0L
0U
#2645
1L
1U
#2648
b10 d
0Q
#2650
0L
0U
#2655
1L
1U
#2658
bx o
bx {
bx S
bx W
bx h
bx p
bx u
bx R
bx V
bx g
1I
1J
1c
#2659
bx Z
bx l
bx [
bx n
bx k
bx |
x}
bx m
bx v
xw
xr
#2660
0L
0U
xq
#2665
1L
1U
#2670
0L
0U
#2675
1L
1U
#2680
0L
0U
#2685
1L
1U
#2688
0N
#2690
0L
0U
#2695
1L
1U
#2700
0L
0U
#2705
1L
1U
#2708
b11 d
0M
#2710
0L
0U
#2715
1L
1U
#2718
0I
0J
0c
#2720
0L
0U
#2725
1L
1U
#2730
0L
0U
#2735
1L
1U
#2740
0L
0U
#2745
1L
1U
#2748
b11 o
b11 {
b11 S
b11 W
b11 h
#2749
bx1x00x Z
bx1x00x l
b10000 k
b10000 |
0}
#2750
0L
0U
b10000 Z
b10000 l
0q
#2755
1L
1U
#2758
b1001 ."
b101 /"
b11101010 0"
b10101 1"
b1110 -"
1N
#2760
0L
0U
#2765
1L
1U
#2768
b11111000 p
b11111000 u
b1000 R
b1000 V
b1000 g
#2769
b1111x001 [
b1111x001 n
b11110001 m
b11110001 v
1w
#2770
0L
0U
b11110001 [
b11110001 n
0r
#2775
1L
1U
#2778
b100 d
b1001 )"
b101 *"
b11101010 +"
b10101 ,"
b1110 ("
1M
#2780
0L
0U
#2785
1L
1U
#2788
b101 d
b10000 G
b10000 Y
b10000 f
b10000 j
b10000 z
b11110001 H
b11110001 X
b11110001 e
b11110001 i
b11110001 t
#2789
b10011 Z
b10011 l
b11101001 [
b11101001 n
b10011 k
b10011 |
b11101001 m
b11101001 v
#2790
0L
0U
#2795
1L
1U
#2798
b10000 '"
b11110001 &"
b0 d
1K
1b
#2800
0L
0U
#2805
1L
1U
#2810
0L
0U
#2813
1Q
b1001 !"
b101 ""
b11101010 #"
b10101 $"
b1110 %"
#2815
1L
1U
#2818
b1 d
#2820
0L
0U
#2825
1L
1U
#2828
0K
0b
#2830
0L
0U
#2835
1L
1U
#2840
0L
0U
#2845
1L
1U
#2848
b10 d
0Q
#2850
0L
0U
#2855
1L
1U
#2858
bx o
bx {
bx S
bx W
bx h
bx p
bx u
bx R
bx V
bx g
1I
1J
1c
#2859
bx Z
bx l
bx [
bx n
bx k
bx |
x}
bx m
bx v
xw
#2860
0L
0U
xq
xr
#2865
1L
1U
#2870
0L
0U
#2875
1L
1U
#2880
0L
0U
#2885
1L
1U
#2888
0N
#2890
0L
0U
#2895
1L
1U
#2900
0L
0U
#2905
1L
1U
#2908
b11 d
0M
#2910
0L
0U
#2915
1L
1U
#2918
0I
0J
0c
#2920
0L
0U
#2925
1L
1U
#2930
0L
0U
#2935
1L
1U
#2940
0L
0U
#2945
1L
1U
#2948
b101 o
b101 {
b101 S
b101 W
b101 h
#2949
bx10x01 Z
bx10x01 l
b10101 k
b10101 |
0}
#2950
0L
0U
b10101 Z
b10101 l
0q
#2955
1L
1U
#2958
b1111 ."
b1111 /"
b11101001 0"
b10100 1"
b1111 -"
1N
#2960
0L
0U
#2965
1L
1U
#2968
b11111001 p
b11111001 u
b1001 R
b1001 V
b1001 g
#2969
b111xx0xx [
b111xx0xx n
b11101010 m
b11101010 v
1w
#2970
0L
0U
b11101010 [
b11101010 n
0r
#2975
1L
1U
#2978
b100 d
b1111 )"
b1111 *"
b11101001 +"
b10100 ,"
b1111 ("
1M
#2980
0L
0U
#2985
1L
1U
#2988
b101 d
b10101 G
b10101 Y
b10101 f
b10101 j
b10101 z
b11101010 H
b11101010 X
b11101010 e
b11101010 i
b11101010 t
#2989
b11010 Z
b11010 l
b11100011 [
b11100011 n
b11010 k
b11010 |
b11100011 m
b11100011 v
#2990
0L
0U
#2995
1L
1U
#2998
b10101 '"
b11101010 &"
b0 d
1K
1b
#3000
0L
0U
#3005
1L
1U
#3010
0L
0U
#3013
1Q
b1111 !"
b1111 ""
b11101001 #"
b10100 $"
b1111 %"
#3015
1L
1U
#3018
b1 d
#3020
0L
0U
#3025
1L
1U
#3028
0K
0b
#3030
0L
0U
#3035
1L
1U
#3040
0L
0U
#3045
1L
1U
#3048
b10 d
0Q
#3050
0L
0U
#3055
1L
1U
#3058
bx o
bx {
bx S
bx W
bx h
bx p
bx u
bx R
bx V
bx g
1I
1J
1c
#3059
bx Z
bx l
bx [
bx n
bx k
bx |
x}
bx m
bx v
xw
#3060
0L
0U
xq
xr
#3065
1L
1U
#3070
0L
0U
#3075
1L
1U
#3080
0L
0U
#3085
1L
1U
#3088
0N
#3090
0L
0U
#3095
1L
1U
#3100
0L
0U
#3105
1L
1U
#3108
b11 d
0M
#3110
0L
0U
#3115
1L
1U
#3118
0I
0J
0c
#3120
0L
0U
#3125
1L
1U
#3130
0L
0U
#3135
1L
1U
#3140
0L
0U
#3145
1L
1U
#3148
b11111111 o
b11111111 {
b1111 S
b1111 W
b1111 h
#3149
b10100 Z
b10100 l
b10100 k
b10100 |
1}
0q
#3150
0L
0U
#3155
1L
1U
#3158
b111 ."
b0 /"
b11110000 0"
b10000 -"
1N
#3160
0L
0U
#3165
1L
1U
#3168
b11111111 p
b11111111 u
b1111 R
b1111 V
b1111 g
#3169
b111010xx [
b111010xx n
b11101001 m
b11101001 v
1w
#3170
0L
0U
b11101001 [
b11101001 n
0r
#3175
1L
1U
#3178
b100 d
b111 )"
b0 *"
b11110000 +"
b10000 ("
1M
#3180
0L
0U
#3185
1L
1U
#3188
b101 d
b10100 G
b10100 Y
b10100 f
b10100 j
b10100 z
b11101001 H
b11101001 X
b11101001 e
b11101001 i
b11101001 t
#3189
b10011 Z
b10011 l
b11101000 [
b11101000 n
b10011 k
b10011 |
b11101000 m
b11101000 v
#3190
0L
0U
#3195
1L
1U
#3198
b10100 '"
b11101001 &"
b0 d
1K
1b
#3200
0L
0U
#3205
1L
1U
#3210
0L
0U
#3213
1Q
b111 !"
b0 ""
b11110000 #"
b10000 %"
#3215
1L
1U
#3218
b1 d
#3220
0L
0U
#3225
1L
1U
#3228
0K
0b
#3230
0L
0U
#3235
1L
1U
#3240
0L
0U
#3245
1L
1U
#3248
b10 d
0Q
#3250
0L
0U
#3255
1L
1U
#3258
bx o
bx {
bx S
bx W
bx h
bx p
bx u
bx R
bx V
bx g
1I
1J
1c
#3259
bx Z
bx l
bx [
bx n
bx k
bx |
x}
bx m
bx v
xw
#3260
0L
0U
xq
xr
#3265
1L
1U
#3270
0L
0U
#3275
1L
1U
#3280
0L
0U
#3285
1L
1U
#3288
0N
#3290
0L
0U
#3295
1L
1U
#3300
0L
0U
#3305
1L
1U
#3308
b11 d
0M
#3310
0L
0U
#3315
1L
1U
#3318
0I
0J
0c
#3320
0L
0U
#3325
1L
1U
#3330
0L
0U
#3335
1L
1U
#3340
0L
0U
#3345
1L
1U
#3348
b0 o
b0 {
b0 S
b0 W
b0 h
#3349
bx0x Z
bx0x l
b10100 k
b10100 |
0}
#3350
0L
0U
b10100 Z
b10100 l
0q
#3355
1L
1U
#3358
b1100 ."
b1001 /"
b11101100 0"
b1101 1"
b10001 -"
1N
#3360
0L
0U
#3365
1L
1U
#3368
b111 p
b111 u
b111 R
b111 V
b111 g
#3369
b11110000 [
b11110000 n
b11110000 m
b11110000 v
0w
0r
#3370
0L
0U
#3375
1L
1U
#3378
b100 d
b1100 )"
b1001 *"
b11101100 +"
b1101 ,"
b10001 ("
1M
#3380
0L
0U
#3385
1L
1U
#3388
b101 d
b11110000 H
b11110000 X
b11110000 e
b11110000 i
b11110000 t
#3389
b11110111 [
b11110111 n
b11110111 m
b11110111 v
#3390
0L
0U
#3395
1L
1U
#3398
b11110000 &"
b0 d
1K
1b
#3400
0L
0U
#3405
1L
1U
#3410
0L
0U
#3413
1Q
b1100 !"
b1001 ""
b11101100 #"
b1101 $"
b10001 %"
#3415
1L
1U
#3418
b1 d
#3420
0L
0U
#3425
1L
1U
#3428
0K
0b
#3430
0L
0U
#3435
1L
1U
#3440
0L
0U
#3445
1L
1U
#3448
b10 d
0Q
#3450
0L
0U
#3455
1L
1U
#3458
bx o
bx {
bx S
bx W
bx h
bx p
bx u
bx R
bx V
bx g
1I
1J
1c
#3459
bx Z
bx l
bx [
bx n
bx k
bx |
x}
bx m
bx v
xw
#3460
0L
0U
xq
xr
#3465
1L
1U
#3470
0L
0U
#3475
1L
1U
#3480
0L
0U
#3485
1L
1U
#3488
0N
#3490
0L
0U
#3495
1L
1U
#3500
0L
0U
#3505
1L
1U
#3508
b11 d
0M
#3510
0L
0U
#3515
1L
1U
#3518
0I
0J
0c
#3520
0L
0U
#3525
1L
1U
#3530
0L
0U
#3535
1L
1U
#3540
0L
0U
#3545
1L
1U
#3548
b11111001 o
b11111001 {
b1001 S
b1001 W
b1001 h
#3549
b1101 Z
b1101 l
b1101 k
b1101 |
1}
0q
#3550
0L
0U
#3555
1L
1U
#3558
b1010 ."
b0 /"
b11100110 0"
b10010 -"
1N
#3560
0L
0U
#3565
1L
1U
#3568
b11111100 p
b11111100 u
b1100 R
b1100 V
b1100 g
#3569
b111xxx00 [
b111xxx00 n
b11101100 m
b11101100 v
1w
#3570
0L
0U
b11101100 [
b11101100 n
0r
#3575
1L
1U
#3578
b100 d
b1010 )"
b0 *"
b11100110 +"
b10010 ("
1M
#3580
0L
0U
#3585
1L
1U
#3588
b101 d
b1101 G
b1101 Y
b1101 f
b1101 j
b1101 z
b11101100 H
b11101100 X
b11101100 e
b11101100 i
b11101100 t
#3589
b110 Z
b110 l
b11101000 [
b11101000 n
b110 k
b110 |
b11101000 m
b11101000 v
#3590
0L
0U
#3595
1L
1U
#3598
b1101 '"
b11101100 &"
b0 d
1K
1b
#3600
0L
0U
#3605
1L
1U
#3610
0L
0U
#3613
1Q
b1010 !"
b0 ""
b11100110 #"
b10010 %"
#3615
1L
1U
#3618
b1 d
#3620
0L
0U
#3625
1L
1U
#3628
0K
0b
#3630
0L
0U
#3635
1L
1U
#3640
0L
0U
#3645
1L
1U
#3648
b10 d
0Q
#3650
0L
0U
#3655
1L
1U
#3658
bx o
bx {
bx S
bx W
bx h
bx p
bx u
bx R
bx V
bx g
1I
1J
1c
#3659
bx Z
bx l
bx [
bx n
bx k
bx |
x}
bx m
bx v
xw
#3660
0L
0U
xq
xr
#3665
1L
1U
#3670
0L
0U
#3675
1L
1U
#3680
0L
0U
#3685
1L
1U
#3688
0N
#3690
0L
0U
#3695
1L
1U
#3700
0L
0U
#3705
1L
1U
#3708
b11 d
0M
#3710
0L
0U
#3715
1L
1U
#3718
0I
0J
0c
#3720
0L
0U
#3725
1L
1U
#3730
0L
0U
#3735
1L
1U
#3740
0L
0U
#3745
1L
1U
#3748
b0 o
b0 {
b0 S
b0 W
b0 h
#3749
bx0110x Z
bx0110x l
b1101 k
b1101 |
0}
#3750
0L
0U
b1101 Z
b1101 l
0q
#3755
1L
1U
#3758
b1111 ."
b1010 /"
b11100101 0"
b111 1"
b10011 -"
1N
#3760
0L
0U
#3765
1L
1U
#3768
b11111010 p
b11111010 u
b1010 R
b1010 V
b1010 g
#3769
b1110x1x0 [
b1110x1x0 n
b11100110 m
b11100110 v
1w
#3770
0L
0U
b11100110 [
b11100110 n
0r
#3775
1L
1U
#3778
b100 d
b1111 )"
b1010 *"
b11100101 +"
b111 ,"
b10011 ("
1M
#3780
0L
0U
#3785
1L
1U
#3788
b101 d
b11100110 H
b11100110 X
b11100110 e
b11100110 i
b11100110 t
#3789
b11100000 [
b11100000 n
b11100000 m
b11100000 v
#3790
0L
0U
#3795
1L
1U
#3798
b11100110 &"
b0 d
1K
1b
#3800
0L
0U
#3805
1L
1U
#3810
0L
0U
#3813
1Q
b1111 !"
b1010 ""
b11100101 #"
b111 $"
b10011 %"
#3815
1L
1U
#3818
b1 d
#3820
0L
0U
#3825
1L
1U
#3828
0K
0b
#3830
0L
0U
#3835
1L
1U
#3840
0L
0U
#3845
1L
1U
#3848
b10 d
0Q
#3850
0L
0U
#3855
1L
1U
#3858
bx o
bx {
bx S
bx W
bx h
bx p
bx u
bx R
bx V
bx g
1I
1J
1c
#3859
bx Z
bx l
bx [
bx n
bx k
bx |
x}
bx m
bx v
xw
#3860
0L
0U
xq
xr
#3865
1L
1U
#3870
0L
0U
#3875
1L
1U
#3880
0L
0U
#3885
1L
1U
#3888
0N
#3890
0L
0U
#3895
1L
1U
#3900
0L
0U
#3905
1L
1U
#3908
b11 d
0M
#3910
0L
0U
#3915
1L
1U
#3918
0I
0J
0c
#3920
0L
0U
#3925
1L
1U
#3930
0L
0U
#3935
1L
1U
#3940
0L
0U
#3945
1L
1U
#3948
b11111010 o
b11111010 {
b1010 S
b1010 W
b1010 h
#3949
b111 Z
b111 l
b111 k
b111 |
1}
0q
#3950
0L
0U
#3955
1L
1U
#3958
b11 ."
b1011 /"
b11101000 0"
b10 1"
b10100 -"
1N
#3960
0L
0U
#3965
1L
1U
#3968
b11111111 p
b11111111 u
b1111 R
b1111 V
b1111 g
#3969
b111001xx [
b111001xx n
b11100101 m
b11100101 v
1w
#3970
0L
0U
b11100101 [
b11100101 n
0r
#3975
1L
1U
#3978
b100 d
b11 )"
b1011 *"
b11101000 +"
b10 ,"
b10100 ("
1M
#3980
0L
0U
#3985
1L
1U
#3988
b101 d
b111 G
b111 Y
b111 f
b111 j
b111 z
b11100101 H
b11100101 X
b11100101 e
b11100101 i
b11100101 t
#3989
b1 Z
b1 l
b11100100 [
b11100100 n
b1 k
b1 |
b11100100 m
b11100100 v
#3990
0L
0U
#3995
1L
1U
#3998
b111 '"
b11100101 &"
b0 d
1K
1b
#4000
0L
0U
#4005
1L
1U
#4010
0L
0U
#4013
1Q
b11 !"
b1011 ""
b11101000 #"
b10 $"
b10100 %"
#4015
1L
1U
#4018
b1 d
#4020
0L
0U
#4025
1L
1U
#4028
0K
0b
#4030
0L
0U
#4035
1L
1U
#4040
0L
0U
#4045
1L
1U
#4048
b10 d
0Q
#4050
0L
0U
#4055
1L
1U
#4058
bx o
bx {
bx S
bx W
bx h
bx p
bx u
bx R
bx V
bx g
1I
1J
1c
#4059
bx Z
bx l
bx [
bx n
bx k
bx |
x}
bx m
bx v
xw
#4060
0L
0U
xq
xr
#4065
1L
1U
#4070
0L
0U
#4075
1L
1U
#4080
0L
0U
#4085
1L
1U
#4088
0N
#4090
0L
0U
#4095
1L
1U
#4100
0L
0U
#4105
1L
1U
#4108
b11 d
0M
#4110
0L
0U
#4115
1L
1U
#4118
0I
0J
0c
#4120
0L
0U
#4125
1L
1U
#4130
0L
0U
#4135
1L
1U
#4140
0L
0U
#4145
1L
1U
#4148
b11111011 o
b11111011 {
b1011 S
b1011 W
b1011 h
#4149
b10 Z
b10 l
b10 k
b10 |
1}
0q
#4150
0L
0U
#4155
1L
1U
#4158
b1001 ."
b1 /"
b11100001 0"
b11 1"
b10101 -"
1N
#4160
0L
0U
#4165
1L
1U
#4168
b11 p
b11 u
b11 R
b11 V
b11 g
#4169
b11101000 [
b11101000 n
b11101000 m
b11101000 v
0w
0r
#4170
0L
0U
#4175
1L
1U
#4178
b100 d
b1001 )"
b1 *"
b11100001 +"
b11 ,"
b10101 ("
1M
#4180
0L
0U
#4185
1L
1U
#4188
b101 d
b10 G
b10 Y
b10 f
b10 j
b10 z
b11101000 H
b11101000 X
b11101000 e
b11101000 i
b11101000 t
#4189
b11111101 Z
b11111101 l
b11101011 [
b11101011 n
b11111101 k
b11111101 |
0}
b11101011 m
b11101011 v
#4190
0L
0U
#4195
1L
1U
#4198
b10 '"
b11101000 &"
b0 d
1K
1b
#4200
0L
0U
#4205
1L
1U
#4210
0L
0U
#4213
1Q
b1001 !"
b1 ""
b11100001 #"
b11 $"
b10101 %"
#4215
1L
1U
#4218
b1 d
#4220
0L
0U
#4225
1L
1U
#4228
0K
0b
#4230
0L
0U
#4235
1L
1U
#4240
0L
0U
#4245
1L
1U
#4248
b10 d
0Q
#4250
0L
0U
#4255
1L
1U
#4258
bx o
bx {
bx S
bx W
bx h
bx p
bx u
bx R
bx V
bx g
1I
1J
1c
#4259
bx [
bx n
bx Z
bx l
bx k
bx |
x}
bx m
bx v
xw
xq
#4260
0L
0U
xr
#4265
1L
1U
#4270
0L
0U
#4275
1L
1U
#4280
0L
0U
#4285
1L
1U
#4288
0N
#4290
0L
0U
#4295
1L
1U
#4300
0L
0U
#4305
1L
1U
#4308
b11 d
0M
#4310
0L
0U
#4315
1L
1U
#4318
0I
0J
0c
#4320
0L
0U
#4325
1L
1U
#4330
0L
0U
#4335
1L
1U
#4340
0L
0U
#4345
1L
1U
#4348
b1 o
b1 {
b1 S
b1 W
b1 h
#4349
bx0x0xx Z
bx0x0xx l
b11 k
b11 |
0}
#4350
0L
0U
b11 Z
b11 l
0q
#4355
1L
1U
#4358
b1110 ."
b1110 /"
b11011111 0"
b1 1"
b10110 -"
1N
#4360
0L
0U
#4365
1L
1U
#4368
b11111001 p
b11111001 u
b1001 R
b1001 V
b1001 g
#4369
b1110x00x [
b1110x00x n
b11100001 m
b11100001 v
1w
#4370
0L
0U
b11100001 [
b11100001 n
0r
#4375
1L
1U
#4378
b100 d
b1110 )"
b1110 *"
b11011111 +"
b1 ,"
b10110 ("
1M
#4380
0L
0U
#4385
1L
1U
#4388
b101 d
b11 G
b11 Y
b11 f
b11 j
b11 z
b11100001 H
b11100001 X
b11100001 e
b11100001 i
b11100001 t
#4389
b100 Z
b100 l
b11011010 [
b11011010 n
b100 k
b100 |
b11011010 m
b11011010 v
#4390
0L
0U
#4395
1L
1U
#4398
b11 '"
b11100001 &"
b0 d
1K
1b
#4400
0L
0U
#4405
1L
1U
#4410
0L
0U
#4413
1Q
b1110 !"
b1110 ""
b11011111 #"
b1 $"
b10110 %"
#4415
1L
1U
#4418
b1 d
#4420
0L
0U
#4425
1L
1U
#4428
0K
0b
#4430
0L
0U
#4435
1L
1U
#4440
0L
0U
#4445
1L
1U
#4448
b10 d
0Q
#4450
0L
0U
#4455
1L
1U
#4458
bx o
bx {
bx S
bx W
bx h
bx p
bx u
bx R
bx V
bx g
1I
1J
1c
#4459
bx Z
bx l
bx [
bx n
bx k
bx |
x}
bx m
bx v
xw
#4460
0L
0U
xq
xr
#4465
1L
1U
#4470
0L
0U
#4475
1L
1U
#4480
0L
0U
#4485
1L
1U
#4488
0N
#4490
0L
0U
#4495
1L
1U
#4500
0L
0U
#4505
1L
1U
#4508
b11 d
0M
#4510
0L
0U
#4515
1L
1U
#4518
0I
0J
0c
#4520
0L
0U
#4525
1L
1U
#4530
0L
0U
#4535
1L
1U
#4540
0L
0U
#4545
1L
1U
#4548
b11111110 o
b11111110 {
b1110 S
b1110 W
b1110 h
#4549
b1 Z
b1 l
b1 k
b1 |
1}
0q
#4550
0L
0U
#4555
1L
1U
#4558
b1111 ."
b1001 /"
b11011110 0"
b11111010 1"
b10111 -"
1N
#4560
0L
0U
#4565
1L
1U
#4568
b11111110 p
b11111110 u
b1110 R
b1110 V
b1110 g
#4569
b11xxxxx1 [
b11xxxxx1 n
b11011111 m
b11011111 v
1w
#4570
0L
0U
b11011111 [
b11011111 n
0r
#4575
1L
1U
#4578
b100 d
b1111 )"
b1001 *"
b11011110 +"
b11111010 ,"
b10111 ("
1M
#4580
0L
0U
#4585
1L
1U
#4588
b101 d
b1 G
b1 Y
b1 f
b1 j
b1 z
b11011111 H
b11011111 X
b11011111 e
b11011111 i
b11011111 t
#4589
b11111111 Z
b11111111 l
b11011101 [
b11011101 n
b11111111 k
b11111111 |
0}
b11011101 m
b11011101 v
#4590
0L
0U
#4595
1L
1U
#4598
b1 '"
b11011111 &"
b0 d
1K
1b
#4600
0L
0U
#4605
1L
1U
#4610
0L
0U
#4613
1Q
b1111 !"
b1001 ""
b11011110 #"
b11111010 $"
b10111 %"
#4615
1L
1U
#4618
b1 d
#4620
0L
0U
#4625
1L
1U
#4628
0K
0b
#4630
0L
0U
#4635
1L
1U
#4640
0L
0U
#4645
1L
1U
#4648
b10 d
0Q
#4650
0L
0U
#4655
1L
1U
#4658
bx o
bx {
bx S
bx W
bx h
bx p
bx u
bx R
bx V
bx g
1I
1J
1c
#4659
bx [
bx n
bx Z
bx l
bx k
bx |
x}
bx m
bx v
xw
xq
#4660
0L
0U
xr
#4665
1L
1U
#4670
0L
0U
#4675
1L
1U
#4680
0L
0U
#4685
1L
1U
#4688
0N
#4690
0L
0U
#4695
1L
1U
#4700
0L
0U
#4705
1L
1U
#4708
b11 d
0M
#4710
0L
0U
#4715
1L
1U
#4718
0I
0J
0c
#4720
0L
0U
#4725
1L
1U
#4730
0L
0U
#4735
1L
1U
#4740
0L
0U
#4745
1L
1U
#4748
b11111001 o
b11111001 {
b1001 S
b1001 W
b1001 h
#4749
b11111010 Z
b11111010 l
b11111010 k
b11111010 |
0}
0q
#4750
0L
0U
#4755
1L
1U
#4758
b1011 ."
b110 /"
b11011001 0"
b0 1"
b11000 -"
1N
#4760
0L
0U
#4765
1L
1U
#4768
b11111111 p
b11111111 u
b1111 R
b1111 V
b1111 g
#4769
b1101111x [
b1101111x n
b11011110 m
b11011110 v
1w
#4770
0L
0U
b11011110 [
b11011110 n
0r
#4775
1L
1U
#4778
b100 d
b1011 )"
b110 *"
b11011001 +"
b0 ,"
b11000 ("
1M
#4780
0L
0U
#4785
1L
1U
#4788
b101 d
b11111010 G
b11111010 Y
b11111010 f
b11111010 j
b11111010 z
b11011110 H
b11011110 X
b11011110 e
b11011110 i
b11011110 t
#4789
b11110011 Z
b11110011 l
b11011101 [
b11011101 n
b11110011 k
b11110011 |
1}
b11011101 m
b11011101 v
#4790
0L
0U
#4795
1L
1U
#4798
b11111010 '"
b11011110 &"
b0 d
1K
1b
#4800
0L
0U
#4805
1L
1U
#4810
0L
0U
#4813
1Q
b1011 !"
b110 ""
b11011001 #"
b0 $"
b11000 %"
#4815
1L
1U
#4818
b1 d
#4820
0L
0U
#4825
1L
1U
#4828
0K
0b
#4830
0L
0U
#4835
1L
1U
#4840
0L
0U
#4845
1L
1U
#4848
b10 d
0Q
#4850
0L
0U
#4855
1L
1U
#4858
bx o
bx {
bx S
bx W
bx h
bx p
bx u
bx R
bx V
bx g
1I
1J
1c
#4859
bx Z
bx l
bx [
bx n
bx k
bx |
x}
bx m
bx v
xw
#4860
0L
0U
xq
xr
#4865
1L
1U
#4870
0L
0U
#4875
1L
1U
#4880
0L
0U
#4885
1L
1U
#4888
0N
#4890
0L
0U
#4895
1L
1U
#4900
0L
0U
#4905
1L
1U
#4908
b11 d
0M
#4910
0L
0U
#4915
1L
1U
#4918
0I
0J
0c
#4920
0L
0U
#4925
1L
1U
#4930
0L
0U
#4935
1L
1U
#4940
0L
0U
#4945
1L
1U
#4948
b110 o
b110 {
b110 S
b110 W
b110 h
#4949
b0 Z
b0 l
b0 k
b0 |
1}
0q
#4950
0L
0U
#4955
1L
1U
#4958
b1000 ."
b1001 /"
b11010001 0"
b11111001 1"
b11001 -"
1N
#4960
0L
0U
#4965
1L
1U
#4968
b11111011 p
b11111011 u
b1011 R
b1011 V
b1011 g
#4969
b11011xxx [
b11011xxx n
b11011001 m
b11011001 v
1w
#4970
0L
0U
b11011001 [
b11011001 n
0r
#4975
1L
1U
#4978
b100 d
b1000 )"
b1001 *"
b11010001 +"
b11111001 ,"
b11001 ("
1M
#4980
0L
0U
#4985
1L
1U
#4988
b101 d
b0 G
b0 Y
b0 f
b0 j
b0 z
b11011001 H
b11011001 X
b11011001 e
b11011001 i
b11011001 t
#4989
b110 Z
b110 l
b11010100 [
b11010100 n
b110 k
b110 |
0}
b11010100 m
b11010100 v
#4990
0L
0U
#4995
1L
1U
#4998
b0 '"
b11011001 &"
b0 d
1K
1b
#5000
0L
0U
#5005
1L
1U
#5010
0L
0U
#5013
1Q
b1000 !"
b1001 ""
b11010001 #"
b11111001 $"
b11001 %"
#5015
1L
1U
#5018
b1 d
#5020
0L
0U
#5025
1L
1U
#5028
0K
0b
#5030
0L
0U
#5035
1L
1U
#5040
0L
0U
#5045
1L
1U
#5048
b10 d
0Q
#5050
0L
0U
#5055
1L
1U
#5058
bx o
bx {
bx S
bx W
bx h
bx p
bx u
bx R
bx V
bx g
1I
1J
1c
#5059
bx Z
bx l
bx [
bx n
bx k
bx |
x}
bx m
bx v
xw
#5060
0L
0U
xq
xr
#5065
1L
1U
#5070
0L
0U
#5075
1L
1U
#5080
0L
0U
#5085
1L
1U
#5088
0N
#5090
0L
0U
#5095
1L
1U
#5100
0L
0U
#5105
1L
1U
#5108
b11 d
0M
#5110
0L
0U
#5115
1L
1U
#5118
0I
0J
0c
#5120
0L
0U
#5125
1L
1U
#5130
0L
0U
#5135
1L
1U
#5140
0L
0U
#5145
1L
1U
#5148
b11111001 o
b11111001 {
b1001 S
b1001 W
b1001 h
#5149
b11111001 Z
b11111001 l
b11111001 k
b11111001 |
0}
0q
#5150
0L
0U
#5155
1L
1U
#5158
b1111 ."
b110 /"
b11010000 0"
b11111111 1"
b11010 -"
1N
#5160
0L
0U
#5165
1L
1U
#5168
b11111000 p
b11111000 u
b1000 R
b1000 V
b1000 g
#5169
b1101x001 [
b1101x001 n
b11010001 m
b11010001 v
1w
#5170
0L
0U
b11010001 [
b11010001 n
0r
#5175
1L
1U
#5178
b100 d
b1111 )"
b110 *"
b11010000 +"
b11111111 ,"
b11010 ("
1M
#5180
0L
0U
#5185
1L
1U
#5188
b101 d
b11111001 G
b11111001 Y
b11111001 f
b11111001 j
b11111001 z
b11010001 H
b11010001 X
b11010001 e
b11010001 i
b11010001 t
#5189
b11110010 Z
b11110010 l
b11001001 [
b11001001 n
b11110010 k
b11110010 |
1}
b11001001 m
b11001001 v
#5190
0L
0U
#5195
1L
1U
#5198
b11111001 '"
b11010001 &"
b0 d
1K
1b
#5200
0L
0U
#5205
1L
1U
#5210
0L
0U
#5213
1Q
b1111 !"
b110 ""
b11010000 #"
b11111111 $"
b11010 %"
#5215
1L
1U
#5218
b1 d
#5220
0L
0U
#5225
1L
1U
#5228
0K
0b
#5230
0L
0U
#5235
1L
1U
#5240
0L
0U
#5245
1L
1U
#5248
b10 d
0Q
#5250
0L
0U
#5255
1L
1U
#5258
bx o
bx {
bx S
bx W
bx h
bx p
bx u
bx R
bx V
bx g
1I
1J
1c
#5259
bx Z
bx l
bx [
bx n
bx k
bx |
x}
bx m
bx v
xw
#5260
0L
0U
xq
xr
#5265
1L
1U
#5270
0L
0U
#5275
1L
1U
#5280
0L
0U
#5285
1L
1U
#5288
0N
#5290
0L
0U
#5295
1L
1U
#5300
0L
0U
#5305
1L
1U
#5308
b11 d
0M
#5310
0L
0U
#5315
1L
1U
#5318
0I
0J
0c
#5320
0L
0U
#5325
1L
1U
#5330
0L
0U
#5335
1L
1U
#5340
0L
0U
#5345
1L
1U
#5348
b110 o
b110 {
b110 S
b110 W
b110 h
#5349
b11111111 Z
b11111111 l
b11111111 k
b11111111 |
0}
0q
#5350
0L
0U
#5355
1L
1U
#5358
b1000 ."
b1010 /"
b11001000 0"
b11111001 1"
b11011 -"
1N
#5360
0L
0U
#5365
1L
1U
#5368
b11111111 p
b11111111 u
b1111 R
b1111 V
b1111 g
#5369
b1101000x [
b1101000x n
b11010000 m
b11010000 v
1w
#5370
0L
0U
b11010000 [
b11010000 n
0r
#5375
1L
1U
#5378
b100 d
b1000 )"
b1010 *"
b11001000 +"
b11111001 ,"
b11011 ("
1M
#5380
0L
0U
#5385
1L
1U
#5388
b101 d
b11111111 G
b11111111 Y
b11111111 f
b11111111 j
b11111111 z
b11010000 H
b11010000 X
b11010000 e
b11010000 i
b11010000 t
#5389
b101 Z
b101 l
b11001111 [
b11001111 n
b101 k
b101 |
1}
b11001111 m
b11001111 v
#5390
0L
0U
#5395
1L
1U
#5398
b11111111 '"
b11010000 &"
b0 d
1K
1b
#5400
0L
0U
#5405
1L
1U
#5410
0L
0U
#5413
1Q
b1000 !"
b1010 ""
b11001000 #"
b11111001 $"
b11011 %"
#5415
1L
1U
#5418
b1 d
#5420
0L
0U
#5425
1L
1U
#5428
0K
0b
#5430
0L
0U
#5435
1L
1U
#5440
0L
0U
#5445
1L
1U
#5448
b10 d
0Q
#5450
0L
0U
#5455
1L
1U
#5458
bx o
bx {
bx S
bx W
bx h
bx p
bx u
bx R
bx V
bx g
1I
1J
1c
#5459
bx [
bx n
bx Z
bx l
bx k
bx |
x}
bx m
bx v
xw
xq
#5460
0L
0U
xr
#5465
1L
1U
#5470
0L
0U
#5475
1L
1U
#5480
0L
0U
#5485
1L
1U
#5488
0N
#5490
0L
0U
#5495
1L
1U
#5500
0L
0U
#5505
1L
1U
#5508
b11 d
0M
#5510
0L
0U
#5515
1L
1U
#5518
0I
0J
0c
#5520
0L
0U
#5525
1L
1U
#5530
0L
0U
#5535
1L
1U
#5540
0L
0U
#5545
1L
1U
#5548
b11111010 o
b11111010 {
b1010 S
b1010 W
b1010 h
#5549
b11x1x00x Z
b11x1x00x l
b11111001 k
b11111001 |
1}
#5550
0L
0U
b11111001 Z
b11111001 l
0q
#5555
1L
1U
#5558
b110 ."
b11001110 0"
b11110011 1"
b11100 -"
1N
#5560
0L
0U
#5565
1L
1U
#5568
b11111000 p
b11111000 u
b1000 R
b1000 V
b1000 g
#5569
b110xx000 [
b110xx000 n
b11001000 m
b11001000 v
1w
#5570
0L
0U
b11001000 [
b11001000 n
0r
#5575
1L
1U
#5578
b100 d
b110 )"
b11001110 +"
b11110011 ,"
b11100 ("
1M
#5580
0L
0U
#5585
1L
1U
#5588
b101 d
b11111001 G
b11111001 Y
b11111001 f
b11111001 j
b11111001 z
b11001000 H
b11001000 X
b11001000 e
b11001000 i
b11001000 t
#5589
b11110011 Z
b11110011 l
b11000000 [
b11000000 n
b11110011 k
b11110011 |
b11000000 m
b11000000 v
#5590
0L
0U
#5595
1L
1U
#5598
b11111001 '"
b11001000 &"
b0 d
1K
1b
#5600
0L
0U
#5605
1L
1U
#5610
0L
0U
#5613
1Q
b110 !"
b11001110 #"
b11110011 $"
b11100 %"
#5615
1L
1U
#5618
b1 d
#5620
0L
0U
#5625
1L
1U
#5628
0K
0b
#5630
0L
0U
#5635
1L
1U
#5640
0L
0U
#5645
1L
1U
#5648
b10 d
0Q
#5650
0L
0U
#5655
1L
1U
#5658
bx o
bx {
bx S
bx W
bx h
bx p
bx u
bx R
bx V
bx g
1I
1J
1c
#5659
bx Z
bx l
bx [
bx n
bx k
bx |
x}
bx m
bx v
xw
#5660
0L
0U
xq
xr
#5665
1L
1U
#5670
0L
0U
#5675
1L
1U
#5680
0L
0U
#5685
1L
1U
#5688
0N
#5690
0L
0U
#5695
1L
1U
#5700
0L
0U
#5705
1L
1U
#5708
b11 d
0M
#5710
0L
0U
#5715
1L
1U
#5718
0I
0J
0c
#5720
0L
0U
#5725
1L
1U
#5730
0L
0U
#5735
1L
1U
#5740
0L
0U
#5745
1L
1U
#5748
b11111010 o
b11111010 {
b1010 S
b1010 W
b1010 h
#5749
b11xxx0xx Z
b11xxx0xx l
b11110011 k
b11110011 |
1}
#5750
0L
0U
b11110011 Z
b11110011 l
0q
#5755
1L
1U
#5758
b1100 ."
b0 /"
b11001010 0"
b11101 -"
1N
#5760
0L
0U
#5765
1L
1U
#5768
b110 p
b110 u
b110 R
b110 V
b110 g
#5769
b11001110 [
b11001110 n
b11001110 m
b11001110 v
0w
0r
#5770
0L
0U
#5775
1L
1U
#5778
b100 d
b1100 )"
b0 *"
b11001010 +"
b11101 ("
1M
#5780
0L
0U
#5785
1L
1U
#5788
b101 d
b11110011 G
b11110011 Y
b11110011 f
b11110011 j
b11110011 z
b11001110 H
b11001110 X
b11001110 e
b11001110 i
b11001110 t
#5789
b11101101 Z
b11101101 l
b11010100 [
b11010100 n
b11101101 k
b11101101 |
b11010100 m
b11010100 v
#5790
0L
0U
#5795
1L
1U
#5798
b11110011 '"
b11001110 &"
b0 d
1K
1b
#5800
0L
0U
#5805
1L
1U
#5810
0L
0U
#5813
1Q
b1100 !"
b0 ""
b11001010 #"
b11101 %"
#5815
1L
1U
#5818
b1 d
#5820
0L
0U
#5825
1L
1U
#5828
0K
0b
#5830
0L
0U
#5835
1L
1U
#5840
0L
0U
#5845
1L
1U
#5848
b10 d
0Q
#5850
0L
0U
#5855
1L
1U
#5858
bx o
bx {
bx S
bx W
bx h
bx p
bx u
bx R
bx V
bx g
1I
1J
1c
#5859
bx Z
bx l
bx [
bx n
bx k
bx |
x}
bx m
bx v
xw
#5860
0L
0U
xq
xr
#5865
1L
1U
#5870
0L
0U
#5875
1L
1U
#5880
0L
0U
#5885
1L
1U
#5888
0N
#5890
0L
0U
#5895
1L
1U
#5900
0L
0U
#5905
1L
1U
#5908
b11 d
0M
#5910
0L
0U
#5915
1L
1U
#5918
0I
0J
0c
#5920
0L
0U
#5925
1L
1U
#5930
0L
0U
#5935
1L
1U
#5940
0L
0U
#5945
1L
1U
#5948
b0 o
b0 {
b0 S
b0 W
b0 h
#5949
b11110011 Z
b11110011 l
b11110011 k
b11110011 |
0}
0q
#5950
0L
0U
#5955
1L
1U
#5958
b1011 ."
b1000 /"
b11000101 0"
b11101011 1"
b11110 -"
1N
#5960
0L
0U
#5965
1L
1U
#5968
b11111100 p
b11111100 u
b1100 R
b1100 V
b1100 g
#5969
b11001x10 [
b11001x10 n
b11001010 m
b11001010 v
1w
#5970
0L
0U
b11001010 [
b11001010 n
0r
#5975
1L
1U
#5978
b100 d
b1011 )"
b1000 *"
b11000101 +"
b11101011 ,"
b11110 ("
1M
#5980
0L
0U
#5985
1L
1U
#5988
b101 d
b11001010 H
b11001010 X
b11001010 e
b11001010 i
b11001010 t
#5989
b11000110 [
b11000110 n
b11000110 m
b11000110 v
#5990
0L
0U
#5995
1L
1U
#5998
b11001010 &"
b0 d
1K
1b
#6000
0L
0U
#6005
1L
1U
#6010
0L
0U
#6013
1Q
b1011 !"
b1000 ""
b11000101 #"
b11101011 $"
b11110 %"
#6015
1L
1U
#6018
b1 d
#6020
0L
0U
#6025
1L
1U
#6028
0K
0b
#6030
0L
0U
#6035
1L
1U
#6040
0L
0U
#6045
1L
1U
#6048
b10 d
0Q
#6050
0L
0U
#6055
1L
1U
#6058
bx o
bx {
bx S
bx W
bx h
bx p
bx u
bx R
bx V
bx g
1I
1J
1c
#6059
bx Z
bx l
bx [
bx n
bx k
bx |
x}
bx m
bx v
xw
#6060
0L
0U
xq
xr
#6065
1L
1U
#6070
0L
0U
#6075
1L
1U
#6080
0L
0U
#6085
1L
1U
#6088
0N
#6090
0L
0U
#6095
1L
1U
#6100
0L
0U
#6105
1L
1U
#6108
b11 d
0M
#6110
0L
0U
#6115
1L
1U
#6118
0I
0J
0c
#6120
0L
0U
#6125
1L
1U
#6130
0L
0U
#6135
1L
1U
#6140
0L
0U
#6145
1L
1U
#6148
b11111000 o
b11111000 {
b1000 S
b1000 W
b1000 h
#6149
b11x0101x Z
b11x0101x l
b11101011 k
b11101011 |
1}
#6150
0L
0U
b11101011 Z
b11101011 l
0q
#6155
1L
1U
#6158
b100 /"
b11000000 0"
b11101111 1"
b11111 -"
1N
#6160
0L
0U
#6165
1L
1U
#6168
b11111011 p
b11111011 u
b1011 R
b1011 V
b1011 g
#6169
b1100xxxx [
b1100xxxx n
b11000101 m
b11000101 v
1w
#6170
0L
0U
b11000101 [
b11000101 n
0r
#6175
1L
1U
#6178
b100 d
b100 *"
b11000000 +"
b11101111 ,"
b11111 ("
1M
#6180
0L
0U
#6185
1L
1U
#6188
b101 d
b11101011 G
b11101011 Y
b11101011 f
b11101011 j
b11101011 z
b11000101 H
b11000101 X
b11000101 e
b11000101 i
b11000101 t
#6189
b11100011 Z
b11100011 l
b11000000 [
b11000000 n
b11100011 k
b11100011 |
b11000000 m
b11000000 v
#6190
0L
0U
#6195
1L
1U
#6198
b11101011 '"
b11000101 &"
b0 d
1K
1b
#6200
0L
0U
#6205
1L
1U
#6210
0L
0U
#6213
1Q
b100 ""
b11000000 #"
b11101111 $"
b11111 %"
#6215
1L
1U
#6218
b1 d
#6220
0L
0U
#6225
1L
1U
#6228
0K
0b
#6230
0L
0U
#6235
1L
1U
#6240
0L
0U
#6245
1L
1U
#6248
b10 d
0Q
#6250
0L
0U
#6255
1L
1U
#6258
bx o
bx {
bx S
bx W
bx h
bx p
bx u
bx R
bx V
bx g
1I
1J
1c
#6259
bx Z
bx l
bx [
bx n
bx k
bx |
x}
bx m
bx v
xw
#6260
0L
0U
xq
xr
#6265
1L
1U
#6270
0L
0U
#6275
1L
1U
#6280
0L
0U
#6285
1L
1U
#6288
0N
#6290
0L
0U
#6295
1L
1U
#6300
0L
0U
#6305
1L
1U
#6308
b11 d
0M
#6310
0L
0U
#6315
1L
1U
#6318
0I
0J
0c
#6320
0L
0U
#6325
1L
1U
#6330
0L
0U
#6335
1L
1U
#6340
0L
0U
#6345
1L
1U
#6348
b100 o
b100 {
b100 S
b100 W
b100 h
#6349
b11101111 Z
b11101111 l
b11101111 k
b11101111 |
0}
0q
#6350
0L
0U
#6355
1L
1U
#6358
b0 ."
b1111 /"
b11101110 1"
b100000 -"
1N
#6360
0L
0U
#6365
1L
1U
#6368
b11111011 p
b11111011 u
b1011 R
b1011 V
b1011 g
#6369
b11000x0x [
b11000x0x n
b11000000 m
b11000000 v
1w
#6370
0L
0U
b11000000 [
b11000000 n
0r
#6375
1L
1U
#6378
b100 d
b0 )"
b1111 *"
b11101110 ,"
b100000 ("
1M
#6380
0L
0U
#6385
1L
1U
#6388
b101 d
b11101111 G
b11101111 Y
b11101111 f
b11101111 j
b11101111 z
b11000000 H
b11000000 X
b11000000 e
b11000000 i
b11000000 t
#6389
b11110011 Z
b11110011 l
b10111011 [
b10111011 n
b11110011 k
b11110011 |
b10111011 m
b10111011 v
#6390
0L
0U
#6395
1L
1U
#6398
b11101111 '"
b11000000 &"
b0 d
1K
1b
#6400
0L
0U
#6405
1L
1U
#6410
0L
0U
#6413
1Q
b0 !"
b1111 ""
b11101110 $"
b100000 %"
#6415
1L
1U
#6418
b1 d
#6420
0L
0U
#6425
1L
1U
#6428
0K
0b
#6430
0L
0U
#6435
1L
1U
#6440
0L
0U
#6445
1L
1U
#6448
b10 d
0Q
#6450
0L
0U
#6455
1L
1U
#6458
bx o
bx {
bx S
bx W
bx h
bx p
bx u
bx R
bx V
bx g
1I
1J
1c
#6459
bx Z
bx l
bx [
bx n
bx k
bx |
x}
bx m
bx v
xw
#6460
0L
0U
xq
xr
#6465
1L
1U
#6470
0L
0U
#6475
1L
1U
#6480
0L
0U
#6485
1L
1U
#6488
0N
#6490
0L
0U
#6495
1L
1U
#6500
0L
0U
#6505
1L
1U
#6508
b11 d
0M
#6510
0L
0U
#6515
1L
1U
#6518
0I
0J
0c
#6520
0L
0U
#6525
1L
1U
#6530
0L
0U
#6535
1L
1U
#6540
0L
0U
#6545
1L
1U
#6548
b11111111 o
b11111111 {
b1111 S
b1111 W
b1111 h
#6549
b11x0xxx0 Z
b11x0xxx0 l
b11101110 k
b11101110 |
1}
#6550
0L
0U
b11101110 Z
b11101110 l
0q
#6555
1L
1U
#6558
b101 ."
b100 /"
b11000101 0"
b11110010 1"
b100001 -"
1N
#6560
0L
0U
#6565
1L
1U
#6568
b0 p
b0 u
b0 R
b0 V
b0 g
#6569
b11000000 [
b11000000 n
b11000000 m
b11000000 v
0w
0r
#6570
0L
0U
#6575
1L
1U
#6578
b100 d
b101 )"
b100 *"
b11000101 +"
b11110010 ,"
b100001 ("
1M
#6580
0L
0U
#6585
1L
1U
#6588
b101 d
b11101110 G
b11101110 Y
b11101110 f
b11101110 j
b11101110 z
#6589
b11101101 Z
b11101101 l
b11101101 k
b11101101 |
#6590
0L
0U
#6595
1L
1U
#6598
b11101110 '"
b0 d
1K
1b
#6600
0L
0U
#6605
1L
1U
#6610
0L
0U
#6613
1Q
b101 !"
b100 ""
b11000101 #"
b11110010 $"
b100001 %"
#6615
1L
1U
#6618
b1 d
#6620
0L
0U
#6625
1L
1U
#6628
0K
0b
#6630
0L
0U
#6635
1L
1U
#6640
0L
0U
#6645
1L
1U
#6648
b10 d
0Q
#6650
0L
0U
#6655
1L
1U
#6658
bx o
bx {
bx S
bx W
bx h
bx p
bx u
bx R
bx V
bx g
1I
1J
1c
#6659
bx Z
bx l
bx [
bx n
bx k
bx |
x}
bx m
bx v
xw
#6660
0L
0U
xq
xr
#6665
1L
1U
#6670
0L
0U
#6675
1L
1U
#6680
0L
0U
#6685
1L
1U
#6688
0N
#6690
0L
0U
#6695
1L
1U
#6700
0L
0U
#6705
1L
1U
#6708
b11 d
0M
#6710
0L
0U
#6715
1L
1U
#6718
0I
0J
0c
#6720
0L
0U
#6725
1L
1U
#6730
0L
0U
#6735
1L
1U
#6740
0L
0U
#6745
1L
1U
#6748
b100 o
b100 {
b100 S
b100 W
b100 h
#6749
b11110010 Z
b11110010 l
b11110010 k
b11110010 |
0}
0q
#6750
0L
0U
#6755
1L
1U
#6758
b1000 ."
b101 /"
b10111101 0"
b11110111 1"
b100010 -"
1N
#6760
0L
0U
#6765
1L
1U
#6768
b101 p
b101 u
b101 R
b101 V
b101 g
#6769
b11000101 [
b11000101 n
b11000101 m
b11000101 v
0w
0r
#6770
0L
0U
#6775
1L
1U
#6778
b100 d
b1000 )"
b101 *"
b10111101 +"
b11110111 ,"
b100010 ("
1M
#6780
0L
0U
#6785
1L
1U
#6788
b101 d
b11110010 G
b11110010 Y
b11110010 f
b11110010 j
b11110010 z
b11000101 H
b11000101 X
b11000101 e
b11000101 i
b11000101 t
#6789
b11110110 Z
b11110110 l
b11001010 [
b11001010 n
b11110110 k
b11110110 |
b11001010 m
b11001010 v
#6790
0L
0U
#6795
1L
1U
#6798
b11110010 '"
b11000101 &"
b0 d
1K
1b
#6800
0L
0U
#6805
1L
1U
#6810
0L
0U
#6813
1Q
b1000 !"
b101 ""
b10111101 #"
b11110111 $"
b100010 %"
#6815
1L
1U
#6818
b1 d
#6820
0L
0U
#6825
1L
1U
#6828
0K
0b
#6830
0L
0U
#6835
1L
1U
#6840
0L
0U
#6845
1L
1U
#6848
b10 d
0Q
#6850
0L
0U
#6855
1L
1U
#6858
bx o
bx {
bx S
bx W
bx h
bx p
bx u
bx R
bx V
bx g
1I
1J
1c
#6859
bx Z
bx l
bx [
bx n
bx k
bx |
x}
bx m
bx v
xw
#6860
0L
0U
xq
xr
#6865
1L
1U
#6870
0L
0U
#6875
1L
1U
#6880
0L
0U
#6885
1L
1U
#6888
0N
#6890
0L
0U
#6895
1L
1U
#6900
0L
0U
#6905
1L
1U
#6908
b11 d
0M
#6910
0L
0U
#6915
1L
1U
#6918
0I
0J
0c
#6920
0L
0U
#6925
1L
1U
#6930
0L
0U
#6935
1L
1U
#6940
0L
0U
#6945
1L
1U
#6948
b101 o
b101 {
b101 S
b101 W
b101 h
#6949
b11110111 Z
b11110111 l
b11110111 k
b11110111 |
0}
0q
#6950
0L
0U
#6955
1L
1U
#6958
b1 ."
b1 /"
b10111110 0"
b11111000 1"
b100011 -"
1N
#6960
0L
0U
#6965
1L
1U
#6968
b11111000 p
b11111000 u
b1000 R
b1000 V
b1000 g
#6969
b1xxxx101 [
b1xxxx101 n
b10111101 m
b10111101 v
1w
#6970
0L
0U
b10111101 [
b10111101 n
0r
#6975
1L
1U
#6978
b100 d
b1 )"
b1 *"
b10111110 +"
b11111000 ,"
b100011 ("
1M
#6980
0L
0U
#6985
1L
1U
#6988
b101 d
b11110111 G
b11110111 Y
b11110111 f
b11110111 j
b11110111 z
b10111101 H
b10111101 X
b10111101 e
b10111101 i
b10111101 t
#6989
b11111100 Z
b11111100 l
b10110101 [
b10110101 n
b11111100 k
b11111100 |
b10110101 m
b10110101 v
#6990
0L
0U
#6995
1L
1U
#6998
b11110111 '"
b10111101 &"
b0 d
1K
1b
#7000
0L
0U
#7005
1L
1U
#7010
0L
0U
#7013
1Q
b1 !"
b1 ""
b10111110 #"
b11111000 $"
b100011 %"
#7015
1L
1U
#7018
b1 d
#7020
0L
0U
#7025
1L
1U
#7028
0K
0b
#7030
0L
0U
#7035
1L
1U
#7040
0L
0U
#7045
1L
1U
#7048
b10 d
0Q
#7050
0L
0U
#7055
1L
1U
#7058
bx o
bx {
bx S
bx W
bx h
bx p
bx u
bx R
bx V
bx g
1I
1J
1c
#7059
bx Z
bx l
bx [
bx n
bx k
bx |
x}
bx m
bx v
xw
#7060
0L
0U
xq
xr
#7065
1L
1U
#7070
0L
0U
#7075
1L
1U
#7080
0L
0U
#7085
1L
1U
#7088
0N
#7090
0L
0U
#7095
1L
1U
#7100
0L
0U
#7105
1L
1U
#7108
b11 d
0M
#7110
0L
0U
#7115
1L
1U
#7118
0I
0J
0c
#7120
0L
0U
#7125
1L
1U
#7130
0L
0U
#7135
1L
1U
#7140
0L
0U
#7145
1L
1U
#7148
b1 o
b1 {
b1 S
b1 W
b1 h
#7149
b11111000 Z
b11111000 l
b11111000 k
b11111000 |
0}
0q
#7150
0L
0U
#7155
1L
1U
#7158
b1100 ."
b1011 /"
b10111010 0"
b11110011 1"
b100100 -"
1N
#7160
0L
0U
#7165
1L
1U
#7168
b1 p
b1 u
b1 R
b1 V
b1 g
#7169
b10111110 [
b10111110 n
b10111110 m
b10111110 v
0w
0r
#7170
0L
0U
#7175
1L
1U
#7178
b100 d
b1100 )"
b1011 *"
b10111010 +"
b11110011 ,"
b100100 ("
1M
#7180
0L
0U
#7185
1L
1U
#7188
b101 d
b11111000 G
b11111000 Y
b11111000 f
b11111000 j
b11111000 z
b10111110 H
b10111110 X
b10111110 e
b10111110 i
b10111110 t
#7189
b11111001 Z
b11111001 l
b10111111 [
b10111111 n
b11111001 k
b11111001 |
b10111111 m
b10111111 v
#7190
0L
0U
#7195
1L
1U
#7198
b11111000 '"
b10111110 &"
b0 d
1K
1b
#7200
0L
0U
#7205
1L
1U
#7210
0L
0U
#7213
1Q
b1100 !"
b1011 ""
b10111010 #"
b11110011 $"
b100100 %"
#7215
1L
1U
#7218
b1 d
#7220
0L
0U
#7225
1L
1U
#7228
0K
0b
#7230
0L
0U
#7235
1L
1U
#7240
0L
0U
#7245
1L
1U
#7248
b10 d
0Q
#7250
0L
0U
#7255
1L
1U
#7258
bx o
bx {
bx S
bx W
bx h
bx p
bx u
bx R
bx V
bx g
1I
1J
1c
#7259
bx Z
bx l
bx [
bx n
bx k
bx |
x}
bx m
bx v
xw
#7260
0L
0U
xq
xr
#7265
1L
1U
#7270
0L
0U
#7275
1L
1U
#7280
0L
0U
#7285
1L
1U
#7288
0N
#7290
0L
0U
#7295
1L
1U
#7300
0L
0U
#7305
1L
1U
#7308
b11 d
0M
#7310
0L
0U
#7315
1L
1U
#7318
0I
0J
0c
#7320
0L
0U
#7325
1L
1U
#7330
0L
0U
#7335
1L
1U
#7340
0L
0U
#7345
1L
1U
#7348
b11111011 o
b11111011 {
b1011 S
b1011 W
b1011 h
#7349
b1x11xx1x Z
b1x11xx1x l
b11110011 k
b11110011 |
1}
#7350
0L
0U
b11110011 Z
b11110011 l
0q
#7355
1L
1U
#7358
b1110 ."
b110 /"
b10111000 0"
b11111001 1"
b100101 -"
1N
#7360
0L
0U
#7365
1L
1U
#7368
b11111100 p
b11111100 u
b1100 R
b1100 V
b1100 g
#7369
b10111x10 [
b10111x10 n
b10111010 m
b10111010 v
1w
#7370
0L
0U
b10111010 [
b10111010 n
0r
#7375
1L
1U
#7378
b100 d
b1110 )"
b110 *"
b10111000 +"
b11111001 ,"
b100101 ("
1M
#7380
0L
0U
#7385
1L
1U
#7388
b101 d
b11110011 G
b11110011 Y
b11110011 f
b11110011 j
b11110011 z
b10111010 H
b10111010 X
b10111010 e
b10111010 i
b10111010 t
#7389
b11101110 Z
b11101110 l
b10110110 [
b10110110 n
b11101110 k
b11101110 |
b10110110 m
b10110110 v
#7390
0L
0U
#7395
1L
1U
#7398
b11110011 '"
b10111010 &"
b0 d
1K
1b
#7400
0L
0U
#7405
1L
1U
#7410
0L
0U
#7413
1Q
b1110 !"
b110 ""
b10111000 #"
b11111001 $"
b100101 %"
#7415
1L
1U
#7418
b1 d
#7420
0L
0U
#7425
1L
1U
#7428
0K
0b
#7430
0L
0U
#7435
1L
1U
#7440
0L
0U
#7445
1L
1U
#7448
b10 d
0Q
#7450
0L
0U
#7455
1L
1U
#7458
bx o
bx {
bx S
bx W
bx h
bx p
bx u
bx R
bx V
bx g
1I
1J
1c
#7459
bx Z
bx l
bx [
bx n
bx k
bx |
x}
bx m
bx v
xw
#7460
0L
0U
xq
xr
#7465
1L
1U
#7470
0L
0U
#7475
1L
1U
#7480
0L
0U
#7485
1L
1U
#7488
0N
#7490
0L
0U
#7495
1L
1U
#7500
0L
0U
#7505
1L
1U
#7508
b11 d
0M
#7510
0L
0U
#7515
1L
1U
#7518
0I
0J
0c
#7520
0L
0U
#7525
1L
1U
#7530
0L
0U
#7535
1L
1U
#7540
0L
0U
#7545
1L
1U
#7548
b110 o
b110 {
b110 S
b110 W
b110 h
#7549
b11111001 Z
b11111001 l
b11111001 k
b11111001 |
0}
0q
#7550
0L
0U
#7555
1L
1U
#7558
b1100 ."
b1101 /"
b10110100 0"
b11110110 1"
b100110 -"
1N
#7560
0L
0U
#7565
1L
1U
#7568
b11111110 p
b11111110 u
b1110 R
b1110 V
b1110 g
#7569
b101110x0 [
b101110x0 n
b10111000 m
b10111000 v
1w
#7570
0L
0U
b10111000 [
b10111000 n
0r
#7575
1L
1U
#7578
b100 d
b1100 )"
b1101 *"
b10110100 +"
b11110110 ,"
b100110 ("
1M
#7580
0L
0U
#7585
1L
1U
#7588
b101 d
b11111001 G
b11111001 Y
b11111001 f
b11111001 j
b11111001 z
b10111000 H
b10111000 X
b10111000 e
b10111000 i
b10111000 t
#7589
b11111111 Z
b11111111 l
b10110110 [
b10110110 n
b11111111 k
b11111111 |
b10110110 m
b10110110 v
#7590
0L
0U
#7595
1L
1U
#7598
b11111001 '"
b10111000 &"
b0 d
1K
1b
#7600
0L
0U
#7605
1L
1U
#7610
0L
0U
#7613
1Q
b1100 !"
b1101 ""
b10110100 #"
b11110110 $"
b100110 %"
#7615
1L
1U
#7618
b1 d
#7620
0L
0U
#7625
1L
1U
#7628
0K
0b
#7630
0L
0U
#7635
1L
1U
#7640
0L
0U
#7645
1L
1U
#7648
b10 d
0Q
#7650
0L
0U
#7655
1L
1U
#7658
bx o
bx {
bx S
bx W
bx h
bx p
bx u
bx R
bx V
bx g
1I
1J
1c
#7659
bx Z
bx l
bx [
bx n
bx k
bx |
x}
bx m
bx v
xw
#7660
0L
0U
xq
xr
#7665
1L
1U
#7670
0L
0U
#7675
1L
1U
#7680
0L
0U
#7685
1L
1U
#7688
0N
#7690
0L
0U
#7695
1L
1U
#7700
0L
0U
#7705
1L
1U
#7708
b11 d
0M
#7710
0L
0U
#7715
1L
1U
#7718
0I
0J
0c
#7720
0L
0U
#7725
1L
1U
#7730
0L
0U
#7735
1L
1U
#7740
0L
0U
#7745
1L
1U
#7748
b11111101 o
b11111101 {
b1101 S
b1101 W
b1101 h
#7749
b1x11xxx0 Z
b1x11xxx0 l
b11110110 k
b11110110 |
1}
#7750
0L
0U
b11110110 Z
b11110110 l
0q
#7755
1L
1U
#7758
b1 /"
b10110000 0"
b11110111 1"
b100111 -"
1N
#7760
0L
0U
#7765
1L
1U
#7768
b11111100 p
b11111100 u
b1100 R
b1100 V
b1100 g
#7769
b1011xx00 [
b1011xx00 n
b10110100 m
b10110100 v
1w
#7770
0L
0U
b10110100 [
b10110100 n
0r
#7775
1L
1U
#7778
b100 d
b1 *"
b10110000 +"
b11110111 ,"
b100111 ("
1M
#7780
0L
0U
#7785
1L
1U
#7788
b101 d
b11110110 G
b11110110 Y
b11110110 f
b11110110 j
b11110110 z
b10110100 H
b10110100 X
b10110100 e
b10110100 i
b10110100 t
#7789
b11110011 Z
b11110011 l
b10110000 [
b10110000 n
b11110011 k
b11110011 |
b10110000 m
b10110000 v
#7790
0L
0U
#7795
1L
1U
#7798
b11110110 '"
b10110100 &"
b0 d
1K
1b
#7800
0L
0U
#7805
1L
1U
#7810
0L
0U
#7813
1Q
b1 ""
b10110000 #"
b11110111 $"
b100111 %"
#7815
1L
1U
#7818
b1 d
#7820
0L
0U
#7825
1L
1U
#7828
0K
0b
#7830
0L
0U
#7835
1L
1U
#7840
0L
0U
#7845
1L
1U
#7848
b10 d
0Q
#7850
0L
0U
#7855
1L
1U
#7858
bx o
bx {
bx S
bx W
bx h
bx p
bx u
bx R
bx V
bx g
1I
1J
1c
#7859
bx Z
bx l
bx [
bx n
bx k
bx |
x}
bx m
bx v
xw
#7860
0L
0U
xq
xr
#7865
1L
1U
#7870
0L
0U
#7875
1L
1U
#7880
0L
0U
#7885
1L
1U
#7888
0N
#7890
0L
0U
#7895
1L
1U
#7900
0L
0U
#7905
1L
1U
#7908
b11 d
0M
#7910
0L
0U
#7915
1L
1U
#7918
0I
0J
0c
#7920
0L
0U
#7925
1L
1U
#7930
0L
0U
#7935
1L
1U
#7940
0L
0U
#7945
1L
1U
#7948
b1 o
b1 {
b1 S
b1 W
b1 h
#7949
b11110111 Z
b11110111 l
b11110111 k
b11110111 |
0}
0q
#7950
0L
0U
#7955
1L
1U
#7958
b1001 ."
b1110 /"
b10101001 0"
b11110101 1"
b101000 -"
1N
#7960
0L
0U
#7965
1L
1U
#7968
b11111100 p
b11111100 u
b1100 R
b1100 V
b1100 g
#7969
b10110x00 [
b10110x00 n
b10110000 m
b10110000 v
1w
#7970
0L
0U
b10110000 [
b10110000 n
0r
#7975
1L
1U
#7978
b100 d
b1001 )"
b1110 *"
b10101001 +"
b11110101 ,"
b101000 ("
1M
#7980
0L
0U
#7985
1L
1U
#7988
b101 d
b11110111 G
b11110111 Y
b11110111 f
b11110111 j
b11110111 z
b10110000 H
b10110000 X
b10110000 e
b10110000 i
b10110000 t
#7989
b11111000 Z
b11111000 l
b10101100 [
b10101100 n
b11111000 k
b11111000 |
b10101100 m
b10101100 v
#7990
0L
0U
#7995
1L
1U
#7998
b11110111 '"
b10110000 &"
b0 d
1K
1b
#8000
0L
0U
#8005
1L
1U
#8010
0L
0U
#8013
1Q
b1001 !"
b1110 ""
b10101001 #"
b11110101 $"
b101000 %"
#8015
1L
1U
#8018
b1 d
#8020
0L
0U
#8025
1L
1U
#8028
0K
0b
#8030
0L
0U
#8035
1L
1U
#8040
0L
0U
#8045
1L
1U
#8048
b10 d
0Q
#8050
0L
0U
#8055
1L
1U
#8058
bx o
bx {
bx S
bx W
bx h
bx p
bx u
bx R
bx V
bx g
1I
1J
1c
#8059
bx Z
bx l
bx [
bx n
bx k
bx |
x}
bx m
bx v
xw
#8060
0L
0U
xq
xr
#8065
1L
1U
#8070
0L
0U
#8075
1L
1U
#8080
0L
0U
#8085
1L
1U
#8088
0N
#8090
0L
0U
#8095
1L
1U
#8100
0L
0U
#8105
1L
1U
#8108
b11 d
0M
#8110
0L
0U
#8115
1L
1U
#8118
0I
0J
0c
#8120
0L
0U
#8125
1L
1U
#8130
0L
0U
#8135
1L
1U
#8140
0L
0U
#8145
1L
1U
#8148
b11111110 o
b11111110 {
b1110 S
b1110 W
b1110 h
#8149
b1x110x0x Z
b1x110x0x l
b11110101 k
b11110101 |
1}
#8150
0L
0U
b11110101 Z
b11110101 l
0q
#8155
1L
1U
#8158
b1 ."
b1 /"
b10101010 0"
b11110110 1"
b101001 -"
1N
#8160
0L
0U
#8165
1L
1U
#8168
b11111001 p
b11111001 u
b1001 R
b1001 V
b1001 g
#8169
b101xx00x [
b101xx00x n
b10101001 m
b10101001 v
1w
#8170
0L
0U
b10101001 [
b10101001 n
0r
#8175
1L
1U
#8178
b100 d
b1 )"
b1 *"
b10101010 +"
b11110110 ,"
b101001 ("
1M
#8180
0L
0U
#8185
1L
1U
#8188
b101 d
b11110101 G
b11110101 Y
b11110101 f
b11110101 j
b11110101 z
b10101001 H
b10101001 X
b10101001 e
b10101001 i
b10101001 t
#8189
b11110011 Z
b11110011 l
b10100010 [
b10100010 n
b11110011 k
b11110011 |
b10100010 m
b10100010 v
#8190
0L
0U
#8195
1L
1U
#8198
b11110101 '"
b10101001 &"
b0 d
1K
1b
#8200
0L
0U
#8205
1L
1U
#8210
0L
0U
#8213
1Q
b1 !"
b1 ""
b10101010 #"
b11110110 $"
b101001 %"
#8215
1L
1U
#8218
b1 d
#8220
0L
0U
#8225
1L
1U
#8228
0K
0b
#8230
0L
0U
#8235
1L
1U
#8240
0L
0U
#8245
1L
1U
#8248
b10 d
0Q
#8250
0L
0U
#8255
1L
1U
#8258
bx o
bx {
bx S
bx W
bx h
bx p
bx u
bx R
bx V
bx g
1I
1J
1c
#8259
bx Z
bx l
bx [
bx n
bx k
bx |
x}
bx m
bx v
xw
#8260
0L
0U
xq
xr
#8265
1L
1U
#8270
0L
0U
#8275
1L
1U
#8280
0L
0U
#8285
1L
1U
#8288
0N
#8290
0L
0U
#8295
1L
1U
#8300
0L
0U
#8305
1L
1U
#8308
b11 d
0M
#8310
0L
0U
#8315
1L
1U
#8318
0I
0J
0c
#8320
0L
0U
#8325
1L
1U
#8330
0L
0U
#8335
1L
1U
#8340
0L
0U
#8345
1L
1U
#8348
b1 o
b1 {
b1 S
b1 W
b1 h
#8349
b11110110 Z
b11110110 l
b11110110 k
b11110110 |
0}
0q
#8350
0L
0U
#8355
1L
1U
#8358
b0 ."
b11 /"
b11111001 1"
b101010 -"
1N
#8360
0L
0U
#8365
1L
1U
#8368
b1 p
b1 u
b1 R
b1 V
b1 g
#8369
b10101010 [
b10101010 n
b10101010 m
b10101010 v
0w
0r
#8370
0L
0U
#8375
1L
1U
#8378
b100 d
b0 )"
b11 *"
b11111001 ,"
b101010 ("
1M
#8380
0L
0U
#8385
1L
1U
#8388
b101 d
b11110110 G
b11110110 Y
b11110110 f
b11110110 j
b11110110 z
b10101010 H
b10101010 X
b10101010 e
b10101010 i
b10101010 t
#8389
b11110111 Z
b11110111 l
b10101011 [
b10101011 n
b11110111 k
b11110111 |
b10101011 m
b10101011 v
#8390
0L
0U
#8395
1L
1U
#8398
b11110110 '"
b10101010 &"
b0 d
1K
1b
#8400
0L
0U
#8405
1L
1U
#8410
0L
0U
#8413
1Q
b0 !"
b11 ""
b11111001 $"
b101010 %"
#8415
1L
1U
#8418
b1 d
#8420
0L
0U
#8425
1L
1U
#8428
0K
0b
#8430
0L
0U
#8435
1L
1U
#8440
0L
0U
#8445
1L
1U
#8448
b10 d
0Q
#8450
0L
0U
#8455
1L
1U
#8458
bx o
bx {
bx S
bx W
bx h
bx p
bx u
bx R
bx V
bx g
1I
1J
1c
#8459
bx Z
bx l
bx [
bx n
bx k
bx |
x}
bx m
bx v
xw
#8460
0L
0U
xq
xr
#8465
1L
1U
#8470
0L
0U
#8475
1L
1U
#8480
0L
0U
#8485
1L
1U
#8488
0N
#8490
0L
0U
#8495
1L
1U
#8500
0L
0U
#8505
1L
1U
#8508
b11 d
0M
#8510
0L
0U
#8515
1L
1U
#8518
0I
0J
0c
#8520
0L
0U
#8525
1L
1U
#8530
0L
0U
#8535
1L
1U
#8540
0L
0U
#8545
1L
1U
#8548
b11 o
b11 {
b11 S
b11 W
b11 h
#8549
b11111001 Z
b11111001 l
b11111001 k
b11111001 |
0}
0q
#8550
0L
0U
#8555
1L
1U
#8558
b100 /"
b11111101 1"
b101011 -"
1N
#8560
0L
0U
#8565
1L
1U
#8568
b0 p
b0 u
b0 R
b0 V
b0 g
#8569
b10101010 [
b10101010 n
b10101010 m
b10101010 v
0w
0r
#8570
0L
0U
#8575
1L
1U
#8578
b100 d
b100 *"
b11111101 ,"
b101011 ("
1M
#8580
0L
0U
#8585
1L
1U
#8588
b101 d
b11111001 G
b11111001 Y
b11111001 f
b11111001 j
b11111001 z
#8589
b11111100 Z
b11111100 l
b11111100 k
b11111100 |
#8590
0L
0U
#8595
1L
1U
#8598
b11111001 '"
b0 d
1K
1b
#8600
0L
0U
#8605
1L
1U
#8610
0L
0U
#8613
1Q
b100 ""
b11111101 $"
b101011 %"
#8615
1L
1U
#8618
b1 d
#8620
0L
0U
#8625
1L
1U
#8628
0K
0b
#8630
0L
0U
#8635
1L
1U
#8640
0L
0U
#8645
1L
1U
#8648
b10 d
0Q
#8650
0L
0U
#8655
1L
1U
#8658
bx o
bx {
bx S
bx W
bx h
bx p
bx u
bx R
bx V
bx g
1I
1J
1c
#8659
bx Z
bx l
bx [
bx n
bx k
bx |
x}
bx m
bx v
xw
#8660
0L
0U
xq
xr
#8665
1L
1U
#8670
0L
0U
#8675
1L
1U
#8680
0L
0U
#8685
1L
1U
#8688
0N
#8690
0L
0U
#8695
1L
1U
#8700
0L
0U
#8705
1L
1U
#8708
b11 d
0M
#8710
0L
0U
#8715
1L
1U
#8718
0I
0J
0c
#8720
0L
0U
#8725
1L
1U
#8730
0L
0U
#8735
1L
1U
#8740
0L
0U
#8745
1L
1U
#8748
b100 o
b100 {
b100 S
b100 W
b100 h
#8749
b11111101 Z
b11111101 l
b11111101 k
b11111101 |
0}
0q
#8750
0L
0U
#8755
1L
1U
#8758
b111 ."
b1000 /"
b10110001 0"
b11110101 1"
b101100 -"
1N
#8760
0L
0U
#8765
1L
1U
#8768
b0 p
b0 u
b0 R
b0 V
b0 g
#8769
b10101010 [
b10101010 n
b10101010 m
b10101010 v
0w
0r
#8770
0L
0U
#8775
1L
1U
#8778
b100 d
b111 )"
b1000 *"
b10110001 +"
b11110101 ,"
b101100 ("
1M
#8780
0L
0U
#8785
1L
1U
#8788
b101 d
b11111101 G
b11111101 Y
b11111101 f
b11111101 j
b11111101 z
#8789
b1 Z
b1 l
b1 k
b1 |
1}
#8790
0L
0U
#8795
1L
1U
#8798
b11111101 '"
b0 d
1K
1b
#8800
0L
0U
#8805
1L
1U
#8810
0L
0U
#8813
1Q
b111 !"
b1000 ""
b10110001 #"
b11110101 $"
b101100 %"
#8815
1L
1U
#8818
b1 d
#8820
0L
0U
#8825
1L
1U
#8828
0K
0b
#8830
0L
0U
#8835
1L
1U
#8840
0L
0U
#8845
1L
1U
#8848
b10 d
0Q
#8850
0L
0U
#8855
1L
1U
#8858
bx o
bx {
bx S
bx W
bx h
bx p
bx u
bx R
bx V
bx g
1I
1J
1c
#8859
bx [
bx n
bx Z
bx l
bx k
bx |
x}
bx m
bx v
xw
xq
#8860
0L
0U
xr
#8865
1L
1U
#8870
0L
0U
#8875
1L
1U
#8880
0L
0U
#8885
1L
1U
#8888
0N
#8890
0L
0U
#8895
1L
1U
#8900
0L
0U
#8905
1L
1U
#8908
b11 d
0M
#8910
0L
0U
#8915
1L
1U
#8918
0I
0J
0c
#8920
0L
0U
#8925
1L
1U
#8930
0L
0U
#8935
1L
1U
#8940
0L
0U
#8945
1L
1U
#8948
b11111000 o
b11111000 {
b1000 S
b1000 W
b1000 h
#8949
b1x1xxxxx Z
b1x1xxxxx l
b11110101 k
b11110101 |
1}
#8950
0L
0U
b11110101 Z
b11110101 l
0q
#8955
1L
1U
#8958
b0 ."
b1101 /"
b11110010 1"
b101101 -"
1N
#8960
0L
0U
#8965
1L
1U
#8968
b111 p
b111 u
b111 R
b111 V
b111 g
#8969
b10110001 [
b10110001 n
b10110001 m
b10110001 v
0w
0r
#8970
0L
0U
#8975
1L
1U
#8978
b100 d
b0 )"
b1101 *"
b11110010 ,"
b101101 ("
1M
#8980
0L
0U
#8985
1L
1U
#8988
b101 d
b11110101 G
b11110101 Y
b11110101 f
b11110101 j
b11110101 z
b10110001 H
b10110001 X
b10110001 e
b10110001 i
b10110001 t
#8989
b11101101 Z
b11101101 l
b10111000 [
b10111000 n
b11101101 k
b11101101 |
b10111000 m
b10111000 v
#8990
0L
0U
#8995
1L
1U
#8998
b11110101 '"
b10110001 &"
b0 d
1K
1b
#9000
0L
0U
#9005
1L
1U
#9010
0L
0U
#9013
1Q
b0 !"
b1101 ""
b11110010 $"
b101101 %"
#9015
1L
1U
#9018
b1 d
#9020
0L
0U
#9025
1L
1U
#9028
0K
0b
#9030
0L
0U
#9035
1L
1U
#9040
0L
0U
#9045
1L
1U
#9048
b10 d
0Q
#9050
0L
0U
#9055
1L
1U
#9058
bx o
bx {
bx S
bx W
bx h
bx p
bx u
bx R
bx V
bx g
1I
1J
1c
#9059
bx Z
bx l
bx [
bx n
bx k
bx |
x}
bx m
bx v
xw
#9060
0L
0U
xq
xr
#9065
1L
1U
#9070
0L
0U
#9075
1L
1U
#9080
0L
0U
#9085
1L
1U
#9088
0N
#9090
0L
0U
#9095
1L
1U
#9100
0L
0U
#9105
1L
1U
#9108
b11 d
0M
#9110
0L
0U
#9115
1L
1U
#9118
0I
0J
0c
#9120
0L
0U
#9125
1L
1U
#9130
0L
0U
#9135
1L
1U
#9140
0L
0U
#9145
1L
1U
#9148
b11111101 o
b11111101 {
b1101 S
b1101 W
b1101 h
#9149
b1x1100xx Z
b1x1100xx l
b11110010 k
b11110010 |
1}
#9150
0L
0U
b11110010 Z
b11110010 l
0q
#9155
1L
1U
#9158
b1011 ."
b110 /"
b10101100 0"
b11111000 1"
b101110 -"
1N
#9160
0L
0U
#9165
1L
1U
#9168
b0 p
b0 u
b0 R
b0 V
b0 g
#9169
b10110001 [
b10110001 n
b10110001 m
b10110001 v
0w
0r
#9170
0L
0U
#9175
1L
1U
#9178
b100 d
b1011 )"
b110 *"
b10101100 +"
b11111000 ,"
b101110 ("
1M
#9180
0L
0U
#9185
1L
1U
#9188
b101 d
b11110010 G
b11110010 Y
b11110010 f
b11110010 j
b11110010 z
#9189
b11101111 Z
b11101111 l
b11101111 k
b11101111 |
#9190
0L
0U
#9195
1L
1U
#9198
b11110010 '"
b0 d
1K
1b
#9200
0L
0U
#9205
1L
1U
#9210
0L
0U
#9213
1Q
b1011 !"
b110 ""
b10101100 #"
b11111000 $"
b101110 %"
#9215
1L
1U
#9218
b1 d
#9220
0L
0U
#9225
1L
1U
#9228
0K
0b
#9230
0L
0U
#9235
1L
1U
#9240
0L
0U
#9245
1L
1U
#9248
b10 d
0Q
#9250
0L
0U
#9255
1L
1U
#9258
bx o
bx {
bx S
bx W
bx h
bx p
bx u
bx R
bx V
bx g
1I
1J
1c
#9259
bx Z
bx l
bx [
bx n
bx k
bx |
x}
bx m
bx v
xw
#9260
0L
0U
xq
xr
#9265
1L
1U
#9270
0L
0U
#9275
1L
1U
#9280
0L
0U
#9285
1L
1U
#9288
0N
#9290
0L
0U
#9295
1L
1U
#9300
0L
0U
#9305
1L
1U
#9308
b11 d
0M
#9310
0L
0U
#9315
1L
1U
#9318
0I
0J
0c
#9320
0L
0U
#9325
1L
1U
#9330
0L
0U
#9335
1L
1U
#9340
0L
0U
#9345
1L
1U
#9348
b110 o
b110 {
b110 S
b110 W
b110 h
#9349
b11111000 Z
b11111000 l
b11111000 k
b11111000 |
0}
0q
#9350
0L
0U
#9355
1L
1U
#9358
b1101 ."
b111 /"
b10101001 0"
b11111111 1"
b101111 -"
1N
#9360
0L
0U
#9365
1L
1U
#9368
b11111011 p
b11111011 u
b1011 R
b1011 V
b1011 g
#9369
b101xxx0x [
b101xxx0x n
b10101100 m
b10101100 v
1w
#9370
0L
0U
b10101100 [
b10101100 n
0r
#9375
1L
1U
#9378
b100 d
b1101 )"
b111 *"
b10101001 +"
b11111111 ,"
b101111 ("
1M
#9380
0L
0U
#9385
1L
1U
#9388
b101 d
b11111000 G
b11111000 Y
b11111000 f
b11111000 j
b11111000 z
b10101100 H
b10101100 X
b10101100 e
b10101100 i
b10101100 t
#9389
b11111110 Z
b11111110 l
b10100111 [
b10100111 n
b11111110 k
b11111110 |
b10100111 m
b10100111 v
#9390
0L
0U
#9395
1L
1U
#9398
b11111000 '"
b10101100 &"
b0 d
1K
1b
#9400
0L
0U
#9405
1L
1U
#9410
0L
0U
#9413
1Q
b1101 !"
b111 ""
b10101001 #"
b11111111 $"
b101111 %"
#9415
1L
1U
#9418
b1 d
#9420
0L
0U
#9425
1L
1U
#9428
0K
0b
#9430
0L
0U
#9435
1L
1U
#9440
0L
0U
#9445
1L
1U
#9448
b10 d
0Q
#9450
0L
0U
#9455
1L
1U
#9458
bx o
bx {
bx S
bx W
bx h
bx p
bx u
bx R
bx V
bx g
1I
1J
1c
#9459
bx Z
bx l
bx [
bx n
bx k
bx |
x}
bx m
bx v
xw
#9460
0L
0U
xq
xr
#9465
1L
1U
#9470
0L
0U
#9475
1L
1U
#9480
0L
0U
#9485
1L
1U
#9488
0N
#9490
0L
0U
#9495
1L
1U
#9500
0L
0U
#9505
1L
1U
#9508
b11 d
0M
#9510
0L
0U
#9515
1L
1U
#9518
0I
0J
0c
#9520
0L
0U
#9525
1L
1U
#9530
0L
0U
#9535
1L
1U
#9540
0L
0U
#9545
1L
1U
#9548
b111 o
b111 {
b111 S
b111 W
b111 h
#9549
b11111111 Z
b11111111 l
b11111111 k
b11111111 |
0}
0q
#9550
0L
0U
#9555
1L
1U
#9558
b1011 ."
b0 /"
b10100100 0"
b110000 -"
1N
#9560
0L
0U
#9565
1L
1U
#9568
b11111101 p
b11111101 u
b1101 R
b1101 V
b1101 g
#9569
b10101x0x [
b10101x0x n
b10101001 m
b10101001 v
1w
#9570
0L
0U
b10101001 [
b10101001 n
0r
#9575
1L
1U
#9578
b100 d
b1011 )"
b0 *"
b10100100 +"
b110000 ("
1M
#9580
0L
0U
#9585
1L
1U
#9588
b101 d
b11111111 G
b11111111 Y
b11111111 f
b11111111 j
b11111111 z
b10101001 H
b10101001 X
b10101001 e
b10101001 i
b10101001 t
#9589
b110 Z
b110 l
b10100110 [
b10100110 n
b110 k
b110 |
1}
b10100110 m
b10100110 v
#9590
0L
0U
#9595
1L
1U
#9598
b11111111 '"
b10101001 &"
b0 d
1K
1b
#9600
0L
0U
#9605
1L
1U
#9610
0L
0U
#9613
1Q
b1011 !"
b0 ""
b10100100 #"
b110000 %"
#9615
1L
1U
#9618
b1 d
#9620
0L
0U
#9625
1L
1U
#9628
0K
0b
#9630
0L
0U
#9635
1L
1U
#9640
0L
0U
#9645
1L
1U
#9648
b10 d
0Q
#9650
0L
0U
#9655
1L
1U
#9658
bx o
bx {
bx S
bx W
bx h
bx p
bx u
bx R
bx V
bx g
1I
1J
1c
#9659
bx [
bx n
bx Z
bx l
bx k
bx |
x}
bx m
bx v
xw
xq
#9660
0L
0U
xr
#9665
1L
1U
#9670
0L
0U
#9675
1L
1U
#9680
0L
0U
#9685
1L
1U
#9688
0N
#9690
0L
0U
#9695
1L
1U
#9700
0L
0U
#9705
1L
1U
#9708
b11 d
0M
#9710
0L
0U
#9715
1L
1U
#9718
0I
0J
0c
#9720
0L
0U
#9725
1L
1U
#9730
0L
0U
#9735
1L
1U
#9740
0L
0U
#9745
1L
1U
#9748
b0 o
b0 {
b0 S
b0 W
b0 h
#9749
b11111111 Z
b11111111 l
b11111111 k
b11111111 |
0}
0q
#9750
0L
0U
#9755
1L
1U
#9758
b1000 ."
b1001 /"
b10011100 0"
b11111000 1"
b110001 -"
1N
#9760
0L
0U
#9765
1L
1U
#9768
b11111011 p
b11111011 u
b1011 R
b1011 V
b1011 g
#9769
b1010xx0x [
b1010xx0x n
b10100100 m
b10100100 v
1w
#9770
0L
0U
b10100100 [
b10100100 n
0r
#9775
1L
1U
#9778
b100 d
b1000 )"
b1001 *"
b10011100 +"
b11111000 ,"
b110001 ("
1M
#9780
0L
0U
#9785
1L
1U
#9788
b101 d
b10100100 H
b10100100 X
b10100100 e
b10100100 i
b10100100 t
#9789
b10011111 [
b10011111 n
b10011111 m
b10011111 v
#9790
0L
0U
#9795
1L
1U
#9798
b10100100 &"
b0 d
1K
1b
#9800
0L
0U
#9805
1L
1U
#9810
0L
0U
#9813
1Q
b1000 !"
b1001 ""
b10011100 #"
b11111000 $"
b110001 %"
#9815
1L
1U
#9818
b1 d
#9820
0L
0U
#9825
1L
1U
#9828
0K
0b
#9830
0L
0U
#9835
1L
1U
#9840
0L
0U
#9845
1L
1U
#9848
b10 d
0Q
#9850
0L
0U
#9855
1L
1U
#9858
bx o
bx {
bx S
bx W
bx h
bx p
bx u
bx R
bx V
bx g
1I
1J
1c
#9859
bx Z
bx l
bx [
bx n
bx k
bx |
x}
bx m
bx v
xw
#9860
0L
0U
xq
xr
#9865
1L
1U
#9870
0L
0U
#9875
1L
1U
#9880
0L
0U
#9885
1L
1U
#9888
0N
#9890
0L
0U
#9895
1L
1U
#9900
0L
0U
#9905
1L
1U
#9908
b11 d
0M
#9910
0L
0U
#9915
1L
1U
#9918
0I
0J
0c
#9920
0L
0U
#9925
1L
1U
#9930
0L
0U
#9935
1L
1U
#9940
0L
0U
#9945
1L
1U
#9948
b11111001 o
b11111001 {
b1001 S
b1001 W
b1001 h
#9949
b1x1xxx00 Z
b1x1xxx00 l
b11111000 k
b11111000 |
1}
#9950
0L
0U
b11111000 Z
b11111000 l
0q
#9955
1L
1U
#9958
b1111 ."
b11 /"
b10011011 0"
b11111011 1"
b110010 -"
1N
#9960
0L
0U
#9965
1L
1U
#9968
b11111000 p
b11111000 u
b1000 R
b1000 V
b1000 g
#9969
b10xxx100 [
b10xxx100 n
b10011100 m
b10011100 v
1w
#9970
0L
0U
b10011100 [
b10011100 n
0r
#9975
1L
1U
#9978
b100 d
b1111 )"
b11 *"
b10011011 +"
b11111011 ,"
b110010 ("
1M
#9980
0L
0U
#9985
1L
1U
#9988
b101 d
b11111000 G
b11111000 Y
b11111000 f
b11111000 j
b11111000 z
b10011100 H
b10011100 X
b10011100 e
b10011100 i
b10011100 t
#9989
b11110001 Z
b11110001 l
b10010100 [
b10010100 n
b11110001 k
b11110001 |
b10010100 m
b10010100 v
#9990
0L
0U
#9995
1L
1U
#9998
b11111000 '"
b10011100 &"
b0 d
1K
1b
#10000
0L
0U
#10005
1L
1U
#10010
0L
0U
#10013
1Q
b1111 !"
b11 ""
b10011011 #"
b11111011 $"
b110010 %"
#10015
1L
1U
#10018
b1 d
#10020
0L
0U
#10025
1L
1U
#10028
0K
0b
#10030
0L
0U
#10035
1L
1U
#10040
0L
0U
#10045
1L
1U
#10048
b10 d
0Q
#10050
0L
0U
#10055
1L
1U
#10058
bx o
bx {
bx S
bx W
bx h
bx p
bx u
bx R
bx V
bx g
1I
1J
1c
#10059
bx Z
bx l
bx [
bx n
bx k
bx |
x}
bx m
bx v
xw
#10060
0L
0U
xq
xr
#10065
1L
1U
#10070
0L
0U
#10075
1L
1U
#10080
0L
0U
#10085
1L
1U
#10088
0N
#10090
0L
0U
#10095
1L
1U
#10100
0L
0U
#10105
1L
1U
#10108
b11 d
0M
#10110
0L
0U
#10115
1L
1U
#10118
0I
0J
0c
#10120
0L
0U
#10125
1L
1U
#10130
0L
0U
#10135
1L
1U
#10140
0L
0U
#10145
1L
1U
#10148
b11 o
b11 {
b11 S
b11 W
b11 h
#10149
b11111011 Z
b11111011 l
b11111011 k
b11111011 |
0}
0q
#10150
0L
0U
#10155
1L
1U
#10158
b1010 ."
b1010 /"
b10010101 0"
b11110101 1"
b110011 -"
1N
#10160
0L
0U
#10165
1L
1U
#10168
b11111111 p
b11111111 u
b1111 R
b1111 V
b1111 g
#10169
b10011xxx [
b10011xxx n
b10011011 m
b10011011 v
1w
#10170
0L
0U
b10011011 [
b10011011 n
0r
#10175
1L
1U
#10178
b100 d
b1010 )"
b1010 *"
b10010101 +"
b11110101 ,"
b110011 ("
1M
#10180
0L
0U
#10185
1L
1U
#10188
b101 d
b11111011 G
b11111011 Y
b11111011 f
b11111011 j
b11111011 z
b10011011 H
b10011011 X
b10011011 e
b10011011 i
b10011011 t
#10189
b11111110 Z
b11111110 l
b10011010 [
b10011010 n
b11111110 k
b11111110 |
b10011010 m
b10011010 v
#10190
0L
0U
#10195
1L
1U
#10198
b11111011 '"
b10011011 &"
b0 d
1K
1b
#10200
0L
0U
#10205
1L
1U
#10210
0L
0U
#10213
1Q
b1010 !"
b1010 ""
b10010101 #"
b11110101 $"
b110011 %"
#10215
1L
1U
#10218
b1 d
#10220
0L
0U
#10225
1L
1U
#10228
0K
0b
#10230
0L
0U
#10235
1L
1U
#10240
0L
0U
#10245
1L
1U
#10248
b10 d
0Q
#10250
0L
0U
#10255
1L
1U
#10258
bx o
bx {
bx S
bx W
bx h
bx p
bx u
bx R
bx V
bx g
1I
1J
1c
#10259
bx Z
bx l
bx [
bx n
bx k
bx |
x}
bx m
bx v
xw
#10260
0L
0U
xq
xr
#10265
1L
1U
#10270
0L
0U
#10275
1L
1U
#10280
0L
0U
#10285
1L
1U
#10288
0N
#10290
0L
0U
#10295
1L
1U
#10300
0L
0U
#10305
1L
1U
#10308
b11 d
0M
#10310
0L
0U
#10315
1L
1U
#10318
0I
0J
0c
#10320
0L
0U
#10325
1L
1U
#10330
0L
0U
#10335
1L
1U
#10340
0L
0U
#10345
1L
1U
#10348
b11111010 o
b11111010 {
b1010 S
b1010 W
b1010 h
#10349
b1xx1xxx1 Z
b1xx1xxx1 l
b11110101 k
b11110101 |
1}
#10350
0L
0U
b11110101 Z
b11110101 l
0q
#10355
1L
1U
#10358
b100 ."
b1000 /"
b10011001 0"
b11101101 1"
b110100 -"
1N
#10360
0L
0U
#10365
1L
1U
#10368
b11111010 p
b11111010 u
b1010 R
b1010 V
b1010 g
#10369
b1001xxx1 [
b1001xxx1 n
b10010101 m
b10010101 v
1w
#10370
0L
0U
b10010101 [
b10010101 n
0r
#10375
1L
1U
#10378
b100 d
b100 )"
b1000 *"
b10011001 +"
b11101101 ,"
b110100 ("
1M
#10380
0L
0U
#10385
1L
1U
#10388
b101 d
b11110101 G
b11110101 Y
b11110101 f
b11110101 j
b11110101 z
b10010101 H
b10010101 X
b10010101 e
b10010101 i
b10010101 t
#10389
b11101111 Z
b11101111 l
b10001111 [
b10001111 n
b11101111 k
b11101111 |
b10001111 m
b10001111 v
#10390
0L
0U
#10395
1L
1U
#10398
b11110101 '"
b10010101 &"
b0 d
1K
1b
#10400
0L
0U
#10405
1L
1U
#10410
0L
0U
#10413
1Q
b100 !"
b1000 ""
b10011001 #"
b11101101 $"
b110100 %"
#10415
1L
1U
#10418
b1 d
#10420
0L
0U
#10425
1L
1U
#10428
0K
0b
#10430
0L
0U
#10435
1L
1U
#10440
0L
0U
#10445
1L
1U
#10448
b10 d
0Q
#10450
0L
0U
#10455
1L
1U
#10458
bx o
bx {
bx S
bx W
bx h
bx p
bx u
bx R
bx V
bx g
1I
1J
1c
#10459
bx Z
bx l
bx [
bx n
bx k
bx |
x}
bx m
bx v
xw
#10460
0L
0U
xq
xr
#10465
1L
1U
#10470
0L
0U
#10475
1L
1U
#10480
0L
0U
#10485
1L
1U
#10488
0N
#10490
0L
0U
#10495
1L
1U
#10500
0L
0U
#10505
1L
1U
#10508
b11 d
0M
#10510
0L
0U
#10515
1L
1U
#10518
0I
0J
0c
#10520
0L
0U
#10525
1L
1U
#10530
0L
0U
#10535
1L
1U
#10540
0L
0U
#10545
1L
1U
#10548
b11111000 o
b11111000 {
b1000 S
b1000 W
b1000 h
#10549
b1xxxx101 Z
b1xxxx101 l
b11101101 k
b11101101 |
1}
#10550
0L
0U
b11101101 Z
b11101101 l
0q
#10555
1L
1U
#10558
b0 ."
b101 /"
b11110010 1"
b110101 -"
1N
#10560
0L
0U
#10565
1L
1U
#10568
b100 p
b100 u
b100 R
b100 V
b100 g
#10569
b10011001 [
b10011001 n
b10011001 m
b10011001 v
0w
0r
#10570
0L
0U
#10575
1L
1U
#10578
b100 d
b0 )"
b101 *"
b11110010 ,"
b110101 ("
1M
#10580
0L
0U
#10585
1L
1U
#10588
b101 d
b11101101 G
b11101101 Y
b11101101 f
b11101101 j
b11101101 z
b10011001 H
b10011001 X
b10011001 e
b10011001 i
b10011001 t
#10589
b11100101 Z
b11100101 l
b10011101 [
b10011101 n
b11100101 k
b11100101 |
b10011101 m
b10011101 v
#10590
0L
0U
#10595
1L
1U
#10598
b11101101 '"
b10011001 &"
b0 d
1K
1b
#10600
0L
0U
#10605
1L
1U
#10610
0L
0U
#10613
1Q
b0 !"
b101 ""
b11110010 $"
b110101 %"
#10615
1L
1U
#10618
b1 d
#10620
0L
0U
#10625
1L
1U
#10628
0K
0b
#10630
0L
0U
#10635
1L
1U
#10640
0L
0U
#10645
1L
1U
#10648
b10 d
0Q
#10650
0L
0U
#10655
1L
1U
#10658
bx o
bx {
bx S
bx W
bx h
bx p
bx u
bx R
bx V
bx g
1I
1J
1c
#10659
bx Z
bx l
bx [
bx n
bx k
bx |
x}
bx m
bx v
xw
#10660
0L
0U
xq
xr
#10665
1L
1U
#10670
0L
0U
#10675
1L
1U
#10680
0L
0U
#10685
1L
1U
#10688
0N
#10690
0L
0U
#10695
1L
1U
#10700
0L
0U
#10705
1L
1U
#10708
b11 d
0M
#10710
0L
0U
#10715
1L
1U
#10718
0I
0J
0c
#10720
0L
0U
#10725
1L
1U
#10730
0L
0U
#10735
1L
1U
#10740
0L
0U
#10745
1L
1U
#10748
b101 o
b101 {
b101 S
b101 W
b101 h
#10749
b11110010 Z
b11110010 l
b11110010 k
b11110010 |
0}
0q
#10750
0L
0U
#10755
1L
1U
#10758
b1001 ."
b100 /"
b10010010 0"
b11110110 1"
b110110 -"
1N
#10760
0L
0U
#10765
1L
1U
#10768
b0 p
b0 u
b0 R
b0 V
b0 g
#10769
b10011001 [
b10011001 n
b10011001 m
b10011001 v
0w
0r
#10770
0L
0U
#10775
1L
1U
#10778
b100 d
b1001 )"
b100 *"
b10010010 +"
b11110110 ,"
b110110 ("
1M
#10780
0L
0U
#10785
1L
1U
#10788
b101 d
b11110010 G
b11110010 Y
b11110010 f
b11110010 j
b11110010 z
#10789
b11110111 Z
b11110111 l
b11110111 k
b11110111 |
#10790
0L
0U
#10795
1L
1U
#10798
b11110010 '"
b0 d
1K
1b
#10800
0L
0U
#10805
1L
1U
#10810
0L
0U
#10813
1Q
b1001 !"
b100 ""
b10010010 #"
b11110110 $"
b110110 %"
#10815
1L
1U
#10818
b1 d
#10820
0L
0U
#10825
1L
1U
#10828
0K
0b
#10830
0L
0U
#10835
1L
1U
#10840
0L
0U
#10845
1L
1U
#10848
b10 d
0Q
#10850
0L
0U
#10855
1L
1U
#10858
bx o
bx {
bx S
bx W
bx h
bx p
bx u
bx R
bx V
bx g
1I
1J
1c
#10859
bx Z
bx l
bx [
bx n
bx k
bx |
x}
bx m
bx v
xw
#10860
0L
0U
xq
xr
#10865
1L
1U
#10870
0L
0U
#10875
1L
1U
#10880
0L
0U
#10885
1L
1U
#10888
0N
#10890
0L
0U
#10895
1L
1U
#10900
0L
0U
#10905
1L
1U
#10908
b11 d
0M
#10910
0L
0U
#10915
1L
1U
#10918
0I
0J
0c
#10920
0L
0U
#10925
1L
1U
#10930
0L
0U
#10935
1L
1U
#10940
0L
0U
#10945
1L
1U
#10948
b100 o
b100 {
b100 S
b100 W
b100 h
#10949
b11110110 Z
b11110110 l
b11110110 k
b11110110 |
0}
0q
#10950
0L
0U
#10955
1L
1U
#10958
b1000 ."
b10001010 0"
b11111010 1"
b110111 -"
1N
#10960
0L
0U
#10965
1L
1U
#10968
b11111001 p
b11111001 u
b1001 R
b1001 V
b1001 g
#10969
b1001x0xx [
b1001x0xx n
b10010010 m
b10010010 v
1w
#10970
0L
0U
b10010010 [
b10010010 n
0r
#10975
1L
1U
#10978
b100 d
b1000 )"
b10001010 +"
b11111010 ,"
b110111 ("
1M
#10980
0L
0U
#10985
1L
1U
#10988
b101 d
b11110110 G
b11110110 Y
b11110110 f
b11110110 j
b11110110 z
b10010010 H
b10010010 X
b10010010 e
b10010010 i
b10010010 t
#10989
b11111010 Z
b11111010 l
b10001011 [
b10001011 n
b11111010 k
b11111010 |
b10001011 m
b10001011 v
#10990
0L
0U
#10995
1L
1U
#10998
b11110110 '"
b10010010 &"
b0 d
1K
1b
#11000
0L
0U
#11005
1L
1U
#11010
0L
0U
#11013
1Q
b1000 !"
b10001010 #"
b11111010 $"
b110111 %"
#11015
1L
1U
#11018
b1 d
#11020
0L
0U
#11025
1L
1U
#11028
0K
0b
#11030
0L
0U
#11035
1L
1U
#11040
0L
0U
#11045
1L
1U
#11048
b10 d
0Q
#11050
0L
0U
#11055
1L
1U
#11058
bx o
bx {
bx S
bx W
bx h
bx p
bx u
bx R
bx V
bx g
1I
1J
1c
#11059
bx Z
bx l
bx [
bx n
bx k
bx |
x}
bx m
bx v
xw
#11060
0L
0U
xq
xr
#11065
1L
1U
#11070
0L
0U
#11075
1L
1U
#11080
0L
0U
#11085
1L
1U
#11088
0N
#11090
0L
0U
#11095
1L
1U
#11100
0L
0U
#11105
1L
1U
#11108
b11 d
0M
#11110
0L
0U
#11115
1L
1U
#11118
0I
0J
0c
#11120
0L
0U
#11125
1L
1U
#11130
0L
0U
#11135
1L
1U
#11140
0L
0U
#11145
1L
1U
#11148
b100 o
b100 {
b100 S
b100 W
b100 h
#11149
b11111010 Z
b11111010 l
b11111010 k
b11111010 |
0}
0q
#11150
0L
0U
#11155
1L
1U
#11158
b100 ."
b110 /"
b10001110 0"
b0 1"
b111000 -"
1N
#11160
0L
0U
#11165
1L
1U
#11168
b11111000 p
b11111000 u
b1000 R
b1000 V
b1000 g
#11169
b100xx010 [
b100xx010 n
b10001010 m
b10001010 v
1w
#11170
0L
0U
b10001010 [
b10001010 n
0r
#11175
1L
1U
#11178
b100 d
b100 )"
b110 *"
b10001110 +"
b0 ,"
b111000 ("
1M
#11180
0L
0U
#11185
1L
1U
#11188
b101 d
b11111010 G
b11111010 Y
b11111010 f
b11111010 j
b11111010 z
b10001010 H
b10001010 X
b10001010 e
b10001010 i
b10001010 t
#11189
b11111110 Z
b11111110 l
b10000010 [
b10000010 n
b11111110 k
b11111110 |
b10000010 m
b10000010 v
#11190
0L
0U
#11195
1L
1U
#11198
b11111010 '"
b10001010 &"
b0 d
1K
1b
#11200
0L
0U
#11205
1L
1U
#11210
0L
0U
#11213
1Q
b100 !"
b110 ""
b10001110 #"
b0 $"
b111000 %"
#11215
1L
1U
#11218
b1 d
#11220
0L
0U
#11225
1L
1U
#11228
0K
0b
#11230
0L
0U
#11235
1L
1U
#11240
0L
0U
#11245
1L
1U
#11248
b10 d
0Q
#11250
0L
0U
#11255
1L
1U
#11258
bx o
bx {
bx S
bx W
bx h
bx p
bx u
bx R
bx V
bx g
1I
1J
1c
#11259
bx Z
bx l
bx [
bx n
bx k
bx |
x}
bx m
bx v
xw
#11260
0L
0U
xq
xr
#11265
1L
1U
#11270
0L
0U
#11275
1L
1U
#11280
0L
0U
#11285
1L
1U
#11288
0N
#11290
0L
0U
#11295
1L
1U
#11300
0L
0U
#11305
1L
1U
#11308
b11 d
0M
#11310
0L
0U
#11315
1L
1U
#11318
0I
0J
0c
#11320
0L
0U
#11325
1L
1U
#11330
0L
0U
#11335
1L
1U
#11340
0L
0U
#11345
1L
1U
#11348
b110 o
b110 {
b110 S
b110 W
b110 h
#11349
b0 Z
b0 l
b0 k
b0 |
1}
0q
#11350
0L
0U
#11355
1L
1U
#11358
b1111 ."
b1110 /"
b10001101 0"
b11111110 1"
b111001 -"
1N
#11360
0L
0U
#11365
1L
1U
#11368
b100 p
b100 u
b100 R
b100 V
b100 g
#11369
b10001110 [
b10001110 n
b10001110 m
b10001110 v
0w
0r
#11370
0L
0U
#11375
1L
1U
#11378
b100 d
b1111 )"
b1110 *"
b10001101 +"
b11111110 ,"
b111001 ("
1M
#11380
0L
0U
#11385
1L
1U
#11388
b101 d
b0 G
b0 Y
b0 f
b0 j
b0 z
b10001110 H
b10001110 X
b10001110 e
b10001110 i
b10001110 t
#11389
b110 Z
b110 l
b10010010 [
b10010010 n
b110 k
b110 |
0}
b10010010 m
b10010010 v
#11390
0L
0U
#11395
1L
1U
#11398
b0 '"
b10001110 &"
b0 d
1K
1b
#11400
0L
0U
#11405
1L
1U
#11410
0L
0U
#11413
1Q
b1111 !"
b1110 ""
b10001101 #"
b11111110 $"
b111001 %"
#11415
1L
1U
#11418
b1 d
#11420
0L
0U
#11425
1L
1U
#11428
0K
0b
#11430
0L
0U
#11435
1L
1U
#11440
0L
0U
#11445
1L
1U
#11448
b10 d
0Q
#11450
0L
0U
#11455
1L
1U
#11458
bx o
bx {
bx S
bx W
bx h
bx p
bx u
bx R
bx V
bx g
1I
1J
1c
#11459
bx Z
bx l
bx [
bx n
bx k
bx |
x}
bx m
bx v
xw
#11460
0L
0U
xq
xr
#11465
1L
1U
#11470
0L
0U
#11475
1L
1U
#11480
0L
0U
#11485
1L
1U
#11488
0N
#11490
0L
0U
#11495
1L
1U
#11500
0L
0U
#11505
1L
1U
#11508
b11 d
0M
#11510
0L
0U
#11515
1L
1U
#11518
0I
0J
0c
#11520
0L
0U
#11525
1L
1U
#11530
0L
0U
#11535
1L
1U
#11540
0L
0U
#11545
1L
1U
#11548
b11111110 o
b11111110 {
b1110 S
b1110 W
b1110 h
#11549
b11111110 Z
b11111110 l
b11111110 k
b11111110 |
0}
0q
#11550
0L
0U
#11555
1L
1U
#11558
b1000 ."
b110 /"
b10000101 0"
b100 1"
b111010 -"
1N
#11560
0L
0U
#11565
1L
1U
#11568
b11111111 p
b11111111 u
b1111 R
b1111 V
b1111 g
#11569
b100011xx [
b100011xx n
b10001101 m
b10001101 v
1w
#11570
0L
0U
b10001101 [
b10001101 n
0r
#11575
1L
1U
#11578
b100 d
b1000 )"
b110 *"
b10000101 +"
b100 ,"
b111010 ("
1M
#11580
0L
0U
#11585
1L
1U
#11588
b101 d
b11111110 G
b11111110 Y
b11111110 f
b11111110 j
b11111110 z
b10001101 H
b10001101 X
b10001101 e
b10001101 i
b10001101 t
#11589
b11111100 Z
b11111100 l
b10001100 [
b10001100 n
b11111100 k
b11111100 |
1}
b10001100 m
b10001100 v
#11590
0L
0U
#11595
1L
1U
#11598
b11111110 '"
b10001101 &"
b0 d
1K
1b
#11600
0L
0U
#11605
1L
1U
#11610
0L
0U
#11613
1Q
b1000 !"
b110 ""
b10000101 #"
b100 $"
b111010 %"
#11615
1L
1U
#11618
b1 d
#11620
0L
0U
#11625
1L
1U
#11628
0K
0b
#11630
0L
0U
#11635
1L
1U
#11640
0L
0U
#11645
1L
1U
#11648
b10 d
0Q
#11650
0L
0U
#11655
1L
1U
#11658
bx o
bx {
bx S
bx W
bx h
bx p
bx u
bx R
bx V
bx g
1I
1J
1c
#11659
bx Z
bx l
bx [
bx n
bx k
bx |
x}
bx m
bx v
xw
#11660
0L
0U
xq
xr
#11665
1L
1U
#11670
0L
0U
#11675
1L
1U
#11680
0L
0U
#11685
1L
1U
#11688
0N
#11690
0L
0U
#11695
1L
1U
#11700
0L
0U
#11705
1L
1U
#11708
b11 d
0M
#11710
0L
0U
#11715
1L
1U
#11718
0I
0J
0c
#11720
0L
0U
#11725
1L
1U
#11730
0L
0U
#11735
1L
1U
#11740
0L
0U
#11745
1L
1U
#11748
b110 o
b110 {
b110 S
b110 W
b110 h
#11749
b100 Z
b100 l
b100 k
b100 |
1}
0q
#11750
0L
0U
#11755
1L
1U
#11758
b1010 ."
b100 /"
b1000 1"
b111011 -"
1N
#11760
0L
0U
#11765
1L
1U
#11768
b11111000 p
b11111000 u
b1000 R
b1000 V
b1000 g
#11769
b1000x101 [
b1000x101 n
b10000101 m
b10000101 v
1w
#11770
0L
0U
b10000101 [
b10000101 n
0r
#11775
1L
1U
#11778
b100 d
b1010 )"
b100 *"
b1000 ,"
b111011 ("
1M
#11780
0L
0U
#11785
1L
1U
#11788
b101 d
b100 G
b100 Y
b100 f
b100 j
b100 z
b10000101 H
b10000101 X
b10000101 e
b10000101 i
b10000101 t
#11789
b1010 Z
b1010 l
b1111101 [
b1111101 n
b1010 k
b1010 |
0}
b1111101 m
b1111101 v
#11790
0L
0U
b10000101 [
b10000101 n
1r
#11795
1L
1U
#11798
b100 '"
b10000101 &"
b0 d
1K
1b
#11800
0L
0U
#11805
1L
1U
#11810
0L
0U
#11813
1Q
b1010 !"
b100 ""
b1000 $"
b111011 %"
#11815
1L
1U
#11818
b1 d
#11820
0L
0U
#11825
1L
1U
#11828
0K
0b
#11830
0L
0U
#11835
1L
1U
#11840
0L
0U
#11845
1L
1U
#11848
b10 d
0Q
#11850
0L
0U
#11855
1L
1U
#11858
bx o
bx {
bx S
bx W
bx h
bx p
bx u
bx R
bx V
bx g
1I
1J
1c
#11859
bx Z
bx l
bx [
bx n
bx k
bx |
x}
bx m
bx v
xw
xr
#11860
0L
0U
xq
#11865
1L
1U
#11870
0L
0U
#11875
1L
1U
#11880
0L
0U
#11885
1L
1U
#11888
0N
#11890
0L
0U
#11895
1L
1U
#11900
0L
0U
#11905
1L
1U
#11908
b11 d
0M
#11910
0L
0U
#11915
1L
1U
#11918
0I
0J
0c
#11920
0L
0U
#11925
1L
1U
#11930
0L
0U
#11935
1L
1U
#11940
0L
0U
#11945
1L
1U
#11948
b100 o
b100 {
b100 S
b100 W
b100 h
#11949
bx000xx0x Z
bx000xx0x l
b1000 k
b1000 |
0}
#11950
0L
0U
b1000 Z
b1000 l
0q
#11955
1L
1U
#11958
b1101 ."
b11 /"
b10000010 0"
b1011 1"
b111100 -"
1N
#11960
0L
0U
#11965
1L
1U
#11968
b11111010 p
b11111010 u
b1010 R
b1010 V
b1010 g
#11969
bx1x1 [
bx1x1 n
b1111111 m
b1111111 v
1w
#11970
0L
0U
b10000101 [
b10000101 n
1r
#11975
1L
1U
#11978
b100 d
b1101 )"
b11 *"
b10000010 +"
b1011 ,"
b111100 ("
1M
#11980
0L
0U
#11985
1L
1U
#11988
b101 d
b1000 G
b1000 Y
b1000 f
b1000 j
b1000 z
#11989
b1100 Z
b1100 l
b1100 k
b1100 |
#11990
0L
0U
#11995
1L
1U
#11998
b1000 '"
b0 d
1K
1b
#12000
0L
0U
#12005
1L
1U
#12010
0L
0U
#12013
1Q
b1101 !"
b11 ""
b10000010 #"
b1011 $"
b111100 %"
#12015
1L
1U
#12018
b1 d
#12020
0L
0U
#12025
1L
1U
#12028
0K
0b
#12030
0L
0U
#12035
1L
1U
#12040
0L
0U
#12045
1L
1U
#12048
b10 d
0Q
#12050
0L
0U
#12055
1L
1U
#12058
bx o
bx {
bx S
bx W
bx h
bx p
bx u
bx R
bx V
bx g
1I
1J
1c
#12059
bx Z
bx l
bx [
bx n
bx k
bx |
x}
bx m
bx v
xw
xr
#12060
0L
0U
xq
#12065
1L
1U
#12070
0L
0U
#12075
1L
1U
#12080
0L
0U
#12085
1L
1U
#12088
0N
#12090
0L
0U
#12095
1L
1U
#12100
0L
0U
#12105
1L
1U
#12108
b11 d
0M
#12110
0L
0U
#12115
1L
1U
#12118
0I
0J
0c
#12120
0L
0U
#12125
1L
1U
#12130
0L
0U
#12135
1L
1U
#12140
0L
0U
#12145
1L
1U
#12148
b11 o
b11 {
b11 S
b11 W
b11 h
#12149
bx000xxx1 Z
bx000xxx1 l
b1011 k
b1011 |
0}
#12150
0L
0U
b1011 Z
b1011 l
0q
#12155
1L
1U
#12158
b100 ."
b101 /"
b10000110 0"
b10000 1"
b111101 -"
1N
#12160
0L
0U
#12165
1L
1U
#12168
b11111101 p
b11111101 u
b1101 R
b1101 V
b1101 g
#12169
b10000xxx [
b10000xxx n
b10000010 m
b10000010 v
1w
#12170
0L
0U
b10000010 [
b10000010 n
0r
#12175
1L
1U
#12178
b100 d
b100 )"
b101 *"
b10000110 +"
b10000 ,"
b111101 ("
1M
#12180
0L
0U
#12185
1L
1U
#12188
b101 d
b1011 G
b1011 Y
b1011 f
b1011 j
b1011 z
b10000010 H
b10000010 X
b10000010 e
b10000010 i
b10000010 t
#12189
b1110 Z
b1110 l
b1111111 [
b1111111 n
b1110 k
b1110 |
b1111111 m
b1111111 v
#12190
0L
0U
b10000010 [
b10000010 n
1r
#12195
1L
1U
#12198
b1011 '"
b10000010 &"
b0 d
1K
1b
#12200
0L
0U
#12205
1L
1U
#12210
0L
0U
#12213
1Q
b100 !"
b101 ""
b10000110 #"
b10000 $"
b111101 %"
#12215
1L
1U
#12218
b1 d
#12220
0L
0U
#12225
1L
1U
#12228
0K
0b
#12230
0L
0U
#12235
1L
1U
#12240
0L
0U
#12245
1L
1U
#12248
b10 d
0Q
#12250
0L
0U
#12255
1L
1U
#12258
bx o
bx {
bx S
bx W
bx h
bx p
bx u
bx R
bx V
bx g
1I
1J
1c
#12259
bx Z
bx l
bx [
bx n
bx k
bx |
x}
bx m
bx v
xw
xr
#12260
0L
0U
xq
#12265
1L
1U
#12270
0L
0U
#12275
1L
1U
#12280
0L
0U
#12285
1L
1U
#12288
0N
#12290
0L
0U
#12295
1L
1U
#12300
0L
0U
#12305
1L
1U
#12308
b11 d
0M
#12310
0L
0U
#12315
1L
1U
#12318
0I
0J
0c
#12320
0L
0U
#12325
1L
1U
#12330
0L
0U
#12335
1L
1U
#12340
0L
0U
#12345
1L
1U
#12348
b101 o
b101 {
b101 S
b101 W
b101 h
#12349
bx00x00x0 Z
bx00x00x0 l
b10000 k
b10000 |
0}
#12350
0L
0U
b10000 Z
b10000 l
0q
#12355
1L
1U
#12358
b1000 ."
b1110 /"
b1110 1"
b111110 -"
1N
#12360
0L
0U
#12365
1L
1U
#12368
b100 p
b100 u
b100 R
b100 V
b100 g
#12369
b10000110 [
b10000110 n
b10000110 m
b10000110 v
0w
0r
#12370
0L
0U
#12375
1L
1U
#12378
b100 d
b1000 )"
b1110 *"
b1110 ,"
b111110 ("
1M
#12380
0L
0U
#12385
1L
1U
#12388
b101 d
b10000 G
b10000 Y
b10000 f
b10000 j
b10000 z
b10000110 H
b10000110 X
b10000110 e
b10000110 i
b10000110 t
#12389
b10101 Z
b10101 l
b10001010 [
b10001010 n
b10101 k
b10101 |
b10001010 m
b10001010 v
#12390
0L
0U
#12395
1L
1U
#12398
b10000 '"
b10000110 &"
b0 d
1K
1b
#12400
0L
0U
#12405
1L
1U
#12410
0L
0U
#12413
1Q
b1000 !"
b1110 ""
b1110 $"
b111110 %"
#12415
1L
1U
#12418
b1 d
#12420
0L
0U
#12425
1L
1U
#12428
0K
0b
#12430
0L
0U
#12435
1L
1U
#12440
0L
0U
#12445
1L
1U
#12448
b10 d
0Q
#12450
0L
0U
#12455
1L
1U
#12458
bx o
bx {
bx S
bx W
bx h
bx p
bx u
bx R
bx V
bx g
1I
1J
1c
#12459
bx Z
bx l
bx [
bx n
bx k
bx |
x}
bx m
bx v
xw
#12460
0L
0U
xq
xr
#12465
1L
1U
#12470
0L
0U
#12475
1L
1U
#12480
0L
0U
#12485
1L
1U
#12488
0N
#12490
0L
0U
#12495
1L
1U
#12500
0L
0U
#12505
1L
1U
#12508
b11 d
0M
#12510
0L
0U
#12515
1L
1U
#12518
0I
0J
0c
#12520
0L
0U
#12525
1L
1U
#12530
0L
0U
#12535
1L
1U
#12540
0L
0U
#12545
1L
1U
#12548
b11111110 o
b11111110 {
b1110 S
b1110 W
b1110 h
#12549
b1110 Z
b1110 l
b1110 k
b1110 |
1}
0q
#12550
0L
0U
#12555
1L
1U
#12558
b110 ."
b1001 /"
b10001100 0"
b111 1"
b111111 -"
1N
#12560
0L
0U
#12565
1L
1U
#12568
b11111000 p
b11111000 u
b1000 R
b1000 V
b1000 g
#12569
bx110 [
bx110 n
b1111110 m
b1111110 v
1w
#12570
0L
0U
b10000110 [
b10000110 n
1r
#12575
1L
1U
#12578
b100 d
b110 )"
b1001 *"
b10001100 +"
b111 ,"
b111111 ("
1M
#12580
0L
0U
#12585
1L
1U
#12588
b101 d
b1110 G
b1110 Y
b1110 f
b1110 j
b1110 z
#12589
b1100 Z
b1100 l
b1100 k
b1100 |
#12590
0L
0U
#12595
1L
1U
#12598
b1110 '"
b0 d
1K
1b
#12600
0L
0U
#12605
1L
1U
#12610
0L
0U
#12613
1Q
b110 !"
b1001 ""
b10001100 #"
b111 $"
b111111 %"
#12615
1L
1U
#12618
b1 d
#12620
0L
0U
#12625
1L
1U
#12628
0K
0b
#12630
0L
0U
#12635
1L
1U
#12640
0L
0U
#12645
1L
1U
#12648
b10 d
0Q
#12650
0L
0U
#12655
1L
1U
#12658
bx o
bx {
bx S
bx W
bx h
bx p
bx u
bx R
bx V
bx g
1I
1J
1c
#12659
bx Z
bx l
bx [
bx n
bx k
bx |
x}
bx m
bx v
xw
xr
#12660
0L
0U
xq
#12665
1L
1U
#12670
0L
0U
#12675
1L
1U
#12680
0L
0U
#12685
1L
1U
#12688
0N
#12690
0L
0U
#12695
1L
1U
#12700
0L
0U
#12705
1L
1U
#12708
b11 d
0M
#12710
0L
0U
#12715
1L
1U
#12718
0I
0J
0c
#12720
0L
0U
#12725
1L
1U
#12730
0L
0U
#12735
1L
1U
#12740
0L
0U
#12745
1L
1U
#12748
b11111001 o
b11111001 {
b1001 S
b1001 W
b1001 h
#12749
b111 Z
b111 l
b111 k
b111 |
1}
0q
#12750
0L
0U
#12755
1L
1U
#12758
b1111 ."
b1110 /"
b10001011 0"
b101 1"
b1000000 -"
1N
#12760
0L
0U
#12765
1L
1U
#12768
b110 p
b110 u
b110 R
b110 V
b110 g
#12769
b10001100 [
b10001100 n
b10001100 m
b10001100 v
0w
0r
#12770
0L
0U
#12775
1L
1U
#12778
b100 d
b1111 )"
b1110 *"
b10001011 +"
b101 ,"
b1000000 ("
1M
#12780
0L
0U
#12785
1L
1U
#12788
b101 d
b111 G
b111 Y
b111 f
b111 j
b111 z
b10001100 H
b10001100 X
b10001100 e
b10001100 i
b10001100 t
#12789
b0 Z
b0 l
b10010010 [
b10010010 n
b0 k
b0 |
b10010010 m
b10010010 v
#12790
0L
0U
#12795
1L
1U
#12798
b111 '"
b10001100 &"
b0 d
1K
1b
#12800
0L
0U
#12805
1L
1U
#12810
0L
0U
#12813
1Q
b1111 !"
b1110 ""
b10001011 #"
b101 $"
b1000000 %"
#12815
1L
1U
#12818
b1 d
#12820
0L
0U
#12825
1L
1U
#12828
0K
0b
#12830
0L
0U
#12835
1L
1U
#12840
0L
0U
#12845
1L
1U
#12848
b10 d
0Q
#12850
0L
0U
#12855
1L
1U
#12858
bx o
bx {
bx S
bx W
bx h
bx p
bx u
bx R
bx V
bx g
1I
1J
1c
#12859
bx Z
bx l
bx [
bx n
bx k
bx |
x}
bx m
bx v
xw
#12860
0L
0U
xq
xr
#12865
1L
1U
#12870
0L
0U
#12875
1L
1U
#12880
0L
0U
#12885
1L
1U
#12888
0N
#12890
0L
0U
#12895
1L
1U
#12900
0L
0U
#12905
1L
1U
#12908
b11 d
0M
#12910
0L
0U
#12915
1L
1U
#12918
0I
0J
0c
#12920
0L
0U
#12925
1L
1U
#12930
0L
0U
#12935
1L
1U
#12940
0L
0U
#12945
1L
1U
#12948
b11111110 o
b11111110 {
b1110 S
b1110 W
b1110 h
#12949
b101 Z
b101 l
b101 k
b101 |
1}
0q
#12950
0L
0U
#12955
1L
1U
#12958
b1010 ."
b11 /"
b10000101 0"
b1000 1"
b1000001 -"
1N
#12960
0L
0U
#12965
1L
1U
#12968
b11111111 p
b11111111 u
b1111 R
b1111 V
b1111 g
#12969
b10001xxx [
b10001xxx n
b10001011 m
b10001011 v
1w
#12970
0L
0U
b10001011 [
b10001011 n
0r
#12975
1L
1U
#12978
b100 d
b1010 )"
b11 *"
b10000101 +"
b1000 ,"
b1000001 ("
1M
#12980
0L
0U
#12985
1L
1U
#12988
b101 d
b101 G
b101 Y
b101 f
b101 j
b101 z
b10001011 H
b10001011 X
b10001011 e
b10001011 i
b10001011 t
#12989
b11 Z
b11 l
b10001010 [
b10001010 n
b11 k
b11 |
b10001010 m
b10001010 v
#12990
0L
0U
#12995
1L
1U
#12998
b101 '"
b10001011 &"
b0 d
1K
1b
#13000
0L
0U
#13005
1L
1U
#13010
0L
0U
#13013
1Q
b1010 !"
b11 ""
b10000101 #"
b1000 $"
b1000001 %"
#13015
1L
1U
#13018
b1 d
#13020
0L
0U
#13025
1L
1U
#13028
0K
0b
#13030
0L
0U
#13035
1L
1U
#13040
0L
0U
#13045
1L
1U
#13048
b10 d
0Q
#13050
0L
0U
#13055
1L
1U
#13058
bx o
bx {
bx S
bx W
bx h
bx p
bx u
bx R
bx V
bx g
1I
1J
1c
#13059
bx Z
bx l
bx [
bx n
bx k
bx |
x}
bx m
bx v
xw
#13060
0L
0U
xq
xr
#13065
1L
1U
#13070
0L
0U
#13075
1L
1U
#13080
0L
0U
#13085
1L
1U
#13088
0N
#13090
0L
0U
#13095
1L
1U
#13100
0L
0U
#13105
1L
1U
#13108
b11 d
0M
#13110
0L
0U
#13115
1L
1U
#13118
0I
0J
0c
#13120
0L
0U
#13125
1L
1U
#13130
0L
0U
#13135
1L
1U
#13140
0L
0U
#13145
1L
1U
#13148
b11 o
b11 {
b11 S
b11 W
b11 h
#13149
bx00010xx Z
bx00010xx l
b1000 k
b1000 |
0}
#13150
0L
0U
b1000 Z
b1000 l
0q
#13155
1L
1U
#13158
b1011 /"
b11 1"
b1000010 -"
1N
#13160
0L
0U
#13165
1L
1U
#13168
b11111010 p
b11111010 u
b1010 R
b1010 V
b1010 g
#13169
b1000xxx1 [
b1000xxx1 n
b10000101 m
b10000101 v
1w
#13170
0L
0U
b10000101 [
b10000101 n
0r
#13175
1L
1U
#13178
b100 d
b1011 *"
b11 ,"
b1000010 ("
1M
#13180
0L
0U
#13185
1L
1U
#13188
b101 d
b1000 G
b1000 Y
b1000 f
b1000 j
b1000 z
b10000101 H
b10000101 X
b10000101 e
b10000101 i
b10000101 t
#13189
b1011 Z
b1011 l
b1111111 [
b1111111 n
b1011 k
b1011 |
b1111111 m
b1111111 v
#13190
0L
0U
b10000101 [
b10000101 n
1r
#13195
1L
1U
#13198
b1000 '"
b10000101 &"
b0 d
1K
1b
#13200
0L
0U
#13205
1L
1U
#13210
0L
0U
#13213
1Q
b1011 ""
b11 $"
b1000010 %"
#13215
1L
1U
#13218
b1 d
#13220
0L
0U
#13225
1L
1U
#13228
0K
0b
#13230
0L
0U
#13235
1L
1U
#13240
0L
0U
#13245
1L
1U
#13248
b10 d
0Q
#13250
0L
0U
#13255
1L
1U
#13258
bx o
bx {
bx S
bx W
bx h
bx p
bx u
bx R
bx V
bx g
1I
1J
1c
#13259
bx Z
bx l
bx [
bx n
bx k
bx |
x}
bx m
bx v
xw
xr
#13260
0L
0U
xq
#13265
1L
1U
#13270
0L
0U
#13275
1L
1U
#13280
0L
0U
#13285
1L
1U
#13288
0N
#13290
0L
0U
#13295
1L
1U
#13300
0L
0U
#13305
1L
1U
#13308
b11 d
0M
#13310
0L
0U
#13315
1L
1U
#13318
0I
0J
0c
#13320
0L
0U
#13325
1L
1U
#13330
0L
0U
#13335
1L
1U
#13340
0L
0U
#13345
1L
1U
#13348
b11111011 o
b11111011 {
b1011 S
b1011 W
b1011 h
#13349
b11 Z
b11 l
b11 k
b11 |
1}
0q
#13350
0L
0U
#13355
1L
1U
#13358
b100 ."
b0 /"
b10001001 0"
b1000011 -"
1N
#13360
0L
0U
#13365
1L
1U
#13368
b11111010 p
b11111010 u
b1010 R
b1010 V
b1010 g
#13369
bx1x1 [
bx1x1 n
b1111111 m
b1111111 v
1w
#13370
0L
0U
b10000101 [
b10000101 n
1r
#13375
1L
1U
#13378
b100 d
b100 )"
b0 *"
b10001001 +"
b1000011 ("
1M
#13380
0L
0U
#13385
1L
1U
#13388
b101 d
b11 G
b11 Y
b11 f
b11 j
b11 z
#13389
b11111110 Z
b11111110 l
b11111110 k
b11111110 |
0}
#13390
0L
0U
#13395
1L
1U
#13398
b11 '"
b0 d
1K
1b
#13400
0L
0U
#13405
1L
1U
#13410
0L
0U
#13413
1Q
b100 !"
b0 ""
b10001001 #"
b1000011 %"
#13415
1L
1U
#13418
b1 d
#13420
0L
0U
#13425
1L
1U
#13428
0K
0b
#13430
0L
0U
#13435
1L
1U
#13440
0L
0U
#13445
1L
1U
#13448
b10 d
0Q
#13450
0L
0U
#13455
1L
1U
#13458
bx o
bx {
bx S
bx W
bx h
bx p
bx u
bx R
bx V
bx g
1I
1J
1c
#13459
bx Z
bx l
bx [
bx n
bx k
bx |
x}
bx m
bx v
xw
xq
xr
#13460
0L
0U
#13465
1L
1U
#13470
0L
0U
#13475
1L
1U
#13480
0L
0U
#13485
1L
1U
#13488
0N
#13490
0L
0U
#13495
1L
1U
#13500
0L
0U
#13505
1L
1U
#13508
b11 d
0M
#13510
0L
0U
#13515
1L
1U
#13518
0I
0J
0c
#13520
0L
0U
#13525
1L
1U
#13530
0L
0U
#13535
1L
1U
#13540
0L
0U
#13545
1L
1U
#13548
b0 o
b0 {
b0 S
b0 W
b0 h
#13549
bx0000xx1 Z
bx0000xx1 l
b11 k
b11 |
0}
#13550
0L
0U
b11 Z
b11 l
0q
#13555
1L
1U
#13558
b111 ."
b1100 /"
b10010000 0"
b11111111 1"
b1000100 -"
1N
#13560
0L
0U
#13565
1L
1U
#13568
b100 p
b100 u
b100 R
b100 V
b100 g
#13569
b10001001 [
b10001001 n
b10001001 m
b10001001 v
0w
0r
#13570
0L
0U
#13575
1L
1U
#13578
b100 d
b111 )"
b1100 *"
b10010000 +"
b11111111 ,"
b1000100 ("
1M
#13580
0L
0U
#13585
1L
1U
#13588
b101 d
b10001001 H
b10001001 X
b10001001 e
b10001001 i
b10001001 t
#13589
b10001101 [
b10001101 n
b10001101 m
b10001101 v
#13590
0L
0U
#13595
1L
1U
#13598
b10001001 &"
b0 d
1K
1b
#13600
0L
0U
#13605
1L
1U
#13610
0L
0U
#13613
1Q
b111 !"
b1100 ""
b10010000 #"
b11111111 $"
b1000100 %"
#13615
1L
1U
#13618
b1 d
#13620
0L
0U
#13625
1L
1U
#13628
0K
0b
#13630
0L
0U
#13635
1L
1U
#13640
0L
0U
#13645
1L
1U
#13648
b10 d
0Q
#13650
0L
0U
#13655
1L
1U
#13658
bx o
bx {
bx S
bx W
bx h
bx p
bx u
bx R
bx V
bx g
1I
1J
1c
#13659
bx Z
bx l
bx [
bx n
bx k
bx |
x}
bx m
bx v
xw
#13660
0L
0U
xq
xr
#13665
1L
1U
#13670
0L
0U
#13675
1L
1U
#13680
0L
0U
#13685
1L
1U
#13688
0N
#13690
0L
0U
#13695
1L
1U
#13700
0L
0U
#13705
1L
1U
#13708
b11 d
0M
#13710
0L
0U
#13715
1L
1U
#13718
0I
0J
0c
#13720
0L
0U
#13725
1L
1U
#13730
0L
0U
#13735
1L
1U
#13740
0L
0U
#13745
1L
1U
#13748
b11111100 o
b11111100 {
b1100 S
b1100 W
b1100 h
#13749
b11111111 Z
b11111111 l
b11111111 k
b11111111 |
0}
0q
#13750
0L
0U
#13755
1L
1U
#13758
b10 ."
b1101 /"
b10010010 0"
b11111100 1"
b1000101 -"
1N
#13760
0L
0U
#13765
1L
1U
#13768
b111 p
b111 u
b111 R
b111 V
b111 g
#13769
b10010000 [
b10010000 n
b10010000 m
b10010000 v
0w
0r
#13770
0L
0U
#13775
1L
1U
#13778
b100 d
b10 )"
b1101 *"
b10010010 +"
b11111100 ,"
b1000101 ("
1M
#13780
0L
0U
#13785
1L
1U
#13788
b101 d
b11111111 G
b11111111 Y
b11111111 f
b11111111 j
b11111111 z
b10010000 H
b10010000 X
b10010000 e
b10010000 i
b10010000 t
#13789
b11111011 Z
b11111011 l
b10010111 [
b10010111 n
b11111011 k
b11111011 |
1}
b10010111 m
b10010111 v
#13790
0L
0U
#13795
1L
1U
#13798
b11111111 '"
b10010000 &"
b0 d
1K
1b
#13800
0L
0U
#13805
1L
1U
#13810
0L
0U
#13813
1Q
b10 !"
b1101 ""
b10010010 #"
b11111100 $"
b1000101 %"
#13815
1L
1U
#13818
b1 d
#13820
0L
0U
#13825
1L
1U
#13828
0K
0b
#13830
0L
0U
#13835
1L
1U
#13840
0L
0U
#13845
1L
1U
#13848
b10 d
0Q
#13850
0L
0U
#13855
1L
1U
#13858
bx o
bx {
bx S
bx W
bx h
bx p
bx u
bx R
bx V
bx g
1I
1J
1c
#13859
bx Z
bx l
bx [
bx n
bx k
bx |
x}
bx m
bx v
xw
#13860
0L
0U
xq
xr
#13865
1L
1U
#13870
0L
0U
#13875
1L
1U
#13880
0L
0U
#13885
1L
1U
#13888
0N
#13890
0L
0U
#13895
1L
1U
#13900
0L
0U
#13905
1L
1U
#13908
b11 d
0M
#13910
0L
0U
#13915
1L
1U
#13918
0I
0J
0c
#13920
0L
0U
#13925
1L
1U
#13930
0L
0U
#13935
1L
1U
#13940
0L
0U
#13945
1L
1U
#13948
b11111101 o
b11111101 {
b1101 S
b1101 W
b1101 h
#13949
b1xx1xx00 Z
b1xx1xx00 l
b11111100 k
b11111100 |
1}
#13950
0L
0U
b11111100 Z
b11111100 l
0q
#13955
1L
1U
#13958
b11 ."
b10 /"
b10010101 0"
b11111110 1"
b1000110 -"
1N
#13960
0L
0U
#13965
1L
1U
#13968
b10 p
b10 u
b10 R
b10 V
b10 g
#13969
b10010010 [
b10010010 n
b10010010 m
b10010010 v
0w
0r
#13970
0L
0U
#13975
1L
1U
#13978
b100 d
b11 )"
b10 *"
b10010101 +"
b11111110 ,"
b1000110 ("
1M
#13980
0L
0U
#13985
1L
1U
#13988
b101 d
b11111100 G
b11111100 Y
b11111100 f
b11111100 j
b11111100 z
b10010010 H
b10010010 X
b10010010 e
b10010010 i
b10010010 t
#13989
b11111001 Z
b11111001 l
b10010100 [
b10010100 n
b11111001 k
b11111001 |
b10010100 m
b10010100 v
#13990
0L
0U
#13995
1L
1U
#13998
b11111100 '"
b10010010 &"
b0 d
1K
1b
#14000
0L
0U
#14005
1L
1U
#14010
0L
0U
#14013
1Q
b11 !"
b10 ""
b10010101 #"
b11111110 $"
b1000110 %"
#14015
1L
1U
#14018
b1 d
#14020
0L
0U
#14025
1L
1U
#14028
0K
0b
#14030
0L
0U
#14035
1L
1U
#14040
0L
0U
#14045
1L
1U
#14048
b10 d
0Q
#14050
0L
0U
#14055
1L
1U
#14058
bx o
bx {
bx S
bx W
bx h
bx p
bx u
bx R
bx V
bx g
1I
1J
1c
#14059
bx Z
bx l
bx [
bx n
bx k
bx |
x}
bx m
bx v
xw
#14060
0L
0U
xq
xr
#14065
1L
1U
#14070
0L
0U
#14075
1L
1U
#14080
0L
0U
#14085
1L
1U
#14088
0N
#14090
0L
0U
#14095
1L
1U
#14100
0L
0U
#14105
1L
1U
#14108
b11 d
0M
#14110
0L
0U
#14115
1L
1U
#14118
0I
0J
0c
#14120
0L
0U
#14125
1L
1U
#14130
0L
0U
#14135
1L
1U
#14140
0L
0U
#14145
1L
1U
#14148
b10 o
b10 {
b10 S
b10 W
b10 h
#14149
b11111110 Z
b11111110 l
b11111110 k
b11111110 |
0}
0q
#14150
0L
0U
#14155
1L
1U
#14158
b1110 ."
b10010011 0"
b0 1"
b1000111 -"
1N
#14160
0L
0U
#14165
1L
1U
#14168
b11 p
b11 u
b11 R
b11 V
b11 g
#14169
b10010101 [
b10010101 n
b10010101 m
b10010101 v
0w
0r
#14170
0L
0U
#14175
1L
1U
#14178
b100 d
b1110 )"
b10010011 +"
b0 ,"
b1000111 ("
1M
#14180
0L
0U
#14185
1L
1U
#14188
b101 d
b11111110 G
b11111110 Y
b11111110 f
b11111110 j
b11111110 z
b10010101 H
b10010101 X
b10010101 e
b10010101 i
b10010101 t
#14189
b0 Z
b0 l
b10011000 [
b10011000 n
b0 k
b0 |
1}
b10011000 m
b10011000 v
#14190
0L
0U
#14195
1L
1U
#14198
b11111110 '"
b10010101 &"
b0 d
1K
1b
#14200
0L
0U
#14205
1L
1U
#14210
0L
0U
#14213
1Q
b1110 !"
b10010011 #"
b0 $"
b1000111 %"
#14215
1L
1U
#14218
b1 d
#14220
0L
0U
#14225
1L
1U
#14228
0K
0b
#14230
0L
0U
#14235
1L
1U
#14240
0L
0U
#14245
1L
1U
#14248
b10 d
0Q
#14250
0L
0U
#14255
1L
1U
#14258
bx o
bx {
bx S
bx W
bx h
bx p
bx u
bx R
bx V
bx g
1I
1J
1c
#14259
bx [
bx n
bx Z
bx l
bx k
bx |
x}
bx m
bx v
xw
xq
#14260
0L
0U
xr
#14265
1L
1U
#14270
0L
0U
#14275
1L
1U
#14280
0L
0U
#14285
1L
1U
#14288
0N
#14290
0L
0U
#14295
1L
1U
#14300
0L
0U
#14305
1L
1U
#14308
b11 d
0M
#14310
0L
0U
#14315
1L
1U
#14318
0I
0J
0c
#14320
0L
0U
#14325
1L
1U
#14330
0L
0U
#14335
1L
1U
#14340
0L
0U
#14345
1L
1U
#14348
b10 o
b10 {
b10 S
b10 W
b10 h
#14349
b0 Z
b0 l
b0 k
b0 |
1}
0q
#14350
0L
0U
#14355
1L
1U
#14358
b11 ."
b1111 /"
b10010110 0"
b11111111 1"
b1001000 -"
1N
#14360
0L
0U
#14365
1L
1U
#14368
b11111110 p
b11111110 u
b1110 R
b1110 V
b1110 g
#14369
b10010xx1 [
b10010xx1 n
b10010011 m
b10010011 v
1w
#14370
0L
0U
b10010011 [
b10010011 n
0r
#14375
1L
1U
#14378
b100 d
b11 )"
b1111 *"
b10010110 +"
b11111111 ,"
b1001000 ("
1M
#14380
0L
0U
#14385
1L
1U
#14388
b101 d
b0 G
b0 Y
b0 f
b0 j
b0 z
b10010011 H
b10010011 X
b10010011 e
b10010011 i
b10010011 t
#14389
b10 Z
b10 l
b10010001 [
b10010001 n
b10 k
b10 |
0}
b10010001 m
b10010001 v
#14390
0L
0U
#14395
1L
1U
#14398
b0 '"
b10010011 &"
b0 d
1K
1b
#14400
0L
0U
#14405
1L
1U
#14410
0L
0U
#14413
1Q
b11 !"
b1111 ""
b10010110 #"
b11111111 $"
b1001000 %"
#14415
1L
1U
#14418
b1 d
#14420
0L
0U
#14425
1L
1U
#14428
0K
0b
#14430
0L
0U
#14435
1L
1U
#14440
0L
0U
#14445
1L
1U
#14448
b10 d
0Q
#14450
0L
0U
#14455
1L
1U
#14458
bx o
bx {
bx S
bx W
bx h
bx p
bx u
bx R
bx V
bx g
1I
1J
1c
#14459
bx Z
bx l
bx [
bx n
bx k
bx |
x}
bx m
bx v
xw
#14460
0L
0U
xq
xr
#14465
1L
1U
#14470
0L
0U
#14475
1L
1U
#14480
0L
0U
#14485
1L
1U
#14488
0N
#14490
0L
0U
#14495
1L
1U
#14500
0L
0U
#14505
1L
1U
#14508
b11 d
0M
#14510
0L
0U
#14515
1L
1U
#14518
0I
0J
0c
#14520
0L
0U
#14525
1L
1U
#14530
0L
0U
#14535
1L
1U
#14540
0L
0U
#14545
1L
1U
#14548
b11111111 o
b11111111 {
b1111 S
b1111 W
b1111 h
#14549
b11111111 Z
b11111111 l
b11111111 k
b11111111 |
0}
0q
#14550
0L
0U
#14555
1L
1U
#14558
b1100 ."
b0 /"
b10010010 0"
b1001001 -"
1N
#14560
0L
0U
#14565
1L
1U
#14568
b11 p
b11 u
b11 R
b11 V
b11 g
#14569
b10010110 [
b10010110 n
b10010110 m
b10010110 v
0w
0r
#14570
0L
0U
#14575
1L
1U
#14578
b100 d
b1100 )"
b0 *"
b10010010 +"
b1001001 ("
1M
#14580
0L
0U
#14585
1L
1U
#14588
b101 d
b11111111 G
b11111111 Y
b11111111 f
b11111111 j
b11111111 z
b10010110 H
b10010110 X
b10010110 e
b10010110 i
b10010110 t
#14589
b11111110 Z
b11111110 l
b10011001 [
b10011001 n
b11111110 k
b11111110 |
1}
b10011001 m
b10011001 v
#14590
0L
0U
#14595
1L
1U
#14598
b11111111 '"
b10010110 &"
b0 d
1K
1b
#14600
0L
0U
#14605
1L
1U
#14610
0L
0U
#14613
1Q
b1100 !"
b0 ""
b10010010 #"
b1001001 %"
#14615
1L
1U
#14618
b1 d
#14620
0L
0U
#14625
1L
1U
#14628
0K
0b
#14630
0L
0U
#14635
1L
1U
#14640
0L
0U
#14645
1L
1U
#14648
b10 d
0Q
#14650
0L
0U
#14655
1L
1U
#14658
bx o
bx {
bx S
bx W
bx h
bx p
bx u
bx R
bx V
bx g
1I
1J
1c
#14659
bx Z
bx l
bx [
bx n
bx k
bx |
x}
bx m
bx v
xw
#14660
0L
0U
xq
xr
#14665
1L
1U
#14670
0L
0U
#14675
1L
1U
#14680
0L
0U
#14685
1L
1U
#14688
0N
#14690
0L
0U
#14695
1L
1U
#14700
0L
0U
#14705
1L
1U
#14708
b11 d
0M
#14710
0L
0U
#14715
1L
1U
#14718
0I
0J
0c
#14720
0L
0U
#14725
1L
1U
#14730
0L
0U
#14735
1L
1U
#14740
0L
0U
#14745
1L
1U
#14748
b0 o
b0 {
b0 S
b0 W
b0 h
#14749
b11111111 Z
b11111111 l
b11111111 k
b11111111 |
0}
0q
#14750
0L
0U
#14755
1L
1U
#14758
b11 ."
b1 /"
b10010101 0"
b0 1"
b1001010 -"
1N
#14760
0L
0U
#14765
1L
1U
#14768
b11111100 p
b11111100 u
b1100 R
b1100 V
b1100 g
#14769
b10010x10 [
b10010x10 n
b10010010 m
b10010010 v
1w
#14770
0L
0U
b10010010 [
b10010010 n
0r
#14775
1L
1U
#14778
b100 d
b11 )"
b1 *"
b10010101 +"
b0 ,"
b1001010 ("
1M
#14780
0L
0U
#14785
1L
1U
#14788
b101 d
b10010010 H
b10010010 X
b10010010 e
b10010010 i
b10010010 t
#14789
b10001110 [
b10001110 n
b10001110 m
b10001110 v
#14790
0L
0U
#14795
1L
1U
#14798
b10010010 &"
b0 d
1K
1b
#14800
0L
0U
#14805
1L
1U
#14810
0L
0U
#14813
1Q
b11 !"
b1 ""
b10010101 #"
b0 $"
b1001010 %"
#14815
1L
1U
#14818
b1 d
#14820
0L
0U
#14825
1L
1U
#14828
0K
0b
#14830
0L
0U
#14835
1L
1U
#14840
0L
0U
#14845
1L
1U
#14848
b10 d
0Q
#14850
0L
0U
#14855
1L
1U
#14858
bx o
bx {
bx S
bx W
bx h
bx p
bx u
bx R
bx V
bx g
1I
1J
1c
#14859
bx Z
bx l
bx [
bx n
bx k
bx |
x}
bx m
bx v
xw
#14860
0L
0U
xq
xr
#14865
1L
1U
#14870
0L
0U
#14875
1L
1U
#14880
0L
0U
#14885
1L
1U
#14888
0N
#14890
0L
0U
#14895
1L
1U
#14900
0L
0U
#14905
1L
1U
#14908
b11 d
0M
#14910
0L
0U
#14915
1L
1U
#14918
0I
0J
0c
#14920
0L
0U
#14925
1L
1U
#14930
0L
0U
#14935
1L
1U
#14940
0L
0U
#14945
1L
1U
#14948
b1 o
b1 {
b1 S
b1 W
b1 h
#14949
b0 Z
b0 l
b0 k
b0 |
1}
0q
#14950
0L
0U
#14955
1L
1U
#14958
b1 ."
b1010 /"
b10010110 0"
b11111010 1"
b1001011 -"
1N
#14960
0L
0U
#14965
1L
1U
#14968
b11 p
b11 u
b11 R
b11 V
b11 g
#14969
b10010101 [
b10010101 n
b10010101 m
b10010101 v
0w
0r
#14970
0L
0U
#14975
1L
1U
#14978
b100 d
b1 )"
b1010 *"
b10010110 +"
b11111010 ,"
b1001011 ("
1M
#14980
0L
0U
#14985
1L
1U
#14988
b101 d
b0 G
b0 Y
b0 f
b0 j
b0 z
b10010101 H
b10010101 X
b10010101 e
b10010101 i
b10010101 t
#14989
b1 Z
b1 l
b10011000 [
b10011000 n
b1 k
b1 |
0}
b10011000 m
b10011000 v
#14990
0L
0U
#14995
1L
1U
#14998
b0 '"
b10010101 &"
b0 d
1K
1b
#15000
0L
0U
#15005
1L
1U
#15010
0L
0U
#15013
1Q
b1 !"
b1010 ""
b10010110 #"
b11111010 $"
b1001011 %"
#15015
1L
1U
#15018
b1 d
#15020
0L
0U
#15025
1L
1U
#15028
0K
0b
#15030
0L
0U
#15035
1L
1U
#15040
0L
0U
#15045
1L
1U
#15048
b10 d
0Q
#15050
0L
0U
#15055
1L
1U
#15058
bx o
bx {
bx S
bx W
bx h
bx p
bx u
bx R
bx V
bx g
1I
1J
1c
#15059
bx Z
bx l
bx [
bx n
bx k
bx |
x}
bx m
bx v
xw
#15060
0L
0U
xq
xr
#15065
1L
1U
#15070
0L
0U
#15075
1L
1U
#15080
0L
0U
#15085
1L
1U
#15088
0N
#15090
0L
0U
#15095
1L
1U
#15100
0L
0U
#15105
1L
1U
#15108
b11 d
0M
#15110
0L
0U
#15115
1L
1U
#15118
0I
0J
0c
#15120
0L
0U
#15125
1L
1U
#15130
0L
0U
#15135
1L
1U
#15140
0L
0U
#15145
1L
1U
#15148
b11111010 o
b11111010 {
b1010 S
b1010 W
b1010 h
#15149
b11111010 Z
b11111010 l
b11111010 k
b11111010 |
0}
0q
#15150
0L
0U
#15155
1L
1U
#15158
b1010 ."
b10 /"
b10010000 0"
b11111100 1"
b1001100 -"
1N
#15160
0L
0U
#15165
1L
1U
#15168
b1 p
b1 u
b1 R
b1 V
b1 g
#15169
b10010110 [
b10010110 n
b10010110 m
b10010110 v
0w
0r
#15170
0L
0U
#15175
1L
1U
#15178
b100 d
b1010 )"
b10 *"
b10010000 +"
b11111100 ,"
b1001100 ("
1M
#15180
0L
0U
#15185
1L
1U
#15188
b101 d
b11111010 G
b11111010 Y
b11111010 f
b11111010 j
b11111010 z
b10010110 H
b10010110 X
b10010110 e
b10010110 i
b10010110 t
#15189
b11110100 Z
b11110100 l
b10010111 [
b10010111 n
b11110100 k
b11110100 |
1}
b10010111 m
b10010111 v
#15190
0L
0U
#15195
1L
1U
#15198
b11111010 '"
b10010110 &"
b0 d
1K
1b
#15200
0L
0U
#15205
1L
1U
#15210
0L
0U
#15213
1Q
b1010 !"
b10 ""
b10010000 #"
b11111100 $"
b1001100 %"
#15215
1L
1U
#15218
b1 d
#15220
0L
0U
#15225
1L
1U
#15228
0K
0b
#15230
0L
0U
#15235
1L
1U
#15240
0L
0U
#15245
1L
1U
#15248
b10 d
0Q
#15250
0L
0U
#15255
1L
1U
#15258
bx o
bx {
bx S
bx W
bx h
bx p
bx u
bx R
bx V
bx g
1I
1J
1c
#15259
bx Z
bx l
bx [
bx n
bx k
bx |
x}
bx m
bx v
xw
#15260
0L
0U
xq
xr
#15265
1L
1U
#15270
0L
0U
#15275
1L
1U
#15280
0L
0U
#15285
1L
1U
#15288
0N
#15290
0L
0U
#15295
1L
1U
#15300
0L
0U
#15305
1L
1U
#15308
b11 d
0M
#15310
0L
0U
#15315
1L
1U
#15318
0I
0J
0c
#15320
0L
0U
#15325
1L
1U
#15330
0L
0U
#15335
1L
1U
#15340
0L
0U
#15345
1L
1U
#15348
b10 o
b10 {
b10 S
b10 W
b10 h
#15349
b11111100 Z
b11111100 l
b11111100 k
b11111100 |
0}
0q
#15350
0L
0U
#15355
1L
1U
#15358
b10 ."
b111 /"
b10010010 0"
b11 1"
b1001101 -"
1N
#15360
0L
0U
#15365
1L
1U
#15368
b11111010 p
b11111010 u
b1010 R
b1010 V
b1010 g
#15369
b10010xx0 [
b10010xx0 n
b10010000 m
b10010000 v
1w
#15370
0L
0U
b10010000 [
b10010000 n
0r
#15375
1L
1U
#15378
b100 d
b10 )"
b111 *"
b10010010 +"
b11 ,"
b1001101 ("
1M
#15380
0L
0U
#15385
1L
1U
#15388
b101 d
b11111100 G
b11111100 Y
b11111100 f
b11111100 j
b11111100 z
b10010000 H
b10010000 X
b10010000 e
b10010000 i
b10010000 t
#15389
b11111110 Z
b11111110 l
b10001010 [
b10001010 n
b11111110 k
b11111110 |
b10001010 m
b10001010 v
#15390
0L
0U
#15395
1L
1U
#15398
b11111100 '"
b10010000 &"
b0 d
1K
1b
#15400
0L
0U
#15405
1L
1U
#15410
0L
0U
#15413
1Q
b10 !"
b111 ""
b10010010 #"
b11 $"
b1001101 %"
#15415
1L
1U
#15418
b1 d
#15420
0L
0U
#15425
1L
1U
#15428
0K
0b
#15430
0L
0U
#15435
1L
1U
#15440
0L
0U
#15445
1L
1U
#15448
b10 d
0Q
#15450
0L
0U
#15455
1L
1U
#15458
bx o
bx {
bx S
bx W
bx h
bx p
bx u
bx R
bx V
bx g
1I
1J
1c
#15459
bx Z
bx l
bx [
bx n
bx k
bx |
x}
bx m
bx v
xw
#15460
0L
0U
xq
xr
#15465
1L
1U
#15470
0L
0U
#15475
1L
1U
#15480
0L
0U
#15485
1L
1U
#15488
0N
#15490
0L
0U
#15495
1L
1U
#15500
0L
0U
#15505
1L
1U
#15508
b11 d
0M
#15510
0L
0U
#15515
1L
1U
#15518
0I
0J
0c
#15520
0L
0U
#15525
1L
1U
#15530
0L
0U
#15535
1L
1U
#15540
0L
0U
#15545
1L
1U
#15548
b111 o
b111 {
b111 S
b111 W
b111 h
#15549
b11 Z
b11 l
b11 k
b11 |
1}
0q
#15550
0L
0U
#15555
1L
1U
#15558
b1101 ."
b110 /"
b10001111 0"
b1001 1"
b1001110 -"
1N
#15560
0L
0U
#15565
1L
1U
#15568
b10 p
b10 u
b10 R
b10 V
b10 g
#15569
b10010010 [
b10010010 n
b10010010 m
b10010010 v
0w
0r
#15570
0L
0U
#15575
1L
1U
#15578
b100 d
b1101 )"
b110 *"
b10001111 +"
b1001 ,"
b1001110 ("
1M
#15580
0L
0U
#15585
1L
1U
#15588
b101 d
b11 G
b11 Y
b11 f
b11 j
b11 z
b10010010 H
b10010010 X
b10010010 e
b10010010 i
b10010010 t
#15589
b1010 Z
b1010 l
b10010100 [
b10010100 n
b1010 k
b1010 |
0}
b10010100 m
b10010100 v
#15590
0L
0U
#15595
1L
1U
#15598
b11 '"
b10010010 &"
b0 d
1K
1b
#15600
0L
0U
#15605
1L
1U
#15610
0L
0U
#15613
1Q
b1101 !"
b110 ""
b10001111 #"
b1001 $"
b1001110 %"
#15615
1L
1U
#15618
b1 d
#15620
0L
0U
#15625
1L
1U
#15628
0K
0b
#15630
0L
0U
#15635
1L
1U
#15640
0L
0U
#15645
1L
1U
#15648
b10 d
0Q
#15650
0L
0U
#15655
1L
1U
#15658
bx o
bx {
bx S
bx W
bx h
bx p
bx u
bx R
bx V
bx g
1I
1J
1c
#15659
bx Z
bx l
bx [
bx n
bx k
bx |
x}
bx m
bx v
xw
#15660
0L
0U
xq
xr
#15665
1L
1U
#15670
0L
0U
#15675
1L
1U
#15680
0L
0U
#15685
1L
1U
#15688
0N
#15690
0L
0U
#15695
1L
1U
#15700
0L
0U
#15705
1L
1U
#15708
b11 d
0M
#15710
0L
0U
#15715
1L
1U
#15718
0I
0J
0c
#15720
0L
0U
#15725
1L
1U
#15730
0L
0U
#15735
1L
1U
#15740
0L
0U
#15745
1L
1U
#15748
b110 o
b110 {
b110 S
b110 W
b110 h
#15749
bx00xx0xx Z
bx00xx0xx l
b1001 k
b1001 |
0}
#15750
0L
0U
b1001 Z
b1001 l
0q
#15755
1L
1U
#15758
b1100 ."
b100 /"
b10001011 0"
b1101 1"
b1001111 -"
1N
#15760
0L
0U
#15765
1L
1U
#15768
b11111101 p
b11111101 u
b1101 R
b1101 V
b1101 g
#15769
b100xxx1x [
b100xxx1x n
b10001111 m
b10001111 v
1w
#15770
0L
0U
b10001111 [
b10001111 n
0r
#15775
1L
1U
#15778
b100 d
b1100 )"
b100 *"
b10001011 +"
b1101 ,"
b1001111 ("
1M
#15780
0L
0U
#15785
1L
1U
#15788
b101 d
b1001 G
b1001 Y
b1001 f
b1001 j
b1001 z
b10001111 H
b10001111 X
b10001111 e
b10001111 i
b10001111 t
#15789
b1111 Z
b1111 l
b10001100 [
b10001100 n
b1111 k
b1111 |
b10001100 m
b10001100 v
#15790
0L
0U
#15795
1L
1U
#15798
b1001 '"
b10001111 &"
b0 d
1K
1b
#15800
0L
0U
#15805
1L
1U
#15810
0L
0U
#15813
1Q
b1100 !"
b100 ""
b10001011 #"
b1101 $"
b1001111 %"
#15815
1L
1U
#15818
b1 d
#15820
0L
0U
#15825
1L
1U
#15828
0K
0b
#15830
0L
0U
#15835
1L
1U
#15840
0L
0U
#15845
1L
1U
#15848
b10 d
0Q
#15850
0L
0U
#15855
1L
1U
#15858
bx o
bx {
bx S
bx W
bx h
bx p
bx u
bx R
bx V
bx g
1I
1J
1c
#15859
bx Z
bx l
bx [
bx n
bx k
bx |
x}
bx m
bx v
xw
#15860
0L
0U
xq
xr
#15865
1L
1U
#15870
0L
0U
#15875
1L
1U
#15880
0L
0U
#15885
1L
1U
#15888
0N
#15890
0L
0U
#15895
1L
1U
#15900
0L
0U
#15905
1L
1U
#15908
b11 d
0M
#15910
0L
0U
#15915
1L
1U
#15918
0I
0J
0c
#15920
0L
0U
#15925
1L
1U
#15930
0L
0U
#15935
1L
1U
#15940
0L
0U
#15945
1L
1U
#15948
b100 o
b100 {
b100 S
b100 W
b100 h
#15949
bx00011x1 Z
bx00011x1 l
b1101 k
b1101 |
0}
#15950
0L
0U
b1101 Z
b1101 l
0q
#15955
1L
1U
#15958
b1101 ."
b1100 /"
b10001000 0"
b1001 1"
b1010000 -"
1N
#15960
0L
0U
#15965
1L
1U
#15968
b11111100 p
b11111100 u
b1100 R
b1100 V
b1100 g
#15969
b10001x11 [
b10001x11 n
b10001011 m
b10001011 v
1w
#15970
0L
0U
b10001011 [
b10001011 n
0r
#15975
1L
1U
#15978
b100 d
b1101 )"
b1100 *"
b10001000 +"
b1001 ,"
b1010000 ("
1M
#15980
0L
0U
#15985
1L
1U
#15988
b101 d
b1101 G
b1101 Y
b1101 f
b1101 j
b1101 z
b10001011 H
b10001011 X
b10001011 e
b10001011 i
b10001011 t
#15989
b10001 Z
b10001 l
b10000111 [
b10000111 n
b10001 k
b10001 |
b10000111 m
b10000111 v
#15990
0L
0U
#15995
1L
1U
#15998
b1101 '"
b10001011 &"
b0 d
1K
1b
#16000
0L
0U
#16005
1L
1U
#16010
0L
0U
#16013
1Q
b1101 !"
b1100 ""
b10001000 #"
b1001 $"
b1010000 %"
#16015
1L
1U
#16018
b1 d
#16020
0L
0U
#16025
1L
1U
#16028
0K
0b
#16030
0L
0U
#16035
1L
1U
#16040
0L
0U
#16045
1L
1U
#16048
b10 d
0Q
#16050
0L
0U
#16055
1L
1U
#16058
bx o
bx {
bx S
bx W
bx h
bx p
bx u
bx R
bx V
bx g
1I
1J
1c
#16059
bx Z
bx l
bx [
bx n
bx k
bx |
x}
bx m
bx v
xw
#16060
0L
0U
xq
xr
#16065
1L
1U
#16070
0L
0U
#16075
1L
1U
#16080
0L
0U
#16085
1L
1U
#16088
0N
#16090
0L
0U
#16095
1L
1U
#16100
0L
0U
#16105
1L
1U
#16108
b11 d
0M
#16110
0L
0U
#16115
1L
1U
#16118
0I
0J
0c
#16120
0L
0U
#16125
1L
1U
#16130
0L
0U
#16135
1L
1U
#16140
0L
0U
#16145
1L
1U
#16148
b11111100 o
b11111100 {
b1100 S
b1100 W
b1100 h
#16149
b1001 Z
b1001 l
b1001 k
b1001 |
1}
0q
#16150
0L
0U
#16155
1L
1U
#16158
b100 ."
b101 /"
b10001100 0"
b1110 1"
b1010001 -"
1N
#16160
0L
0U
#16165
1L
1U
#16168
b11111101 p
b11111101 u
b1101 R
b1101 V
b1101 g
#16169
b100010xx [
b100010xx n
b10001000 m
b10001000 v
1w
#16170
0L
0U
b10001000 [
b10001000 n
0r
#16175
1L
1U
#16178
b100 d
b100 )"
b101 *"
b10001100 +"
b1110 ,"
b1010001 ("
1M
#16180
0L
0U
#16185
1L
1U
#16188
b101 d
b1001 G
b1001 Y
b1001 f
b1001 j
b1001 z
b10001000 H
b10001000 X
b10001000 e
b10001000 i
b10001000 t
#16189
b101 Z
b101 l
b10000101 [
b10000101 n
b101 k
b101 |
b10000101 m
b10000101 v
#16190
0L
0U
#16195
1L
1U
#16198
b1001 '"
b10001000 &"
b0 d
1K
1b
#16200
0L
0U
#16205
1L
1U
#16210
0L
0U
#16213
1Q
b100 !"
b101 ""
b10001100 #"
b1110 $"
b1010001 %"
#16215
1L
1U
#16218
b1 d
#16220
0L
0U
#16225
1L
1U
#16228
0K
0b
#16230
0L
0U
#16235
1L
1U
#16240
0L
0U
#16245
1L
1U
#16248
b10 d
0Q
#16250
0L
0U
#16255
1L
1U
#16258
bx o
bx {
bx S
bx W
bx h
bx p
bx u
bx R
bx V
bx g
1I
1J
1c
#16259
bx Z
bx l
bx [
bx n
bx k
bx |
x}
bx m
bx v
xw
#16260
0L
0U
xq
xr
#16265
1L
1U
#16270
0L
0U
#16275
1L
1U
#16280
0L
0U
#16285
1L
1U
#16288
0N
#16290
0L
0U
#16295
1L
1U
#16300
0L
0U
#16305
1L
1U
#16308
b11 d
0M
#16310
0L
0U
#16315
1L
1U
#16318
0I
0J
0c
#16320
0L
0U
#16325
1L
1U
#16330
0L
0U
#16335
1L
1U
#16340
0L
0U
#16345
1L
1U
#16348
b101 o
b101 {
b101 S
b101 W
b101 h
#16349
bx0001xx0 Z
bx0001xx0 l
b1110 k
b1110 |
0}
#16350
0L
0U
b1110 Z
b1110 l
0q
#16355
1L
1U
#16358
b110 ."
b1000 /"
b10010010 0"
b110 1"
b1010010 -"
1N
#16360
0L
0U
#16365
1L
1U
#16368
b100 p
b100 u
b100 R
b100 V
b100 g
#16369
b10001100 [
b10001100 n
b10001100 m
b10001100 v
0w
0r
#16370
0L
0U
#16375
1L
1U
#16378
b100 d
b110 )"
b1000 *"
b10010010 +"
b110 ,"
b1010010 ("
1M
#16380
0L
0U
#16385
1L
1U
#16388
b101 d
b1110 G
b1110 Y
b1110 f
b1110 j
b1110 z
b10001100 H
b10001100 X
b10001100 e
b10001100 i
b10001100 t
#16389
b10011 Z
b10011 l
b10010000 [
b10010000 n
b10011 k
b10011 |
b10010000 m
b10010000 v
#16390
0L
0U
#16395
1L
1U
#16398
b1110 '"
b10001100 &"
b0 d
1K
1b
#16400
0L
0U
#16405
1L
1U
#16410
0L
0U
#16413
1Q
b110 !"
b1000 ""
b10010010 #"
b110 $"
b1010010 %"
#16415
1L
1U
#16418
b1 d
#16420
0L
0U
#16425
1L
1U
#16428
0K
0b
#16430
0L
0U
#16435
1L
1U
#16440
0L
0U
#16445
1L
1U
#16448
b10 d
0Q
#16450
0L
0U
#16455
1L
1U
#16458
bx o
bx {
bx S
bx W
bx h
bx p
bx u
bx R
bx V
bx g
1I
1J
1c
#16459
bx Z
bx l
bx [
bx n
bx k
bx |
x}
bx m
bx v
xw
#16460
0L
0U
xq
xr
#16465
1L
1U
#16470
0L
0U
#16475
1L
1U
#16480
0L
0U
#16485
1L
1U
#16488
0N
#16490
0L
0U
#16495
1L
1U
#16500
0L
0U
#16505
1L
1U
#16508
b11 d
0M
#16510
0L
0U
#16515
1L
1U
#16518
0I
0J
0c
#16520
0L
0U
#16525
1L
1U
#16530
0L
0U
#16535
1L
1U
#16540
0L
0U
#16545
1L
1U
#16548
b11111000 o
b11111000 {
b1000 S
b1000 W
b1000 h
#16549
b110 Z
b110 l
b110 k
b110 |
1}
0q
#16550
0L
0U
#16555
1L
1U
#16558
b1011 ."
b111 /"
b10001101 0"
b1101 1"
b1010011 -"
1N
#16560
0L
0U
#16565
1L
1U
#16568
b110 p
b110 u
b110 R
b110 V
b110 g
#16569
b10010010 [
b10010010 n
b10010010 m
b10010010 v
0w
0r
#16570
0L
0U
#16575
1L
1U
#16578
b100 d
b1011 )"
b111 *"
b10001101 +"
b1101 ,"
b1010011 ("
1M
#16580
0L
0U
#16585
1L
1U
#16588
b101 d
b110 G
b110 Y
b110 f
b110 j
b110 z
b10010010 H
b10010010 X
b10010010 e
b10010010 i
b10010010 t
#16589
b11111110 Z
b11111110 l
b10011000 [
b10011000 n
b11111110 k
b11111110 |
0}
b10011000 m
b10011000 v
#16590
0L
0U
#16595
1L
1U
#16598
b110 '"
b10010010 &"
b0 d
1K
1b
#16600
0L
0U
#16605
1L
1U
#16610
0L
0U
#16613
1Q
b1011 !"
b111 ""
b10001101 #"
b1101 $"
b1010011 %"
#16615
1L
1U
#16618
b1 d
#16620
0L
0U
#16625
1L
1U
#16628
0K
0b
#16630
0L
0U
#16635
1L
1U
#16640
0L
0U
#16645
1L
1U
#16648
b10 d
0Q
#16650
0L
0U
#16655
1L
1U
#16658
bx o
bx {
bx S
bx W
bx h
bx p
bx u
bx R
bx V
bx g
1I
1J
1c
#16659
bx [
bx n
bx Z
bx l
bx k
bx |
x}
bx m
bx v
xw
xq
#16660
0L
0U
xr
#16665
1L
1U
#16670
0L
0U
#16675
1L
1U
#16680
0L
0U
#16685
1L
1U
#16688
0N
#16690
0L
0U
#16695
1L
1U
#16700
0L
0U
#16705
1L
1U
#16708
b11 d
0M
#16710
0L
0U
#16715
1L
1U
#16718
0I
0J
0c
#16720
0L
0U
#16725
1L
1U
#16730
0L
0U
#16735
1L
1U
#16740
0L
0U
#16745
1L
1U
#16748
b111 o
b111 {
b111 S
b111 W
b111 h
#16749
bx00xxxxx Z
bx00xxxxx l
b1101 k
b1101 |
0}
#16750
0L
0U
b1101 Z
b1101 l
0q
#16755
1L
1U
#16758
b101 ."
b1100 /"
b10010010 0"
b1001 1"
b1010100 -"
1N
#16760
0L
0U
#16765
1L
1U
#16768
b11111011 p
b11111011 u
b1011 R
b1011 V
b1011 g
#16769
b100xxxxx [
b100xxxxx n
b10001101 m
b10001101 v
1w
#16770
0L
0U
b10001101 [
b10001101 n
0r
#16775
1L
1U
#16778
b100 d
b101 )"
b1100 *"
b10010010 +"
b1001 ,"
b1010100 ("
1M
#16780
0L
0U
#16785
1L
1U
#16788
b101 d
b1101 G
b1101 Y
b1101 f
b1101 j
b1101 z
b10001101 H
b10001101 X
b10001101 e
b10001101 i
b10001101 t
#16789
b10100 Z
b10100 l
b10001000 [
b10001000 n
b10100 k
b10100 |
b10001000 m
b10001000 v
#16790
0L
0U
#16795
1L
1U
#16798
b1101 '"
b10001101 &"
b0 d
1K
1b
#16800
0L
0U
#16805
1L
1U
#16810
0L
0U
#16813
1Q
b101 !"
b1100 ""
b10010010 #"
b1001 $"
b1010100 %"
#16815
1L
1U
#16818
b1 d
#16820
0L
0U
#16825
1L
1U
#16828
0K
0b
#16830
0L
0U
#16835
1L
1U
#16840
0L
0U
#16845
1L
1U
#16848
b10 d
0Q
#16850
0L
0U
#16855
1L
1U
#16858
bx o
bx {
bx S
bx W
bx h
bx p
bx u
bx R
bx V
bx g
1I
1J
1c
#16859
bx Z
bx l
bx [
bx n
bx k
bx |
x}
bx m
bx v
xw
#16860
0L
0U
xq
xr
#16865
1L
1U
#16870
0L
0U
#16875
1L
1U
#16880
0L
0U
#16885
1L
1U
#16888
0N
#16890
0L
0U
#16895
1L
1U
#16900
0L
0U
#16905
1L
1U
#16908
b11 d
0M
#16910
0L
0U
#16915
1L
1U
#16918
0I
0J
0c
#16920
0L
0U
#16925
1L
1U
#16930
0L
0U
#16935
1L
1U
#16940
0L
0U
#16945
1L
1U
#16948
b11111100 o
b11111100 {
b1100 S
b1100 W
b1100 h
#16949
b1001 Z
b1001 l
b1001 k
b1001 |
1}
0q
#16950
0L
0U
#16955
1L
1U
#16958
b11 ."
b1000 /"
b10010101 0"
b1 1"
b1010101 -"
1N
#16960
0L
0U
#16965
1L
1U
#16968
b101 p
b101 u
b101 R
b101 V
b101 g
#16969
b10010010 [
b10010010 n
b10010010 m
b10010010 v
0w
0r
#16970
0L
0U
#16975
1L
1U
#16978
b100 d
b11 )"
b1000 *"
b10010101 +"
b1 ,"
b1010101 ("
1M
#16980
0L
0U
#16985
1L
1U
#16988
b101 d
b1001 G
b1001 Y
b1001 f
b1001 j
b1001 z
b10010010 H
b10010010 X
b10010010 e
b10010010 i
b10010010 t
#16989
b101 Z
b101 l
b10010111 [
b10010111 n
b101 k
b101 |
b10010111 m
b10010111 v
#16990
0L
0U
#16995
1L
1U
#16998
b1001 '"
b10010010 &"
b0 d
1K
1b
#17000
0L
0U
#17005
1L
1U
#17010
0L
0U
#17013
1Q
b11 !"
b1000 ""
b10010101 #"
b1 $"
b1010101 %"
#17015
1L
1U
#17018
b1 d
#17020
0L
0U
#17025
1L
1U
#17028
0K
0b
#17030
0L
0U
#17035
1L
1U
#17040
0L
0U
#17045
1L
1U
#17048
b10 d
0Q
#17050
0L
0U
#17055
1L
1U
#17058
bx o
bx {
bx S
bx W
bx h
bx p
bx u
bx R
bx V
bx g
1I
1J
1c
#17059
bx Z
bx l
bx [
bx n
bx k
bx |
x}
bx m
bx v
xw
#17060
0L
0U
xq
xr
#17065
1L
1U
#17070
0L
0U
#17075
1L
1U
#17080
0L
0U
#17085
1L
1U
#17088
0N
#17090
0L
0U
#17095
1L
1U
#17100
0L
0U
#17105
1L
1U
#17108
b11 d
0M
#17110
0L
0U
#17115
1L
1U
#17118
0I
0J
0c
#17120
0L
0U
#17125
1L
1U
#17130
0L
0U
#17135
1L
1U
#17140
0L
0U
#17145
1L
1U
#17148
b11111000 o
b11111000 {
b1000 S
b1000 W
b1000 h
#17149
b1 Z
b1 l
b1 k
b1 |
1}
0q
#17150
0L
0U
#17155
1L
1U
#17158
b1110 ."
b1101 /"
b10010011 0"
b11111110 1"
b1010110 -"
1N
#17160
0L
0U
#17165
1L
1U
#17168
b11 p
b11 u
b11 R
b11 V
b11 g
#17169
b10010101 [
b10010101 n
b10010101 m
b10010101 v
0w
0r
#17170
0L
0U
#17175
1L
1U
#17178
b100 d
b1110 )"
b1101 *"
b10010011 +"
b11111110 ,"
b1010110 ("
1M
#17180
0L
0U
#17185
1L
1U
#17188
b101 d
b1 G
b1 Y
b1 f
b1 j
b1 z
b10010101 H
b10010101 X
b10010101 e
b10010101 i
b10010101 t
#17189
b11111001 Z
b11111001 l
b10011000 [
b10011000 n
b11111001 k
b11111001 |
0}
b10011000 m
b10011000 v
#17190
0L
0U
#17195
1L
1U
#17198
b1 '"
b10010101 &"
b0 d
1K
1b
#17200
0L
0U
#17205
1L
1U
#17210
0L
0U
#17213
1Q
b1110 !"
b1101 ""
b10010011 #"
b11111110 $"
b1010110 %"
#17215
1L
1U
#17218
b1 d
#17220
0L
0U
#17225
1L
1U
#17228
0K
0b
#17230
0L
0U
#17235
1L
1U
#17240
0L
0U
#17245
1L
1U
#17248
b10 d
0Q
#17250
0L
0U
#17255
1L
1U
#17258
bx o
bx {
bx S
bx W
bx h
bx p
bx u
bx R
bx V
bx g
1I
1J
1c
#17259
bx [
bx n
bx Z
bx l
bx k
bx |
x}
bx m
bx v
xw
xq
#17260
0L
0U
xr
#17265
1L
1U
#17270
0L
0U
#17275
1L
1U
#17280
0L
0U
#17285
1L
1U
#17288
0N
#17290
0L
0U
#17295
1L
1U
#17300
0L
0U
#17305
1L
1U
#17308
b11 d
0M
#17310
0L
0U
#17315
1L
1U
#17318
0I
0J
0c
#17320
0L
0U
#17325
1L
1U
#17330
0L
0U
#17335
1L
1U
#17340
0L
0U
#17345
1L
1U
#17348
b11111101 o
b11111101 {
b1101 S
b1101 W
b1101 h
#17349
b11111110 Z
b11111110 l
b11111110 k
b11111110 |
0}
0q
#17350
0L
0U
#17355
1L
1U
#17358
b1101 ."
b110 /"
b10010000 0"
b100 1"
b1010111 -"
1N
#17360
0L
0U
#17365
1L
1U
#17368
b11111110 p
b11111110 u
b1110 R
b1110 V
b1110 g
#17369
b10010xx1 [
b10010xx1 n
b10010011 m
b10010011 v
1w
#17370
0L
0U
b10010011 [
b10010011 n
0r
#17375
1L
1U
#17378
b100 d
b1101 )"
b110 *"
b10010000 +"
b100 ,"
b1010111 ("
1M
#17380
0L
0U
#17385
1L
1U
#17388
b101 d
b11111110 G
b11111110 Y
b11111110 f
b11111110 j
b11111110 z
b10010011 H
b10010011 X
b10010011 e
b10010011 i
b10010011 t
#17389
b11111011 Z
b11111011 l
b10010001 [
b10010001 n
b11111011 k
b11111011 |
1}
b10010001 m
b10010001 v
#17390
0L
0U
#17395
1L
1U
#17398
b11111110 '"
b10010011 &"
b0 d
1K
1b
#17400
0L
0U
#17405
1L
1U
#17410
0L
0U
#17413
1Q
b1101 !"
b110 ""
b10010000 #"
b100 $"
b1010111 %"
#17415
1L
1U
#17418
b1 d
#17420
0L
0U
#17425
1L
1U
#17428
0K
0b
#17430
0L
0U
#17435
1L
1U
#17440
0L
0U
#17445
1L
1U
#17448
b10 d
0Q
#17450
0L
0U
#17455
1L
1U
#17458
bx o
bx {
bx S
bx W
bx h
bx p
bx u
bx R
bx V
bx g
1I
1J
1c
#17459
bx Z
bx l
bx [
bx n
bx k
bx |
x}
bx m
bx v
xw
#17460
0L
0U
xq
xr
#17465
1L
1U
#17470
0L
0U
#17475
1L
1U
#17480
0L
0U
#17485
1L
1U
#17488
0N
#17490
0L
0U
#17495
1L
1U
#17500
0L
0U
#17505
1L
1U
#17508
b11 d
0M
#17510
0L
0U
#17515
1L
1U
#17518
0I
0J
0c
#17520
0L
0U
#17525
1L
1U
#17530
0L
0U
#17535
1L
1U
#17540
0L
0U
#17545
1L
1U
#17548
b110 o
b110 {
b110 S
b110 W
b110 h
#17549
b100 Z
b100 l
b100 k
b100 |
1}
0q
#17550
0L
0U
#17555
1L
1U
#17558
b1001 ."
b1101 /"
b10001001 0"
b1 1"
b1011000 -"
1N
#17560
0L
0U
#17565
1L
1U
#17568
b11111101 p
b11111101 u
b1101 R
b1101 V
b1101 g
#17569
b100100xx [
b100100xx n
b10010000 m
b10010000 v
1w
#17570
0L
0U
b10010000 [
b10010000 n
0r
#17575
1L
1U
#17578
b100 d
b1001 )"
b1101 *"
b10001001 +"
b1 ,"
b1011000 ("
1M
#17580
0L
0U
#17585
1L
1U
#17588
b101 d
b100 G
b100 Y
b100 f
b100 j
b100 z
b10010000 H
b10010000 X
b10010000 e
b10010000 i
b10010000 t
#17589
b1010 Z
b1010 l
b10001101 [
b10001101 n
b1010 k
b1010 |
0}
b10001101 m
b10001101 v
#17590
0L
0U
#17595
1L
1U
#17598
b100 '"
b10010000 &"
b0 d
1K
1b
#17600
0L
0U
#17605
1L
1U
#17610
0L
0U
#17613
1Q
b1001 !"
b1101 ""
b10001001 #"
b1 $"
b1011000 %"
#17615
1L
1U
#17618
b1 d
#17620
0L
0U
#17625
1L
1U
#17628
0K
0b
#17630
0L
0U
#17635
1L
1U
#17640
0L
0U
#17645
1L
1U
#17648
b10 d
0Q
#17650
0L
0U
#17655
1L
1U
#17658
bx o
bx {
bx S
bx W
bx h
bx p
bx u
bx R
bx V
bx g
1I
1J
1c
#17659
bx Z
bx l
bx [
bx n
bx k
bx |
x}
bx m
bx v
xw
#17660
0L
0U
xq
xr
#17665
1L
1U
#17670
0L
0U
#17675
1L
1U
#17680
0L
0U
#17685
1L
1U
#17688
0N
#17690
0L
0U
#17695
1L
1U
#17700
0L
0U
#17705
1L
1U
#17708
b11 d
0M
#17710
0L
0U
#17715
1L
1U
#17718
0I
0J
0c
#17720
0L
0U
#17725
1L
1U
#17730
0L
0U
#17735
1L
1U
#17740
0L
0U
#17745
1L
1U
#17748
b11111101 o
b11111101 {
b1101 S
b1101 W
b1101 h
#17749
b1 Z
b1 l
b1 k
b1 |
1}
0q
#17750
0L
0U
#17755
1L
1U
#17758
b0 /"
b10000010 0"
b1011001 -"
1N
#17760
0L
0U
#17765
1L
1U
#17768
b11111001 p
b11111001 u
b1001 R
b1001 V
b1001 g
#17769
b100xx00x [
b100xx00x n
b10001001 m
b10001001 v
1w
#17770
0L
0U
b10001001 [
b10001001 n
0r
#17775
1L
1U
#17778
b100 d
b0 *"
b10000010 +"
b1011001 ("
1M
#17780
0L
0U
#17785
1L
1U
#17788
b101 d
b1 G
b1 Y
b1 f
b1 j
b1 z
b10001001 H
b10001001 X
b10001001 e
b10001001 i
b10001001 t
#17789
b11111110 Z
b11111110 l
b10000010 [
b10000010 n
b11111110 k
b11111110 |
0}
b10000010 m
b10000010 v
#17790
0L
0U
#17795
1L
1U
#17798
b1 '"
b10001001 &"
b0 d
1K
1b
#17800
0L
0U
#17805
1L
1U
#17810
0L
0U
#17813
1Q
b0 ""
b10000010 #"
b1011001 %"
#17815
1L
1U
#17818
b1 d
#17820
0L
0U
#17825
1L
1U
#17828
0K
0b
#17830
0L
0U
#17835
1L
1U
#17840
0L
0U
#17845
1L
1U
#17848
b10 d
0Q
#17850
0L
0U
#17855
1L
1U
#17858
bx o
bx {
bx S
bx W
bx h
bx p
bx u
bx R
bx V
bx g
1I
1J
1c
#17859
bx [
bx n
bx Z
bx l
bx k
bx |
x}
bx m
bx v
xw
xq
#17860
0L
0U
xr
#17865
1L
1U
#17870
0L
0U
#17875
1L
1U
#17880
0L
0U
#17885
1L
1U
#17888
0N
#17890
0L
0U
#17895
1L
1U
#17900
0L
0U
#17905
1L
1U
#17908
b11 d
0M
#17910
0L
0U
#17915
1L
1U
#17918
0I
0J
0c
#17920
0L
0U
#17925
1L
1U
#17930
0L
0U
#17935
1L
1U
#17940
0L
0U
#17945
1L
1U
#17948
b0 o
b0 {
b0 S
b0 W
b0 h
#17949
bx000x001 Z
bx000x001 l
b1 k
b1 |
0}
#17950
0L
0U
b1 Z
b1 l
0q
#17955
1L
1U
#17958
b110 ."
b1100 /"
b10001000 0"
b11111101 1"
b1011010 -"
1N
#17960
0L
0U
#17965
1L
1U
#17968
b11111001 p
b11111001 u
b1001 R
b1001 V
b1001 g
#17969
b1000x0xx [
b1000x0xx n
b10000010 m
b10000010 v
1w
#17970
0L
0U
b10000010 [
b10000010 n
0r
#17975
1L
1U
#17978
b100 d
b110 )"
b1100 *"
b10001000 +"
b11111101 ,"
b1011010 ("
1M
#17980
0L
0U
#17985
1L
1U
#17988
b101 d
b10000010 H
b10000010 X
b10000010 e
b10000010 i
b10000010 t
#17989
b1111011 [
b1111011 n
b1111011 m
b1111011 v
#17990
0L
0U
b10000010 [
b10000010 n
1r
#17995
1L
1U
#17998
b10000010 &"
b0 d
1K
1b
#18000
0L
0U
#18005
1L
1U
#18010
0L
0U
#18013
1Q
b110 !"
b1100 ""
b10001000 #"
b11111101 $"
b1011010 %"
#18015
1L
1U
#18018
b1 d
#18020
0L
0U
#18025
1L
1U
#18028
0K
0b
#18030
0L
0U
#18035
1L
1U
#18040
0L
0U
#18045
1L
1U
#18048
b10 d
0Q
#18050
0L
0U
#18055
1L
1U
#18058
bx o
bx {
bx S
bx W
bx h
bx p
bx u
bx R
bx V
bx g
1I
1J
1c
#18059
bx Z
bx l
bx [
bx n
bx k
bx |
x}
bx m
bx v
xw
xr
#18060
0L
0U
xq
#18065
1L
1U
#18070
0L
0U
#18075
1L
1U
#18080
0L
0U
#18085
1L
1U
#18088
0N
#18090
0L
0U
#18095
1L
1U
#18100
0L
0U
#18105
1L
1U
#18108
b11 d
0M
#18110
0L
0U
#18115
1L
1U
#18118
0I
0J
0c
#18120
0L
0U
#18125
1L
1U
#18130
0L
0U
#18135
1L
1U
#18140
0L
0U
#18145
1L
1U
#18148
b11111100 o
b11111100 {
b1100 S
b1100 W
b1100 h
#18149
b11111101 Z
b11111101 l
b11111101 k
b11111101 |
0}
0q
#18150
0L
0U
#18155
1L
1U
#18158
b1011 ."
b1011 /"
b10000011 0"
b11111000 1"
b1011011 -"
1N
#18160
0L
0U
#18165
1L
1U
#18168
b110 p
b110 u
b110 R
b110 V
b110 g
#18169
b10001000 [
b10001000 n
b10001000 m
b10001000 v
0w
0r
#18170
0L
0U
#18175
1L
1U
#18178
b100 d
b1011 )"
b1011 *"
b10000011 +"
b11111000 ,"
b1011011 ("
1M
#18180
0L
0U
#18185
1L
1U
#18188
b101 d
b11111101 G
b11111101 Y
b11111101 f
b11111101 j
b11111101 z
b10001000 H
b10001000 X
b10001000 e
b10001000 i
b10001000 t
#18189
b11111001 Z
b11111001 l
b10001110 [
b10001110 n
b11111001 k
b11111001 |
1}
b10001110 m
b10001110 v
#18190
0L
0U
#18195
1L
1U
#18198
b11111101 '"
b10001000 &"
b0 d
1K
1b
#18200
0L
0U
#18205
1L
1U
#18210
0L
0U
#18213
1Q
b1011 !"
b1011 ""
b10000011 #"
b11111000 $"
b1011011 %"
#18215
1L
1U
#18218
b1 d
#18220
0L
0U
#18225
1L
1U
#18228
0K
0b
#18230
0L
0U
#18235
1L
1U
#18240
0L
0U
#18245
1L
1U
#18248
b10 d
0Q
#18250
0L
0U
#18255
1L
1U
#18258
bx o
bx {
bx S
bx W
bx h
bx p
bx u
bx R
bx V
bx g
1I
1J
1c
#18259
bx Z
bx l
bx [
bx n
bx k
bx |
x}
bx m
bx v
xw
#18260
0L
0U
xq
xr
#18265
1L
1U
#18270
0L
0U
#18275
1L
1U
#18280
0L
0U
#18285
1L
1U
#18288
0N
#18290
0L
0U
#18295
1L
1U
#18300
0L
0U
#18305
1L
1U
#18308
b11 d
0M
#18310
0L
0U
#18315
1L
1U
#18318
0I
0J
0c
#18320
0L
0U
#18325
1L
1U
#18330
0L
0U
#18335
1L
1U
#18340
0L
0U
#18345
1L
1U
#18348
b11111011 o
b11111011 {
b1011 S
b1011 W
b1011 h
#18349
b1xxx1000 Z
b1xxx1000 l
b11111000 k
b11111000 |
1}
#18350
0L
0U
b11111000 Z
b11111000 l
0q
#18355
1L
1U
#18358
b111 ."
b1110 /"
b10001010 0"
b11110110 1"
b1011100 -"
1N
#18360
0L
0U
#18365
1L
1U
#18368
b11111011 p
b11111011 u
b1011 R
b1011 V
b1011 g
#18369
b1000x0xx [
b1000x0xx n
b10000011 m
b10000011 v
1w
#18370
0L
0U
b10000011 [
b10000011 n
0r
#18375
1L
1U
#18378
b100 d
b111 )"
b1110 *"
b10001010 +"
b11110110 ,"
b1011100 ("
1M
#18380
0L
0U
#18385
1L
1U
#18388
b101 d
b11111000 G
b11111000 Y
b11111000 f
b11111000 j
b11111000 z
b10000011 H
b10000011 X
b10000011 e
b10000011 i
b10000011 t
#18389
b11110011 Z
b11110011 l
b1111110 [
b1111110 n
b11110011 k
b11110011 |
b1111110 m
b1111110 v
#18390
0L
0U
b10000011 [
b10000011 n
1r
#18395
1L
1U
#18398
b11111000 '"
b10000011 &"
b0 d
1K
1b
#18400
0L
0U
#18405
1L
1U
#18410
0L
0U
#18413
1Q
b111 !"
b1110 ""
b10001010 #"
b11110110 $"
b1011100 %"
#18415
1L
1U
#18418
b1 d
#18420
0L
0U
#18425
1L
1U
#18428
0K
0b
#18430
0L
0U
#18435
1L
1U
#18440
0L
0U
#18445
1L
1U
#18448
b10 d
0Q
#18450
0L
0U
#18455
1L
1U
#18458
bx o
bx {
bx S
bx W
bx h
bx p
bx u
bx R
bx V
bx g
1I
1J
1c
#18459
bx Z
bx l
bx [
bx n
bx k
bx |
x}
bx m
bx v
xw
xr
#18460
0L
0U
xq
#18465
1L
1U
#18470
0L
0U
#18475
1L
1U
#18480
0L
0U
#18485
1L
1U
#18488
0N
#18490
0L
0U
#18495
1L
1U
#18500
0L
0U
#18505
1L
1U
#18508
b11 d
0M
#18510
0L
0U
#18515
1L
1U
#18518
0I
0J
0c
#18520
0L
0U
#18525
1L
1U
#18530
0L
0U
#18535
1L
1U
#18540
0L
0U
#18545
1L
1U
#18548
b11111110 o
b11111110 {
b1110 S
b1110 W
b1110 h
#18549
b1xxx0x1x Z
b1xxx0x1x l
b11110110 k
b11110110 |
1}
#18550
0L
0U
b11110110 Z
b11110110 l
0q
#18555
1L
1U
#18558
b101 ."
b1101 /"
b10001111 0"
b11110011 1"
b1011101 -"
1N
#18560
0L
0U
#18565
1L
1U
#18568
b111 p
b111 u
b111 R
b111 V
b111 g
#18569
b10001010 [
b10001010 n
b10001010 m
b10001010 v
0w
0r
#18570
0L
0U
#18575
1L
1U
#18578
b100 d
b101 )"
b1101 *"
b10001111 +"
b11110011 ,"
b1011101 ("
1M
#18580
0L
0U
#18585
1L
1U
#18588
b101 d
b11110110 G
b11110110 Y
b11110110 f
b11110110 j
b11110110 z
b10001010 H
b10001010 X
b10001010 e
b10001010 i
b10001010 t
#18589
b11110100 Z
b11110100 l
b10010001 [
b10010001 n
b11110100 k
b11110100 |
b10010001 m
b10010001 v
#18590
0L
0U
#18595
1L
1U
#18598
b11110110 '"
b10001010 &"
b0 d
1K
1b
#18600
0L
0U
#18605
1L
1U
#18610
0L
0U
#18613
1Q
b101 !"
b1101 ""
b10001111 #"
b11110011 $"
b1011101 %"
#18615
1L
1U
#18618
b1 d
#18620
0L
0U
#18625
1L
1U
#18628
0K
0b
#18630
0L
0U
#18635
1L
1U
#18640
0L
0U
#18645
1L
1U
#18648
b10 d
0Q
#18650
0L
0U
#18655
1L
1U
#18658
bx o
bx {
bx S
bx W
bx h
bx p
bx u
bx R
bx V
bx g
1I
1J
1c
#18659
bx Z
bx l
bx [
bx n
bx k
bx |
x}
bx m
bx v
xw
#18660
0L
0U
xq
xr
#18665
1L
1U
#18670
0L
0U
#18675
1L
1U
#18680
0L
0U
#18685
1L
1U
#18688
0N
#18690
0L
0U
#18695
1L
1U
#18700
0L
0U
#18705
1L
1U
#18708
b11 d
0M
#18710
0L
0U
#18715
1L
1U
#18718
0I
0J
0c
#18720
0L
0U
#18725
1L
1U
#18730
0L
0U
#18735
1L
1U
#18740
0L
0U
#18745
1L
1U
#18748
b11111101 o
b11111101 {
b1101 S
b1101 W
b1101 h
#18749
b1xxxx01x Z
b1xxxx01x l
b11110011 k
b11110011 |
1}
#18750
0L
0U
b11110011 Z
b11110011 l
0q
#18755
1L
1U
#18758
b1010 ."
b1000 /"
b10001001 0"
b11101011 1"
b1011110 -"
1N
#18760
0L
0U
#18765
1L
1U
#18768
b101 p
b101 u
b101 R
b101 V
b101 g
#18769
b10001111 [
b10001111 n
b10001111 m
b10001111 v
0w
0r
#18770
0L
0U
#18775
1L
1U
#18778
b100 d
b1010 )"
b1000 *"
b10001001 +"
b11101011 ,"
b1011110 ("
1M
#18780
0L
0U
#18785
1L
1U
#18788
b101 d
b11110011 G
b11110011 Y
b11110011 f
b11110011 j
b11110011 z
b10001111 H
b10001111 X
b10001111 e
b10001111 i
b10001111 t
#18789
b11110000 Z
b11110000 l
b10010100 [
b10010100 n
b11110000 k
b11110000 |
b10010100 m
b10010100 v
#18790
0L
0U
#18795
1L
1U
#18798
b11110011 '"
b10001111 &"
b0 d
1K
1b
#18800
0L
0U
#18805
1L
1U
#18810
0L
0U
#18813
1Q
b1010 !"
b1000 ""
b10001001 #"
b11101011 $"
b1011110 %"
#18815
1L
1U
#18818
b1 d
#18820
0L
0U
#18825
1L
1U
#18828
0K
0b
#18830
0L
0U
#18835
1L
1U
#18840
0L
0U
#18845
1L
1U
#18848
b10 d
0Q
#18850
0L
0U
#18855
1L
1U
#18858
bx o
bx {
bx S
bx W
bx h
bx p
bx u
bx R
bx V
bx g
1I
1J
1c
#18859
bx Z
bx l
bx [
bx n
bx k
bx |
x}
bx m
bx v
xw
#18860
0L
0U
xq
xr
#18865
1L
1U
#18870
0L
0U
#18875
1L
1U
#18880
0L
0U
#18885
1L
1U
#18888
0N
#18890
0L
0U
#18895
1L
1U
#18900
0L
0U
#18905
1L
1U
#18908
b11 d
0M
#18910
0L
0U
#18915
1L
1U
#18918
0I
0J
0c
#18920
0L
0U
#18925
1L
1U
#18930
0L
0U
#18935
1L
1U
#18940
0L
0U
#18945
1L
1U
#18948
b11111000 o
b11111000 {
b1000 S
b1000 W
b1000 h
#18949
b1xx01x11 Z
b1xx01x11 l
b11101011 k
b11101011 |
1}
#18950
0L
0U
b11101011 Z
b11101011 l
0q
#18955
1L
1U
#18958
b101 /"
b10000011 0"
b11110000 1"
b1011111 -"
1N
#18960
0L
0U
#18965
1L
1U
#18968
b11111010 p
b11111010 u
b1010 R
b1010 V
b1010 g
#18969
b10001xx1 [
b10001xx1 n
b10001001 m
b10001001 v
1w
#18970
0L
0U
b10001001 [
b10001001 n
0r
#18975
1L
1U
#18978
b100 d
b101 *"
b10000011 +"
b11110000 ,"
b1011111 ("
1M
#18980
0L
0U
#18985
1L
1U
#18988
b101 d
b11101011 G
b11101011 Y
b11101011 f
b11101011 j
b11101011 z
b10001001 H
b10001001 X
b10001001 e
b10001001 i
b10001001 t
#18989
b11100011 Z
b11100011 l
b10000011 [
b10000011 n
b11100011 k
b11100011 |
b10000011 m
b10000011 v
#18990
0L
0U
#18995
1L
1U
#18998
b11101011 '"
b10001001 &"
b0 d
1K
1b
#19000
0L
0U
#19005
1L
1U
#19010
0L
0U
#19013
1Q
b101 ""
b10000011 #"
b11110000 $"
b1011111 %"
#19015
1L
1U
#19018
b1 d
#19020
0L
0U
#19025
1L
1U
#19028
0K
0b
#19030
0L
0U
#19035
1L
1U
#19040
0L
0U
#19045
1L
1U
#19048
b10 d
0Q
#19050
0L
0U
#19055
1L
1U
#19058
bx o
bx {
bx S
bx W
bx h
bx p
bx u
bx R
bx V
bx g
1I
1J
1c
#19059
bx Z
bx l
bx [
bx n
bx k
bx |
x}
bx m
bx v
xw
#19060
0L
0U
xq
xr
#19065
1L
1U
#19070
0L
0U
#19075
1L
1U
#19080
0L
0U
#19085
1L
1U
#19088
0N
#19090
0L
0U
#19095
1L
1U
#19100
0L
0U
#19105
1L
1U
#19108
b11 d
0M
#19110
0L
0U
#19115
1L
1U
#19118
0I
0J
0c
#19120
0L
0U
#19125
1L
1U
#19130
0L
0U
#19135
1L
1U
#19140
0L
0U
#19145
1L
1U
#19148
b101 o
b101 {
b101 S
b101 W
b101 h
#19149
b11110000 Z
b11110000 l
b11110000 k
b11110000 |
0}
0q
#19150
0L
0U
#19155
1L
1U
#19158
b1110 ."
b1101 /"
b10000001 0"
b11101101 1"
b1100000 -"
1N
#19160
0L
0U
#19165
1L
1U
#19168
b11111010 p
b11111010 u
b1010 R
b1010 V
b1010 g
#19169
b1000x0x1 [
b1000x0x1 n
b10000011 m
b10000011 v
1w
#19170
0L
0U
b10000011 [
b10000011 n
0r
#19175
1L
1U
#19178
b100 d
b1110 )"
b1101 *"
b10000001 +"
b11101101 ,"
b1100000 ("
1M
#19180
0L
0U
#19185
1L
1U
#19188
b101 d
b11110000 G
b11110000 Y
b11110000 f
b11110000 j
b11110000 z
b10000011 H
b10000011 X
b10000011 e
b10000011 i
b10000011 t
#19189
b11110101 Z
b11110101 l
b1111101 [
b1111101 n
b11110101 k
b11110101 |
b1111101 m
b1111101 v
#19190
0L
0U
b10000011 [
b10000011 n
1r
#19195
1L
1U
#19198
b11110000 '"
b10000011 &"
b0 d
1K
1b
#19200
0L
0U
#19205
1L
1U
#19210
0L
0U
#19213
1Q
b1110 !"
b1101 ""
b10000001 #"
b11101101 $"
b1100000 %"
#19215
1L
1U
#19218
b1 d
#19220
0L
0U
#19225
1L
1U
#19228
0K
0b
#19230
0L
0U
#19235
1L
1U
#19240
0L
0U
#19245
1L
1U
#19248
b10 d
0Q
#19250
0L
0U
#19255
1L
1U
#19258
bx o
bx {
bx S
bx W
bx h
bx p
bx u
bx R
bx V
bx g
1I
1J
1c
#19259
bx Z
bx l
bx [
bx n
bx k
bx |
x}
bx m
bx v
xw
xr
#19260
0L
0U
xq
#19265
1L
1U
#19270
0L
0U
#19275
1L
1U
#19280
0L
0U
#19285
1L
1U
#19288
0N
#19290
0L
0U
#19295
1L
1U
#19300
0L
0U
#19305
1L
1U
#19308
b11 d
0M
#19310
0L
0U
#19315
1L
1U
#19318
0I
0J
0c
#19320
0L
0U
#19325
1L
1U
#19330
0L
0U
#19335
1L
1U
#19340
0L
0U
#19345
1L
1U
#19348
b11111101 o
b11111101 {
b1101 S
b1101 W
b1101 h
#19349
b1xx0xxx1 Z
b1xx0xxx1 l
b11101101 k
b11101101 |
1}
#19350
0L
0U
b11101101 Z
b11101101 l
0q
#19355
1L
1U
#19358
b1111 ."
b1110 /"
b10000000 0"
b11101011 1"
b1100001 -"
1N
#19360
0L
0U
#19365
1L
1U
#19368
b11111110 p
b11111110 u
b1110 R
b1110 V
b1110 g
#19369
b100000x1 [
b100000x1 n
b10000001 m
b10000001 v
1w
#19370
0L
0U
b10000001 [
b10000001 n
0r
#19375
1L
1U
#19378
b100 d
b1111 )"
b1110 *"
b10000000 +"
b11101011 ,"
b1100001 ("
1M
#19380
0L
0U
#19385
1L
1U
#19388
b101 d
b11101101 G
b11101101 Y
b11101101 f
b11101101 j
b11101101 z
b10000001 H
b10000001 X
b10000001 e
b10000001 i
b10000001 t
#19389
b11101010 Z
b11101010 l
b1111111 [
b1111111 n
b11101010 k
b11101010 |
b1111111 m
b1111111 v
#19390
0L
0U
b10000001 [
b10000001 n
1r
#19395
1L
1U
#19398
b11101101 '"
b10000001 &"
b0 d
1K
1b
#19400
0L
0U
#19405
1L
1U
#19410
0L
0U
#19413
1Q
b1111 !"
b1110 ""
b10000000 #"
b11101011 $"
b1100001 %"
#19415
1L
1U
#19418
b1 d
#19420
0L
0U
#19425
1L
1U
#19428
0K
0b
#19430
0L
0U
#19435
1L
1U
#19440
0L
0U
#19445
1L
1U
#19448
b10 d
0Q
#19450
0L
0U
#19455
1L
1U
#19458
bx o
bx {
bx S
bx W
bx h
bx p
bx u
bx R
bx V
bx g
1I
1J
1c
#19459
bx Z
bx l
bx [
bx n
bx k
bx |
x}
bx m
bx v
xw
xr
#19460
0L
0U
xq
#19465
1L
1U
#19470
0L
0U
#19475
1L
1U
#19480
0L
0U
#19485
1L
1U
#19488
0N
#19490
0L
0U
#19495
1L
1U
#19500
0L
0U
#19505
1L
1U
#19508
b11 d
0M
#19510
0L
0U
#19515
1L
1U
#19518
0I
0J
0c
#19520
0L
0U
#19525
1L
1U
#19530
0L
0U
#19535
1L
1U
#19540
0L
0U
#19545
1L
1U
#19548
b11111110 o
b11111110 {
b1110 S
b1110 W
b1110 h
#19549
b1xx0x0x1 Z
b1xx0x0x1 l
b11101011 k
b11101011 |
1}
#19550
0L
0U
b11101011 Z
b11101011 l
0q
#19555
1L
1U
#19558
b0 ."
b1011 /"
b11100110 1"
b1100010 -"
1N
#19560
0L
0U
#19565
1L
1U
#19568
b11111111 p
b11111111 u
b1111 R
b1111 V
b1111 g
#19569
b1000000x [
b1000000x n
b10000000 m
b10000000 v
1w
#19570
0L
0U
b10000000 [
b10000000 n
0r
#19575
1L
1U
#19578
b100 d
b0 )"
b1011 *"
b11100110 ,"
b1100010 ("
1M
#19580
0L
0U
#19585
1L
1U
#19588
b101 d
b11101011 G
b11101011 Y
b11101011 f
b11101011 j
b11101011 z
b10000000 H
b10000000 X
b10000000 e
b10000000 i
b10000000 t
#19589
b11101001 Z
b11101001 l
b1111111 [
b1111111 n
b11101001 k
b11101001 |
b1111111 m
b1111111 v
#19590
0L
0U
b10000000 [
b10000000 n
1r
#19595
1L
1U
#19598
b11101011 '"
b10000000 &"
b0 d
1K
1b
#19600
0L
0U
#19605
1L
1U
#19610
0L
0U
#19613
1Q
b0 !"
b1011 ""
b11100110 $"
b1100010 %"
#19615
1L
1U
#19618
b1 d
#19620
0L
0U
#19625
1L
1U
#19628
0K
0b
#19630
0L
0U
#19635
1L
1U
#19640
0L
0U
#19645
1L
1U
#19648
b10 d
0Q
#19650
0L
0U
#19655
1L
1U
#19658
bx o
bx {
bx S
bx W
bx h
bx p
bx u
bx R
bx V
bx g
1I
1J
1c
#19659
bx Z
bx l
bx [
bx n
bx k
bx |
x}
bx m
bx v
xw
xr
#19660
0L
0U
xq
#19665
1L
1U
#19670
0L
0U
#19675
1L
1U
#19680
0L
0U
#19685
1L
1U
#19688
0N
#19690
0L
0U
#19695
1L
1U
#19700
0L
0U
#19705
1L
1U
#19708
b11 d
0M
#19710
0L
0U
#19715
1L
1U
#19718
0I
0J
0c
#19720
0L
0U
#19725
1L
1U
#19730
0L
0U
#19735
1L
1U
#19740
0L
0U
#19745
1L
1U
#19748
b11111011 o
b11111011 {
b1011 S
b1011 W
b1011 h
#19749
b1xx00xx0 Z
b1xx00xx0 l
b11100110 k
b11100110 |
1}
#19750
0L
0U
b11100110 Z
b11100110 l
0q
#19755
1L
1U
#19758
b1011 ."
b11 /"
b11101001 1"
b1100011 -"
1N
#19760
0L
0U
#19765
1L
1U
#19768
b0 p
b0 u
b0 R
b0 V
b0 g
#19769
b10000000 [
b10000000 n
b10000000 m
b10000000 v
0w
0r
#19770
0L
0U
#19775
1L
1U
#19778
b100 d
b1011 )"
b11 *"
b11101001 ,"
b1100011 ("
1M
#19780
0L
0U
#19785
1L
1U
#19788
b101 d
b11100110 G
b11100110 Y
b11100110 f
b11100110 j
b11100110 z
#19789
b11100001 Z
b11100001 l
b11100001 k
b11100001 |
#19790
0L
0U
#19795
1L
1U
#19798
b11100110 '"
b0 d
1K
1b
#19800
0L
0U
#19805
1L
1U
#19810
0L
0U
#19813
1Q
b1011 !"
b11 ""
b11101001 $"
b1100011 %"
#19815
1L
1U
#19818
b1 d
#19820
0L
0U
#19825
1L
1U
#19828
0K
0b
#19830
0L
0U
#19835
1L
1U
#19840
0L
0U
#19845
1L
1U
#19848
b10 d
0Q
#19850
0L
0U
#19855
1L
1U
#19858
bx o
bx {
bx S
bx W
bx h
bx p
bx u
bx R
bx V
bx g
1I
1J
1c
#19859
bx Z
bx l
bx [
bx n
bx k
bx |
x}
bx m
bx v
xw
#19860
0L
0U
xq
xr
#19865
1L
1U
#19870
0L
0U
#19875
1L
1U
#19880
0L
0U
#19885
1L
1U
#19888
0N
#19890
0L
0U
#19895
1L
1U
#19900
0L
0U
#19905
1L
1U
#19908
b11 d
0M
#19910
0L
0U
#19915
1L
1U
#19918
0I
0J
0c
#19920
0L
0U
#19925
1L
1U
#19930
0L
0U
#19935
1L
1U
#19940
0L
0U
#19945
1L
1U
#19948
b11 o
b11 {
b11 S
b11 W
b11 h
#19949
b11101001 Z
b11101001 l
b11101001 k
b11101001 |
0}
0q
#19950
0L
0U
#19955
1L
1U
#19958
b1001 ."
b1011 /"
b11100100 1"
b1100100 -"
1N
#19960
0L
0U
#19965
1L
1U
#19968
b11111011 p
b11111011 u
b1011 R
b1011 V
b1011 g
#19969
bx0xx [
bx0xx n
b1111011 m
b1111011 v
1w
#19970
0L
0U
b10000000 [
b10000000 n
1r
#19975
1L
1U
#19978
b100 d
b1001 )"
b1011 *"
b11100100 ,"
b1100100 ("
1M
#19980
0L
0U
#19985
1L
1U
#19988
b101 d
b11101001 G
b11101001 Y
b11101001 f
b11101001 j
b11101001 z
#19989
b11101100 Z
b11101100 l
b11101100 k
b11101100 |
#19990
0L
0U
#19995
1L
1U
#19998
b11101001 '"
b0 d
1K
1b
#20000
0L
0U
#20005
1L
1U
#20010
0L
0U
#20013
1Q
b1001 !"
b1011 ""
b11100100 $"
b1100100 %"
#20015
1L
1U
#20018
b1 d
#20020
0L
0U
#20025
1L
1U
#20028
0K
0b
#20030
0L
0U
#20035
1L
1U
#20040
0L
0U
#20045
1L
1U
#20048
b10 d
0Q
#20050
0L
0U
#20055
1L
1U
#20058
bx o
bx {
bx S
bx W
bx h
bx p
bx u
bx R
bx V
bx g
1I
1J
1c
#20059
bx Z
bx l
bx [
bx n
bx k
bx |
x}
bx m
bx v
xw
xr
#20060
0L
0U
xq
#20065
1L
1U
#20070
0L
0U
#20075
1L
1U
#20080
0L
0U
#20085
1L
1U
#20088
0N
#20090
0L
0U
#20095
1L
1U
#20100
0L
0U
#20105
1L
1U
#20108
b11 d
0M
#20110
0L
0U
#20115
1L
1U
#20118
0I
0J
0c
#20120
0L
0U
#20125
1L
1U
#20130
0L
0U
#20135
1L
1U
#20140
0L
0U
#20145
1L
1U
#20148
b11111011 o
b11111011 {
b1011 S
b1011 W
b1011 h
#20149
b1xx00x00 Z
b1xx00x00 l
b11100100 k
b11100100 |
1}
#20150
0L
0U
b11100100 Z
b11100100 l
0q
#20155
1L
1U
#20158
b10 ."
b1100 /"
b10000010 0"
b11100000 1"
b1100101 -"
1N
#20160
0L
0U
#20165
1L
1U
#20168
b11111001 p
b11111001 u
b1001 R
b1001 V
b1001 g
#20169
bx00x [
bx00x n
b1111001 m
b1111001 v
1w
#20170
0L
0U
b10000000 [
b10000000 n
1r
#20175
1L
1U
#20178
b100 d
b10 )"
b1100 *"
b10000010 +"
b11100000 ,"
b1100101 ("
1M
#20180
0L
0U
#20185
1L
1U
#20188
b101 d
b11100100 G
b11100100 Y
b11100100 f
b11100100 j
b11100100 z
#20189
b11011111 Z
b11011111 l
b11011111 k
b11011111 |
#20190
0L
0U
#20195
1L
1U
#20198
b11100100 '"
b0 d
1K
1b
#20200
0L
0U
#20205
1L
1U
#20210
0L
0U
#20213
1Q
b10 !"
b1100 ""
b10000010 #"
b11100000 $"
b1100101 %"
#20215
1L
1U
#20218
b1 d
#20220
0L
0U
#20225
1L
1U
#20228
0K
0b
#20230
0L
0U
#20235
1L
1U
#20240
0L
0U
#20245
1L
1U
#20248
b10 d
0Q
#20250
0L
0U
#20255
1L
1U
#20258
bx o
bx {
bx S
bx W
bx h
bx p
bx u
bx R
bx V
bx g
1I
1J
1c
#20259
bx Z
bx l
bx [
bx n
bx k
bx |
x}
bx m
bx v
xw
xr
#20260
0L
0U
xq
#20265
1L
1U
#20270
0L
0U
#20275
1L
1U
#20280
0L
0U
#20285
1L
1U
#20288
0N
#20290
0L
0U
#20295
1L
1U
#20300
0L
0U
#20305
1L
1U
#20308
b11 d
0M
#20310
0L
0U
#20315
1L
1U
#20318
0I
0J
0c
#20320
0L
0U
#20325
1L
1U
#20330
0L
0U
#20335
1L
1U
#20340
0L
0U
#20345
1L
1U
#20348
b11111100 o
b11111100 {
b1100 S
b1100 W
b1100 h
#20349
b1xx00000 Z
b1xx00000 l
b11100000 k
b11100000 |
1}
#20350
0L
0U
b11100000 Z
b11100000 l
0q
#20355
1L
1U
#20358
b1000 ."
b1 /"
b11100001 1"
b1100110 -"
1N
#20360
0L
0U
#20365
1L
1U
#20368
b10 p
b10 u
b10 R
b10 V
b10 g
#20369
b10000010 [
b10000010 n
b10000010 m
b10000010 v
0w
0r
#20370
0L
0U
#20375
1L
1U
#20378
b100 d
b1000 )"
b1 *"
b11100001 ,"
b1100110 ("
1M
#20380
0L
0U
#20385
1L
1U
#20388
b101 d
b11100000 G
b11100000 Y
b11100000 f
b11100000 j
b11100000 z
b10000010 H
b10000010 X
b10000010 e
b10000010 i
b10000010 t
#20389
b11011100 Z
b11011100 l
b10000100 [
b10000100 n
b11011100 k
b11011100 |
b10000100 m
b10000100 v
#20390
0L
0U
#20395
1L
1U
#20398
b11100000 '"
b10000010 &"
b0 d
1K
1b
#20400
0L
0U
#20405
1L
1U
#20410
0L
0U
#20413
1Q
b1000 !"
b1 ""
b11100001 $"
b1100110 %"
#20415
1L
1U
#20418
b1 d
#20420
0L
0U
#20425
1L
1U
#20428
0K
0b
#20430
0L
0U
#20435
1L
1U
#20440
0L
0U
#20445
1L
1U
#20448
b10 d
0Q
#20450
0L
0U
#20455
1L
1U
#20458
bx o
bx {
bx S
bx W
bx h
bx p
bx u
bx R
bx V
bx g
1I
1J
1c
#20459
bx Z
bx l
bx [
bx n
bx k
bx |
x}
bx m
bx v
xw
#20460
0L
0U
xq
xr
#20465
1L
1U
#20470
0L
0U
#20475
1L
1U
#20480
0L
0U
#20485
1L
1U
#20488
0N
#20490
0L
0U
#20495
1L
1U
#20500
0L
0U
#20505
1L
1U
#20508
b11 d
0M
#20510
0L
0U
#20515
1L
1U
#20518
0I
0J
0c
#20520
0L
0U
#20525
1L
1U
#20530
0L
0U
#20535
1L
1U
#20540
0L
0U
#20545
1L
1U
#20548
b1 o
b1 {
b1 S
b1 W
b1 h
#20549
b11100001 Z
b11100001 l
b11100001 k
b11100001 |
0}
0q
#20550
0L
0U
#20555
1L
1U
#20558
b111 ."
b101 /"
b10001001 0"
b11100110 1"
b1100111 -"
1N
#20560
0L
0U
#20565
1L
1U
#20568
b11111000 p
b11111000 u
b1000 R
b1000 V
b1000 g
#20569
bx010 [
bx010 n
b1111010 m
b1111010 v
1w
#20570
0L
0U
b10000010 [
b10000010 n
1r
#20575
1L
1U
#20578
b100 d
b111 )"
b101 *"
b10001001 +"
b11100110 ,"
b1100111 ("
1M
#20580
0L
0U
#20585
1L
1U
#20588
b101 d
b11100001 G
b11100001 Y
b11100001 f
b11100001 j
b11100001 z
#20589
b11100010 Z
b11100010 l
b11100010 k
b11100010 |
#20590
0L
0U
#20595
1L
1U
#20598
b11100001 '"
b0 d
1K
1b
#20600
0L
0U
#20605
1L
1U
#20610
0L
0U
#20613
1Q
b111 !"
b101 ""
b10001001 #"
b11100110 $"
b1100111 %"
#20615
1L
1U
#20618
b1 d
#20620
0L
0U
#20625
1L
1U
#20628
0K
0b
#20630
0L
0U
#20635
1L
1U
#20640
0L
0U
#20645
1L
1U
#20648
b10 d
0Q
#20650
0L
0U
#20655
1L
1U
#20658
bx o
bx {
bx S
bx W
bx h
bx p
bx u
bx R
bx V
bx g
1I
1J
1c
#20659
bx Z
bx l
bx [
bx n
bx k
bx |
x}
bx m
bx v
xw
xr
#20660
0L
0U
xq
#20665
1L
1U
#20670
0L
0U
#20675
1L
1U
#20680
0L
0U
#20685
1L
1U
#20688
0N
#20690
0L
0U
#20695
1L
1U
#20700
0L
0U
#20705
1L
1U
#20708
b11 d
0M
#20710
0L
0U
#20715
1L
1U
#20718
0I
0J
0c
#20720
0L
0U
#20725
1L
1U
#20730
0L
0U
#20735
1L
1U
#20740
0L
0U
#20745
1L
1U
#20748
b101 o
b101 {
b101 S
b101 W
b101 h
#20749
b11100110 Z
b11100110 l
b11100110 k
b11100110 |
0}
0q
#20750
0L
0U
#20755
1L
1U
#20758
b0 ."
b1101 /"
b11100011 1"
b1101000 -"
1N
#20760
0L
0U
#20765
1L
1U
#20768
b111 p
b111 u
b111 R
b111 V
b111 g
#20769
b10001001 [
b10001001 n
b10001001 m
b10001001 v
0w
0r
#20770
0L
0U
#20775
1L
1U
#20778
b100 d
b0 )"
b1101 *"
b11100011 ,"
b1101000 ("
1M
#20780
0L
0U
#20785
1L
1U
#20788
b101 d
b11100110 G
b11100110 Y
b11100110 f
b11100110 j
b11100110 z
b10001001 H
b10001001 X
b10001001 e
b10001001 i
b10001001 t
#20789
b11101011 Z
b11101011 l
b10010000 [
b10010000 n
b11101011 k
b11101011 |
b10010000 m
b10010000 v
#20790
0L
0U
#20795
1L
1U
#20798
b11100110 '"
b10001001 &"
b0 d
1K
1b
#20800
0L
0U
#20805
1L
1U
#20810
0L
0U
#20813
1Q
b0 !"
b1101 ""
b11100011 $"
b1101000 %"
#20815
1L
1U
#20818
b1 d
#20820
0L
0U
#20825
1L
1U
#20828
0K
0b
#20830
0L
0U
#20835
1L
1U
#20840
0L
0U
#20845
1L
1U
#20848
b10 d
0Q
#20850
0L
0U
#20855
1L
1U
#20858
bx o
bx {
bx S
bx W
bx h
bx p
bx u
bx R
bx V
bx g
1I
1J
1c
#20859
bx Z
bx l
bx [
bx n
bx k
bx |
x}
bx m
bx v
xw
#20860
0L
0U
xq
xr
#20865
1L
1U
#20870
0L
0U
#20875
1L
1U
#20880
0L
0U
#20885
1L
1U
#20888
0N
#20890
0L
0U
#20895
1L
1U
#20900
0L
0U
#20905
1L
1U
#20908
b11 d
0M
#20910
0L
0U
#20915
1L
1U
#20918
0I
0J
0c
#20920
0L
0U
#20925
1L
1U
#20930
0L
0U
#20935
1L
1U
#20940
0L
0U
#20945
1L
1U
#20948
b11111101 o
b11111101 {
b1101 S
b1101 W
b1101 h
#20949
b1xx0x0x1 Z
b1xx0x0x1 l
b11100011 k
b11100011 |
1}
#20950
0L
0U
b11100011 Z
b11100011 l
0q
#20955
1L
1U
#20958
b1101 ."
b10000110 0"
b11100000 1"
b1101001 -"
1N
#20960
0L
0U
#20965
1L
1U
#20968
b0 p
b0 u
b0 R
b0 V
b0 g
#20969
b10001001 [
b10001001 n
b10001001 m
b10001001 v
0w
0r
#20970
0L
0U
#20975
1L
1U
#20978
b100 d
b1101 )"
b10000110 +"
b11100000 ,"
b1101001 ("
1M
#20980
0L
0U
#20985
1L
1U
#20988
b101 d
b11100011 G
b11100011 Y
b11100011 f
b11100011 j
b11100011 z
#20989
b11100000 Z
b11100000 l
b11100000 k
b11100000 |
#20990
0L
0U
#20995
1L
1U
#20998
b11100011 '"
b0 d
1K
1b
#21000
0L
0U
#21005
1L
1U
#21010
0L
0U
#21013
1Q
b1101 !"
b10000110 #"
b11100000 $"
b1101001 %"
#21015
1L
1U
#21018
b1 d
#21020
0L
0U
#21025
1L
1U
#21028
0K
0b
#21030
0L
0U
#21035
1L
1U
#21040
0L
0U
#21045
1L
1U
#21048
b10 d
0Q
#21050
0L
0U
#21055
1L
1U
#21058
bx o
bx {
bx S
bx W
bx h
bx p
bx u
bx R
bx V
bx g
1I
1J
1c
#21059
bx Z
bx l
bx [
bx n
bx k
bx |
x}
bx m
bx v
xw
#21060
0L
0U
xq
xr
#21065
1L
1U
#21070
0L
0U
#21075
1L
1U
#21080
0L
0U
#21085
1L
1U
#21088
0N
#21090
0L
0U
#21095
1L
1U
#21100
0L
0U
#21105
1L
1U
#21108
b11 d
0M
#21110
0L
0U
#21115
1L
1U
#21118
0I
0J
0c
#21120
0L
0U
#21125
1L
1U
#21130
0L
0U
#21135
1L
1U
#21140
0L
0U
#21145
1L
1U
#21148
b11111101 o
b11111101 {
b1101 S
b1101 W
b1101 h
#21149
b1xx0x00x Z
b1xx0x00x l
b11100000 k
b11100000 |
1}
#21150
0L
0U
b11100000 Z
b11100000 l
0q
#21155
1L
1U
#21158
b1110 ."
b1 /"
b10000100 0"
b11100001 1"
b1101010 -"
1N
#21160
0L
0U
#21165
1L
1U
#21168
b11111101 p
b11111101 u
b1101 R
b1101 V
b1101 g
#21169
b1000xxxx [
b1000xxxx n
b10000110 m
b10000110 v
1w
#21170
0L
0U
b10000110 [
b10000110 n
0r
#21175
1L
1U
#21178
b100 d
b1110 )"
b1 *"
b10000100 +"
b11100001 ,"
b1101010 ("
1M
#21180
0L
0U
#21185
1L
1U
#21188
b101 d
b11100000 G
b11100000 Y
b11100000 f
b11100000 j
b11100000 z
b10000110 H
b10000110 X
b10000110 e
b10000110 i
b10000110 t
#21189
b11011101 Z
b11011101 l
b10000011 [
b10000011 n
b11011101 k
b11011101 |
b10000011 m
b10000011 v
#21190
0L
0U
#21195
1L
1U
#21198
b11100000 '"
b10000110 &"
b0 d
1K
1b
#21200
0L
0U
#21205
1L
1U
#21210
0L
0U
#21213
1Q
b1110 !"
b1 ""
b10000100 #"
b11100001 $"
b1101010 %"
#21215
1L
1U
#21218
b1 d
#21220
0L
0U
#21225
1L
1U
#21228
0K
0b
#21230
0L
0U
#21235
1L
1U
#21240
0L
0U
#21245
1L
1U
#21248
b10 d
0Q
#21250
0L
0U
#21255
1L
1U
#21258
bx o
bx {
bx S
bx W
bx h
bx p
bx u
bx R
bx V
bx g
1I
1J
1c
#21259
bx Z
bx l
bx [
bx n
bx k
bx |
x}
bx m
bx v
xw
#21260
0L
0U
xq
xr
#21265
1L
1U
#21270
0L
0U
#21275
1L
1U
#21280
0L
0U
#21285
1L
1U
#21288
0N
#21290
0L
0U
#21295
1L
1U
#21300
0L
0U
#21305
1L
1U
#21308
b11 d
0M
#21310
0L
0U
#21315
1L
1U
#21318
0I
0J
0c
#21320
0L
0U
#21325
1L
1U
#21330
0L
0U
#21335
1L
1U
#21340
0L
0U
#21345
1L
1U
#21348
b1 o
b1 {
b1 S
b1 W
b1 h
#21349
b11100001 Z
b11100001 l
b11100001 k
b11100001 |
0}
0q
#21350
0L
0U
#21355
1L
1U
#21358
b1000 ."
b1110 /"
b11011111 1"
b1101011 -"
1N
#21360
0L
0U
#21365
1L
1U
#21368
b11111110 p
b11111110 u
b1110 R
b1110 V
b1110 g
#21369
b100001x0 [
b100001x0 n
b10000100 m
b10000100 v
1w
#21370
0L
0U
b10000100 [
b10000100 n
0r
#21375
1L
1U
#21378
b100 d
b1000 )"
b1110 *"
b11011111 ,"
b1101011 ("
1M
#21380
0L
0U
#21385
1L
1U
#21388
b101 d
b11100001 G
b11100001 Y
b11100001 f
b11100001 j
b11100001 z
b10000100 H
b10000100 X
b10000100 e
b10000100 i
b10000100 t
#21389
b11100010 Z
b11100010 l
b10000010 [
b10000010 n
b11100010 k
b11100010 |
b10000010 m
b10000010 v
#21390
0L
0U
#21395
1L
1U
#21398
b11100001 '"
b10000100 &"
b0 d
1K
1b
#21400
0L
0U
#21405
1L
1U
#21410
0L
0U
#21413
1Q
b1000 !"
b1110 ""
b11011111 $"
b1101011 %"
#21415
1L
1U
#21418
b1 d
#21420
0L
0U
#21425
1L
1U
#21428
0K
0b
#21430
0L
0U
#21435
1L
1U
#21440
0L
0U
#21445
1L
1U
#21448
b10 d
0Q
#21450
0L
0U
#21455
1L
1U
#21458
bx o
bx {
bx S
bx W
bx h
bx p
bx u
bx R
bx V
bx g
1I
1J
1c
#21459
bx Z
bx l
bx [
bx n
bx k
bx |
x}
bx m
bx v
xw
#21460
0L
0U
xq
xr
#21465
1L
1U
#21470
0L
0U
#21475
1L
1U
#21480
0L
0U
#21485
1L
1U
#21488
0N
#21490
0L
0U
#21495
1L
1U
#21500
0L
0U
#21505
1L
1U
#21508
b11 d
0M
#21510
0L
0U
#21515
1L
1U
#21518
0I
0J
0c
#21520
0L
0U
#21525
1L
1U
#21530
0L
0U
#21535
1L
1U
#21540
0L
0U
#21545
1L
1U
#21548
b11111110 o
b11111110 {
b1110 S
b1110 W
b1110 h
#21549
b1x0xx1xx Z
b1x0xx1xx l
b11011111 k
b11011111 |
1}
#21550
0L
0U
b11011111 Z
b11011111 l
0q
#21555
1L
1U
#21558
b111 ."
b1 /"
b10001011 0"
b11100000 1"
b1101100 -"
1N
#21560
0L
0U
#21565
1L
1U
#21568
b11111000 p
b11111000 u
b1000 R
b1000 V
b1000 g
#21569
bx100 [
bx100 n
b1111100 m
b1111100 v
1w
#21570
0L
0U
b10000100 [
b10000100 n
1r
#21575
1L
1U
#21578
b100 d
b111 )"
b1 *"
b10001011 +"
b11100000 ,"
b1101100 ("
1M
#21580
0L
0U
#21585
1L
1U
#21588
b101 d
b11011111 G
b11011111 Y
b11011111 f
b11011111 j
b11011111 z
#21589
b11011101 Z
b11011101 l
b11011101 k
b11011101 |
#21590
0L
0U
#21595
1L
1U
#21598
b11011111 '"
b0 d
1K
1b
#21600
0L
0U
#21605
1L
1U
#21610
0L
0U
#21613
1Q
b111 !"
b1 ""
b10001011 #"
b11100000 $"
b1101100 %"
#21615
1L
1U
#21618
b1 d
#21620
0L
0U
#21625
1L
1U
#21628
0K
0b
#21630
0L
0U
#21635
1L
1U
#21640
0L
0U
#21645
1L
1U
#21648
b10 d
0Q
#21650
0L
0U
#21655
1L
1U
#21658
bx o
bx {
bx S
bx W
bx h
bx p
bx u
bx R
bx V
bx g
1I
1J
1c
#21659
bx Z
bx l
bx [
bx n
bx k
bx |
x}
bx m
bx v
xw
xr
#21660
0L
0U
xq
#21665
1L
1U
#21670
0L
0U
#21675
1L
1U
#21680
0L
0U
#21685
1L
1U
#21688
0N
#21690
0L
0U
#21695
1L
1U
#21700
0L
0U
#21705
1L
1U
#21708
b11 d
0M
#21710
0L
0U
#21715
1L
1U
#21718
0I
0J
0c
#21720
0L
0U
#21725
1L
1U
#21730
0L
0U
#21735
1L
1U
#21740
0L
0U
#21745
1L
1U
#21748
b1 o
b1 {
b1 S
b1 W
b1 h
#21749
b11100000 Z
b11100000 l
b11100000 k
b11100000 |
0}
0q
#21750
0L
0U
#21755
1L
1U
#21758
b1101 ."
b111 /"
b10001000 0"
b11100111 1"
b1101101 -"
1N
#21760
0L
0U
#21765
1L
1U
#21768
b111 p
b111 u
b111 R
b111 V
b111 g
#21769
b10001011 [
b10001011 n
b10001011 m
b10001011 v
0w
0r
#21770
0L
0U
#21775
1L
1U
#21778
b100 d
b1101 )"
b111 *"
b10001000 +"
b11100111 ,"
b1101101 ("
1M
#21780
0L
0U
#21785
1L
1U
#21788
b101 d
b11100000 G
b11100000 Y
b11100000 f
b11100000 j
b11100000 z
b10001011 H
b10001011 X
b10001011 e
b10001011 i
b10001011 t
#21789
b11100001 Z
b11100001 l
b10010010 [
b10010010 n
b11100001 k
b11100001 |
b10010010 m
b10010010 v
#21790
0L
0U
#21795
1L
1U
#21798
b11100000 '"
b10001011 &"
b0 d
1K
1b
#21800
0L
0U
#21805
1L
1U
#21810
0L
0U
#21813
1Q
b1101 !"
b111 ""
b10001000 #"
b11100111 $"
b1101101 %"
#21815
1L
1U
#21818
b1 d
#21820
0L
0U
#21825
1L
1U
#21828
0K
0b
#21830
0L
0U
#21835
1L
1U
#21840
0L
0U
#21845
1L
1U
#21848
b10 d
0Q
#21850
0L
0U
#21855
1L
1U
#21858
bx o
bx {
bx S
bx W
bx h
bx p
bx u
bx R
bx V
bx g
1I
1J
1c
#21859
bx Z
bx l
bx [
bx n
bx k
bx |
x}
bx m
bx v
xw
#21860
0L
0U
xq
xr
#21865
1L
1U
#21870
0L
0U
#21875
1L
1U
#21880
0L
0U
#21885
1L
1U
#21888
0N
#21890
0L
0U
#21895
1L
1U
#21900
0L
0U
#21905
1L
1U
#21908
b11 d
0M
#21910
0L
0U
#21915
1L
1U
#21918
0I
0J
0c
#21920
0L
0U
#21925
1L
1U
#21930
0L
0U
#21935
1L
1U
#21940
0L
0U
#21945
1L
1U
#21948
b111 o
b111 {
b111 S
b111 W
b111 h
#21949
b11100111 Z
b11100111 l
b11100111 k
b11100111 |
0}
0q
#21950
0L
0U
#21955
1L
1U
#21958
b100 ."
b1100 /"
b10001100 0"
b11100011 1"
b1101110 -"
1N
#21960
0L
0U
#21965
1L
1U
#21968
b11111101 p
b11111101 u
b1101 R
b1101 V
b1101 g
#21969
b100010xx [
b100010xx n
b10001000 m
b10001000 v
1w
#21970
0L
0U
b10001000 [
b10001000 n
0r
#21975
1L
1U
#21978
b100 d
b100 )"
b1100 *"
b10001100 +"
b11100011 ,"
b1101110 ("
1M
#21980
0L
0U
#21985
1L
1U
#21988
b101 d
b11100111 G
b11100111 Y
b11100111 f
b11100111 j
b11100111 z
b10001000 H
b10001000 X
b10001000 e
b10001000 i
b10001000 t
#21989
b11101110 Z
b11101110 l
b10000101 [
b10000101 n
b11101110 k
b11101110 |
b10000101 m
b10000101 v
#21990
0L
0U
#21995
1L
1U
#21998
b11100111 '"
b10001000 &"
b0 d
1K
1b
#22000
0L
0U
#22005
1L
1U
#22010
0L
0U
#22013
1Q
b100 !"
b1100 ""
b10001100 #"
b11100011 $"
b1101110 %"
#22015
1L
1U
#22018
b1 d
#22020
0L
0U
#22025
1L
1U
#22028
0K
0b
#22030
0L
0U
#22035
1L
1U
#22040
0L
0U
#22045
1L
1U
#22048
b10 d
0Q
#22050
0L
0U
#22055
1L
1U
#22058
bx o
bx {
bx S
bx W
bx h
bx p
bx u
bx R
bx V
bx g
1I
1J
1c
#22059
bx Z
bx l
bx [
bx n
bx k
bx |
x}
bx m
bx v
xw
#22060
0L
0U
xq
xr
#22065
1L
1U
#22070
0L
0U
#22075
1L
1U
#22080
0L
0U
#22085
1L
1U
#22088
0N
#22090
0L
0U
#22095
1L
1U
#22100
0L
0U
#22105
1L
1U
#22108
b11 d
0M
#22110
0L
0U
#22115
1L
1U
#22118
0I
0J
0c
#22120
0L
0U
#22125
1L
1U
#22130
0L
0U
#22135
1L
1U
#22140
0L
0U
#22145
1L
1U
#22148
b11111100 o
b11111100 {
b1100 S
b1100 W
b1100 h
#22149
b1xx0x0xx Z
b1xx0x0xx l
b11100011 k
b11100011 |
1}
#22150
0L
0U
b11100011 Z
b11100011 l
0q
#22155
1L
1U
#22158
b10 ."
b0 /"
b10001110 0"
b1101111 -"
1N
#22160
0L
0U
#22165
1L
1U
#22168
b100 p
b100 u
b100 R
b100 V
b100 g
#22169
b10001100 [
b10001100 n
b10001100 m
b10001100 v
0w
0r
#22170
0L
0U
#22175
1L
1U
#22178
b100 d
b10 )"
b0 *"
b10001110 +"
b1101111 ("
1M
#22180
0L
0U
#22185
1L
1U
#22188
b101 d
b11100011 G
b11100011 Y
b11100011 f
b11100011 j
b11100011 z
b10001100 H
b10001100 X
b10001100 e
b10001100 i
b10001100 t
#22189
b11011111 Z
b11011111 l
b10010000 [
b10010000 n
b11011111 k
b11011111 |
b10010000 m
b10010000 v
#22190
0L
0U
#22195
1L
1U
#22198
b11100011 '"
b10001100 &"
b0 d
1K
1b
#22200
0L
0U
#22205
1L
1U
#22210
0L
0U
#22213
1Q
b10 !"
b0 ""
b10001110 #"
b1101111 %"
#22215
1L
1U
#22218
b1 d
#22220
0L
0U
#22225
1L
1U
#22228
0K
0b
#22230
0L
0U
#22235
1L
1U
#22240
0L
0U
#22245
1L
1U
#22248
b10 d
0Q
#22250
0L
0U
#22255
1L
1U
#22258
bx o
bx {
bx S
bx W
bx h
bx p
bx u
bx R
bx V
bx g
1I
1J
1c
#22259
bx Z
bx l
bx [
bx n
bx k
bx |
x}
bx m
bx v
xw
#22260
0L
0U
xq
xr
#22265
1L
1U
#22270
0L
0U
#22275
1L
1U
#22280
0L
0U
#22285
1L
1U
#22288
0N
#22290
0L
0U
#22295
1L
1U
#22300
0L
0U
#22305
1L
1U
#22308
b11 d
0M
#22310
0L
0U
#22315
1L
1U
#22318
0I
0J
0c
#22320
0L
0U
#22325
1L
1U
#22330
0L
0U
#22335
1L
1U
#22340
0L
0U
#22345
1L
1U
#22348
b0 o
b0 {
b0 S
b0 W
b0 h
#22349
b11100011 Z
b11100011 l
b11100011 k
b11100011 |
0}
0q
#22350
0L
0U
#22355
1L
1U
#22358
b1100 ."
b10 /"
b10001010 0"
b11100101 1"
b1110000 -"
1N
#22360
0L
0U
#22365
1L
1U
#22368
b10 p
b10 u
b10 R
b10 V
b10 g
#22369
b10001110 [
b10001110 n
b10001110 m
b10001110 v
0w
0r
#22370
0L
0U
#22375
1L
1U
#22378
b100 d
b1100 )"
b10 *"
b10001010 +"
b11100101 ,"
b1110000 ("
1M
#22380
0L
0U
#22385
1L
1U
#22388
b101 d
b10001110 H
b10001110 X
b10001110 e
b10001110 i
b10001110 t
#22389
b10010000 [
b10010000 n
b10010000 m
b10010000 v
#22390
0L
0U
#22395
1L
1U
#22398
b10001110 &"
b0 d
1K
1b
#22400
0L
0U
#22405
1L
1U
#22410
0L
0U
#22413
1Q
b1100 !"
b10 ""
b10001010 #"
b11100101 $"
b1110000 %"
#22415
1L
1U
#22418
b1 d
#22420
0L
0U
#22425
1L
1U
#22428
0K
0b
#22430
0L
0U
#22435
1L
1U
#22440
0L
0U
#22445
1L
1U
#22448
b10 d
0Q
#22450
0L
0U
#22455
1L
1U
#22458
bx o
bx {
bx S
bx W
bx h
bx p
bx u
bx R
bx V
bx g
1I
1J
1c
#22459
bx Z
bx l
bx [
bx n
bx k
bx |
x}
bx m
bx v
xw
#22460
0L
0U
xq
xr
#22465
1L
1U
#22470
0L
0U
#22475
1L
1U
#22480
0L
0U
#22485
1L
1U
#22488
0N
#22490
0L
0U
#22495
1L
1U
#22500
0L
0U
#22505
1L
1U
#22508
b11 d
0M
#22510
0L
0U
#22515
1L
1U
#22518
0I
0J
0c
#22520
0L
0U
#22525
1L
1U
#22530
0L
0U
#22535
1L
1U
#22540
0L
0U
#22545
1L
1U
#22548
b10 o
b10 {
b10 S
b10 W
b10 h
#22549
b11100101 Z
b11100101 l
b11100101 k
b11100101 |
0}
0q
#22550
0L
0U
#22555
1L
1U
#22558
b11 ."
b1100 /"
b10001101 0"
b11100001 1"
b1110001 -"
1N
#22560
0L
0U
#22565
1L
1U
#22568
b11111100 p
b11111100 u
b1100 R
b1100 V
b1100 g
#22569
b10001x10 [
b10001x10 n
b10001010 m
b10001010 v
1w
#22570
0L
0U
b10001010 [
b10001010 n
0r
#22575
1L
1U
#22578
b100 d
b11 )"
b1100 *"
b10001101 +"
b11100001 ,"
b1110001 ("
1M
#22580
0L
0U
#22585
1L
1U
#22588
b101 d
b11100101 G
b11100101 Y
b11100101 f
b11100101 j
b11100101 z
b10001010 H
b10001010 X
b10001010 e
b10001010 i
b10001010 t
#22589
b11100111 Z
b11100111 l
b10000110 [
b10000110 n
b11100111 k
b11100111 |
b10000110 m
b10000110 v
#22590
0L
0U
#22595
1L
1U
#22598
b11100101 '"
b10001010 &"
b0 d
1K
1b
#22600
0L
0U
#22605
1L
1U
#22610
0L
0U
#22613
1Q
b11 !"
b1100 ""
b10001101 #"
b11100001 $"
b1110001 %"
#22615
1L
1U
#22618
b1 d
#22620
0L
0U
#22625
1L
1U
#22628
0K
0b
#22630
0L
0U
#22635
1L
1U
#22640
0L
0U
#22645
1L
1U
#22648
b10 d
0Q
#22650
0L
0U
#22655
1L
1U
#22658
bx o
bx {
bx S
bx W
bx h
bx p
bx u
bx R
bx V
bx g
1I
1J
1c
#22659
bx Z
bx l
bx [
bx n
bx k
bx |
x}
bx m
bx v
xw
#22660
0L
0U
xq
xr
#22665
1L
1U
#22670
0L
0U
#22675
1L
1U
#22680
0L
0U
#22685
1L
1U
#22688
0N
#22690
0L
0U
#22695
1L
1U
#22700
0L
0U
#22705
1L
1U
#22708
b11 d
0M
#22710
0L
0U
#22715
1L
1U
#22718
0I
0J
0c
#22720
0L
0U
#22725
1L
1U
#22730
0L
0U
#22735
1L
1U
#22740
0L
0U
#22745
1L
1U
#22748
b11111100 o
b11111100 {
b1100 S
b1100 W
b1100 h
#22749
b1xx0x0xx Z
b1xx0x0xx l
b11100001 k
b11100001 |
1}
#22750
0L
0U
b11100001 Z
b11100001 l
0q
#22755
1L
1U
#22758
b110 ."
b1011 /"
b10010011 0"
b11011100 1"
b1110010 -"
1N
#22760
0L
0U
#22765
1L
1U
#22768
b11 p
b11 u
b11 R
b11 V
b11 g
#22769
b10001101 [
b10001101 n
b10001101 m
b10001101 v
0w
0r
#22770
0L
0U
#22775
1L
1U
#22778
b100 d
b110 )"
b1011 *"
b10010011 +"
b11011100 ,"
b1110010 ("
1M
#22780
0L
0U
#22785
1L
1U
#22788
b101 d
b11100001 G
b11100001 Y
b11100001 f
b11100001 j
b11100001 z
b10001101 H
b10001101 X
b10001101 e
b10001101 i
b10001101 t
#22789
b11011101 Z
b11011101 l
b10010000 [
b10010000 n
b11011101 k
b11011101 |
b10010000 m
b10010000 v
#22790
0L
0U
#22795
1L
1U
#22798
b11100001 '"
b10001101 &"
b0 d
1K
1b
#22800
0L
0U
#22805
1L
1U
#22810
0L
0U
#22813
1Q
b110 !"
b1011 ""
b10010011 #"
b11011100 $"
b1110010 %"
#22815
1L
1U
#22818
b1 d
#22820
0L
0U
#22825
1L
1U
#22828
0K
0b
#22830
0L
0U
#22835
1L
1U
#22840
0L
0U
#22845
1L
1U
#22848
b10 d
0Q
#22850
0L
0U
#22855
1L
1U
#22858
bx o
bx {
bx S
bx W
bx h
bx p
bx u
bx R
bx V
bx g
1I
1J
1c
#22859
bx Z
bx l
bx [
bx n
bx k
bx |
x}
bx m
bx v
xw
#22860
0L
0U
xq
xr
#22865
1L
1U
#22870
0L
0U
#22875
1L
1U
#22880
0L
0U
#22885
1L
1U
#22888
0N
#22890
0L
0U
#22895
1L
1U
#22900
0L
0U
#22905
1L
1U
#22908
b11 d
0M
#22910
0L
0U
#22915
1L
1U
#22918
0I
0J
0c
#22920
0L
0U
#22925
1L
1U
#22930
0L
0U
#22935
1L
1U
#22940
0L
0U
#22945
1L
1U
#22948
b11111011 o
b11111011 {
b1011 S
b1011 W
b1011 h
#22949
b1x0x110x Z
b1x0x110x l
b11011100 k
b11011100 |
1}
#22950
0L
0U
b11011100 Z
b11011100 l
0q
#22955
1L
1U
#22958
b11 ."
b10010110 0"
b11010111 1"
b1110011 -"
1N
#22960
0L
0U
#22965
1L
1U
#22968
b110 p
b110 u
b110 R
b110 V
b110 g
#22969
b10010011 [
b10010011 n
b10010011 m
b10010011 v
0w
0r
#22970
0L
0U
#22975
1L
1U
#22978
b100 d
b11 )"
b10010110 +"
b11010111 ,"
b1110011 ("
1M
#22980
0L
0U
#22985
1L
1U
#22988
b101 d
b11011100 G
b11011100 Y
b11011100 f
b11011100 j
b11011100 z
b10010011 H
b10010011 X
b10010011 e
b10010011 i
b10010011 t
#22989
b11010111 Z
b11010111 l
b10011001 [
b10011001 n
b11010111 k
b11010111 |
b10011001 m
b10011001 v
#22990
0L
0U
#22995
1L
1U
#22998
b11011100 '"
b10010011 &"
b0 d
1K
1b
#23000
0L
0U
#23005
1L
1U
#23010
0L
0U
#23013
1Q
b11 !"
b10010110 #"
b11010111 $"
b1110011 %"
#23015
1L
1U
#23018
b1 d
#23020
0L
0U
#23025
1L
1U
#23028
0K
0b
#23030
0L
0U
#23035
1L
1U
#23040
0L
0U
#23045
1L
1U
#23048
b10 d
0Q
#23050
0L
0U
#23055
1L
1U
#23058
bx o
bx {
bx S
bx W
bx h
bx p
bx u
bx R
bx V
bx g
1I
1J
1c
#23059
bx Z
bx l
bx [
bx n
bx k
bx |
x}
bx m
bx v
xw
#23060
0L
0U
xq
xr
#23065
1L
1U
#23070
0L
0U
#23075
1L
1U
#23080
0L
0U
#23085
1L
1U
#23088
0N
#23090
0L
0U
#23095
1L
1U
#23100
0L
0U
#23105
1L
1U
#23108
b11 d
0M
#23110
0L
0U
#23115
1L
1U
#23118
0I
0J
0c
#23120
0L
0U
#23125
1L
1U
#23130
0L
0U
#23135
1L
1U
#23140
0L
0U
#23145
1L
1U
#23148
b11111011 o
b11111011 {
b1011 S
b1011 W
b1011 h
#23149
b1x010x11 Z
b1x010x11 l
b11010111 k
b11010111 |
1}
#23150
0L
0U
b11010111 Z
b11010111 l
0q
#23155
1L
1U
#23158
b1101 /"
b10011001 0"
b11010100 1"
b1110100 -"
1N
#23160
0L
0U
#23165
1L
1U
#23168
b11 p
b11 u
b11 R
b11 V
b11 g
#23169
b10010110 [
b10010110 n
b10010110 m
b10010110 v
0w
0r
#23170
0L
0U
#23175
1L
1U
#23178
b100 d
b1101 *"
b10011001 +"
b11010100 ,"
b1110100 ("
1M
#23180
0L
0U
#23185
1L
1U
#23188
b101 d
b11010111 G
b11010111 Y
b11010111 f
b11010111 j
b11010111 z
b10010110 H
b10010110 X
b10010110 e
b10010110 i
b10010110 t
#23189
b11010010 Z
b11010010 l
b10011001 [
b10011001 n
b11010010 k
b11010010 |
b10011001 m
b10011001 v
#23190
0L
0U
#23195
1L
1U
#23198
b11010111 '"
b10010110 &"
b0 d
1K
1b
#23200
0L
0U
#23205
1L
1U
#23210
0L
0U
#23213
1Q
b1101 ""
b10011001 #"
b11010100 $"
b1110100 %"
#23215
1L
1U
#23218
b1 d
#23220
0L
0U
#23225
1L
1U
#23228
0K
0b
#23230
0L
0U
#23235
1L
1U
#23240
0L
0U
#23245
1L
1U
#23248
b10 d
0Q
#23250
0L
0U
#23255
1L
1U
#23258
bx o
bx {
bx S
bx W
bx h
bx p
bx u
bx R
bx V
bx g
1I
1J
1c
#23259
bx Z
bx l
bx [
bx n
bx k
bx |
x}
bx m
bx v
xw
#23260
0L
0U
xq
xr
#23265
1L
1U
#23270
0L
0U
#23275
1L
1U
#23280
0L
0U
#23285
1L
1U
#23288
0N
#23290
0L
0U
#23295
1L
1U
#23300
0L
0U
#23305
1L
1U
#23308
b11 d
0M
#23310
0L
0U
#23315
1L
1U
#23318
0I
0J
0c
#23320
0L
0U
#23325
1L
1U
#23330
0L
0U
#23335
1L
1U
#23340
0L
0U
#23345
1L
1U
#23348
b11111101 o
b11111101 {
b1101 S
b1101 W
b1101 h
#23349
b1x0101x0 Z
b1x0101x0 l
b11010100 k
b11010100 |
1}
#23350
0L
0U
b11010100 Z
b11010100 l
0q
#23355
1L
1U
#23358
b1110 /"
b10011100 0"
b11010010 1"
b1110101 -"
1N
#23360
0L
0U
#23365
1L
1U
#23368
b11 p
b11 u
b11 R
b11 V
b11 g
#23369
b10011001 [
b10011001 n
b10011001 m
b10011001 v
0w
0r
#23370
0L
0U
#23375
1L
1U
#23378
b100 d
b1110 *"
b10011100 +"
b11010010 ,"
b1110101 ("
1M
#23380
0L
0U
#23385
1L
1U
#23388
b101 d
b11010100 G
b11010100 Y
b11010100 f
b11010100 j
b11010100 z
b10011001 H
b10011001 X
b10011001 e
b10011001 i
b10011001 t
#23389
b11010001 Z
b11010001 l
b10011100 [
b10011100 n
b11010001 k
b11010001 |
b10011100 m
b10011100 v
#23390
0L
0U
#23395
1L
1U
#23398
b11010100 '"
b10011001 &"
b0 d
1K
1b
#23400
0L
0U
#23405
1L
1U
#23410
0L
0U
#23413
1Q
b1110 ""
b10011100 #"
b11010010 $"
b1110101 %"
#23415
1L
1U
#23418
b1 d
#23420
0L
0U
#23425
1L
1U
#23428
0K
0b
#23430
0L
0U
#23435
1L
1U
#23440
0L
0U
#23445
1L
1U
#23448
b10 d
0Q
#23450
0L
0U
#23455
1L
1U
#23458
bx o
bx {
bx S
bx W
bx h
bx p
bx u
bx R
bx V
bx g
1I
1J
1c
#23459
bx Z
bx l
bx [
bx n
bx k
bx |
x}
bx m
bx v
xw
#23460
0L
0U
xq
xr
#23465
1L
1U
#23470
0L
0U
#23475
1L
1U
#23480
0L
0U
#23485
1L
1U
#23488
0N
#23490
0L
0U
#23495
1L
1U
#23500
0L
0U
#23505
1L
1U
#23508
b11 d
0M
#23510
0L
0U
#23515
1L
1U
#23518
0I
0J
0c
#23520
0L
0U
#23525
1L
1U
#23530
0L
0U
#23535
1L
1U
#23540
0L
0U
#23545
1L
1U
#23548
b11111110 o
b11111110 {
b1110 S
b1110 W
b1110 h
#23549
b1x01x0xx Z
b1x01x0xx l
b11010010 k
b11010010 |
1}
#23550
0L
0U
b11010010 Z
b11010010 l
0q
#23555
1L
1U
#23558
b1100 ."
b11 /"
b10011000 0"
b11010101 1"
b1110110 -"
1N
#23560
0L
0U
#23565
1L
1U
#23568
b11 p
b11 u
b11 R
b11 V
b11 g
#23569
b10011100 [
b10011100 n
b10011100 m
b10011100 v
0w
0r
#23570
0L
0U
#23575
1L
1U
#23578
b100 d
b1100 )"
b11 *"
b10011000 +"
b11010101 ,"
b1110110 ("
1M
#23580
0L
0U
#23585
1L
1U
#23588
b101 d
b11010010 G
b11010010 Y
b11010010 f
b11010010 j
b11010010 z
b10011100 H
b10011100 X
b10011100 e
b10011100 i
b10011100 t
#23589
b11010000 Z
b11010000 l
b10011111 [
b10011111 n
b11010000 k
b11010000 |
b10011111 m
b10011111 v
#23590
0L
0U
#23595
1L
1U
#23598
b11010010 '"
b10011100 &"
b0 d
1K
1b
#23600
0L
0U
#23605
1L
1U
#23610
0L
0U
#23613
1Q
b1100 !"
b11 ""
b10011000 #"
b11010101 $"
b1110110 %"
#23615
1L
1U
#23618
b1 d
#23620
0L
0U
#23625
1L
1U
#23628
0K
0b
#23630
0L
0U
#23635
1L
1U
#23640
0L
0U
#23645
1L
1U
#23648
b10 d
0Q
#23650
0L
0U
#23655
1L
1U
#23658
bx o
bx {
bx S
bx W
bx h
bx p
bx u
bx R
bx V
bx g
1I
1J
1c
#23659
bx Z
bx l
bx [
bx n
bx k
bx |
x}
bx m
bx v
xw
#23660
0L
0U
xq
xr
#23665
1L
1U
#23670
0L
0U
#23675
1L
1U
#23680
0L
0U
#23685
1L
1U
#23688
0N
#23690
0L
0U
#23695
1L
1U
#23700
0L
0U
#23705
1L
1U
#23708
b11 d
0M
#23710
0L
0U
#23715
1L
1U
#23718
0I
0J
0c
#23720
0L
0U
#23725
1L
1U
#23730
0L
0U
#23735
1L
1U
#23740
0L
0U
#23745
1L
1U
#23748
b11 o
b11 {
b11 S
b11 W
b11 h
#23749
b11010101 Z
b11010101 l
b11010101 k
b11010101 |
0}
0q
#23750
0L
0U
#23755
1L
1U
#23758
b1001 ."
b1 /"
b10010001 0"
b11010110 1"
b1110111 -"
1N
#23760
0L
0U
#23765
1L
1U
#23768
b11111100 p
b11111100 u
b1100 R
b1100 V
b1100 g
#23769
b10011x00 [
b10011x00 n
b10011000 m
b10011000 v
1w
#23770
0L
0U
b10011000 [
b10011000 n
0r
#23775
1L
1U
#23778
b100 d
b1001 )"
b1 *"
b10010001 +"
b11010110 ,"
b1110111 ("
1M
#23780
0L
0U
#23785
1L
1U
#23788
b101 d
b11010101 G
b11010101 Y
b11010101 f
b11010101 j
b11010101 z
b10011000 H
b10011000 X
b10011000 e
b10011000 i
b10011000 t
#23789
b11011000 Z
b11011000 l
b10010100 [
b10010100 n
b11011000 k
b11011000 |
b10010100 m
b10010100 v
#23790
0L
0U
#23795
1L
1U
#23798
b11010101 '"
b10011000 &"
b0 d
1K
1b
#23800
0L
0U
#23805
1L
1U
#23810
0L
0U
#23813
1Q
b1001 !"
b1 ""
b10010001 #"
b11010110 $"
b1110111 %"
#23815
1L
1U
#23818
b1 d
#23820
0L
0U
#23825
1L
1U
#23828
0K
0b
#23830
0L
0U
#23835
1L
1U
#23840
0L
0U
#23845
1L
1U
#23848
b10 d
0Q
#23850
0L
0U
#23855
1L
1U
#23858
bx o
bx {
bx S
bx W
bx h
bx p
bx u
bx R
bx V
bx g
1I
1J
1c
#23859
bx Z
bx l
bx [
bx n
bx k
bx |
x}
bx m
bx v
xw
#23860
0L
0U
xq
xr
#23865
1L
1U
#23870
0L
0U
#23875
1L
1U
#23880
0L
0U
#23885
1L
1U
#23888
0N
#23890
0L
0U
#23895
1L
1U
#23900
0L
0U
#23905
1L
1U
#23908
b11 d
0M
#23910
0L
0U
#23915
1L
1U
#23918
0I
0J
0c
#23920
0L
0U
#23925
1L
1U
#23930
0L
0U
#23935
1L
1U
#23940
0L
0U
#23945
1L
1U
#23948
b1 o
b1 {
b1 S
b1 W
b1 h
#23949
b11010110 Z
b11010110 l
b11010110 k
b11010110 |
0}
0q
#23950
0L
0U
#23955
1L
1U
#23958
b1101 ."
b1011 /"
b10001110 0"
b11010001 1"
b1111000 -"
1N
#23960
0L
0U
#23965
1L
1U
#23968
b11111001 p
b11111001 u
b1001 R
b1001 V
b1001 g
#23969
b1001x00x [
b1001x00x n
b10010001 m
b10010001 v
1w
#23970
0L
0U
b10010001 [
b10010001 n
0r
#23975
1L
1U
#23978
b100 d
b1101 )"
b1011 *"
b10001110 +"
b11010001 ,"
b1111000 ("
1M
#23980
0L
0U
#23985
1L
1U
#23988
b101 d
b11010110 G
b11010110 Y
b11010110 f
b11010110 j
b11010110 z
b10010001 H
b10010001 X
b10010001 e
b10010001 i
b10010001 t
#23989
b11010111 Z
b11010111 l
b10001010 [
b10001010 n
b11010111 k
b11010111 |
b10001010 m
b10001010 v
#23990
0L
0U
#23995
1L
1U
#23998
b11010110 '"
b10010001 &"
b0 d
1K
1b
#24000
0L
0U
#24005
1L
1U
#24010
0L
0U
#24013
1Q
b1101 !"
b1011 ""
b10001110 #"
b11010001 $"
b1111000 %"
#24015
1L
1U
#24018
b1 d
#24020
0L
0U
#24025
1L
1U
#24028
0K
0b
#24030
0L
0U
#24035
1L
1U
#24040
0L
0U
#24045
1L
1U
#24048
b10 d
0Q
#24050
0L
0U
#24055
1L
1U
#24058
bx o
bx {
bx S
bx W
bx h
bx p
bx u
bx R
bx V
bx g
1I
1J
1c
#24059
bx Z
bx l
bx [
bx n
bx k
bx |
x}
bx m
bx v
xw
#24060
0L
0U
xq
xr
#24065
1L
1U
#24070
0L
0U
#24075
1L
1U
#24080
0L
0U
#24085
1L
1U
#24088
0N
#24090
0L
0U
#24095
1L
1U
#24100
0L
0U
#24105
1L
1U
#24108
b11 d
0M
#24110
0L
0U
#24115
1L
1U
#24118
0I
0J
0c
#24120
0L
0U
#24125
1L
1U
#24130
0L
0U
#24135
1L
1U
#24140
0L
0U
#24145
1L
1U
#24148
b11111011 o
b11111011 {
b1011 S
b1011 W
b1011 h
#24149
b1x010001 Z
b1x010001 l
b11010001 k
b11010001 |
1}
#24150
0L
0U
b11010001 Z
b11010001 l
0q
#24155
1L
1U
#24158
b1011 ."
b101 /"
b10001001 0"
b11010110 1"
b1111001 -"
1N
#24160
0L
0U
#24165
1L
1U
#24168
b11111101 p
b11111101 u
b1101 R
b1101 V
b1101 g
#24169
b100xxxxx [
b100xxxxx n
b10001110 m
b10001110 v
1w
#24170
0L
0U
b10001110 [
b10001110 n
0r
#24175
1L
1U
#24178
b100 d
b1011 )"
b101 *"
b10001001 +"
b11010110 ,"
b1111001 ("
1M
#24180
0L
0U
#24185
1L
1U
#24188
b101 d
b11010001 G
b11010001 Y
b11010001 f
b11010001 j
b11010001 z
b10001110 H
b10001110 X
b10001110 e
b10001110 i
b10001110 t
#24189
b11001100 Z
b11001100 l
b10001011 [
b10001011 n
b11001100 k
b11001100 |
b10001011 m
b10001011 v
#24190
0L
0U
#24195
1L
1U
#24198
b11010001 '"
b10001110 &"
b0 d
1K
1b
#24200
0L
0U
#24205
1L
1U
#24210
0L
0U
#24213
1Q
b1011 !"
b101 ""
b10001001 #"
b11010110 $"
b1111001 %"
#24215
1L
1U
#24218
b1 d
#24220
0L
0U
#24225
1L
1U
#24228
0K
0b
#24230
0L
0U
#24235
1L
1U
#24240
0L
0U
#24245
1L
1U
#24248
b10 d
0Q
#24250
0L
0U
#24255
1L
1U
#24258
bx o
bx {
bx S
bx W
bx h
bx p
bx u
bx R
bx V
bx g
1I
1J
1c
#24259
bx Z
bx l
bx [
bx n
bx k
bx |
x}
bx m
bx v
xw
#24260
0L
0U
xq
xr
#24265
1L
1U
#24270
0L
0U
#24275
1L
1U
#24280
0L
0U
#24285
1L
1U
#24288
0N
#24290
0L
0U
#24295
1L
1U
#24300
0L
0U
#24305
1L
1U
#24308
b11 d
0M
#24310
0L
0U
#24315
1L
1U
#24318
0I
0J
0c
#24320
0L
0U
#24325
1L
1U
#24330
0L
0U
#24335
1L
1U
#24340
0L
0U
#24345
1L
1U
#24348
b101 o
b101 {
b101 S
b101 W
b101 h
#24349
b11010110 Z
b11010110 l
b11010110 k
b11010110 |
0}
0q
#24350
0L
0U
#24355
1L
1U
#24358
b1101 /"
b10000100 0"
b11010011 1"
b1111010 -"
1N
#24360
0L
0U
#24365
1L
1U
#24368
b11111011 p
b11111011 u
b1011 R
b1011 V
b1011 g
#24369
b10001xxx [
b10001xxx n
b10001001 m
b10001001 v
1w
#24370
0L
0U
b10001001 [
b10001001 n
0r
#24375
1L
1U
#24378
b100 d
b1101 *"
b10000100 +"
b11010011 ,"
b1111010 ("
1M
#24380
0L
0U
#24385
1L
1U
#24388
b101 d
b11010110 G
b11010110 Y
b11010110 f
b11010110 j
b11010110 z
b10001001 H
b10001001 X
b10001001 e
b10001001 i
b10001001 t
#24389
b11011011 Z
b11011011 l
b10000100 [
b10000100 n
b11011011 k
b11011011 |
b10000100 m
b10000100 v
#24390
0L
0U
#24395
1L
1U
#24398
b11010110 '"
b10001001 &"
b0 d
1K
1b
#24400
0L
0U
#24405
1L
1U
#24410
0L
0U
#24413
1Q
b1101 ""
b10000100 #"
b11010011 $"
b1111010 %"
#24415
1L
1U
#24418
b1 d
#24420
0L
0U
#24425
1L
1U
#24428
0K
0b
#24430
0L
0U
#24435
1L
1U
#24440
0L
0U
#24445
1L
1U
#24448
b10 d
0Q
#24450
0L
0U
#24455
1L
1U
#24458
bx o
bx {
bx S
bx W
bx h
bx p
bx u
bx R
bx V
bx g
1I
1J
1c
#24459
bx Z
bx l
bx [
bx n
bx k
bx |
x}
bx m
bx v
xw
#24460
0L
0U
xq
xr
#24465
1L
1U
#24470
0L
0U
#24475
1L
1U
#24480
0L
0U
#24485
1L
1U
#24488
0N
#24490
0L
0U
#24495
1L
1U
#24500
0L
0U
#24505
1L
1U
#24508
b11 d
0M
#24510
0L
0U
#24515
1L
1U
#24518
0I
0J
0c
#24520
0L
0U
#24525
1L
1U
#24530
0L
0U
#24535
1L
1U
#24540
0L
0U
#24545
1L
1U
#24548
b11111101 o
b11111101 {
b1101 S
b1101 W
b1101 h
#24549
b1x0xx0x1 Z
b1x0xx0x1 l
b11010011 k
b11010011 |
1}
#24550
0L
0U
b11010011 Z
b11010011 l
0q
#24555
1L
1U
#24558
b1 ."
b110 /"
b10000101 0"
b11011001 1"
b1111011 -"
1N
#24560
0L
0U
#24565
1L
1U
#24568
b11111011 p
b11111011 u
b1011 R
b1011 V
b1011 g
#24569
b1000xx0x [
b1000xx0x n
b10000100 m
b10000100 v
1w
#24570
0L
0U
b10000100 [
b10000100 n
0r
#24575
1L
1U
#24578
b100 d
b1 )"
b110 *"
b10000101 +"
b11011001 ,"
b1111011 ("
1M
#24580
0L
0U
#24585
1L
1U
#24588
b101 d
b11010011 G
b11010011 Y
b11010011 f
b11010011 j
b11010011 z
b10000100 H
b10000100 X
b10000100 e
b10000100 i
b10000100 t
#24589
b11010000 Z
b11010000 l
b1111111 [
b1111111 n
b11010000 k
b11010000 |
b1111111 m
b1111111 v
#24590
0L
0U
b10000100 [
b10000100 n
1r
#24595
1L
1U
#24598
b11010011 '"
b10000100 &"
b0 d
1K
1b
#24600
0L
0U
#24605
1L
1U
#24610
0L
0U
#24613
1Q
b1 !"
b110 ""
b10000101 #"
b11011001 $"
b1111011 %"
#24615
1L
1U
#24618
b1 d
#24620
0L
0U
#24625
1L
1U
#24628
0K
0b
#24630
0L
0U
#24635
1L
1U
#24640
0L
0U
#24645
1L
1U
#24648
b10 d
0Q
#24650
0L
0U
#24655
1L
1U
#24658
bx o
bx {
bx S
bx W
bx h
bx p
bx u
bx R
bx V
bx g
1I
1J
1c
#24659
bx Z
bx l
bx [
bx n
bx k
bx |
x}
bx m
bx v
xw
xr
#24660
0L
0U
xq
#24665
1L
1U
#24670
0L
0U
#24675
1L
1U
#24680
0L
0U
#24685
1L
1U
#24688
0N
#24690
0L
0U
#24695
1L
1U
#24700
0L
0U
#24705
1L
1U
#24708
b11 d
0M
#24710
0L
0U
#24715
1L
1U
#24718
0I
0J
0c
#24720
0L
0U
#24725
1L
1U
#24730
0L
0U
#24735
1L
1U
#24740
0L
0U
#24745
1L
1U
#24748
b110 o
b110 {
b110 S
b110 W
b110 h
#24749
b11011001 Z
b11011001 l
b11011001 k
b11011001 |
0}
0q
#24750
0L
0U
#24755
1L
1U
#24758
b1011 ."
b1010 /"
b10000000 0"
b11010011 1"
b1111100 -"
1N
#24760
0L
0U
#24765
1L
1U
#24768
b1 p
b1 u
b1 R
b1 V
b1 g
#24769
b10000101 [
b10000101 n
b10000101 m
b10000101 v
0w
0r
#24770
0L
0U
#24775
1L
1U
#24778
b100 d
b1011 )"
b1010 *"
b10000000 +"
b11010011 ,"
b1111100 ("
1M
#24780
0L
0U
#24785
1L
1U
#24788
b101 d
b11011001 G
b11011001 Y
b11011001 f
b11011001 j
b11011001 z
b10000101 H
b10000101 X
b10000101 e
b10000101 i
b10000101 t
#24789
b11011111 Z
b11011111 l
b10000110 [
b10000110 n
b11011111 k
b11011111 |
b10000110 m
b10000110 v
#24790
0L
0U
#24795
1L
1U
#24798
b11011001 '"
b10000101 &"
b0 d
1K
1b
#24800
0L
0U
#24805
1L
1U
#24810
0L
0U
#24813
1Q
b1011 !"
b1010 ""
b10000000 #"
b11010011 $"
b1111100 %"
#24815
1L
1U
#24818
b1 d
#24820
0L
0U
#24825
1L
1U
#24828
0K
0b
#24830
0L
0U
#24835
1L
1U
#24840
0L
0U
#24845
1L
1U
#24848
b10 d
0Q
#24850
0L
0U
#24855
1L
1U
#24858
bx o
bx {
bx S
bx W
bx h
bx p
bx u
bx R
bx V
bx g
1I
1J
1c
#24859
bx Z
bx l
bx [
bx n
bx k
bx |
x}
bx m
bx v
xw
#24860
0L
0U
xq
xr
#24865
1L
1U
#24870
0L
0U
#24875
1L
1U
#24880
0L
0U
#24885
1L
1U
#24888
0N
#24890
0L
0U
#24895
1L
1U
#24900
0L
0U
#24905
1L
1U
#24908
b11 d
0M
#24910
0L
0U
#24915
1L
1U
#24918
0I
0J
0c
#24920
0L
0U
#24925
1L
1U
#24930
0L
0U
#24935
1L
1U
#24940
0L
0U
#24945
1L
1U
#24948
b11111010 o
b11111010 {
b1010 S
b1010 W
b1010 h
#24949
b1x0x0xx1 Z
b1x0x0xx1 l
b11010011 k
b11010011 |
1}
#24950
0L
0U
b11010011 Z
b11010011 l
0q
#24955
1L
1U
#24958
b1000 ."
b100 /"
b11010111 1"
b1111101 -"
1N
#24960
0L
0U
#24965
1L
1U
#24968
b11111011 p
b11111011 u
b1011 R
b1011 V
b1011 g
#24969
b10000x0x [
b10000x0x n
b10000000 m
b10000000 v
1w
#24970
0L
0U
b10000000 [
b10000000 n
0r
#24975
1L
1U
#24978
b100 d
b1000 )"
b100 *"
b11010111 ,"
b1111101 ("
1M
#24980
0L
0U
#24985
1L
1U
#24988
b101 d
b11010011 G
b11010011 Y
b11010011 f
b11010011 j
b11010011 z
b10000000 H
b10000000 X
b10000000 e
b10000000 i
b10000000 t
#24989
b11001101 Z
b11001101 l
b1111011 [
b1111011 n
b11001101 k
b11001101 |
b1111011 m
b1111011 v
#24990
0L
0U
b10000000 [
b10000000 n
1r
#24995
1L
1U
#24998
b11010011 '"
b10000000 &"
b0 d
1K
1b
#25000
0L
0U
#25005
1L
1U
#25010
0L
0U
#25013
1Q
b1000 !"
b100 ""
b11010111 $"
b1111101 %"
#25015
1L
1U
#25018
b1 d
#25020
0L
0U
#25025
1L
1U
#25028
0K
0b
#25030
0L
0U
#25035
1L
1U
#25040
0L
0U
#25045
1L
1U
#25048
b10 d
0Q
#25050
0L
0U
#25055
1L
1U
#25058
bx o
bx {
bx S
bx W
bx h
bx p
bx u
bx R
bx V
bx g
1I
1J
1c
#25059
bx Z
bx l
bx [
bx n
bx k
bx |
x}
bx m
bx v
xw
xr
#25060
0L
0U
xq
#25065
1L
1U
#25070
0L
0U
#25075
1L
1U
#25080
0L
0U
#25085
1L
1U
#25088
0N
#25090
0L
0U
#25095
1L
1U
#25100
0L
0U
#25105
1L
1U
#25108
b11 d
0M
#25110
0L
0U
#25115
1L
1U
#25118
0I
0J
0c
#25120
0L
0U
#25125
1L
1U
#25130
0L
0U
#25135
1L
1U
#25140
0L
0U
#25145
1L
1U
#25148
b100 o
b100 {
b100 S
b100 W
b100 h
#25149
b11010111 Z
b11010111 l
b11010111 k
b11010111 |
0}
0q
#25150
0L
0U
#25155
1L
1U
#25158
b101 ."
b1111 /"
b10000101 0"
b11010110 1"
b1111110 -"
1N
#25160
0L
0U
#25165
1L
1U
#25168
b11111000 p
b11111000 u
b1000 R
b1000 V
b1000 g
#25169
bx000 [
bx000 n
b1111000 m
b1111000 v
1w
#25170
0L
0U
b10000000 [
b10000000 n
1r
#25175
1L
1U
#25178
b100 d
b101 )"
b1111 *"
b10000101 +"
b11010110 ,"
b1111110 ("
1M
#25180
0L
0U
#25185
1L
1U
#25188
b101 d
b11010111 G
b11010111 Y
b11010111 f
b11010111 j
b11010111 z
#25189
b11011011 Z
b11011011 l
b11011011 k
b11011011 |
#25190
0L
0U
#25195
1L
1U
#25198
b11010111 '"
b0 d
1K
1b
#25200
0L
0U
#25205
1L
1U
#25210
0L
0U
#25213
1Q
b101 !"
b1111 ""
b10000101 #"
b11010110 $"
b1111110 %"
#25215
1L
1U
#25218
b1 d
#25220
0L
0U
#25225
1L
1U
#25228
0K
0b
#25230
0L
0U
#25235
1L
1U
#25240
0L
0U
#25245
1L
1U
#25248
b10 d
0Q
#25250
0L
0U
#25255
1L
1U
#25258
bx o
bx {
bx S
bx W
bx h
bx p
bx u
bx R
bx V
bx g
1I
1J
1c
#25259
bx Z
bx l
bx [
bx n
bx k
bx |
x}
bx m
bx v
xw
xr
#25260
0L
0U
xq
#25265
1L
1U
#25270
0L
0U
#25275
1L
1U
#25280
0L
0U
#25285
1L
1U
#25288
0N
#25290
0L
0U
#25295
1L
1U
#25300
0L
0U
#25305
1L
1U
#25308
b11 d
0M
#25310
0L
0U
#25315
1L
1U
#25318
0I
0J
0c
#25320
0L
0U
#25325
1L
1U
#25330
0L
0U
#25335
1L
1U
#25340
0L
0U
#25345
1L
1U
#25348
b11111111 o
b11111111 {
b1111 S
b1111 W
b1111 h
#25349
b1x0x0xx0 Z
b1x0x0xx0 l
b11010110 k
b11010110 |
1}
#25350
0L
0U
b11010110 Z
b11010110 l
0q
#25355
1L
1U
#25358
b1000 ."
b1001 /"
b11001111 1"
b1111111 -"
1N
#25360
0L
0U
#25365
1L
1U
#25368
b101 p
b101 u
b101 R
b101 V
b101 g
#25369
b10000101 [
b10000101 n
b10000101 m
b10000101 v
0w
0r
#25370
0L
0U
#25375
1L
1U
#25378
b100 d
b1000 )"
b1001 *"
b11001111 ,"
b1111111 ("
1M
#25380
0L
0U
#25385
1L
1U
#25388
b101 d
b11010110 G
b11010110 Y
b11010110 f
b11010110 j
b11010110 z
b10000101 H
b10000101 X
b10000101 e
b10000101 i
b10000101 t
#25389
b11010101 Z
b11010101 l
b10001010 [
b10001010 n
b11010101 k
b11010101 |
b10001010 m
b10001010 v
#25390
0L
0U
#25395
1L
1U
#25398
b11010110 '"
b10000101 &"
b0 d
1K
1b
#25400
0L
0U
#25405
1L
1U
#25410
0L
0U
#25413
1Q
b1000 !"
b1001 ""
b11001111 $"
b1111111 %"
#25415
1L
1U
#25418
b1 d
#25420
0L
0U
#25425
1L
1U
#25428
0K
0b
#25430
0L
0U
#25435
1L
1U
#25440
0L
0U
#25445
1L
1U
#25448
b10 d
0Q
#25450
0L
0U
#25455
1L
1U
#25458
bx o
bx {
bx S
bx W
bx h
bx p
bx u
bx R
bx V
bx g
1I
1J
1c
#25459
bx Z
bx l
bx [
bx n
bx k
bx |
x}
bx m
bx v
xw
#25460
0L
0U
xq
xr
#25465
1L
1U
#25470
0L
0U
#25475
1L
1U
#25480
0L
0U
#25485
1L
1U
#25488
0N
#25490
0L
0U
#25495
1L
1U
#25500
0L
0U
#25505
1L
1U
#25508
b11 d
0M
#25510
0L
0U
#25515
1L
1U
#25518
0I
0J
0c
#25520
0L
0U
#25525
1L
1U
#25530
0L
0U
#25535
1L
1U
#25540
0L
0U
#25545
1L
1U
#25548
b11111001 o
b11111001 {
b1001 S
b1001 W
b1001 h
#25549
b1x00x1x1 Z
b1x00x1x1 l
b11001111 k
b11001111 |
1}
#25550
0L
0U
b11001111 Z
b11001111 l
0q
#25555
1L
1U
#25558
b10000000 -"
1N
#25560
0L
0U
#25565
1L
1U
#25568
b11111000 p
b11111000 u
b1000 R
b1000 V
b1000 g
#25569
bx101 [
bx101 n
b1111101 m
b1111101 v
1w
#25570
0L
0U
b10000101 [
b10000101 n
1r
#25575
1L
1U
#25578
b100 d
b10000000 ("
1M
#25580
0L
0U
#25585
1L
1U
#25588
b101 d
b11001111 G
b11001111 Y
b11001111 f
b11001111 j
b11001111 z
#25589
b11001000 Z
b11001000 l
b11001000 k
b11001000 |
#25590
0L
0U
#25595
1L
1U
#25598
b11001111 '"
b0 d
1K
1b
#25600
0L
0U
#25605
1L
1U
#25610
0L
0U
#25613
b10000000 %"
