$date
	Mon Dec  1 21:17:58 2025
$end
$version
	Icarus Verilog
$end
$timescale
	1s
$end
$scope module testbench $end
$var wire 1 ! txd $end
$var wire 1 " rfd $end
$var wire 1 # clock $end
$var parameter 1 $ bianco $end
$var parameter 1 % marking $end
$var parameter 1 & nero $end
$var parameter 1 ' start_b $end
$var parameter 1 ( stop_b $end
$var reg 1 ) colore $end
$var reg 1 * current_color $end
$var reg 1 + dav_ $end
$var reg 1 , endline $end
$var reg 1 - error $end
$var reg 8 . expected [7:0] $end
$var reg 1 / first_pixel_already_sent $end
$var reg 7 0 i [6:0] $end
$var reg 7 1 j [6:0] $end
$var reg 7 2 k [6:0] $end
$var reg 1 3 next_color $end
$var reg 8 4 received [7:0] $end
$var reg 1 5 reset_ $end
$var reg 1 6 sampling $end
$scope module clk $end
$var wire 1 # clock $end
$var parameter 32 7 HALF_PERIOD $end
$var reg 1 8 CLOCK $end
$upscope $end
$scope module dut $end
$var wire 1 # clock $end
$var wire 1 ) colore $end
$var wire 1 + dav_ $end
$var wire 1 , endline $end
$var wire 1 5 reset_ $end
$var wire 1 ! txd $end
$var wire 1 " rfd $end
$var wire 1 9 c2 $end
$var wire 1 : c1 $end
$var wire 1 ; c0 $end
$var wire 1 < b9 $end
$var wire 1 = b8 $end
$var wire 1 > b7 $end
$var wire 1 ? b6 $end
$var wire 1 @ b5 $end
$var wire 1 A b4 $end
$var wire 1 B b3 $end
$var wire 1 C b2 $end
$var wire 1 D b10 $end
$var wire 1 E b1 $end
$var wire 1 F b0 $end
$scope module ABC_PC $end
$var wire 1 # clock $end
$var wire 1 5 reset_ $end
$var wire 1 9 c2 $end
$var wire 1 : c1 $end
$var wire 1 ; c0 $end
$var wire 1 < b9 $end
$var wire 1 = b8 $end
$var wire 1 > b7 $end
$var wire 1 ? b6 $end
$var wire 1 @ b5 $end
$var wire 1 A b4 $end
$var wire 1 B b3 $end
$var wire 1 C b2 $end
$var wire 1 D b10 $end
$var wire 1 E b1 $end
$var wire 1 F b0 $end
$var parameter 32 G S0 $end
$var parameter 32 H S1 $end
$var parameter 32 I S2 $end
$var parameter 32 J S3 $end
$var parameter 32 K S4 $end
$var reg 3 L STAR [2:0] $end
$upscope $end
$scope module ABC_PO $end
$var wire 1 F b0 $end
$var wire 1 E b1 $end
$var wire 1 D b10 $end
$var wire 1 C b2 $end
$var wire 1 B b3 $end
$var wire 1 A b4 $end
$var wire 1 @ b5 $end
$var wire 1 ? b6 $end
$var wire 1 > b7 $end
$var wire 1 = b8 $end
$var wire 1 < b9 $end
$var wire 1 ; c0 $end
$var wire 1 : c1 $end
$var wire 1 # clock $end
$var wire 1 ) colore $end
$var wire 1 + dav_ $end
$var wire 1 , endline $end
$var wire 1 5 reset_ $end
$var wire 1 " rfd $end
$var wire 1 ! txd $end
$var wire 1 9 c2 $end
$var parameter 1 M bianco $end
$var parameter 1 N marking $end
$var parameter 1 O nero $end
$var parameter 1 P start_b $end
$var parameter 1 Q stop_b $end
$var reg 10 R BUFFER [9:0] $end
$var reg 4 S COUNT [3:0] $end
$var reg 1 T CUR_COL $end
$var reg 7 U N [6:0] $end
$var reg 1 V RFD $end
$var reg 1 W TXD $end
$upscope $end
$upscope $end
$scope fork f $end
$upscope $end
$upscope $end
$enddefinitions $end
$comment Show the parameter values. $end
$dumpall
1Q
0P
0O
1N
1M
b100 K
b11 J
b10 I
b1 H
b0 G
b101 7
1(
0'
1&
1%
0$
$end
#0
$dumpvars
xW
xV
bx U
xT
bx S
bx R
bx L
xF
xE
xD
xC
xB
xA
x@
x?
x>
x=
x<
x;
x:
x9
08
06
05
bx 4
13
bx 2
bx 1
bx 0
1/
bx .
0-
x,
x+
x*
x)
0#
x"
x!
$end
#1
1F
0E
1B
1@
1?
0>
0=
1D
b0 L
1!
1W
b1 R
0T
b0 U
#5
1#
18
0;
15
1+
#8
1"
1V
#10
0#
08
b1 1
1*
b11110 0
#15
1#
18
#20
0#
08
0:
0,
1)
#25
1#
18
#30
0#
08
1;
0+
#35
1#
18
#38
xF
1E
x>
1=
0<
0D
b1 L
#40
0#
08
#45
1#
18
#48
1C
0B
0A
0@
0?
1<
b10 L
#50
0#
08
#55
1#
18
#58
1:
b1 U
1T
b1000000000 R
09
b1001 S
#60
0#
08
#65
1#
18
#70
0#
08
#75
1#
18
#80
0#
08
#85
1#
18
#90
0#
08
#95
1#
18
#100
0#
08
#105
1#
18
#110
0#
08
#115
1#
18
#120
0#
08
#125
1#
18
#130
0#
08
#135
1#
18
#140
0#
08
#145
1#
18
#150
0#
08
#155
1#
18
#160
0#
08
#165
1#
18
#170
0#
08
#175
1#
18
#180
0#
08
#185
1#
18
#190
0#
08
#195
1#
18
#200
0#
08
#205
1#
18
#210
0#
08
#215
1#
18
#220
0#
08
#225
1#
18
#230
0#
08
#235
1#
18
#240
0#
08
#245
1#
18
#250
0#
08
#255
1#
18
#260
0#
08
#265
1#
18
#270
0#
08
#275
1#
18
#280
0#
08
#285
1#
18
#290
0#
08
#295
1#
18
#300
0#
08
#305
1#
18
#310
0#
08
#315
1#
18
#320
0#
08
#325
1#
18
#330
0#
08
#335
1#
18
#340
0#
08
#345
1#
18
#350
0#
08
#355
1#
18
#360
0#
08
#365
1#
18
#370
0#
08
#375
1#
18
#380
0#
08
#385
1#
18
#390
0#
08
#395
1#
18
#400
0#
08
#405
1#
18
#410
0#
08
#415
1#
18
#420
0#
08
#425
1#
18
#430
0#
08
#435
1#
18
#440
0#
08
#445
1#
18
#450
0#
08
#455
1#
18
#460
0#
08
#465
1#
18
#470
0#
08
#475
1#
18
#480
0#
08
#485
1#
18
#490
0#
08
#495
1#
18
#500
0#
08
#505
1#
18
#510
0#
08
#515
1#
18
#520
0#
08
#525
1#
18
#530
0#
08
#535
1#
18
#540
0#
08
#545
1#
18
#550
0#
08
#555
1#
18
#560
0#
08
#565
1#
18
#570
0#
08
#575
1#
18
#580
0#
08
#585
1#
18
#590
0#
08
#595
1#
18
#600
0#
08
#605
1#
18
#610
0#
08
#615
1#
18
#620
0#
08
#625
1#
18
#630
0#
08
#635
1#
18
#640
0#
08
#645
1#
18
#650
0#
08
#655
1#
18
#660
0#
08
#665
1#
18
#670
0#
08
#675
1#
18
#680
0#
08
#685
1#
18
#690
0#
08
#695
1#
18
#700
0#
08
#705
1#
18
#710
0#
08
#715
1#
18
#720
0#
08
#725
1#
18
#730
0#
08
#735
1#
18
#740
0#
08
#745
1#
18
#750
0#
08
#755
1#
18
#760
0#
08
#765
1#
18
#770
0#
08
#775
1#
18
#780
0#
08
#785
1#
18
#790
0#
08
#795
1#
18
#800
0#
08
#805
1#
18
#810
0#
08
#815
1#
18
#820
0#
08
#825
1#
18
#830
0#
08
#835
1#
18
#840
0#
08
#845
1#
18
#850
0#
08
#855
1#
18
#860
0#
08
#865
1#
18
#870
0#
08
#875
1#
18
#880
0#
08
#885
1#
18
#890
0#
08
#895
1#
18
#900
0#
08
#905
1#
18
#910
0#
08
#915
1#
18
#920
0#
08
#925
1#
18
#930
0#
08
#935
1#
18
#940
0#
08
#945
1#
18
#950
0#
08
#955
1#
18
#960
0#
08
#965
1#
18
#970
0#
08
#975
1#
18
#980
0#
08
#985
1#
18
#990
0#
08
#995
1#
18
#1000
0#
08
#1005
1#
18
#1010
0#
08
#1015
1#
18
#1020
0#
08
#1025
1#
18
#1030
0#
08
#1035
1#
18
#1040
0#
08
#1045
1#
18
#1050
0#
08
#1055
1#
18
#1060
0#
08
#1065
1#
18
#1070
0#
08
#1075
1#
18
#1080
0#
08
#1085
1#
18
#1090
0#
08
#1095
1#
18
#1100
0#
08
#1105
1#
18
#1110
0#
08
#1115
1#
18
#1120
0#
08
#1125
1#
18
#1130
0#
08
#1135
1#
18
#1140
0#
08
#1145
1#
18
#1150
0#
08
#1155
1#
18
#1160
0#
08
#1165
1#
18
#1170
0#
08
#1175
1#
18
#1180
0#
08
#1185
1#
18
#1190
0#
08
#1195
1#
18
#1200
0#
08
#1205
1#
18
#1210
0#
08
#1215
1#
18
#1220
0#
08
#1225
1#
18
#1230
0#
08
#1235
1#
18
#1240
0#
08
#1245
1#
18
#1250
0#
08
#1255
1#
18
#1260
0#
08
#1265
1#
18
#1270
0#
08
#1275
1#
18
#1280
0#
08
#1285
1#
18
#1290
0#
08
#1295
1#
18
#1300
0#
08
#1305
1#
18
#1310
0#
08
#1315
1#
18
#1320
0#
08
#1325
1#
18
#1330
0#
08
#1335
1#
18
#1340
0#
08
#1345
1#
18
#1350
0#
08
#1355
1#
18
#1360
0#
08
#1365
1#
18
#1370
0#
08
#1375
1#
18
#1380
0#
08
#1385
1#
18
#1390
0#
08
#1395
1#
18
#1400
0#
08
#1405
1#
18
#1410
0#
08
#1415
1#
18
#1420
0#
08
#1425
1#
18
#1430
0#
08
#1435
1#
18
#1440
0#
08
#1445
1#
18
#1450
0#
08
#1455
1#
18
#1460
0#
08
#1465
1#
18
#1470
0#
08
#1475
1#
18
#1480
0#
08
#1485
1#
18
#1490
0#
08
#1495
1#
18
#1500
0#
08
#1505
1#
18
#1510
0#
08
#1515
1#
18
#1520
0#
08
#1525
1#
18
#1530
0#
08
#1535
1#
18
#1540
0#
08
#1545
1#
18
#1550
0#
08
#1555
1#
18
#1560
0#
08
#1565
1#
18
#1570
0#
08
#1575
1#
18
#1580
0#
08
#1585
1#
18
#1590
0#
08
#1595
1#
18
#1600
0#
08
#1605
1#
18
#1610
0#
08
#1615
1#
18
#1620
0#
08
#1625
1#
18
#1630
0#
08
#1635
1#
18
#1640
0#
08
#1645
1#
18
#1650
0#
08
#1655
1#
18
#1660
0#
08
#1665
1#
18
#1670
0#
08
#1675
1#
18
#1680
0#
08
#1685
1#
18
#1690
0#
08
#1695
1#
18
#1700
0#
08
#1705
1#
18
#1710
0#
08
#1715
1#
18
#1720
0#
08
#1725
1#
18
#1730
0#
08
#1735
1#
18
#1740
0#
08
#1745
1#
18
#1750
0#
08
#1755
1#
18
#1760
0#
08
#1765
1#
18
#1770
0#
08
#1775
1#
18
#1780
0#
08
#1785
1#
18
#1790
0#
08
#1795
1#
18
#1800
0#
08
#1805
1#
18
#1810
0#
08
#1815
1#
18
#1820
0#
08
#1825
1#
18
#1830
0#
08
#1835
1#
18
#1840
0#
08
#1845
1#
18
#1850
0#
08
#1855
1#
18
#1860
0#
08
#1865
1#
18
#1870
0#
08
#1875
1#
18
#1880
0#
08
#1885
1#
18
#1890
0#
08
#1895
1#
18
#1900
0#
08
#1905
1#
18
#1910
0#
08
#1915
1#
18
#1920
0#
08
#1925
1#
18
#1930
0#
08
#1935
1#
18
#1940
0#
08
#1945
1#
18
#1950
0#
08
#1955
1#
18
#1960
0#
08
#1965
1#
18
#1970
0#
08
#1975
1#
18
#1980
0#
08
#1985
1#
18
#1990
0#
08
#1995
1#
18
#2000
0#
08
#2005
1#
18
#2010
0#
08
#2015
1#
18
#2020
0#
08
#2025
1#
18
#2030
0#
08
#2035
1#
18
#2040
0#
08
#2045
1#
18
#2050
0#
08
#2055
1#
18
#2060
0#
08
#2065
1#
18
#2070
0#
08
#2075
1#
18
#2080
0#
08
#2085
1#
18
#2090
0#
08
#2095
1#
18
#2100
0#
08
#2105
1#
18
#2110
0#
08
#2115
1#
18
#2120
0#
08
#2125
1#
18
#2130
0#
08
#2135
1#
18
#2140
0#
08
#2145
1#
18
#2150
0#
08
#2155
1#
18
#2160
0#
08
#2165
1#
18
#2170
0#
08
#2175
1#
18
#2180
0#
08
#2185
1#
18
#2190
0#
08
#2195
1#
18
#2200
0#
08
#2205
1#
18
#2210
0#
08
#2215
1#
18
#2220
0#
08
#2225
1#
18
#2230
0#
08
#2235
1#
18
#2240
0#
08
#2245
1#
18
#2250
0#
08
#2255
1#
18
#2260
0#
08
#2265
1#
18
#2270
0#
08
#2275
1#
18
#2280
0#
08
#2285
1#
18
#2290
0#
08
#2295
1#
18
#2300
0#
08
#2305
1#
18
#2310
0#
08
#2315
1#
18
#2320
0#
08
#2325
1#
18
#2330
0#
08
#2335
1#
18
#2340
0#
08
#2345
1#
18
#2350
0#
08
#2355
1#
18
#2360
0#
08
#2365
1#
18
#2370
0#
08
#2375
1#
18
#2380
0#
08
#2385
1#
18
#2390
0#
08
#2395
1#
18
#2400
0#
08
#2405
1#
18
#2410
0#
08
#2415
1#
18
#2420
0#
08
#2425
1#
18
#2430
0#
08
#2435
1#
18
#2440
0#
08
#2445
1#
18
#2450
0#
08
#2455
1#
18
#2460
0#
08
#2465
1#
18
#2470
0#
08
#2475
1#
18
#2480
0#
08
#2485
1#
18
#2490
0#
08
#2495
1#
18
#2500
0#
08
#2505
1#
18
#2510
0#
08
#2515
1#
18
#2520
0#
08
#2525
1#
18
#2530
0#
08
#2535
1#
18
#2540
0#
08
#2545
1#
18
#2550
0#
08
#2555
1#
18
#2560
0#
08
#2565
1#
18
#2570
0#
08
#2575
1#
18
#2580
0#
08
#2585
1#
18
#2590
0#
08
#2595
1#
18
#2600
0#
08
#2605
1#
18
#2610
0#
08
#2615
1#
18
#2620
0#
08
#2625
1#
18
#2630
0#
08
#2635
1#
18
#2640
0#
08
#2645
1#
18
#2650
0#
08
#2655
1#
18
#2660
0#
08
#2665
1#
18
#2670
0#
08
#2675
1#
18
#2680
0#
08
#2685
1#
18
#2690
0#
08
#2695
1#
18
#2700
0#
08
#2705
1#
18
#2710
0#
08
#2715
1#
18
#2720
0#
08
#2725
1#
18
#2730
0#
08
#2735
1#
18
#2740
0#
08
#2745
1#
18
#2750
0#
08
#2755
1#
18
#2760
0#
08
#2765
1#
18
#2770
0#
08
#2775
1#
18
#2780
0#
08
#2785
1#
18
#2790
0#
08
#2795
1#
18
#2800
0#
08
#2805
1#
18
#2810
0#
08
#2815
1#
18
#2820
0#
08
#2825
1#
18
#2830
0#
08
#2835
1#
18
#2840
0#
08
#2845
1#
18
#2850
0#
08
#2855
1#
18
#2860
0#
08
#2865
1#
18
#2870
0#
08
#2875
1#
18
#2880
0#
08
#2885
1#
18
#2890
0#
08
#2895
1#
18
#2900
0#
08
#2905
1#
18
#2910
0#
08
#2915
1#
18
#2920
0#
08
#2925
1#
18
#2930
0#
08
#2935
1#
18
#2940
0#
08
#2945
1#
18
#2950
0#
08
#2955
1#
18
#2960
0#
08
#2965
1#
18
#2970
0#
08
#2975
1#
18
#2980
0#
08
#2985
1#
18
#2990
0#
08
#2995
1#
18
#3000
0#
08
#3005
1#
18
#3010
0#
08
#3015
1#
18
#3020
0#
08
#3025
1#
18
#3030
0#
08
#3035
1#
18
#3040
0#
08
#3045
1#
18
#3050
0#
08
#3055
1#
18
#3060
0#
08
#3065
1#
18
#3070
0#
08
#3075
1#
18
#3080
0#
08
#3085
1#
18
#3090
0#
08
#3095
1#
18
#3100
0#
08
#3105
1#
18
#3110
0#
08
#3115
1#
18
#3120
0#
08
#3125
1#
18
#3130
0#
08
#3135
1#
18
#3140
0#
08
#3145
1#
18
#3150
0#
08
#3155
1#
18
#3160
0#
08
#3165
1#
18
#3170
0#
08
#3175
1#
18
#3180
0#
08
#3185
1#
18
#3190
0#
08
#3195
1#
18
#3200
0#
08
#3205
1#
18
#3210
0#
08
#3215
1#
18
#3220
0#
08
#3225
1#
18
#3230
0#
08
#3235
1#
18
#3240
0#
08
#3245
1#
18
#3250
0#
08
#3255
1#
18
#3260
0#
08
#3265
1#
18
#3270
0#
08
#3275
1#
18
#3280
0#
08
#3285
1#
18
#3290
0#
08
#3295
1#
18
#3300
0#
08
#3305
1#
18
#3310
0#
08
#3315
1#
18
#3320
0#
08
#3325
1#
18
#3330
0#
08
#3335
1#
18
#3340
0#
08
#3345
1#
18
#3350
0#
08
#3355
1#
18
#3360
0#
08
#3365
1#
18
#3370
0#
08
#3375
1#
18
#3380
0#
08
#3385
1#
18
#3390
0#
08
#3395
1#
18
#3400
0#
08
#3405
1#
18
#3410
0#
08
#3415
1#
18
#3420
0#
08
#3425
1#
18
#3430
0#
08
#3435
1#
18
#3440
0#
08
#3445
1#
18
#3450
0#
08
#3455
1#
18
#3460
0#
08
#3465
1#
18
#3470
0#
08
#3475
1#
18
#3480
0#
08
#3485
1#
18
#3490
0#
08
#3495
1#
18
#3500
0#
08
#3505
1#
18
#3510
0#
08
#3515
1#
18
#3520
0#
08
#3525
1#
18
#3530
0#
08
#3535
1#
18
#3540
0#
08
#3545
1#
18
#3550
0#
08
#3555
1#
18
#3560
0#
08
#3565
1#
18
#3570
0#
08
#3575
1#
18
#3580
0#
08
#3585
1#
18
#3590
0#
08
#3595
1#
18
#3600
0#
08
#3605
1#
18
#3610
0#
08
#3615
1#
18
#3620
0#
08
#3625
1#
18
#3630
0#
08
#3635
1#
18
#3640
0#
08
#3645
1#
18
#3650
0#
08
#3655
1#
18
#3660
0#
08
#3665
1#
18
#3670
0#
08
#3675
1#
18
#3680
0#
08
#3685
1#
18
#3690
0#
08
#3695
1#
18
#3700
0#
08
#3705
1#
18
#3710
0#
08
#3715
1#
18
#3720
0#
08
#3725
1#
18
#3730
0#
08
#3735
1#
18
#3740
0#
08
#3745
1#
18
#3750
0#
08
#3755
1#
18
#3760
0#
08
#3765
1#
18
#3770
0#
08
#3775
1#
18
#3780
0#
08
#3785
1#
18
#3790
0#
08
#3795
1#
18
#3800
0#
08
#3805
1#
18
#3810
0#
08
#3815
1#
18
#3820
0#
08
#3825
1#
18
#3830
0#
08
#3835
1#
18
#3840
0#
08
#3845
1#
18
#3850
0#
08
#3855
1#
18
#3860
0#
08
#3865
1#
18
#3870
0#
08
#3875
1#
18
#3880
0#
08
#3885
1#
18
#3890
0#
08
#3895
1#
18
#3900
0#
08
#3905
1#
18
#3910
0#
08
#3915
1#
18
#3920
0#
08
#3925
1#
18
#3930
0#
08
#3935
1#
18
#3940
0#
08
#3945
1#
18
#3950
0#
08
#3955
1#
18
#3960
0#
08
#3965
1#
18
#3970
0#
08
#3975
1#
18
#3980
0#
08
#3985
1#
18
#3990
0#
08
#3995
1#
18
#4000
0#
08
#4005
1#
18
#4010
0#
08
#4015
1#
18
#4020
0#
08
#4025
1#
18
#4030
0#
08
#4035
1#
18
#4040
0#
08
#4045
1#
18
#4050
0#
08
#4055
1#
18
#4060
0#
08
#4065
1#
18
#4070
0#
08
#4075
1#
18
#4080
0#
08
#4085
1#
18
#4090
0#
08
#4095
1#
18
#4100
0#
08
#4105
1#
18
#4110
0#
08
#4115
1#
18
#4120
0#
08
#4125
1#
18
#4130
0#
08
#4135
1#
18
#4140
0#
08
#4145
1#
18
#4150
0#
08
#4155
1#
18
#4160
0#
08
#4165
1#
18
#4170
0#
08
#4175
1#
18
#4180
0#
08
#4185
1#
18
#4190
0#
08
#4195
1#
18
#4200
0#
08
#4205
1#
18
#4210
0#
08
#4215
1#
18
#4220
0#
08
#4225
1#
18
#4230
0#
08
#4235
1#
18
#4240
0#
08
#4245
1#
18
#4250
0#
08
#4255
1#
18
#4260
0#
08
#4265
1#
18
#4270
0#
08
#4275
1#
18
#4280
0#
08
#4285
1#
18
#4290
0#
08
#4295
1#
18
#4300
0#
08
#4305
1#
18
#4310
0#
08
#4315
1#
18
#4320
0#
08
#4325
1#
18
#4330
0#
08
#4335
1#
18
#4340
0#
08
#4345
1#
18
#4350
0#
08
#4355
1#
18
#4360
0#
08
#4365
1#
18
#4370
0#
08
#4375
1#
18
#4380
0#
08
#4385
1#
18
#4390
0#
08
#4395
1#
18
#4400
0#
08
#4405
1#
18
#4410
0#
08
#4415
1#
18
#4420
0#
08
#4425
1#
18
#4430
0#
08
#4435
1#
18
#4440
0#
08
#4445
1#
18
#4450
0#
08
#4455
1#
18
#4460
0#
08
#4465
1#
18
#4470
0#
08
#4475
1#
18
#4480
0#
08
#4485
1#
18
#4490
0#
08
#4495
1#
18
#4500
0#
08
#4505
1#
18
#4510
0#
08
#4515
1#
18
#4520
0#
08
#4525
1#
18
#4530
0#
08
#4535
1#
18
#4540
0#
08
#4545
1#
18
#4550
0#
08
#4555
1#
18
#4560
0#
08
#4565
1#
18
#4570
0#
08
#4575
1#
18
#4580
0#
08
#4585
1#
18
#4590
0#
08
#4595
1#
18
#4600
0#
08
#4605
1#
18
#4610
0#
08
#4615
1#
18
#4620
0#
08
#4625
1#
18
#4630
0#
08
#4635
1#
18
#4640
0#
08
#4645
1#
18
#4650
0#
08
#4655
1#
18
#4660
0#
08
#4665
1#
18
#4670
0#
08
#4675
1#
18
#4680
0#
08
#4685
1#
18
#4690
0#
08
#4695
1#
18
#4700
0#
08
#4705
1#
18
#4710
0#
08
#4715
1#
18
#4720
0#
08
#4725
1#
18
#4730
0#
08
#4735
1#
18
#4740
0#
08
#4745
1#
18
#4750
0#
08
#4755
1#
18
#4760
0#
08
#4765
1#
18
#4770
0#
08
#4775
1#
18
#4780
0#
08
#4785
1#
18
#4790
0#
08
#4795
1#
18
#4800
0#
08
#4805
1#
18
#4810
0#
08
#4815
1#
18
#4820
0#
08
#4825
1#
18
#4830
0#
08
#4835
1#
18
#4840
0#
08
#4845
1#
18
#4850
0#
08
#4855
1#
18
#4860
0#
08
#4865
1#
18
#4870
0#
08
#4875
1#
18
#4880
0#
08
#4885
1#
18
#4890
0#
08
#4895
1#
18
#4900
0#
08
#4905
1#
18
#4910
0#
08
#4915
1#
18
#4920
0#
08
#4925
1#
18
#4930
0#
08
#4935
1#
18
#4940
0#
08
#4945
1#
18
#4950
0#
08
#4955
1#
18
#4960
0#
08
#4965
1#
18
#4970
0#
08
#4975
1#
18
#4980
0#
08
#4985
1#
18
#4990
0#
08
#4995
1#
18
#5000
0#
08
#5005
1#
18
#5010
0#
08
#5015
1#
18
#5020
0#
08
#5025
1#
18
#5030
0#
08
#5035
1#
18
#5040
0#
08
#5045
1#
18
#5050
0#
08
#5055
1#
18
#5060
0#
08
#5065
1#
18
#5070
0#
08
#5075
1#
18
#5080
0#
08
#5085
1#
18
#5090
0#
08
#5095
1#
18
#5100
0#
08
#5105
1#
18
#5110
0#
08
#5115
1#
18
#5120
0#
08
#5125
1#
18
#5130
0#
08
#5135
1#
18
#5140
0#
08
#5145
1#
18
#5150
0#
08
#5155
1#
18
#5160
0#
08
#5165
1#
18
#5170
0#
08
#5175
1#
18
#5180
0#
08
#5185
1#
18
#5190
0#
08
#5195
1#
18
#5200
0#
08
#5205
1#
18
#5210
0#
08
#5215
1#
18
#5220
0#
08
#5225
1#
18
#5230
0#
08
#5235
1#
18
#5240
0#
08
#5245
1#
18
#5250
0#
08
#5255
1#
18
#5260
0#
08
#5265
1#
18
#5270
0#
08
#5275
1#
18
#5280
0#
08
#5285
1#
18
#5290
0#
08
#5295
1#
18
#5300
0#
08
#5305
1#
18
#5310
0#
08
#5315
1#
18
#5320
0#
08
#5325
1#
18
#5330
0#
08
#5335
1#
18
#5340
0#
08
#5345
1#
18
#5350
0#
08
#5355
1#
18
#5360
0#
08
#5365
1#
18
#5370
0#
08
#5375
1#
18
#5380
0#
08
#5385
1#
18
#5390
0#
08
#5395
1#
18
#5400
0#
08
#5405
1#
18
#5410
0#
08
#5415
1#
18
#5420
0#
08
#5425
1#
18
#5430
0#
08
#5435
1#
18
#5440
0#
08
#5445
1#
18
#5450
0#
08
#5455
1#
18
#5460
0#
08
#5465
1#
18
#5470
0#
08
#5475
1#
18
#5480
0#
08
#5485
1#
18
#5490
0#
08
#5495
1#
18
#5500
0#
08
#5505
1#
18
#5510
0#
08
#5515
1#
18
#5520
0#
08
#5525
1#
18
#5530
0#
08
#5535
1#
18
#5540
0#
08
#5545
1#
18
#5550
0#
08
#5555
1#
18
#5560
0#
08
#5565
1#
18
#5570
0#
08
#5575
1#
18
#5580
0#
08
#5585
1#
18
#5590
0#
08
#5595
1#
18
#5600
0#
08
#5605
1#
18
#5610
0#
08
#5615
1#
18
#5620
0#
08
#5625
1#
18
#5630
0#
08
#5635
1#
18
#5640
0#
08
#5645
1#
18
#5650
0#
08
#5655
1#
18
#5660
0#
08
#5665
1#
18
#5670
0#
08
#5675
1#
18
#5680
0#
08
#5685
1#
18
#5690
0#
08
#5695
1#
18
#5700
0#
08
#5705
1#
18
#5710
0#
08
#5715
1#
18
#5720
0#
08
#5725
1#
18
#5730
0#
08
#5735
1#
18
#5740
0#
08
#5745
1#
18
#5750
0#
08
#5755
1#
18
#5760
0#
08
#5765
1#
18
#5770
0#
08
#5775
1#
18
#5780
0#
08
#5785
1#
18
#5790
0#
08
#5795
1#
18
#5800
0#
08
#5805
1#
18
#5810
0#
08
#5815
1#
18
#5820
0#
08
#5825
1#
18
#5830
0#
08
#5835
1#
18
#5840
0#
08
#5845
1#
18
#5850
0#
08
#5855
1#
18
#5860
0#
08
#5865
1#
18
#5870
0#
08
#5875
1#
18
#5880
0#
08
#5885
1#
18
#5890
0#
08
#5895
1#
18
#5900
0#
08
#5905
1#
18
#5910
0#
08
#5915
1#
18
#5920
0#
08
#5925
1#
18
#5930
0#
08
#5935
1#
18
#5940
0#
08
#5945
1#
18
#5950
0#
08
#5955
1#
18
#5960
0#
08
#5965
1#
18
#5970
0#
08
#5975
1#
18
#5980
0#
08
#5985
1#
18
#5990
0#
08
#5995
1#
18
#6000
0#
08
#6005
1#
18
#6010
0#
08
#6015
1#
18
#6020
0#
08
#6025
1#
18
#6030
0#
08
#6035
1#
18
#6040
0#
08
#6045
1#
18
#6050
0#
08
#6055
1#
18
#6060
0#
08
#6065
1#
18
#6070
0#
08
#6075
1#
18
#6080
0#
08
#6085
1#
18
#6090
0#
08
#6095
1#
18
#6100
0#
08
#6105
1#
18
#6110
0#
08
#6115
1#
18
#6120
0#
08
#6125
1#
18
#6130
0#
08
#6135
1#
18
#6140
0#
08
#6145
1#
18
#6150
0#
08
#6155
1#
18
#6160
0#
08
#6165
1#
18
#6170
0#
08
#6175
1#
18
#6180
0#
08
#6185
1#
18
#6190
0#
08
#6195
1#
18
#6200
0#
08
#6205
1#
18
#6210
0#
08
#6215
1#
18
#6220
0#
08
#6225
1#
18
#6230
0#
08
#6235
1#
18
#6240
0#
08
#6245
1#
18
#6250
0#
08
#6255
1#
18
#6260
0#
08
#6265
1#
18
#6270
0#
08
#6275
1#
18
#6280
0#
08
#6285
1#
18
#6290
0#
08
#6295
1#
18
#6300
0#
08
#6305
1#
18
#6310
0#
08
#6315
1#
18
#6320
0#
08
#6325
1#
18
#6330
0#
08
#6335
1#
18
#6340
0#
08
#6345
1#
18
#6350
0#
08
#6355
1#
18
#6360
0#
08
#6365
1#
18
#6370
0#
08
#6375
1#
18
#6380
0#
08
#6385
1#
18
#6390
0#
08
#6395
1#
18
#6400
0#
08
#6405
1#
18
#6410
0#
08
#6415
1#
18
#6420
0#
08
#6425
1#
18
#6430
0#
08
#6435
1#
18
#6440
0#
08
#6445
1#
18
#6450
0#
08
#6455
1#
18
#6460
0#
08
#6465
1#
18
#6470
0#
08
#6475
1#
18
#6480
0#
08
#6485
1#
18
#6490
0#
08
#6495
1#
18
#6500
0#
08
#6505
1#
18
#6510
0#
08
#6515
1#
18
#6520
0#
08
#6525
1#
18
#6530
0#
08
#6535
1#
18
#6540
0#
08
#6545
1#
18
#6550
0#
08
#6555
1#
18
#6560
0#
08
#6565
1#
18
#6570
0#
08
#6575
1#
18
#6580
0#
08
#6585
1#
18
#6590
0#
08
#6595
1#
18
#6600
0#
08
#6605
1#
18
#6610
0#
08
#6615
1#
18
#6620
0#
08
#6625
1#
18
#6630
0#
08
#6635
1#
18
#6640
0#
08
#6645
1#
18
#6650
0#
08
#6655
1#
18
#6660
0#
08
#6665
1#
18
#6670
0#
08
#6675
1#
18
#6680
0#
08
#6685
1#
18
#6690
0#
08
#6695
1#
18
#6700
0#
08
#6705
1#
18
#6710
0#
08
#6715
1#
18
#6720
0#
08
#6725
1#
18
#6730
0#
08
#6735
1#
18
#6740
0#
08
#6745
1#
18
#6750
0#
08
#6755
1#
18
#6760
0#
08
#6765
1#
18
#6770
0#
08
#6775
1#
18
#6780
0#
08
#6785
1#
18
#6790
0#
08
#6795
1#
18
#6800
0#
08
#6805
1#
18
#6810
0#
08
#6815
1#
18
#6820
0#
08
#6825
1#
18
#6830
0#
08
#6835
1#
18
#6840
0#
08
#6845
1#
18
#6850
0#
08
#6855
1#
18
#6860
0#
08
#6865
1#
18
#6870
0#
08
#6875
1#
18
#6880
0#
08
#6885
1#
18
#6890
0#
08
#6895
1#
18
#6900
0#
08
#6905
1#
18
#6910
0#
08
#6915
1#
18
#6920
0#
08
#6925
1#
18
#6930
0#
08
#6935
1#
18
#6940
0#
08
#6945
1#
18
#6950
0#
08
#6955
1#
18
#6960
0#
08
#6965
1#
18
#6970
0#
08
#6975
1#
18
#6980
0#
08
#6985
1#
18
#6990
0#
08
#6995
1#
18
#7000
0#
08
#7005
1#
18
#7010
0#
08
#7015
1#
18
#7020
0#
08
#7025
1#
18
#7030
0#
08
#7035
1#
18
#7040
0#
08
#7045
1#
18
#7050
0#
08
#7055
1#
18
#7060
0#
08
#7065
1#
18
#7070
0#
08
#7075
1#
18
#7080
0#
08
#7085
1#
18
#7090
0#
08
#7095
1#
18
#7100
0#
08
#7105
1#
18
#7110
0#
08
#7115
1#
18
#7120
0#
08
#7125
1#
18
#7130
0#
08
#7135
1#
18
#7140
0#
08
#7145
1#
18
#7150
0#
08
#7155
1#
18
#7160
0#
08
#7165
1#
18
#7170
0#
08
#7175
1#
18
#7180
0#
08
#7185
1#
18
#7190
0#
08
#7195
1#
18
#7200
0#
08
#7205
1#
18
#7210
0#
08
#7215
1#
18
#7220
0#
08
#7225
1#
18
#7230
0#
08
#7235
1#
18
#7240
0#
08
#7245
1#
18
#7250
0#
08
#7255
1#
18
#7260
0#
08
#7265
1#
18
#7270
0#
08
#7275
1#
18
#7280
0#
08
#7285
1#
18
#7290
0#
08
#7295
1#
18
#7300
0#
08
#7305
1#
18
#7310
0#
08
#7315
1#
18
#7320
0#
08
#7325
1#
18
#7330
0#
08
#7335
1#
18
#7340
0#
08
#7345
1#
18
#7350
0#
08
#7355
1#
18
#7360
0#
08
#7365
1#
18
#7370
0#
08
#7375
1#
18
#7380
0#
08
#7385
1#
18
#7390
0#
08
#7395
1#
18
#7400
0#
08
#7405
1#
18
#7410
0#
08
#7415
1#
18
#7420
0#
08
#7425
1#
18
#7430
0#
08
#7435
1#
18
#7440
0#
08
#7445
1#
18
#7450
0#
08
#7455
1#
18
#7460
0#
08
#7465
1#
18
#7470
0#
08
#7475
1#
18
#7480
0#
08
#7485
1#
18
#7490
0#
08
#7495
1#
18
#7500
0#
08
#7505
1#
18
#7510
0#
08
#7515
1#
18
#7520
0#
08
#7525
1#
18
#7530
0#
08
#7535
1#
18
#7540
0#
08
#7545
1#
18
#7550
0#
08
#7555
1#
18
#7560
0#
08
#7565
1#
18
#7570
0#
08
#7575
1#
18
#7580
0#
08
#7585
1#
18
#7590
0#
08
#7595
1#
18
#7600
0#
08
#7605
1#
18
#7610
0#
08
#7615
1#
18
#7620
0#
08
#7625
1#
18
#7630
0#
08
#7635
1#
18
#7640
0#
08
#7645
1#
18
#7650
0#
08
#7655
1#
18
#7660
0#
08
#7665
1#
18
#7670
0#
08
#7675
1#
18
#7680
0#
08
#7685
1#
18
#7690
0#
08
#7695
1#
18
#7700
0#
08
#7705
1#
18
#7710
0#
08
#7715
1#
18
#7720
0#
08
#7725
1#
18
#7730
0#
08
#7735
1#
18
#7740
0#
08
#7745
1#
18
#7750
0#
08
#7755
1#
18
#7760
0#
08
#7765
1#
18
#7770
0#
08
#7775
1#
18
#7780
0#
08
#7785
1#
18
#7790
0#
08
#7795
1#
18
#7800
0#
08
#7805
1#
18
#7810
0#
08
#7815
1#
18
#7820
0#
08
#7825
1#
18
#7830
0#
08
#7835
1#
18
#7840
0#
08
#7845
1#
18
#7850
0#
08
#7855
1#
18
#7860
0#
08
#7865
1#
18
#7870
0#
08
#7875
1#
18
#7880
0#
08
#7885
1#
18
#7890
0#
08
#7895
1#
18
#7900
0#
08
#7905
1#
18
#7910
0#
08
#7915
1#
18
#7920
0#
08
#7925
1#
18
#7930
0#
08
#7935
1#
18
#7940
0#
08
#7945
1#
18
#7950
0#
08
#7955
1#
18
#7960
0#
08
#7965
1#
18
#7970
0#
08
#7975
1#
18
#7980
0#
08
#7985
1#
18
#7990
0#
08
#7995
1#
18
#8000
0#
08
#8005
1#
18
#8010
0#
08
#8015
1#
18
#8020
0#
08
#8025
1#
18
#8030
0#
08
#8035
1#
18
#8040
0#
08
#8045
1#
18
#8050
0#
08
#8055
1#
18
#8060
0#
08
#8065
1#
18
#8070
0#
08
#8075
1#
18
#8080
0#
08
#8085
1#
18
#8090
0#
08
#8095
1#
18
#8100
0#
08
#8105
1#
18
#8110
0#
08
#8115
1#
18
#8120
0#
08
#8125
1#
18
#8130
0#
08
#8135
1#
18
#8140
0#
08
#8145
1#
18
#8150
0#
08
#8155
1#
18
#8160
0#
08
#8165
1#
18
#8170
0#
08
#8175
1#
18
#8180
0#
08
#8185
1#
18
#8190
0#
08
#8195
1#
18
#8200
0#
08
#8205
1#
18
#8210
0#
08
#8215
1#
18
#8220
0#
08
#8225
1#
18
#8230
0#
08
#8235
1#
18
#8240
0#
08
#8245
1#
18
#8250
0#
08
#8255
1#
18
#8260
0#
08
#8265
1#
18
#8270
0#
08
#8275
1#
18
#8280
0#
08
#8285
1#
18
#8290
0#
08
#8295
1#
18
#8300
0#
08
#8305
1#
18
#8310
0#
08
#8315
1#
18
#8320
0#
08
#8325
1#
18
#8330
0#
08
#8335
1#
18
#8340
0#
08
#8345
1#
18
#8350
0#
08
#8355
1#
18
#8360
0#
08
#8365
1#
18
#8370
0#
08
#8375
1#
18
#8380
0#
08
#8385
1#
18
#8390
0#
08
#8395
1#
18
#8400
0#
08
#8405
1#
18
#8410
0#
08
#8415
1#
18
#8420
0#
08
#8425
1#
18
#8430
0#
08
#8435
1#
18
#8440
0#
08
#8445
1#
18
#8450
0#
08
#8455
1#
18
#8460
0#
08
#8465
1#
18
#8470
0#
08
#8475
1#
18
#8480
0#
08
#8485
1#
18
#8490
0#
08
#8495
1#
18
#8500
0#
08
#8505
1#
18
#8510
0#
08
#8515
1#
18
#8520
0#
08
#8525
1#
18
#8530
0#
08
#8535
1#
18
#8540
0#
08
#8545
1#
18
#8550
0#
08
#8555
1#
18
#8560
0#
08
#8565
1#
18
#8570
0#
08
#8575
1#
18
#8580
0#
08
#8585
1#
18
#8590
0#
08
#8595
1#
18
#8600
0#
08
#8605
1#
18
#8610
0#
08
#8615
1#
18
#8620
0#
08
#8625
1#
18
#8630
0#
08
#8635
1#
18
#8640
0#
08
#8645
1#
18
#8650
0#
08
#8655
1#
18
#8660
0#
08
#8665
1#
18
#8670
0#
08
#8675
1#
18
#8680
0#
08
#8685
1#
18
#8690
0#
08
#8695
1#
18
#8700
0#
08
#8705
1#
18
#8710
0#
08
#8715
1#
18
#8720
0#
08
#8725
1#
18
#8730
0#
08
#8735
1#
18
#8740
0#
08
#8745
1#
18
#8750
0#
08
#8755
1#
18
#8760
0#
08
#8765
1#
18
#8770
0#
08
#8775
1#
18
#8780
0#
08
#8785
1#
18
#8790
0#
08
#8795
1#
18
#8800
0#
08
#8805
1#
18
#8810
0#
08
#8815
1#
18
#8820
0#
08
#8825
1#
18
#8830
0#
08
#8835
1#
18
#8840
0#
08
#8845
1#
18
#8850
0#
08
#8855
1#
18
#8860
0#
08
#8865
1#
18
#8870
0#
08
#8875
1#
18
#8880
0#
08
#8885
1#
18
#8890
0#
08
#8895
1#
18
#8900
0#
08
#8905
1#
18
#8910
0#
08
#8915
1#
18
#8920
0#
08
#8925
1#
18
#8930
0#
08
#8935
1#
18
#8940
0#
08
#8945
1#
18
#8950
0#
08
#8955
1#
18
#8960
0#
08
#8965
1#
18
#8970
0#
08
#8975
1#
18
#8980
0#
08
#8985
1#
18
#8990
0#
08
#8995
1#
18
#9000
0#
08
#9005
1#
18
#9010
0#
08
#9015
1#
18
#9020
0#
08
#9025
1#
18
#9030
0#
08
#9035
1#
18
#9040
0#
08
#9045
1#
18
#9050
0#
08
#9055
1#
18
#9060
0#
08
#9065
1#
18
#9070
0#
08
#9075
1#
18
#9080
0#
08
#9085
1#
18
#9090
0#
08
#9095
1#
18
#9100
0#
08
#9105
1#
18
#9110
0#
08
#9115
1#
18
#9120
0#
08
#9125
1#
18
#9130
0#
08
#9135
1#
18
#9140
0#
08
#9145
1#
18
#9150
0#
08
#9155
1#
18
#9160
0#
08
#9165
1#
18
#9170
0#
08
#9175
1#
18
#9180
0#
08
#9185
1#
18
#9190
0#
08
#9195
1#
18
#9200
0#
08
#9205
1#
18
#9210
0#
08
#9215
1#
18
#9220
0#
08
#9225
1#
18
#9230
0#
08
#9235
1#
18
#9240
0#
08
#9245
1#
18
#9250
0#
08
#9255
1#
18
#9260
0#
08
#9265
1#
18
#9270
0#
08
#9275
1#
18
#9280
0#
08
#9285
1#
18
#9290
0#
08
#9295
1#
18
#9300
0#
08
#9305
1#
18
#9310
0#
08
#9315
1#
18
#9320
0#
08
#9325
1#
18
#9330
0#
08
#9335
1#
18
#9340
0#
08
#9345
1#
18
#9350
0#
08
#9355
1#
18
#9360
0#
08
#9365
1#
18
#9370
0#
08
#9375
1#
18
#9380
0#
08
#9385
1#
18
#9390
0#
08
#9395
1#
18
#9400
0#
08
#9405
1#
18
#9410
0#
08
#9415
1#
18
#9420
0#
08
#9425
1#
18
#9430
0#
08
#9435
1#
18
#9440
0#
08
#9445
1#
18
#9450
0#
08
#9455
1#
18
#9460
0#
08
#9465
1#
18
#9470
0#
08
#9475
1#
18
#9480
0#
08
#9485
1#
18
#9490
0#
08
#9495
1#
18
#9500
0#
08
#9505
1#
18
#9510
0#
08
#9515
1#
18
#9520
0#
08
#9525
1#
18
#9530
0#
08
#9535
1#
18
#9540
0#
08
#9545
1#
18
#9550
0#
08
#9555
1#
18
#9560
0#
08
#9565
1#
18
#9570
0#
08
#9575
1#
18
#9580
0#
08
#9585
1#
18
#9590
0#
08
#9595
1#
18
#9600
0#
08
#9605
1#
18
#9610
0#
08
#9615
1#
18
#9620
0#
08
#9625
1#
18
#9630
0#
08
#9635
1#
18
#9640
0#
08
#9645
1#
18
#9650
0#
08
#9655
1#
18
#9660
0#
08
#9665
1#
18
#9670
0#
08
#9675
1#
18
#9680
0#
08
#9685
1#
18
#9690
0#
08
#9695
1#
18
#9700
0#
08
#9705
1#
18
#9710
0#
08
#9715
1#
18
#9720
0#
08
#9725
1#
18
#9730
0#
08
#9735
1#
18
#9740
0#
08
#9745
1#
18
#9750
0#
08
#9755
1#
18
#9760
0#
08
#9765
1#
18
#9770
0#
08
#9775
1#
18
#9780
0#
08
#9785
1#
18
#9790
0#
08
#9795
1#
18
#9800
0#
08
#9805
1#
18
#9810
0#
08
#9815
1#
18
#9820
0#
08
#9825
1#
18
#9830
0#
08
#9835
1#
18
#9840
0#
08
#9845
1#
18
#9850
0#
08
#9855
1#
18
#9860
0#
08
#9865
1#
18
#9870
0#
08
#9875
1#
18
#9880
0#
08
#9885
1#
18
#9890
0#
08
#9895
1#
18
#9900
0#
08
#9905
1#
18
#9910
0#
08
#9915
1#
18
#9920
0#
08
#9925
1#
18
#9930
0#
08
#9935
1#
18
#9940
0#
08
#9945
1#
18
#9950
0#
08
#9955
1#
18
#9960
0#
08
#9965
1#
18
#9970
0#
08
#9975
1#
18
#9980
0#
08
#9985
1#
18
#9990
0#
08
#9995
1#
18
#10000
0#
08
#10005
1#
18
#10010
0#
08
#10015
1#
18
#10020
0#
08
#10025
1#
18
#10030
0#
08
#10035
1#
18
#10040
0#
08
#10045
1#
18
#10050
0#
08
#10055
1#
18
#10060
0#
08
#10065
1#
18
#10070
0#
08
#10075
1#
18
#10080
0#
08
#10085
1#
18
#10090
0#
08
#10095
1#
18
#10100
0#
08
#10105
1#
18
#10110
0#
08
#10115
1#
18
#10120
0#
08
#10125
1#
18
#10130
0#
08
#10135
1#
18
#10140
0#
08
#10145
1#
18
#10150
0#
08
#10155
1#
18
#10160
0#
08
#10165
1#
18
#10170
0#
08
#10175
1#
18
#10180
0#
08
#10185
1#
18
#10190
0#
08
#10195
1#
18
#10200
0#
08
#10205
1#
18
#10210
0#
08
#10215
1#
18
#10220
0#
08
#10225
1#
18
#10230
0#
08
#10235
1#
18
#10240
0#
08
#10245
1#
18
#10250
0#
08
#10255
1#
18
#10260
0#
08
#10265
1#
18
#10270
0#
08
#10275
1#
18
#10280
0#
08
#10285
1#
18
#10290
0#
08
#10295
1#
18
#10300
0#
08
#10305
1#
18
#10310
0#
08
#10315
1#
18
#10320
0#
08
#10325
1#
18
#10330
0#
08
#10335
1#
18
#10340
0#
08
#10345
1#
18
#10350
0#
08
#10355
1#
18
#10360
0#
08
#10365
1#
18
#10370
0#
08
#10375
1#
18
#10380
0#
08
#10385
1#
18
#10390
0#
08
#10395
1#
18
#10400
0#
08
#10405
1#
18
#10410
0#
08
#10415
1#
18
#10420
0#
08
#10425
1#
18
#10430
0#
08
#10435
1#
18
#10440
0#
08
#10445
1#
18
#10450
0#
08
#10455
1#
18
#10460
0#
08
#10465
1#
18
#10470
0#
08
#10475
1#
18
#10480
0#
08
#10485
1#
18
#10490
0#
08
#10495
1#
18
#10500
0#
08
#10505
1#
18
#10510
0#
08
#10515
1#
18
#10520
0#
08
#10525
1#
18
#10530
0#
08
#10535
1#
18
#10540
0#
08
#10545
1#
18
#10550
0#
08
#10555
1#
18
#10560
0#
08
#10565
1#
18
#10570
0#
08
#10575
1#
18
#10580
0#
08
#10585
1#
18
#10590
0#
08
#10595
1#
18
#10600
0#
08
#10605
1#
18
#10610
0#
08
#10615
1#
18
#10620
0#
08
#10625
1#
18
#10630
0#
08
#10635
1#
18
#10640
0#
08
#10645
1#
18
#10650
0#
08
#10655
1#
18
#10660
0#
08
#10665
1#
18
#10670
0#
08
#10675
1#
18
#10680
0#
08
#10685
1#
18
#10690
0#
08
#10695
1#
18
#10700
0#
08
#10705
1#
18
#10710
0#
08
#10715
1#
18
#10720
0#
08
#10725
1#
18
#10730
0#
08
#10735
1#
18
#10740
0#
08
#10745
1#
18
#10750
0#
08
#10755
1#
18
#10760
0#
08
#10765
1#
18
#10770
0#
08
#10775
1#
18
#10780
0#
08
#10785
1#
18
#10790
0#
08
#10795
1#
18
#10800
0#
08
#10805
1#
18
#10810
0#
08
#10815
1#
18
#10820
0#
08
#10825
1#
18
#10830
0#
08
#10835
1#
18
#10840
0#
08
#10845
1#
18
#10850
0#
08
#10855
1#
18
#10860
0#
08
#10865
1#
18
#10870
0#
08
#10875
1#
18
#10880
0#
08
#10885
1#
18
#10890
0#
08
#10895
1#
18
#10900
0#
08
#10905
1#
18
#10910
0#
08
#10915
1#
18
#10920
0#
08
#10925
1#
18
#10930
0#
08
#10935
1#
18
#10940
0#
08
#10945
1#
18
#10950
0#
08
#10955
1#
18
#10960
0#
08
#10965
1#
18
#10970
0#
08
#10975
1#
18
#10980
0#
08
#10985
1#
18
#10990
0#
08
#10995
1#
18
#11000
0#
08
#11005
1#
18
#11010
0#
08
#11015
1#
18
#11020
0#
08
#11025
1#
18
#11030
0#
08
#11035
1#
18
#11040
0#
08
#11045
1#
18
#11050
0#
08
#11055
1#
18
#11060
0#
08
#11065
1#
18
#11070
0#
08
#11075
1#
18
#11080
0#
08
#11085
1#
18
#11090
0#
08
#11095
1#
18
#11100
0#
08
#11105
1#
18
#11110
0#
08
#11115
1#
18
#11120
0#
08
#11125
1#
18
#11130
0#
08
#11135
1#
18
#11140
0#
08
#11145
1#
18
#11150
0#
08
#11155
1#
18
#11160
0#
08
#11165
1#
18
#11170
0#
08
#11175
1#
18
#11180
0#
08
#11185
1#
18
#11190
0#
08
#11195
1#
18
#11200
0#
08
#11205
1#
18
#11210
0#
08
#11215
1#
18
#11220
0#
08
#11225
1#
18
#11230
0#
08
#11235
1#
18
#11240
0#
08
#11245
1#
18
#11250
0#
08
#11255
1#
18
#11260
0#
08
#11265
1#
18
#11270
0#
08
#11275
1#
18
#11280
0#
08
#11285
1#
18
#11290
0#
08
#11295
1#
18
#11300
0#
08
#11305
1#
18
#11310
0#
08
#11315
1#
18
#11320
0#
08
#11325
1#
18
#11330
0#
08
#11335
1#
18
#11340
0#
08
#11345
1#
18
#11350
0#
08
#11355
1#
18
#11360
0#
08
#11365
1#
18
#11370
0#
08
#11375
1#
18
#11380
0#
08
#11385
1#
18
#11390
0#
08
#11395
1#
18
#11400
0#
08
#11405
1#
18
#11410
0#
08
#11415
1#
18
#11420
0#
08
#11425
1#
18
#11430
0#
08
#11435
1#
18
#11440
0#
08
#11445
1#
18
#11450
0#
08
#11455
1#
18
#11460
0#
08
#11465
1#
18
#11470
0#
08
#11475
1#
18
#11480
0#
08
#11485
1#
18
#11490
0#
08
#11495
1#
18
#11500
0#
08
#11505
1#
18
#11510
0#
08
#11515
1#
18
#11520
0#
08
#11525
1#
18
#11530
0#
08
#11535
1#
18
#11540
0#
08
#11545
1#
18
#11550
0#
08
#11555
1#
18
#11560
0#
08
#11565
1#
18
#11570
0#
08
#11575
1#
18
#11580
0#
08
#11585
1#
18
#11590
0#
08
#11595
1#
18
#11600
0#
08
#11605
1#
18
#11610
0#
08
#11615
1#
18
#11620
0#
08
#11625
1#
18
#11630
0#
08
#11635
1#
18
#11640
0#
08
#11645
1#
18
#11650
0#
08
#11655
1#
18
#11660
0#
08
#11665
1#
18
#11670
0#
08
#11675
1#
18
#11680
0#
08
#11685
1#
18
#11690
0#
08
#11695
1#
18
#11700
0#
08
#11705
1#
18
#11710
0#
08
#11715
1#
18
#11720
0#
08
#11725
1#
18
#11730
0#
08
#11735
1#
18
#11740
0#
08
#11745
1#
18
#11750
0#
08
#11755
1#
18
#11760
0#
08
#11765
1#
18
#11770
0#
08
#11775
1#
18
#11780
0#
08
#11785
1#
18
#11790
0#
08
#11795
1#
18
#11800
0#
08
#11805
1#
18
#11810
0#
08
#11815
1#
18
#11820
0#
08
#11825
1#
18
#11830
0#
08
#11835
1#
18
#11840
0#
08
#11845
1#
18
#11850
0#
08
#11855
1#
18
#11860
0#
08
#11865
1#
18
#11870
0#
08
#11875
1#
18
#11880
0#
08
#11885
1#
18
#11890
0#
08
#11895
1#
18
#11900
0#
08
#11905
1#
18
#11910
0#
08
#11915
1#
18
#11920
0#
08
#11925
1#
18
#11930
0#
08
#11935
1#
18
#11940
0#
08
#11945
1#
18
#11950
0#
08
#11955
1#
18
#11960
0#
08
#11965
1#
18
#11970
0#
08
#11975
1#
18
#11980
0#
08
#11985
1#
18
#11990
0#
08
#11995
1#
18
#12000
0#
08
#12005
1#
18
#12010
0#
08
#12015
1#
18
#12020
0#
08
#12025
1#
18
#12030
0#
08
#12035
1#
18
#12040
0#
08
#12045
1#
18
#12050
0#
08
#12055
1#
18
#12060
0#
08
#12065
1#
18
#12070
0#
08
#12075
1#
18
#12080
0#
08
#12085
1#
18
#12090
0#
08
#12095
1#
18
#12100
0#
08
#12105
1#
18
#12110
0#
08
#12115
1#
18
#12120
0#
08
#12125
1#
18
#12130
0#
08
#12135
1#
18
#12140
0#
08
#12145
1#
18
#12150
0#
08
#12155
1#
18
#12160
0#
08
#12165
1#
18
#12170
0#
08
#12175
1#
18
#12180
0#
08
#12185
1#
18
#12190
0#
08
#12195
1#
18
#12200
0#
08
#12205
1#
18
#12210
0#
08
#12215
1#
18
#12220
0#
08
#12225
1#
18
#12230
0#
08
#12235
1#
18
#12240
0#
08
#12245
1#
18
#12250
0#
08
#12255
1#
18
#12260
0#
08
#12265
1#
18
#12270
0#
08
#12275
1#
18
#12280
0#
08
#12285
1#
18
#12290
0#
08
#12295
1#
18
#12300
0#
08
#12305
1#
18
#12310
0#
08
#12315
1#
18
#12320
0#
08
#12325
1#
18
#12330
0#
08
#12335
1#
18
#12340
0#
08
#12345
1#
18
#12350
0#
08
#12355
1#
18
#12360
0#
08
#12365
1#
18
#12370
0#
08
#12375
1#
18
#12380
0#
08
#12385
1#
18
#12390
0#
08
#12395
1#
18
#12400
0#
08
#12405
1#
18
#12410
0#
08
#12415
1#
18
#12420
0#
08
#12425
1#
18
#12430
0#
08
#12435
1#
18
#12440
0#
08
#12445
1#
18
#12450
0#
08
#12455
1#
18
#12460
0#
08
#12465
1#
18
#12470
0#
08
#12475
1#
18
#12480
0#
08
#12485
1#
18
#12490
0#
08
#12495
1#
18
#12500
0#
08
#12505
1#
18
#12510
0#
08
#12515
1#
18
#12520
0#
08
#12525
1#
18
#12530
0#
08
#12535
1#
18
#12540
0#
08
#12545
1#
18
#12550
0#
08
#12555
1#
18
#12560
0#
08
#12565
1#
18
#12570
0#
08
#12575
1#
18
#12580
0#
08
#12585
1#
18
#12590
0#
08
#12595
1#
18
#12600
0#
08
#12605
1#
18
#12610
0#
08
#12615
1#
18
#12620
0#
08
#12625
1#
18
#12630
0#
08
#12635
1#
18
#12640
0#
08
#12645
1#
18
#12650
0#
08
#12655
1#
18
#12660
0#
08
#12665
1#
18
#12670
0#
08
#12675
1#
18
#12680
0#
08
#12685
1#
18
#12690
0#
08
#12695
1#
18
#12700
0#
08
#12705
1#
18
#12710
0#
08
#12715
1#
18
#12720
0#
08
#12725
1#
18
#12730
0#
08
#12735
1#
18
#12740
0#
08
#12745
1#
18
#12750
0#
08
#12755
1#
18
#12760
0#
08
#12765
1#
18
#12770
0#
08
#12775
1#
18
#12780
0#
08
#12785
1#
18
#12790
0#
08
#12795
1#
18
#12800
0#
08
#12805
1#
18
#12810
0#
08
#12815
1#
18
#12820
0#
08
#12825
1#
18
#12830
0#
08
#12835
1#
18
#12840
0#
08
#12845
1#
18
#12850
0#
08
#12855
1#
18
#12860
0#
08
#12865
1#
18
#12870
0#
08
#12875
1#
18
#12880
0#
08
#12885
1#
18
#12890
0#
08
#12895
1#
18
#12900
0#
08
#12905
1#
18
#12910
0#
08
#12915
1#
18
#12920
0#
08
#12925
1#
18
#12930
0#
08
#12935
1#
18
#12940
0#
08
#12945
1#
18
#12950
0#
08
#12955
1#
18
#12960
0#
08
#12965
1#
18
#12970
0#
08
#12975
1#
18
#12980
0#
08
#12985
1#
18
#12990
0#
08
#12995
1#
18
#13000
0#
08
#13005
1#
18
#13010
0#
08
#13015
1#
18
#13020
0#
08
#13025
1#
18
#13030
0#
08
#13035
1#
18
#13040
0#
08
#13045
1#
18
#13050
0#
08
#13055
1#
18
#13060
0#
08
#13065
1#
18
#13070
0#
08
#13075
1#
18
#13080
0#
08
#13085
1#
18
#13090
0#
08
#13095
1#
18
#13100
0#
08
#13105
1#
18
#13110
0#
08
#13115
1#
18
#13120
0#
08
#13125
1#
18
#13130
0#
08
#13135
1#
18
#13140
0#
08
#13145
1#
18
#13150
0#
08
#13155
1#
18
#13160
0#
08
#13165
1#
18
#13170
0#
08
#13175
1#
18
#13180
0#
08
#13185
1#
18
#13190
0#
08
#13195
1#
18
#13200
0#
08
#13205
1#
18
#13210
0#
08
#13215
1#
18
#13220
0#
08
#13225
1#
18
#13230
0#
08
#13235
1#
18
#13240
0#
08
#13245
1#
18
#13250
0#
08
#13255
1#
18
#13260
0#
08
#13265
1#
18
#13270
0#
08
#13275
1#
18
#13280
0#
08
#13285
1#
18
#13290
0#
08
#13295
1#
18
#13300
0#
08
#13305
1#
18
#13310
0#
08
#13315
1#
18
#13320
0#
08
#13325
1#
18
#13330
0#
08
#13335
1#
18
#13340
0#
08
#13345
1#
18
#13350
0#
08
#13355
1#
18
#13360
0#
08
#13365
1#
18
#13370
0#
08
#13375
1#
18
#13380
0#
08
#13385
1#
18
#13390
0#
08
#13395
1#
18
#13400
0#
08
#13405
1#
18
#13410
0#
08
#13415
1#
18
#13420
0#
08
#13425
1#
18
#13430
0#
08
#13435
1#
18
#13440
0#
08
#13445
1#
18
#13450
0#
08
#13455
1#
18
#13460
0#
08
#13465
1#
18
#13470
0#
08
#13475
1#
18
#13480
0#
08
#13485
1#
18
#13490
0#
08
#13495
1#
18
#13500
0#
08
#13505
1#
18
#13510
0#
08
#13515
1#
18
#13520
0#
08
#13525
1#
18
#13530
0#
08
#13535
1#
18
#13540
0#
08
#13545
1#
18
#13550
0#
08
#13555
1#
18
#13560
0#
08
#13565
1#
18
#13570
0#
08
#13575
1#
18
#13580
0#
08
#13585
1#
18
#13590
0#
08
#13595
1#
18
#13600
0#
08
#13605
1#
18
#13610
0#
08
#13615
1#
18
#13620
0#
08
#13625
1#
18
#13630
0#
08
#13635
1#
18
#13640
0#
08
#13645
1#
18
#13650
0#
08
#13655
1#
18
#13660
0#
08
#13665
1#
18
#13670
0#
08
#13675
1#
18
#13680
0#
08
#13685
1#
18
#13690
0#
08
#13695
1#
18
#13700
0#
08
#13705
1#
18
#13710
0#
08
#13715
1#
18
#13720
0#
08
#13725
1#
18
#13730
0#
08
#13735
1#
18
#13740
0#
08
#13745
1#
18
#13750
0#
08
#13755
1#
18
#13760
0#
08
#13765
1#
18
#13770
0#
08
#13775
1#
18
#13780
0#
08
#13785
1#
18
#13790
0#
08
#13795
1#
18
#13800
0#
08
#13805
1#
18
#13810
0#
08
#13815
1#
18
#13820
0#
08
#13825
1#
18
#13830
0#
08
#13835
1#
18
#13840
0#
08
#13845
1#
18
#13850
0#
08
#13855
1#
18
#13860
0#
08
#13865
1#
18
#13870
0#
08
#13875
1#
18
#13880
0#
08
#13885
1#
18
#13890
0#
08
#13895
1#
18
#13900
0#
08
#13905
1#
18
#13910
0#
08
#13915
1#
18
#13920
0#
08
#13925
1#
18
#13930
0#
08
#13935
1#
18
#13940
0#
08
#13945
1#
18
#13950
0#
08
#13955
1#
18
#13960
0#
08
#13965
1#
18
#13970
0#
08
#13975
1#
18
#13980
0#
08
#13985
1#
18
#13990
0#
08
#13995
1#
18
#14000
0#
08
#14005
1#
18
#14010
0#
08
#14015
1#
18
#14020
0#
08
#14025
1#
18
#14030
0#
08
#14035
1#
18
#14040
0#
08
#14045
1#
18
#14050
0#
08
#14055
1#
18
#14060
0#
08
#14065
1#
18
#14070
0#
08
#14075
1#
18
#14080
0#
08
#14085
1#
18
#14090
0#
08
#14095
1#
18
#14100
0#
08
#14105
1#
18
#14110
0#
08
#14115
1#
18
#14120
0#
08
#14125
1#
18
#14130
0#
08
#14135
1#
18
#14140
0#
08
#14145
1#
18
#14150
0#
08
#14155
1#
18
#14160
0#
08
#14165
1#
18
#14170
0#
08
#14175
1#
18
#14180
0#
08
#14185
1#
18
#14190
0#
08
#14195
1#
18
#14200
0#
08
#14205
1#
18
#14210
0#
08
#14215
1#
18
#14220
0#
08
#14225
1#
18
#14230
0#
08
#14235
1#
18
#14240
0#
08
#14245
1#
18
#14250
0#
08
#14255
1#
18
#14260
0#
08
#14265
1#
18
#14270
0#
08
#14275
1#
18
#14280
0#
08
#14285
1#
18
#14290
0#
08
#14295
1#
18
#14300
0#
08
#14305
1#
18
#14310
0#
08
#14315
1#
18
#14320
0#
08
#14325
1#
18
#14330
0#
08
#14335
1#
18
#14340
0#
08
#14345
1#
18
#14350
0#
08
#14355
1#
18
#14360
0#
08
#14365
1#
18
#14370
0#
08
#14375
1#
18
#14380
0#
08
#14385
1#
18
#14390
0#
08
#14395
1#
18
#14400
0#
08
#14405
1#
18
#14410
0#
08
#14415
1#
18
#14420
0#
08
#14425
1#
18
#14430
0#
08
#14435
1#
18
#14440
0#
08
#14445
1#
18
#14450
0#
08
#14455
1#
18
#14460
0#
08
#14465
1#
18
#14470
0#
08
#14475
1#
18
#14480
0#
08
#14485
1#
18
#14490
0#
08
#14495
1#
18
#14500
0#
08
#14505
1#
18
#14510
0#
08
#14515
1#
18
#14520
0#
08
#14525
1#
18
#14530
0#
08
#14535
1#
18
#14540
0#
08
#14545
1#
18
#14550
0#
08
#14555
1#
18
#14560
0#
08
#14565
1#
18
#14570
0#
08
#14575
1#
18
#14580
0#
08
#14585
1#
18
#14590
0#
08
#14595
1#
18
#14600
0#
08
#14605
1#
18
#14610
0#
08
#14615
1#
18
#14620
0#
08
#14625
1#
18
#14630
0#
08
#14635
1#
18
#14640
0#
08
#14645
1#
18
#14650
0#
08
#14655
1#
18
#14660
0#
08
#14665
1#
18
#14670
0#
08
#14675
1#
18
#14680
0#
08
#14685
1#
18
#14690
0#
08
#14695
1#
18
#14700
0#
08
#14705
1#
18
#14710
0#
08
#14715
1#
18
#14720
0#
08
#14725
1#
18
#14730
0#
08
#14735
1#
18
#14740
0#
08
#14745
1#
18
#14750
0#
08
#14755
1#
18
#14760
0#
08
#14765
1#
18
#14770
0#
08
#14775
1#
18
#14780
0#
08
#14785
1#
18
#14790
0#
08
#14795
1#
18
#14800
0#
08
#14805
1#
18
#14810
0#
08
#14815
1#
18
#14820
0#
08
#14825
1#
18
#14830
0#
08
#14835
1#
18
#14840
0#
08
#14845
1#
18
#14850
0#
08
#14855
1#
18
#14860
0#
08
#14865
1#
18
#14870
0#
08
#14875
1#
18
#14880
0#
08
#14885
1#
18
#14890
0#
08
#14895
1#
18
#14900
0#
08
#14905
1#
18
#14910
0#
08
#14915
1#
18
#14920
0#
08
#14925
1#
18
#14930
0#
08
#14935
1#
18
#14940
0#
08
#14945
1#
18
#14950
0#
08
#14955
1#
18
#14960
0#
08
#14965
1#
18
#14970
0#
08
#14975
1#
18
#14980
0#
08
#14985
1#
18
#14990
0#
08
#14995
1#
18
#15000
0#
08
#15005
1#
18
#15010
0#
08
#15015
1#
18
#15020
0#
08
#15025
1#
18
#15030
0#
08
#15035
1#
18
#15040
0#
08
#15045
1#
18
#15050
0#
08
#15055
1#
18
#15060
0#
08
#15065
1#
18
#15070
0#
08
#15075
1#
18
#15080
0#
08
#15085
1#
18
#15090
0#
08
#15095
1#
18
#15100
0#
08
#15105
1#
18
#15110
0#
08
#15115
1#
18
#15120
0#
08
#15125
1#
18
#15130
0#
08
#15135
1#
18
#15140
0#
08
#15145
1#
18
#15150
0#
08
#15155
1#
18
#15160
0#
08
#15165
1#
18
#15170
0#
08
#15175
1#
18
#15180
0#
08
#15185
1#
18
#15190
0#
08
#15195
1#
18
#15200
0#
08
#15205
1#
18
#15210
0#
08
#15215
1#
18
#15220
0#
08
#15225
1#
18
#15230
0#
08
#15235
1#
18
#15240
0#
08
#15245
1#
18
#15250
0#
08
#15255
1#
18
#15260
0#
08
#15265
1#
18
#15270
0#
08
#15275
1#
18
#15280
0#
08
#15285
1#
18
#15290
0#
08
#15295
1#
18
#15300
0#
08
#15305
1#
18
#15310
0#
08
#15315
1#
18
#15320
0#
08
#15325
1#
18
#15330
0#
08
#15335
1#
18
#15340
0#
08
#15345
1#
18
#15350
0#
08
#15355
1#
18
#15360
0#
08
#15365
1#
18
#15370
0#
08
#15375
1#
18
#15380
0#
08
#15385
1#
18
#15390
0#
08
#15395
1#
18
#15400
0#
08
#15405
1#
18
#15410
0#
08
#15415
1#
18
#15420
0#
08
#15425
1#
18
#15430
0#
08
#15435
1#
18
#15440
0#
08
#15445
1#
18
#15450
0#
08
#15455
1#
18
#15460
0#
08
#15465
1#
18
#15470
0#
08
#15475
1#
18
#15480
0#
08
#15485
1#
18
#15490
0#
08
#15495
1#
18
#15500
0#
08
#15505
1#
18
#15510
0#
08
#15515
1#
18
#15520
0#
08
#15525
1#
18
#15530
0#
08
#15535
1#
18
#15540
0#
08
#15545
1#
18
#15550
0#
08
#15555
1#
18
#15560
0#
08
#15565
1#
18
#15570
0#
08
#15575
1#
18
#15580
0#
08
#15585
1#
18
#15590
0#
08
#15595
1#
18
#15600
0#
08
#15605
1#
18
#15610
0#
08
#15615
1#
18
#15620
0#
08
#15625
1#
18
#15630
0#
08
#15635
1#
18
#15640
0#
08
#15645
1#
18
#15650
0#
08
#15655
1#
18
#15660
0#
08
#15665
1#
18
#15670
0#
08
#15675
1#
18
#15680
0#
08
#15685
1#
18
#15690
0#
08
#15695
1#
18
#15700
0#
08
#15705
1#
18
#15710
0#
08
#15715
1#
18
#15720
0#
08
#15725
1#
18
#15730
0#
08
#15735
1#
18
#15740
0#
08
#15745
1#
18
#15750
0#
08
#15755
1#
18
#15760
0#
08
#15765
1#
18
#15770
0#
08
#15775
1#
18
#15780
0#
08
#15785
1#
18
#15790
0#
08
#15795
1#
18
#15800
0#
08
#15805
1#
18
#15810
0#
08
#15815
1#
18
#15820
0#
08
#15825
1#
18
#15830
0#
08
#15835
1#
18
#15840
0#
08
#15845
1#
18
#15850
0#
08
#15855
1#
18
#15860
0#
08
#15865
1#
18
#15870
0#
08
#15875
1#
18
#15880
0#
08
#15885
1#
18
#15890
0#
08
#15895
1#
18
#15900
0#
08
#15905
1#
18
#15910
0#
08
#15915
1#
18
#15920
0#
08
#15925
1#
18
#15930
0#
08
#15935
1#
18
#15940
0#
08
#15945
1#
18
#15950
0#
08
#15955
1#
18
#15960
0#
08
#15965
1#
18
#15970
0#
08
#15975
1#
18
#15980
0#
08
#15985
1#
18
#15990
0#
08
#15995
1#
18
#16000
0#
08
#16005
1#
18
#16010
0#
08
#16015
1#
18
#16020
0#
08
#16025
1#
18
#16030
0#
08
#16035
1#
18
#16040
0#
08
#16045
1#
18
#16050
0#
08
#16055
1#
18
#16060
0#
08
#16065
1#
18
#16070
0#
08
#16075
1#
18
#16080
0#
08
#16085
1#
18
#16090
0#
08
#16095
1#
18
#16100
0#
08
#16105
1#
18
#16110
0#
08
#16115
1#
18
#16120
0#
08
#16125
1#
18
#16130
0#
08
#16135
1#
18
#16140
0#
08
#16145
1#
18
#16150
0#
08
#16155
1#
18
#16160
0#
08
#16165
1#
18
#16170
0#
08
#16175
1#
18
#16180
0#
08
#16185
1#
18
#16190
0#
08
#16195
1#
18
#16200
0#
08
#16205
1#
18
#16210
0#
08
#16215
1#
18
#16220
0#
08
#16225
1#
18
#16230
0#
08
#16235
1#
18
#16240
0#
08
#16245
1#
18
#16250
0#
08
#16255
1#
18
#16260
0#
08
#16265
1#
18
#16270
0#
08
#16275
1#
18
#16280
0#
08
#16285
1#
18
#16290
0#
08
#16295
1#
18
#16300
0#
08
#16305
1#
18
#16310
0#
08
#16315
1#
18
#16320
0#
08
#16325
1#
18
#16330
0#
08
#16335
1#
18
#16340
0#
08
#16345
1#
18
#16350
0#
08
#16355
1#
18
#16360
0#
08
#16365
1#
18
#16370
0#
08
#16375
1#
18
#16380
0#
08
#16385
1#
18
#16390
0#
08
#16395
1#
18
#16400
0#
08
#16405
1#
18
#16410
0#
08
#16415
1#
18
#16420
0#
08
#16425
1#
18
#16430
0#
08
#16435
1#
18
#16440
0#
08
#16445
1#
18
#16450
0#
08
#16455
1#
18
#16460
0#
08
#16465
1#
18
#16470
0#
08
#16475
1#
18
#16480
0#
08
#16485
1#
18
#16490
0#
08
#16495
1#
18
#16500
0#
08
#16505
1#
18
#16510
0#
08
#16515
1#
18
#16520
0#
08
#16525
1#
18
#16530
0#
08
#16535
1#
18
#16540
0#
08
#16545
1#
18
#16550
0#
08
#16555
1#
18
#16560
0#
08
#16565
1#
18
#16570
0#
08
#16575
1#
18
#16580
0#
08
#16585
1#
18
#16590
0#
08
#16595
1#
18
#16600
0#
08
#16605
1#
18
#16610
0#
08
#16615
1#
18
#16620
0#
08
#16625
1#
18
#16630
0#
08
#16635
1#
18
#16640
0#
08
#16645
1#
18
#16650
0#
08
#16655
1#
18
#16660
0#
08
#16665
1#
18
#16670
0#
08
#16675
1#
18
#16680
0#
08
#16685
1#
18
#16690
0#
08
#16695
1#
18
#16700
0#
08
#16705
1#
18
#16710
0#
08
#16715
1#
18
#16720
0#
08
#16725
1#
18
#16730
0#
08
#16735
1#
18
#16740
0#
08
#16745
1#
18
#16750
0#
08
#16755
1#
18
#16760
0#
08
#16765
1#
18
#16770
0#
08
#16775
1#
18
#16780
0#
08
#16785
1#
18
#16790
0#
08
#16795
1#
18
#16800
0#
08
#16805
1#
18
#16810
0#
08
#16815
1#
18
#16820
0#
08
#16825
1#
18
#16830
0#
08
#16835
1#
18
#16840
0#
08
#16845
1#
18
#16850
0#
08
#16855
1#
18
#16860
0#
08
#16865
1#
18
#16870
0#
08
#16875
1#
18
#16880
0#
08
#16885
1#
18
#16890
0#
08
#16895
1#
18
#16900
0#
08
#16905
1#
18
#16910
0#
08
#16915
1#
18
#16920
0#
08
#16925
1#
18
#16930
0#
08
#16935
1#
18
#16940
0#
08
#16945
1#
18
#16950
0#
08
#16955
1#
18
#16960
0#
08
#16965
1#
18
#16970
0#
08
#16975
1#
18
#16980
0#
08
#16985
1#
18
#16990
0#
08
#16995
1#
18
#17000
0#
08
#17005
1#
18
#17010
0#
08
#17015
1#
18
#17020
0#
08
#17025
1#
18
#17030
0#
08
#17035
1#
18
#17040
0#
08
#17045
1#
18
#17050
0#
08
#17055
1#
18
#17060
0#
08
#17065
1#
18
#17070
0#
08
#17075
1#
18
#17080
0#
08
#17085
1#
18
#17090
0#
08
#17095
1#
18
#17100
0#
08
#17105
1#
18
#17110
0#
08
#17115
1#
18
#17120
0#
08
#17125
1#
18
#17130
0#
08
#17135
1#
18
#17140
0#
08
#17145
1#
18
#17150
0#
08
#17155
1#
18
#17160
0#
08
#17165
1#
18
#17170
0#
08
#17175
1#
18
#17180
0#
08
#17185
1#
18
#17190
0#
08
#17195
1#
18
#17200
0#
08
#17205
1#
18
#17210
0#
08
#17215
1#
18
#17220
0#
08
#17225
1#
18
#17230
0#
08
#17235
1#
18
#17240
0#
08
#17245
1#
18
#17250
0#
08
#17255
1#
18
#17260
0#
08
#17265
1#
18
#17270
0#
08
#17275
1#
18
#17280
0#
08
#17285
1#
18
#17290
0#
08
#17295
1#
18
#17300
0#
08
#17305
1#
18
#17310
0#
08
#17315
1#
18
#17320
0#
08
#17325
1#
18
#17330
0#
08
#17335
1#
18
#17340
0#
08
#17345
1#
18
#17350
0#
08
#17355
1#
18
#17360
0#
08
#17365
1#
18
#17370
0#
08
#17375
1#
18
#17380
0#
08
#17385
1#
18
#17390
0#
08
#17395
1#
18
#17400
0#
08
#17405
1#
18
#17410
0#
08
#17415
1#
18
#17420
0#
08
#17425
1#
18
#17430
0#
08
#17435
1#
18
#17440
0#
08
#17445
1#
18
#17450
0#
08
#17455
1#
18
#17460
0#
08
#17465
1#
18
#17470
0#
08
#17475
1#
18
#17480
0#
08
#17485
1#
18
#17490
0#
08
#17495
1#
18
#17500
0#
08
#17505
1#
18
#17510
0#
08
#17515
1#
18
#17520
0#
08
#17525
1#
18
#17530
0#
08
#17535
1#
18
#17540
0#
08
#17545
1#
18
#17550
0#
08
#17555
1#
18
#17560
0#
08
#17565
1#
18
#17570
0#
08
#17575
1#
18
#17580
0#
08
#17585
1#
18
#17590
0#
08
#17595
1#
18
#17600
0#
08
#17605
1#
18
#17610
0#
08
#17615
1#
18
#17620
0#
08
#17625
1#
18
#17630
0#
08
#17635
1#
18
#17640
0#
08
#17645
1#
18
#17650
0#
08
#17655
1#
18
#17660
0#
08
#17665
1#
18
#17670
0#
08
#17675
1#
18
#17680
0#
08
#17685
1#
18
#17690
0#
08
#17695
1#
18
#17700
0#
08
#17705
1#
18
#17710
0#
08
#17715
1#
18
#17720
0#
08
#17725
1#
18
#17730
0#
08
#17735
1#
18
#17740
0#
08
#17745
1#
18
#17750
0#
08
#17755
1#
18
#17760
0#
08
#17765
1#
18
#17770
0#
08
#17775
1#
18
#17780
0#
08
#17785
1#
18
#17790
0#
08
#17795
1#
18
#17800
0#
08
#17805
1#
18
#17810
0#
08
#17815
1#
18
#17820
0#
08
#17825
1#
18
#17830
0#
08
#17835
1#
18
#17840
0#
08
#17845
1#
18
#17850
0#
08
#17855
1#
18
#17860
0#
08
#17865
1#
18
#17870
0#
08
#17875
1#
18
#17880
0#
08
#17885
1#
18
#17890
0#
08
#17895
1#
18
#17900
0#
08
#17905
1#
18
#17910
0#
08
#17915
1#
18
#17920
0#
08
#17925
1#
18
#17930
0#
08
#17935
1#
18
#17940
0#
08
#17945
1#
18
#17950
0#
08
#17955
1#
18
#17960
0#
08
#17965
1#
18
#17970
0#
08
#17975
1#
18
#17980
0#
08
#17985
1#
18
#17990
0#
08
#17995
1#
18
#18000
0#
08
#18005
1#
18
#18010
0#
08
#18015
1#
18
#18020
0#
08
#18025
1#
18
#18030
0#
08
#18035
1#
18
#18040
0#
08
#18045
1#
18
#18050
0#
08
#18055
1#
18
#18060
0#
08
#18065
1#
18
#18070
0#
08
#18075
1#
18
#18080
0#
08
#18085
1#
18
#18090
0#
08
#18095
1#
18
#18100
0#
08
#18105
1#
18
#18110
0#
08
#18115
1#
18
#18120
0#
08
#18125
1#
18
#18130
0#
08
#18135
1#
18
#18140
0#
08
#18145
1#
18
#18150
0#
08
#18155
1#
18
#18160
0#
08
#18165
1#
18
#18170
0#
08
#18175
1#
18
#18180
0#
08
#18185
1#
18
#18190
0#
08
#18195
1#
18
#18200
0#
08
#18205
1#
18
#18210
0#
08
#18215
1#
18
#18220
0#
08
#18225
1#
18
#18230
0#
08
#18235
1#
18
#18240
0#
08
#18245
1#
18
#18250
0#
08
#18255
1#
18
#18260
0#
08
#18265
1#
18
#18270
0#
08
#18275
1#
18
#18280
0#
08
#18285
1#
18
#18290
0#
08
#18295
1#
18
#18300
0#
08
#18305
1#
18
#18310
0#
08
#18315
1#
18
#18320
0#
08
#18325
1#
18
#18330
0#
08
#18335
1#
18
#18340
0#
08
#18345
1#
18
#18350
0#
08
#18355
1#
18
#18360
0#
08
#18365
1#
18
#18370
0#
08
#18375
1#
18
#18380
0#
08
#18385
1#
18
#18390
0#
08
#18395
1#
18
#18400
0#
08
#18405
1#
18
#18410
0#
08
#18415
1#
18
#18420
0#
08
#18425
1#
18
#18430
0#
08
#18435
1#
18
#18440
0#
08
#18445
1#
18
#18450
0#
08
#18455
1#
18
#18460
0#
08
#18465
1#
18
#18470
0#
08
#18475
1#
18
#18480
0#
08
#18485
1#
18
#18490
0#
08
#18495
1#
18
#18500
0#
08
#18505
1#
18
#18510
0#
08
#18515
1#
18
#18520
0#
08
#18525
1#
18
#18530
0#
08
#18535
1#
18
#18540
0#
08
#18545
1#
18
#18550
0#
08
#18555
1#
18
#18560
0#
08
#18565
1#
18
#18570
0#
08
#18575
1#
18
#18580
0#
08
#18585
1#
18
#18590
0#
08
#18595
1#
18
#18600
0#
08
#18605
1#
18
#18610
0#
08
#18615
1#
18
#18620
0#
08
#18625
1#
18
#18630
0#
08
#18635
1#
18
#18640
0#
08
#18645
1#
18
#18650
0#
08
#18655
1#
18
#18660
0#
08
#18665
1#
18
#18670
0#
08
#18675
1#
18
#18680
0#
08
#18685
1#
18
#18690
0#
08
#18695
1#
18
#18700
0#
08
#18705
1#
18
#18710
0#
08
#18715
1#
18
#18720
0#
08
#18725
1#
18
#18730
0#
08
#18735
1#
18
#18740
0#
08
#18745
1#
18
#18750
0#
08
#18755
1#
18
#18760
0#
08
#18765
1#
18
#18770
0#
08
#18775
1#
18
#18780
0#
08
#18785
1#
18
#18790
0#
08
#18795
1#
18
#18800
0#
08
#18805
1#
18
#18810
0#
08
#18815
1#
18
#18820
0#
08
#18825
1#
18
#18830
0#
08
#18835
1#
18
#18840
0#
08
#18845
1#
18
#18850
0#
08
#18855
1#
18
#18860
0#
08
#18865
1#
18
#18870
0#
08
#18875
1#
18
#18880
0#
08
#18885
1#
18
#18890
0#
08
#18895
1#
18
#18900
0#
08
#18905
1#
18
#18910
0#
08
#18915
1#
18
#18920
0#
08
#18925
1#
18
#18930
0#
08
#18935
1#
18
#18940
0#
08
#18945
1#
18
#18950
0#
08
#18955
1#
18
#18960
0#
08
#18965
1#
18
#18970
0#
08
#18975
1#
18
#18980
0#
08
#18985
1#
18
#18990
0#
08
#18995
1#
18
#19000
0#
08
#19005
1#
18
#19010
0#
08
#19015
1#
18
#19020
0#
08
#19025
1#
18
#19030
0#
08
#19035
1#
18
#19040
0#
08
#19045
1#
18
#19050
0#
08
#19055
1#
18
#19060
0#
08
#19065
1#
18
#19070
0#
08
#19075
1#
18
#19080
0#
08
#19085
1#
18
#19090
0#
08
#19095
1#
18
#19100
0#
08
#19105
1#
18
#19110
0#
08
#19115
1#
18
#19120
0#
08
#19125
1#
18
#19130
0#
08
#19135
1#
18
#19140
0#
08
#19145
1#
18
#19150
0#
08
#19155
1#
18
#19160
0#
08
#19165
1#
18
#19170
0#
08
#19175
1#
18
#19180
0#
08
#19185
1#
18
#19190
0#
08
#19195
1#
18
#19200
0#
08
#19205
1#
18
#19210
0#
08
#19215
1#
18
#19220
0#
08
#19225
1#
18
#19230
0#
08
#19235
1#
18
#19240
0#
08
#19245
1#
18
#19250
0#
08
#19255
1#
18
#19260
0#
08
#19265
1#
18
#19270
0#
08
#19275
1#
18
#19280
0#
08
#19285
1#
18
#19290
0#
08
#19295
1#
18
#19300
0#
08
#19305
1#
18
#19310
0#
08
#19315
1#
18
#19320
0#
08
#19325
1#
18
#19330
0#
08
#19335
1#
18
#19340
0#
08
#19345
1#
18
#19350
0#
08
#19355
1#
18
#19360
0#
08
#19365
1#
18
#19370
0#
08
#19375
1#
18
#19380
0#
08
#19385
1#
18
#19390
0#
08
#19395
1#
18
#19400
0#
08
#19405
1#
18
#19410
0#
08
#19415
1#
18
#19420
0#
08
#19425
1#
18
#19430
0#
08
#19435
1#
18
#19440
0#
08
#19445
1#
18
#19450
0#
08
#19455
1#
18
#19460
0#
08
#19465
1#
18
#19470
0#
08
#19475
1#
18
#19480
0#
08
#19485
1#
18
#19490
0#
08
#19495
1#
18
#19500
0#
08
#19505
1#
18
#19510
0#
08
#19515
1#
18
#19520
0#
08
#19525
1#
18
#19530
0#
08
#19535
1#
18
#19540
0#
08
#19545
1#
18
#19550
0#
08
#19555
1#
18
#19560
0#
08
#19565
1#
18
#19570
0#
08
#19575
1#
18
#19580
0#
08
#19585
1#
18
#19590
0#
08
#19595
1#
18
#19600
0#
08
#19605
1#
18
#19610
0#
08
#19615
1#
18
#19620
0#
08
#19625
1#
18
#19630
0#
08
#19635
1#
18
#19640
0#
08
#19645
1#
18
#19650
0#
08
#19655
1#
18
#19660
0#
08
#19665
1#
18
#19670
0#
08
#19675
1#
18
#19680
0#
08
#19685
1#
18
#19690
0#
08
#19695
1#
18
#19700
0#
08
#19705
1#
18
#19710
0#
08
#19715
1#
18
#19720
0#
08
#19725
1#
18
#19730
0#
08
#19735
1#
18
#19740
0#
08
#19745
1#
18
#19750
0#
08
#19755
1#
18
#19760
0#
08
#19765
1#
18
#19770
0#
08
#19775
1#
18
#19780
0#
08
#19785
1#
18
#19790
0#
08
#19795
1#
18
#19800
0#
08
#19805
1#
18
#19810
0#
08
#19815
1#
18
#19820
0#
08
#19825
1#
18
#19830
0#
08
#19835
1#
18
#19840
0#
08
#19845
1#
18
#19850
0#
08
#19855
1#
18
#19860
0#
08
#19865
1#
18
#19870
0#
08
#19875
1#
18
#19880
0#
08
#19885
1#
18
#19890
0#
08
#19895
1#
18
#19900
0#
08
#19905
1#
18
#19910
0#
08
#19915
1#
18
#19920
0#
08
#19925
1#
18
#19930
0#
08
#19935
1#
18
#19940
0#
08
#19945
1#
18
#19950
0#
08
#19955
1#
18
#19960
0#
08
#19965
1#
18
#19970
0#
08
#19975
1#
18
#19980
0#
08
#19985
1#
18
#19990
0#
08
#19995
1#
18
#20000
0#
08
#20005
1#
18
#20010
0#
08
#20015
1#
18
#20020
0#
08
#20025
1#
18
#20030
0#
08
#20035
1#
18
#20040
0#
08
#20045
1#
18
#20050
0#
08
#20055
1#
18
#20060
0#
08
#20065
1#
18
#20070
0#
08
#20075
1#
18
#20080
0#
08
#20085
1#
18
#20090
0#
08
#20095
1#
18
#20100
0#
08
#20105
1#
18
#20110
0#
08
#20115
1#
18
#20120
0#
08
#20125
1#
18
#20130
0#
08
#20135
1#
18
#20140
0#
08
#20145
1#
18
#20150
0#
08
#20155
1#
18
#20160
0#
08
#20165
1#
18
#20170
0#
08
#20175
1#
18
#20180
0#
08
#20185
1#
18
#20190
0#
08
#20195
1#
18
#20200
0#
08
#20205
1#
18
#20210
0#
08
#20215
1#
18
#20220
0#
08
#20225
1#
18
#20230
0#
08
#20235
1#
18
#20240
0#
08
#20245
1#
18
#20250
0#
08
#20255
1#
18
#20260
0#
08
#20265
1#
18
#20270
0#
08
#20275
1#
18
#20280
0#
08
#20285
1#
18
#20290
0#
08
#20295
1#
18
#20300
0#
08
#20305
1#
18
#20310
0#
08
#20315
1#
18
#20320
0#
08
#20325
1#
18
#20330
0#
08
#20335
1#
18
#20340
0#
08
#20345
1#
18
#20350
0#
08
#20355
1#
18
#20360
0#
08
#20365
1#
18
#20370
0#
08
#20375
1#
18
#20380
0#
08
#20385
1#
18
#20390
0#
08
#20395
1#
18
#20400
0#
08
#20405
1#
18
#20410
0#
08
#20415
1#
18
#20420
0#
08
#20425
1#
18
#20430
0#
08
#20435
1#
18
#20440
0#
08
#20445
1#
18
#20450
0#
08
#20455
1#
18
#20460
0#
08
#20465
1#
18
#20470
0#
08
#20475
1#
18
#20480
0#
08
#20485
1#
18
#20490
0#
08
#20495
1#
18
#20500
0#
08
#20505
1#
18
#20510
0#
08
#20515
1#
18
#20520
0#
08
#20525
1#
18
#20530
0#
08
#20535
1#
18
#20540
0#
08
#20545
1#
18
#20550
0#
08
#20555
1#
18
#20560
0#
08
#20565
1#
18
#20570
0#
08
#20575
1#
18
#20580
0#
08
#20585
1#
18
#20590
0#
08
#20595
1#
18
#20600
0#
08
#20605
1#
18
#20610
0#
08
#20615
1#
18
#20620
0#
08
#20625
1#
18
#20630
0#
08
#20635
1#
18
#20640
0#
08
#20645
1#
18
#20650
0#
08
#20655
1#
18
#20660
0#
08
#20665
1#
18
#20670
0#
08
#20675
1#
18
#20680
0#
08
#20685
1#
18
#20690
0#
08
#20695
1#
18
#20700
0#
08
#20705
1#
18
#20710
0#
08
#20715
1#
18
#20720
0#
08
#20725
1#
18
#20730
0#
08
#20735
1#
18
#20740
0#
08
#20745
1#
18
#20750
0#
08
#20755
1#
18
#20760
0#
08
#20765
1#
18
#20770
0#
08
#20775
1#
18
#20780
0#
08
#20785
1#
18
#20790
0#
08
#20795
1#
18
#20800
0#
08
#20805
1#
18
#20810
0#
08
#20815
1#
18
#20820
0#
08
#20825
1#
18
#20830
0#
08
#20835
1#
18
#20840
0#
08
#20845
1#
18
#20850
0#
08
#20855
1#
18
#20860
0#
08
#20865
1#
18
#20870
0#
08
#20875
1#
18
#20880
0#
08
#20885
1#
18
#20890
0#
08
#20895
1#
18
#20900
0#
08
#20905
1#
18
#20910
0#
08
#20915
1#
18
#20920
0#
08
#20925
1#
18
#20930
0#
08
#20935
1#
18
#20940
0#
08
#20945
1#
18
#20950
0#
08
#20955
1#
18
#20960
0#
08
#20965
1#
18
#20970
0#
08
#20975
1#
18
#20980
0#
08
#20985
1#
18
#20990
0#
08
#20995
1#
18
#21000
0#
08
#21005
1#
18
#21010
0#
08
#21015
1#
18
#21020
0#
08
#21025
1#
18
#21030
0#
08
#21035
1#
18
#21040
0#
08
#21045
1#
18
#21050
0#
08
#21055
1#
18
#21060
0#
08
#21065
1#
18
#21070
0#
08
#21075
1#
18
#21080
0#
08
#21085
1#
18
#21090
0#
08
#21095
1#
18
#21100
0#
08
#21105
1#
18
#21110
0#
08
#21115
1#
18
#21120
0#
08
#21125
1#
18
#21130
0#
08
#21135
1#
18
#21140
0#
08
#21145
1#
18
#21150
0#
08
#21155
1#
18
#21160
0#
08
#21165
1#
18
#21170
0#
08
#21175
1#
18
#21180
0#
08
#21185
1#
18
#21190
0#
08
#21195
1#
18
#21200
0#
08
#21205
1#
18
#21210
0#
08
#21215
1#
18
#21220
0#
08
#21225
1#
18
#21230
0#
08
#21235
1#
18
#21240
0#
08
#21245
1#
18
#21250
0#
08
#21255
1#
18
#21260
0#
08
#21265
1#
18
#21270
0#
08
#21275
1#
18
#21280
0#
08
#21285
1#
18
#21290
0#
08
#21295
1#
18
#21300
0#
08
#21305
1#
18
#21310
0#
08
#21315
1#
18
#21320
0#
08
#21325
1#
18
#21330
0#
08
#21335
1#
18
#21340
0#
08
#21345
1#
18
#21350
0#
08
#21355
1#
18
#21360
0#
08
#21365
1#
18
#21370
0#
08
#21375
1#
18
#21380
0#
08
#21385
1#
18
#21390
0#
08
#21395
1#
18
#21400
0#
08
#21405
1#
18
#21410
0#
08
#21415
1#
18
#21420
0#
08
#21425
1#
18
#21430
0#
08
#21435
1#
18
#21440
0#
08
#21445
1#
18
#21450
0#
08
#21455
1#
18
#21460
0#
08
#21465
1#
18
#21470
0#
08
#21475
1#
18
#21480
0#
08
#21485
1#
18
#21490
0#
08
#21495
1#
18
#21500
0#
08
#21505
1#
18
#21510
0#
08
#21515
1#
18
#21520
0#
08
#21525
1#
18
#21530
0#
08
#21535
1#
18
#21540
0#
08
#21545
1#
18
#21550
0#
08
#21555
1#
18
#21560
0#
08
#21565
1#
18
#21570
0#
08
#21575
1#
18
#21580
0#
08
#21585
1#
18
#21590
0#
08
#21595
1#
18
#21600
0#
08
#21605
1#
18
#21610
0#
08
#21615
1#
18
#21620
0#
08
#21625
1#
18
#21630
0#
08
#21635
1#
18
#21640
0#
08
#21645
1#
18
#21650
0#
08
#21655
1#
18
#21660
0#
08
#21665
1#
18
#21670
0#
08
#21675
1#
18
#21680
0#
08
#21685
1#
18
#21690
0#
08
#21695
1#
18
#21700
0#
08
#21705
1#
18
#21710
0#
08
#21715
1#
18
#21720
0#
08
#21725
1#
18
#21730
0#
08
#21735
1#
18
#21740
0#
08
#21745
1#
18
#21750
0#
08
#21755
1#
18
#21760
0#
08
#21765
1#
18
#21770
0#
08
#21775
1#
18
#21780
0#
08
#21785
1#
18
#21790
0#
08
#21795
1#
18
#21800
0#
08
#21805
1#
18
#21810
0#
08
#21815
1#
18
#21820
0#
08
#21825
1#
18
#21830
0#
08
#21835
1#
18
#21840
0#
08
#21845
1#
18
#21850
0#
08
#21855
1#
18
#21860
0#
08
#21865
1#
18
#21870
0#
08
#21875
1#
18
#21880
0#
08
#21885
1#
18
#21890
0#
08
#21895
1#
18
#21900
0#
08
#21905
1#
18
#21910
0#
08
#21915
1#
18
#21920
0#
08
#21925
1#
18
#21930
0#
08
#21935
1#
18
#21940
0#
08
#21945
1#
18
#21950
0#
08
#21955
1#
18
#21960
0#
08
#21965
1#
18
#21970
0#
08
#21975
1#
18
#21980
0#
08
#21985
1#
18
#21990
0#
08
#21995
1#
18
#22000
0#
08
#22005
1#
18
#22010
0#
08
#22015
1#
18
#22020
0#
08
#22025
1#
18
#22030
0#
08
#22035
1#
18
#22040
0#
08
#22045
1#
18
#22050
0#
08
#22055
1#
18
#22060
0#
08
#22065
1#
18
#22070
0#
08
#22075
1#
18
#22080
0#
08
#22085
1#
18
#22090
0#
08
#22095
1#
18
#22100
0#
08
#22105
1#
18
#22110
0#
08
#22115
1#
18
#22120
0#
08
#22125
1#
18
#22130
0#
08
#22135
1#
18
#22140
0#
08
#22145
1#
18
#22150
0#
08
#22155
1#
18
#22160
0#
08
#22165
1#
18
#22170
0#
08
#22175
1#
18
#22180
0#
08
#22185
1#
18
#22190
0#
08
#22195
1#
18
#22200
0#
08
#22205
1#
18
#22210
0#
08
#22215
1#
18
#22220
0#
08
#22225
1#
18
#22230
0#
08
#22235
1#
18
#22240
0#
08
#22245
1#
18
#22250
0#
08
#22255
1#
18
#22260
0#
08
#22265
1#
18
#22270
0#
08
#22275
1#
18
#22280
0#
08
#22285
1#
18
#22290
0#
08
#22295
1#
18
#22300
0#
08
#22305
1#
18
#22310
0#
08
#22315
1#
18
#22320
0#
08
#22325
1#
18
#22330
0#
08
#22335
1#
18
#22340
0#
08
#22345
1#
18
#22350
0#
08
#22355
1#
18
#22360
0#
08
#22365
1#
18
#22370
0#
08
#22375
1#
18
#22380
0#
08
#22385
1#
18
#22390
0#
08
#22395
1#
18
#22400
0#
08
#22405
1#
18
#22410
0#
08
#22415
1#
18
#22420
0#
08
#22425
1#
18
#22430
0#
08
#22435
1#
18
#22440
0#
08
#22445
1#
18
#22450
0#
08
#22455
1#
18
#22460
0#
08
#22465
1#
18
#22470
0#
08
#22475
1#
18
#22480
0#
08
#22485
1#
18
#22490
0#
08
#22495
1#
18
#22500
0#
08
#22505
1#
18
#22510
0#
08
#22515
1#
18
#22520
0#
08
#22525
1#
18
#22530
0#
08
#22535
1#
18
#22540
0#
08
#22545
1#
18
#22550
0#
08
#22555
1#
18
#22560
0#
08
#22565
1#
18
#22570
0#
08
#22575
1#
18
#22580
0#
08
#22585
1#
18
#22590
0#
08
#22595
1#
18
#22600
0#
08
#22605
1#
18
#22610
0#
08
#22615
1#
18
#22620
0#
08
#22625
1#
18
#22630
0#
08
#22635
1#
18
#22640
0#
08
#22645
1#
18
#22650
0#
08
#22655
1#
18
#22660
0#
08
#22665
1#
18
#22670
0#
08
#22675
1#
18
#22680
0#
08
#22685
1#
18
#22690
0#
08
#22695
1#
18
#22700
0#
08
#22705
1#
18
#22710
0#
08
#22715
1#
18
#22720
0#
08
#22725
1#
18
#22730
0#
08
#22735
1#
18
#22740
0#
08
#22745
1#
18
#22750
0#
08
#22755
1#
18
#22760
0#
08
#22765
1#
18
#22770
0#
08
#22775
1#
18
#22780
0#
08
#22785
1#
18
#22790
0#
08
#22795
1#
18
#22800
0#
08
#22805
1#
18
#22810
0#
08
#22815
1#
18
#22820
0#
08
#22825
1#
18
#22830
0#
08
#22835
1#
18
#22840
0#
08
#22845
1#
18
#22850
0#
08
#22855
1#
18
#22860
0#
08
#22865
1#
18
#22870
0#
08
#22875
1#
18
#22880
0#
08
#22885
1#
18
#22890
0#
08
#22895
1#
18
#22900
0#
08
#22905
1#
18
#22910
0#
08
#22915
1#
18
#22920
0#
08
#22925
1#
18
#22930
0#
08
#22935
1#
18
#22940
0#
08
#22945
1#
18
#22950
0#
08
#22955
1#
18
#22960
0#
08
#22965
1#
18
#22970
0#
08
#22975
1#
18
#22980
0#
08
#22985
1#
18
#22990
0#
08
#22995
1#
18
#23000
0#
08
#23005
1#
18
#23010
0#
08
#23015
1#
18
#23020
0#
08
#23025
1#
18
#23030
0#
08
#23035
1#
18
#23040
0#
08
#23045
1#
18
#23050
0#
08
#23055
1#
18
#23060
0#
08
#23065
1#
18
#23070
0#
08
#23075
1#
18
#23080
0#
08
#23085
1#
18
#23090
0#
08
#23095
1#
18
#23100
0#
08
#23105
1#
18
#23110
0#
08
#23115
1#
18
#23120
0#
08
#23125
1#
18
#23130
0#
08
#23135
1#
18
#23140
0#
08
#23145
1#
18
#23150
0#
08
#23155
1#
18
#23160
0#
08
#23165
1#
18
#23170
0#
08
#23175
1#
18
#23180
0#
08
#23185
1#
18
#23190
0#
08
#23195
1#
18
#23200
0#
08
#23205
1#
18
#23210
0#
08
#23215
1#
18
#23220
0#
08
#23225
1#
18
#23230
0#
08
#23235
1#
18
#23240
0#
08
#23245
1#
18
#23250
0#
08
#23255
1#
18
#23260
0#
08
#23265
1#
18
#23270
0#
08
#23275
1#
18
#23280
0#
08
#23285
1#
18
#23290
0#
08
#23295
1#
18
#23300
0#
08
#23305
1#
18
#23310
0#
08
#23315
1#
18
#23320
0#
08
#23325
1#
18
#23330
0#
08
#23335
1#
18
#23340
0#
08
#23345
1#
18
#23350
0#
08
#23355
1#
18
#23360
0#
08
#23365
1#
18
#23370
0#
08
#23375
1#
18
#23380
0#
08
#23385
1#
18
#23390
0#
08
#23395
1#
18
#23400
0#
08
#23405
1#
18
#23410
0#
08
#23415
1#
18
#23420
0#
08
#23425
1#
18
#23430
0#
08
#23435
1#
18
#23440
0#
08
#23445
1#
18
#23450
0#
08
#23455
1#
18
#23460
0#
08
#23465
1#
18
#23470
0#
08
#23475
1#
18
#23480
0#
08
#23485
1#
18
#23490
0#
08
#23495
1#
18
#23500
0#
08
#23505
1#
18
#23510
0#
08
#23515
1#
18
#23520
0#
08
#23525
1#
18
#23530
0#
08
#23535
1#
18
#23540
0#
08
#23545
1#
18
#23550
0#
08
#23555
1#
18
#23560
0#
08
#23565
1#
18
#23570
0#
08
#23575
1#
18
#23580
0#
08
#23585
1#
18
#23590
0#
08
#23595
1#
18
#23600
0#
08
#23605
1#
18
#23610
0#
08
#23615
1#
18
#23620
0#
08
#23625
1#
18
#23630
0#
08
#23635
1#
18
#23640
0#
08
#23645
1#
18
#23650
0#
08
#23655
1#
18
#23660
0#
08
#23665
1#
18
#23670
0#
08
#23675
1#
18
#23680
0#
08
#23685
1#
18
#23690
0#
08
#23695
1#
18
#23700
0#
08
#23705
1#
18
#23710
0#
08
#23715
1#
18
#23720
0#
08
#23725
1#
18
#23730
0#
08
#23735
1#
18
#23740
0#
08
#23745
1#
18
#23750
0#
08
#23755
1#
18
#23760
0#
08
#23765
1#
18
#23770
0#
08
#23775
1#
18
#23780
0#
08
#23785
1#
18
#23790
0#
08
#23795
1#
18
#23800
0#
08
#23805
1#
18
#23810
0#
08
#23815
1#
18
#23820
0#
08
#23825
1#
18
#23830
0#
08
#23835
1#
18
#23840
0#
08
#23845
1#
18
#23850
0#
08
#23855
1#
18
#23860
0#
08
#23865
1#
18
#23870
0#
08
#23875
1#
18
#23880
0#
08
#23885
1#
18
#23890
0#
08
#23895
1#
18
#23900
0#
08
#23905
1#
18
#23910
0#
08
#23915
1#
18
#23920
0#
08
#23925
1#
18
#23930
0#
08
#23935
1#
18
#23940
0#
08
#23945
1#
18
#23950
0#
08
#23955
1#
18
#23960
0#
08
#23965
1#
18
#23970
0#
08
#23975
1#
18
#23980
0#
08
#23985
1#
18
#23990
0#
08
#23995
1#
18
#24000
0#
08
#24005
1#
18
#24010
0#
08
#24015
1#
18
#24020
0#
08
#24025
1#
18
#24030
0#
08
#24035
1#
18
#24040
0#
08
#24045
1#
18
#24050
0#
08
#24055
1#
18
#24060
0#
08
#24065
1#
18
#24070
0#
08
#24075
1#
18
#24080
0#
08
#24085
1#
18
#24090
0#
08
#24095
1#
18
#24100
0#
08
#24105
1#
18
#24110
0#
08
#24115
1#
18
#24120
0#
08
#24125
1#
18
#24130
0#
08
#24135
1#
18
#24140
0#
08
#24145
1#
18
#24150
0#
08
#24155
1#
18
#24160
0#
08
#24165
1#
18
#24170
0#
08
#24175
1#
18
#24180
0#
08
#24185
1#
18
#24190
0#
08
#24195
1#
18
#24200
0#
08
#24205
1#
18
#24210
0#
08
#24215
1#
18
#24220
0#
08
#24225
1#
18
#24230
0#
08
#24235
1#
18
#24240
0#
08
#24245
1#
18
#24250
0#
08
#24255
1#
18
#24260
0#
08
#24265
1#
18
#24270
0#
08
#24275
1#
18
#24280
0#
08
#24285
1#
18
#24290
0#
08
#24295
1#
18
#24300
0#
08
#24305
1#
18
#24310
0#
08
#24315
1#
18
#24320
0#
08
#24325
1#
18
#24330
0#
08
#24335
1#
18
#24340
0#
08
#24345
1#
18
#24350
0#
08
#24355
1#
18
#24360
0#
08
#24365
1#
18
#24370
0#
08
#24375
1#
18
#24380
0#
08
#24385
1#
18
#24390
0#
08
#24395
1#
18
#24400
0#
08
#24405
1#
18
#24410
0#
08
#24415
1#
18
#24420
0#
08
#24425
1#
18
#24430
0#
08
#24435
1#
18
#24440
0#
08
#24445
1#
18
#24450
0#
08
#24455
1#
18
#24460
0#
08
#24465
1#
18
#24470
0#
08
#24475
1#
18
#24480
0#
08
#24485
1#
18
#24490
0#
08
#24495
1#
18
#24500
0#
08
#24505
1#
18
#24510
0#
08
#24515
1#
18
#24520
0#
08
#24525
1#
18
#24530
0#
08
#24535
1#
18
#24540
0#
08
#24545
1#
18
#24550
0#
08
#24555
1#
18
#24560
0#
08
#24565
1#
18
#24570
0#
08
#24575
1#
18
#24580
0#
08
#24585
1#
18
#24590
0#
08
#24595
1#
18
#24600
0#
08
#24605
1#
18
#24610
0#
08
#24615
1#
18
#24620
0#
08
#24625
1#
18
#24630
0#
08
#24635
1#
18
#24640
0#
08
#24645
1#
18
#24650
0#
08
#24655
1#
18
#24660
0#
08
#24665
1#
18
#24670
0#
08
#24675
1#
18
#24680
0#
08
#24685
1#
18
#24690
0#
08
#24695
1#
18
#24700
0#
08
#24705
1#
18
#24710
0#
08
#24715
1#
18
#24720
0#
08
#24725
1#
18
#24730
0#
08
#24735
1#
18
#24740
0#
08
#24745
1#
18
#24750
0#
08
#24755
1#
18
#24760
0#
08
#24765
1#
18
#24770
0#
08
#24775
1#
18
#24780
0#
08
#24785
1#
18
#24790
0#
08
#24795
1#
18
#24800
0#
08
#24805
1#
18
#24810
0#
08
#24815
1#
18
#24820
0#
08
#24825
1#
18
#24830
0#
08
#24835
1#
18
#24840
0#
08
#24845
1#
18
#24850
0#
08
#24855
1#
18
#24860
0#
08
#24865
1#
18
#24870
0#
08
#24875
1#
18
#24880
0#
08
#24885
1#
18
#24890
0#
08
#24895
1#
18
#24900
0#
08
#24905
1#
18
#24910
0#
08
#24915
1#
18
#24920
0#
08
#24925
1#
18
#24930
0#
08
#24935
1#
18
#24940
0#
08
#24945
1#
18
#24950
0#
08
#24955
1#
18
#24960
0#
08
#24965
1#
18
#24970
0#
08
#24975
1#
18
#24980
0#
08
#24985
1#
18
#24990
0#
08
#24995
1#
18
#25000
0#
08
#25005
1#
18
#25010
0#
08
#25015
1#
18
#25020
0#
08
#25025
1#
18
#25030
0#
08
#25035
1#
18
#25040
0#
08
#25045
1#
18
#25050
0#
08
#25055
1#
18
#25060
0#
08
#25065
1#
18
#25070
0#
08
#25075
1#
18
#25080
0#
08
#25085
1#
18
#25090
0#
08
#25095
1#
18
#25100
0#
08
#25105
1#
18
#25110
0#
08
#25115
1#
18
#25120
0#
08
#25125
1#
18
#25130
0#
08
#25135
1#
18
#25140
0#
08
#25145
1#
18
#25150
0#
08
#25155
1#
18
#25160
0#
08
#25165
1#
18
#25170
0#
08
#25175
1#
18
#25180
0#
08
#25185
1#
18
#25190
0#
08
#25195
1#
18
#25200
0#
08
#25205
1#
18
#25210
0#
08
#25215
1#
18
#25220
0#
08
#25225
1#
18
#25230
0#
08
#25235
1#
18
#25240
0#
08
#25245
1#
18
#25250
0#
08
#25255
1#
18
#25260
0#
08
#25265
1#
18
#25270
0#
08
#25275
1#
18
#25280
0#
08
#25285
1#
18
#25290
0#
08
#25295
1#
18
#25300
0#
08
#25305
1#
18
#25310
0#
08
#25315
1#
18
#25320
0#
08
#25325
1#
18
#25330
0#
08
#25335
1#
18
#25340
0#
08
#25345
1#
18
#25350
0#
08
#25355
1#
18
#25360
0#
08
#25365
1#
18
#25370
0#
08
#25375
1#
18
#25380
0#
08
#25385
1#
18
#25390
0#
08
#25395
1#
18
#25400
0#
08
#25405
1#
18
#25410
0#
08
#25415
1#
18
#25420
0#
08
#25425
1#
18
#25430
0#
08
#25435
1#
18
#25440
0#
08
#25445
1#
18
#25450
0#
08
#25455
1#
18
#25460
0#
08
#25465
1#
18
#25470
0#
08
#25475
1#
18
#25480
0#
08
#25485
1#
18
#25490
0#
08
#25495
1#
18
#25500
0#
08
#25505
1#
18
#25510
0#
08
#25515
1#
18
#25520
0#
08
#25525
1#
18
#25530
0#
08
#25535
1#
18
#25540
0#
08
#25545
1#
18
#25550
0#
08
#25555
1#
18
#25560
0#
08
#25565
1#
18
#25570
0#
08
#25575
1#
18
#25580
0#
08
#25585
1#
18
#25590
0#
08
#25595
1#
18
#25600
0#
08
#25605
1#
18
#25610
0#
08
#25615
1#
18
#25620
0#
08
#25625
1#
18
#25630
0#
08
#25635
1#
18
#25640
0#
08
#25645
1#
18
#25650
0#
08
#25655
1#
18
#25660
0#
08
#25665
1#
18
#25670
0#
08
#25675
1#
18
#25680
0#
08
#25685
1#
18
#25690
0#
08
#25695
1#
18
#25700
0#
08
#25705
1#
18
#25710
0#
08
#25715
1#
18
#25720
0#
08
#25725
1#
18
#25730
0#
08
#25735
1#
18
#25740
0#
08
#25745
1#
18
#25750
0#
08
#25755
1#
18
#25760
0#
08
#25765
1#
18
#25770
0#
08
#25775
1#
18
#25780
0#
08
#25785
1#
18
#25790
0#
08
#25795
1#
18
#25800
0#
08
#25805
1#
18
#25810
0#
08
#25815
1#
18
#25820
0#
08
#25825
1#
18
#25830
0#
08
#25835
1#
18
#25840
0#
08
#25845
1#
18
#25850
0#
08
#25855
1#
18
#25860
0#
08
#25865
1#
18
#25870
0#
08
#25875
1#
18
#25880
0#
08
#25885
1#
18
#25890
0#
08
#25895
1#
18
#25900
0#
08
#25905
1#
18
#25910
0#
08
#25915
1#
18
#25920
0#
08
#25925
1#
18
#25930
0#
08
#25935
1#
18
#25940
0#
08
#25945
1#
18
#25950
0#
08
#25955
1#
18
#25960
0#
08
#25965
1#
18
#25970
0#
08
#25975
1#
18
#25980
0#
08
#25985
1#
18
#25990
0#
08
#25995
1#
18
#26000
0#
08
#26005
1#
18
#26010
0#
08
#26015
1#
18
#26020
0#
08
#26025
1#
18
#26030
0#
08
#26035
1#
18
#26040
0#
08
#26045
1#
18
#26050
0#
08
#26055
1#
18
#26060
0#
08
#26065
1#
18
#26070
0#
08
#26075
1#
18
#26080
0#
08
#26085
1#
18
#26090
0#
08
#26095
1#
18
#26100
0#
08
#26105
1#
18
#26110
0#
08
#26115
1#
18
#26120
0#
08
#26125
1#
18
#26130
0#
08
#26135
1#
18
#26140
0#
08
#26145
1#
18
#26150
0#
08
#26155
1#
18
#26160
0#
08
#26165
1#
18
#26170
0#
08
#26175
1#
18
#26180
0#
08
#26185
1#
18
#26190
0#
08
#26195
1#
18
#26200
0#
08
#26205
1#
18
#26210
0#
08
#26215
1#
18
#26220
0#
08
#26225
1#
18
#26230
0#
08
#26235
1#
18
#26240
0#
08
#26245
1#
18
#26250
0#
08
#26255
1#
18
#26260
0#
08
#26265
1#
18
#26270
0#
08
#26275
1#
18
#26280
0#
08
#26285
1#
18
#26290
0#
08
#26295
1#
18
#26300
0#
08
#26305
1#
18
#26310
0#
08
#26315
1#
18
#26320
0#
08
#26325
1#
18
#26330
0#
08
#26335
1#
18
#26340
0#
08
#26345
1#
18
#26350
0#
08
#26355
1#
18
#26360
0#
08
#26365
1#
18
#26370
0#
08
#26375
1#
18
#26380
0#
08
#26385
1#
18
#26390
0#
08
#26395
1#
18
#26400
0#
08
#26405
1#
18
#26410
0#
08
#26415
1#
18
#26420
0#
08
#26425
1#
18
#26430
0#
08
#26435
1#
18
#26440
0#
08
#26445
1#
18
#26450
0#
08
#26455
1#
18
#26460
0#
08
#26465
1#
18
#26470
0#
08
#26475
1#
18
#26480
0#
08
#26485
1#
18
#26490
0#
08
#26495
1#
18
#26500
0#
08
#26505
1#
18
#26510
0#
08
#26515
1#
18
#26520
0#
08
#26525
1#
18
#26530
0#
08
#26535
1#
18
#26540
0#
08
#26545
1#
18
#26550
0#
08
#26555
1#
18
#26560
0#
08
#26565
1#
18
#26570
0#
08
#26575
1#
18
#26580
0#
08
#26585
1#
18
#26590
0#
08
#26595
1#
18
#26600
0#
08
#26605
1#
18
#26610
0#
08
#26615
1#
18
#26620
0#
08
#26625
1#
18
#26630
0#
08
#26635
1#
18
#26640
0#
08
#26645
1#
18
#26650
0#
08
#26655
1#
18
#26660
0#
08
#26665
1#
18
#26670
0#
08
#26675
1#
18
#26680
0#
08
#26685
1#
18
#26690
0#
08
#26695
1#
18
#26700
0#
08
#26705
1#
18
#26710
0#
08
#26715
1#
18
#26720
0#
08
#26725
1#
18
#26730
0#
08
#26735
1#
18
#26740
0#
08
#26745
1#
18
#26750
0#
08
#26755
1#
18
#26760
0#
08
#26765
1#
18
#26770
0#
08
#26775
1#
18
#26780
0#
08
#26785
1#
18
#26790
0#
08
#26795
1#
18
#26800
0#
08
#26805
1#
18
#26810
0#
08
#26815
1#
18
#26820
0#
08
#26825
1#
18
#26830
0#
08
#26835
1#
18
#26840
0#
08
#26845
1#
18
#26850
0#
08
#26855
1#
18
#26860
0#
08
#26865
1#
18
#26870
0#
08
#26875
1#
18
#26880
0#
08
#26885
1#
18
#26890
0#
08
#26895
1#
18
#26900
0#
08
#26905
1#
18
#26910
0#
08
#26915
1#
18
#26920
0#
08
#26925
1#
18
#26930
0#
08
#26935
1#
18
#26940
0#
08
#26945
1#
18
#26950
0#
08
#26955
1#
18
#26960
0#
08
#26965
1#
18
#26970
0#
08
#26975
1#
18
#26980
0#
08
#26985
1#
18
#26990
0#
08
#26995
1#
18
#27000
0#
08
#27005
1#
18
#27010
0#
08
#27015
1#
18
#27020
0#
08
#27025
1#
18
#27030
0#
08
#27035
1#
18
#27040
0#
08
#27045
1#
18
#27050
0#
08
#27055
1#
18
#27060
0#
08
#27065
1#
18
#27070
0#
08
#27075
1#
18
#27080
0#
08
#27085
1#
18
#27090
0#
08
#27095
1#
18
#27100
0#
08
#27105
1#
18
#27110
0#
08
#27115
1#
18
#27120
0#
08
#27125
1#
18
#27130
0#
08
#27135
1#
18
#27140
0#
08
#27145
1#
18
#27150
0#
08
#27155
1#
18
#27160
0#
08
#27165
1#
18
#27170
0#
08
#27175
1#
18
#27180
0#
08
#27185
1#
18
#27190
0#
08
#27195
1#
18
#27200
0#
08
#27205
1#
18
#27210
0#
08
#27215
1#
18
#27220
0#
08
#27225
1#
18
#27230
0#
08
#27235
1#
18
#27240
0#
08
#27245
1#
18
#27250
0#
08
#27255
1#
18
#27260
0#
08
#27265
1#
18
#27270
0#
08
#27275
1#
18
#27280
0#
08
#27285
1#
18
#27290
0#
08
#27295
1#
18
#27300
0#
08
#27305
1#
18
#27310
0#
08
#27315
1#
18
#27320
0#
08
#27325
1#
18
#27330
0#
08
#27335
1#
18
#27340
0#
08
#27345
1#
18
#27350
0#
08
#27355
1#
18
#27360
0#
08
#27365
1#
18
#27370
0#
08
#27375
1#
18
#27380
0#
08
#27385
1#
18
#27390
0#
08
#27395
1#
18
#27400
0#
08
#27405
1#
18
#27410
0#
08
#27415
1#
18
#27420
0#
08
#27425
1#
18
#27430
0#
08
#27435
1#
18
#27440
0#
08
#27445
1#
18
#27450
0#
08
#27455
1#
18
#27460
0#
08
#27465
1#
18
#27470
0#
08
#27475
1#
18
#27480
0#
08
#27485
1#
18
#27490
0#
08
#27495
1#
18
#27500
0#
08
#27505
1#
18
#27510
0#
08
#27515
1#
18
#27520
0#
08
#27525
1#
18
#27530
0#
08
#27535
1#
18
#27540
0#
08
#27545
1#
18
#27550
0#
08
#27555
1#
18
#27560
0#
08
#27565
1#
18
#27570
0#
08
#27575
1#
18
#27580
0#
08
#27585
1#
18
#27590
0#
08
#27595
1#
18
#27600
0#
08
#27605
1#
18
#27610
0#
08
#27615
1#
18
#27620
0#
08
#27625
1#
18
#27630
0#
08
#27635
1#
18
#27640
0#
08
#27645
1#
18
#27650
0#
08
#27655
1#
18
#27660
0#
08
#27665
1#
18
#27670
0#
08
#27675
1#
18
#27680
0#
08
#27685
1#
18
#27690
0#
08
#27695
1#
18
#27700
0#
08
#27705
1#
18
#27710
0#
08
#27715
1#
18
#27720
0#
08
#27725
1#
18
#27730
0#
08
#27735
1#
18
#27740
0#
08
#27745
1#
18
#27750
0#
08
#27755
1#
18
#27760
0#
08
#27765
1#
18
#27770
0#
08
#27775
1#
18
#27780
0#
08
#27785
1#
18
#27790
0#
08
#27795
1#
18
#27800
0#
08
#27805
1#
18
#27810
0#
08
#27815
1#
18
#27820
0#
08
#27825
1#
18
#27830
0#
08
#27835
1#
18
#27840
0#
08
#27845
1#
18
#27850
0#
08
#27855
1#
18
#27860
0#
08
#27865
1#
18
#27870
0#
08
#27875
1#
18
#27880
0#
08
#27885
1#
18
#27890
0#
08
#27895
1#
18
#27900
0#
08
#27905
1#
18
#27910
0#
08
#27915
1#
18
#27920
0#
08
#27925
1#
18
#27930
0#
08
#27935
1#
18
#27940
0#
08
#27945
1#
18
#27950
0#
08
#27955
1#
18
#27960
0#
08
#27965
1#
18
#27970
0#
08
#27975
1#
18
#27980
0#
08
#27985
1#
18
#27990
0#
08
#27995
1#
18
#28000
0#
08
#28005
1#
18
#28010
0#
08
#28015
1#
18
#28020
0#
08
#28025
1#
18
#28030
0#
08
#28035
1#
18
#28040
0#
08
#28045
1#
18
#28050
0#
08
#28055
1#
18
#28060
0#
08
#28065
1#
18
#28070
0#
08
#28075
1#
18
#28080
0#
08
#28085
1#
18
#28090
0#
08
#28095
1#
18
#28100
0#
08
#28105
1#
18
#28110
0#
08
#28115
1#
18
#28120
0#
08
#28125
1#
18
#28130
0#
08
#28135
1#
18
#28140
0#
08
#28145
1#
18
#28150
0#
08
#28155
1#
18
#28160
0#
08
#28165
1#
18
#28170
0#
08
#28175
1#
18
#28180
0#
08
#28185
1#
18
#28190
0#
08
#28195
1#
18
#28200
0#
08
#28205
1#
18
#28210
0#
08
#28215
1#
18
#28220
0#
08
#28225
1#
18
#28230
0#
08
#28235
1#
18
#28240
0#
08
#28245
1#
18
#28250
0#
08
#28255
1#
18
#28260
0#
08
#28265
1#
18
#28270
0#
08
#28275
1#
18
#28280
0#
08
#28285
1#
18
#28290
0#
08
#28295
1#
18
#28300
0#
08
#28305
1#
18
#28310
0#
08
#28315
1#
18
#28320
0#
08
#28325
1#
18
#28330
0#
08
#28335
1#
18
#28340
0#
08
#28345
1#
18
#28350
0#
08
#28355
1#
18
#28360
0#
08
#28365
1#
18
#28370
0#
08
#28375
1#
18
#28380
0#
08
#28385
1#
18
#28390
0#
08
#28395
1#
18
#28400
0#
08
#28405
1#
18
#28410
0#
08
#28415
1#
18
#28420
0#
08
#28425
1#
18
#28430
0#
08
#28435
1#
18
#28440
0#
08
#28445
1#
18
#28450
0#
08
#28455
1#
18
#28460
0#
08
#28465
1#
18
#28470
0#
08
#28475
1#
18
#28480
0#
08
#28485
1#
18
#28490
0#
08
#28495
1#
18
#28500
0#
08
#28505
1#
18
#28510
0#
08
#28515
1#
18
#28520
0#
08
#28525
1#
18
#28530
0#
08
#28535
1#
18
#28540
0#
08
#28545
1#
18
#28550
0#
08
#28555
1#
18
#28560
0#
08
#28565
1#
18
#28570
0#
08
#28575
1#
18
#28580
0#
08
#28585
1#
18
#28590
0#
08
#28595
1#
18
#28600
0#
08
#28605
1#
18
#28610
0#
08
#28615
1#
18
#28620
0#
08
#28625
1#
18
#28630
0#
08
#28635
1#
18
#28640
0#
08
#28645
1#
18
#28650
0#
08
#28655
1#
18
#28660
0#
08
#28665
1#
18
#28670
0#
08
#28675
1#
18
#28680
0#
08
#28685
1#
18
#28690
0#
08
#28695
1#
18
#28700
0#
08
#28705
1#
18
#28710
0#
08
#28715
1#
18
#28720
0#
08
#28725
1#
18
#28730
0#
08
#28735
1#
18
#28740
0#
08
#28745
1#
18
#28750
0#
08
#28755
1#
18
#28760
0#
08
#28765
1#
18
#28770
0#
08
#28775
1#
18
#28780
0#
08
#28785
1#
18
#28790
0#
08
#28795
1#
18
#28800
0#
08
#28805
1#
18
#28810
0#
08
#28815
1#
18
#28820
0#
08
#28825
1#
18
#28830
0#
08
#28835
1#
18
#28840
0#
08
#28845
1#
18
#28850
0#
08
#28855
1#
18
#28860
0#
08
#28865
1#
18
#28870
0#
08
#28875
1#
18
#28880
0#
08
#28885
1#
18
#28890
0#
08
#28895
1#
18
#28900
0#
08
#28905
1#
18
#28910
0#
08
#28915
1#
18
#28920
0#
08
#28925
1#
18
#28930
0#
08
#28935
1#
18
#28940
0#
08
#28945
1#
18
#28950
0#
08
#28955
1#
18
#28960
0#
08
#28965
1#
18
#28970
0#
08
#28975
1#
18
#28980
0#
08
#28985
1#
18
#28990
0#
08
#28995
1#
18
#29000
0#
08
#29005
1#
18
#29010
0#
08
#29015
1#
18
#29020
0#
08
#29025
1#
18
#29030
0#
08
#29035
1#
18
#29040
0#
08
#29045
1#
18
#29050
0#
08
#29055
1#
18
#29060
0#
08
#29065
1#
18
#29070
0#
08
#29075
1#
18
#29080
0#
08
#29085
1#
18
#29090
0#
08
#29095
1#
18
#29100
0#
08
#29105
1#
18
#29110
0#
08
#29115
1#
18
#29120
0#
08
#29125
1#
18
#29130
0#
08
#29135
1#
18
#29140
0#
08
#29145
1#
18
#29150
0#
08
#29155
1#
18
#29160
0#
08
#29165
1#
18
#29170
0#
08
#29175
1#
18
#29180
0#
08
#29185
1#
18
#29190
0#
08
#29195
1#
18
#29200
0#
08
#29205
1#
18
#29210
0#
08
#29215
1#
18
#29220
0#
08
#29225
1#
18
#29230
0#
08
#29235
1#
18
#29240
0#
08
#29245
1#
18
#29250
0#
08
#29255
1#
18
#29260
0#
08
#29265
1#
18
#29270
0#
08
#29275
1#
18
#29280
0#
08
#29285
1#
18
#29290
0#
08
#29295
1#
18
#29300
0#
08
#29305
1#
18
#29310
0#
08
#29315
1#
18
#29320
0#
08
#29325
1#
18
#29330
0#
08
#29335
1#
18
#29340
0#
08
#29345
1#
18
#29350
0#
08
#29355
1#
18
#29360
0#
08
#29365
1#
18
#29370
0#
08
#29375
1#
18
#29380
0#
08
#29385
1#
18
#29390
0#
08
#29395
1#
18
#29400
0#
08
#29405
1#
18
#29410
0#
08
#29415
1#
18
#29420
0#
08
#29425
1#
18
#29430
0#
08
#29435
1#
18
#29440
0#
08
#29445
1#
18
#29450
0#
08
#29455
1#
18
#29460
0#
08
#29465
1#
18
#29470
0#
08
#29475
1#
18
#29480
0#
08
#29485
1#
18
#29490
0#
08
#29495
1#
18
#29500
0#
08
#29505
1#
18
#29510
0#
08
#29515
1#
18
#29520
0#
08
#29525
1#
18
#29530
0#
08
#29535
1#
18
#29540
0#
08
#29545
1#
18
#29550
0#
08
#29555
1#
18
#29560
0#
08
#29565
1#
18
#29570
0#
08
#29575
1#
18
#29580
0#
08
#29585
1#
18
#29590
0#
08
#29595
1#
18
#29600
0#
08
#29605
1#
18
#29610
0#
08
#29615
1#
18
#29620
0#
08
#29625
1#
18
#29630
0#
08
#29635
1#
18
#29640
0#
08
#29645
1#
18
#29650
0#
08
#29655
1#
18
#29660
0#
08
#29665
1#
18
#29670
0#
08
#29675
1#
18
#29680
0#
08
#29685
1#
18
#29690
0#
08
#29695
1#
18
#29700
0#
08
#29705
1#
18
#29710
0#
08
#29715
1#
18
#29720
0#
08
#29725
1#
18
#29730
0#
08
#29735
1#
18
#29740
0#
08
#29745
1#
18
#29750
0#
08
#29755
1#
18
#29760
0#
08
#29765
1#
18
#29770
0#
08
#29775
1#
18
#29780
0#
08
#29785
1#
18
#29790
0#
08
#29795
1#
18
#29800
0#
08
#29805
1#
18
#29810
0#
08
#29815
1#
18
#29820
0#
08
#29825
1#
18
#29830
0#
08
#29835
1#
18
#29840
0#
08
#29845
1#
18
#29850
0#
08
#29855
1#
18
#29860
0#
08
#29865
1#
18
#29870
0#
08
#29875
1#
18
#29880
0#
08
#29885
1#
18
#29890
0#
08
#29895
1#
18
#29900
0#
08
#29905
1#
18
#29910
0#
08
#29915
1#
18
#29920
0#
08
#29925
1#
18
#29930
0#
08
#29935
1#
18
#29940
0#
08
#29945
1#
18
#29950
0#
08
#29955
1#
18
#29960
0#
08
#29965
1#
18
#29970
0#
08
#29975
1#
18
#29980
0#
08
#29985
1#
18
#29990
0#
08
#29995
1#
18
#30000
0#
08
#30005
1#
18
#30010
0#
08
#30015
1#
18
#30020
0#
08
#30025
1#
18
#30030
0#
08
#30035
1#
18
#30040
0#
08
#30045
1#
18
#30050
0#
08
#30055
1#
18
#30060
0#
08
#30065
1#
18
#30070
0#
08
#30075
1#
18
#30080
0#
08
#30085
1#
18
#30090
0#
08
#30095
1#
18
#30100
0#
08
#30105
1#
18
#30110
0#
08
#30115
1#
18
#30120
0#
08
#30125
1#
18
#30130
0#
08
#30135
1#
18
#30140
0#
08
#30145
1#
18
#30150
0#
08
#30155
1#
18
#30160
0#
08
#30165
1#
18
#30170
0#
08
#30175
1#
18
#30180
0#
08
#30185
1#
18
#30190
0#
08
#30195
1#
18
#30200
0#
08
#30205
1#
18
#30210
0#
08
#30215
1#
18
#30220
0#
08
#30225
1#
18
#30230
0#
08
#30235
1#
18
#30240
0#
08
#30245
1#
18
#30250
0#
08
#30255
1#
18
#30260
0#
08
#30265
1#
18
#30270
0#
08
#30275
1#
18
#30280
0#
08
#30285
1#
18
#30290
0#
08
#30295
1#
18
#30300
0#
08
#30305
1#
18
#30310
0#
08
#30315
1#
18
#30320
0#
08
#30325
1#
18
#30330
0#
08
#30335
1#
18
#30340
0#
08
#30345
1#
18
#30350
0#
08
#30355
1#
18
#30360
0#
08
#30365
1#
18
#30370
0#
08
#30375
1#
18
#30380
0#
08
#30385
1#
18
#30390
0#
08
#30395
1#
18
#30400
0#
08
#30405
1#
18
#30410
0#
08
#30415
1#
18
#30420
0#
08
#30425
1#
18
#30430
0#
08
#30435
1#
18
#30440
0#
08
#30445
1#
18
#30450
0#
08
#30455
1#
18
#30460
0#
08
#30465
1#
18
#30470
0#
08
#30475
1#
18
#30480
0#
08
#30485
1#
18
#30490
0#
08
#30495
1#
18
#30500
0#
08
#30505
1#
18
#30510
0#
08
#30515
1#
18
#30520
0#
08
#30525
1#
18
#30530
0#
08
#30535
1#
18
#30540
0#
08
#30545
1#
18
#30550
0#
08
#30555
1#
18
#30560
0#
08
#30565
1#
18
#30570
0#
08
#30575
1#
18
#30580
0#
08
#30585
1#
18
#30590
0#
08
#30595
1#
18
#30600
0#
08
#30605
1#
18
#30610
0#
08
#30615
1#
18
#30620
0#
08
#30625
1#
18
#30630
0#
08
#30635
1#
18
#30640
0#
08
#30645
1#
18
#30650
0#
08
#30655
1#
18
#30660
0#
08
#30665
1#
18
#30670
0#
08
#30675
1#
18
#30680
0#
08
#30685
1#
18
#30690
0#
08
#30695
1#
18
#30700
0#
08
#30705
1#
18
#30710
0#
08
#30715
1#
18
#30720
0#
08
#30725
1#
18
#30730
0#
08
#30735
1#
18
#30740
0#
08
#30745
1#
18
#30750
0#
08
#30755
1#
18
#30760
0#
08
#30765
1#
18
#30770
0#
08
#30775
1#
18
#30780
0#
08
#30785
1#
18
#30790
0#
08
#30795
1#
18
#30800
0#
08
#30805
1#
18
#30810
0#
08
#30815
1#
18
#30820
0#
08
#30825
1#
18
#30830
0#
08
#30835
1#
18
#30840
0#
08
#30845
1#
18
#30850
0#
08
#30855
1#
18
#30860
0#
08
#30865
1#
18
#30870
0#
08
#30875
1#
18
#30880
0#
08
#30885
1#
18
#30890
0#
08
#30895
1#
18
#30900
0#
08
#30905
1#
18
#30910
0#
08
#30915
1#
18
#30920
0#
08
#30925
1#
18
#30930
0#
08
#30935
1#
18
#30940
0#
08
#30945
1#
18
#30950
0#
08
#30955
1#
18
#30960
0#
08
#30965
1#
18
#30970
0#
08
#30975
1#
18
#30980
0#
08
#30985
1#
18
#30990
0#
08
#30995
1#
18
#31000
0#
08
#31005
1#
18
#31010
0#
08
#31015
1#
18
#31020
0#
08
#31025
1#
18
#31030
0#
08
#31035
1#
18
#31040
0#
08
#31045
1#
18
#31050
0#
08
#31055
1#
18
#31060
0#
08
#31065
1#
18
#31070
0#
08
#31075
1#
18
#31080
0#
08
#31085
1#
18
#31090
0#
08
#31095
1#
18
#31100
0#
08
#31105
1#
18
#31110
0#
08
#31115
1#
18
#31120
0#
08
#31125
1#
18
#31130
0#
08
#31135
1#
18
#31140
0#
08
#31145
1#
18
#31150
0#
08
#31155
1#
18
#31160
0#
08
#31165
1#
18
#31170
0#
08
#31175
1#
18
#31180
0#
08
#31185
1#
18
#31190
0#
08
#31195
1#
18
#31200
0#
08
#31205
1#
18
#31210
0#
08
#31215
1#
18
#31220
0#
08
#31225
1#
18
#31230
0#
08
#31235
1#
18
#31240
0#
08
#31245
1#
18
#31250
0#
08
#31255
1#
18
#31260
0#
08
#31265
1#
18
#31270
0#
08
#31275
1#
18
#31280
0#
08
#31285
1#
18
#31290
0#
08
#31295
1#
18
#31300
0#
08
#31305
1#
18
#31310
0#
08
#31315
1#
18
#31320
0#
08
#31325
1#
18
#31330
0#
08
#31335
1#
18
#31340
0#
08
#31345
1#
18
#31350
0#
08
#31355
1#
18
#31360
0#
08
#31365
1#
18
#31370
0#
08
#31375
1#
18
#31380
0#
08
#31385
1#
18
#31390
0#
08
#31395
1#
18
#31400
0#
08
#31405
1#
18
#31410
0#
08
#31415
1#
18
#31420
0#
08
#31425
1#
18
#31430
0#
08
#31435
1#
18
#31440
0#
08
#31445
1#
18
#31450
0#
08
#31455
1#
18
#31460
0#
08
#31465
1#
18
#31470
0#
08
#31475
1#
18
#31480
0#
08
#31485
1#
18
#31490
0#
08
#31495
1#
18
#31500
0#
08
#31505
1#
18
#31510
0#
08
#31515
1#
18
#31520
0#
08
#31525
1#
18
#31530
0#
08
#31535
1#
18
#31540
0#
08
#31545
1#
18
#31550
0#
08
#31555
1#
18
#31560
0#
08
#31565
1#
18
#31570
0#
08
#31575
1#
18
#31580
0#
08
#31585
1#
18
#31590
0#
08
#31595
1#
18
#31600
0#
08
#31605
1#
18
#31610
0#
08
#31615
1#
18
#31620
0#
08
#31625
1#
18
#31630
0#
08
#31635
1#
18
#31640
0#
08
#31645
1#
18
#31650
0#
08
#31655
1#
18
#31660
0#
08
#31665
1#
18
#31670
0#
08
#31675
1#
18
#31680
0#
08
#31685
1#
18
#31690
0#
08
#31695
1#
18
#31700
0#
08
#31705
1#
18
#31710
0#
08
#31715
1#
18
#31720
0#
08
#31725
1#
18
#31730
0#
08
#31735
1#
18
#31740
0#
08
#31745
1#
18
#31750
0#
08
#31755
1#
18
#31760
0#
08
#31765
1#
18
#31770
0#
08
#31775
1#
18
#31780
0#
08
#31785
1#
18
#31790
0#
08
#31795
1#
18
#31800
0#
08
#31805
1#
18
#31810
0#
08
#31815
1#
18
#31820
0#
08
#31825
1#
18
#31830
0#
08
#31835
1#
18
#31840
0#
08
#31845
1#
18
#31850
0#
08
#31855
1#
18
#31860
0#
08
#31865
1#
18
#31870
0#
08
#31875
1#
18
#31880
0#
08
#31885
1#
18
#31890
0#
08
#31895
1#
18
#31900
0#
08
#31905
1#
18
#31910
0#
08
#31915
1#
18
#31920
0#
08
#31925
1#
18
#31930
0#
08
#31935
1#
18
#31940
0#
08
#31945
1#
18
#31950
0#
08
#31955
1#
18
#31960
0#
08
#31965
1#
18
#31970
0#
08
#31975
1#
18
#31980
0#
08
#31985
1#
18
#31990
0#
08
#31995
1#
18
#32000
0#
08
#32005
1#
18
#32010
0#
08
#32015
1#
18
#32020
0#
08
#32025
1#
18
#32030
0#
08
#32035
1#
18
#32040
0#
08
#32045
1#
18
#32050
0#
08
#32055
1#
18
#32060
0#
08
#32065
1#
18
#32070
0#
08
#32075
1#
18
#32080
0#
08
#32085
1#
18
#32090
0#
08
#32095
1#
18
#32100
0#
08
#32105
1#
18
#32110
0#
08
#32115
1#
18
#32120
0#
08
#32125
1#
18
#32130
0#
08
#32135
1#
18
#32140
0#
08
#32145
1#
18
#32150
0#
08
#32155
1#
18
#32160
0#
08
#32165
1#
18
#32170
0#
08
#32175
1#
18
#32180
0#
08
#32185
1#
18
#32190
0#
08
#32195
1#
18
#32200
0#
08
#32205
1#
18
#32210
0#
08
#32215
1#
18
#32220
0#
08
#32225
1#
18
#32230
0#
08
#32235
1#
18
#32240
0#
08
#32245
1#
18
#32250
0#
08
#32255
1#
18
#32260
0#
08
#32265
1#
18
#32270
0#
08
#32275
1#
18
#32280
0#
08
#32285
1#
18
#32290
0#
08
#32295
1#
18
#32300
0#
08
#32305
1#
18
#32310
0#
08
#32315
1#
18
#32320
0#
08
#32325
1#
18
#32330
0#
08
#32335
1#
18
#32340
0#
08
#32345
1#
18
#32350
0#
08
#32355
1#
18
#32360
0#
08
#32365
1#
18
#32370
0#
08
#32375
1#
18
#32380
0#
08
#32385
1#
18
#32390
0#
08
#32395
1#
18
#32400
0#
08
#32405
1#
18
#32410
0#
08
#32415
1#
18
#32420
0#
08
#32425
1#
18
#32430
0#
08
#32435
1#
18
#32440
0#
08
#32445
1#
18
#32450
0#
08
#32455
1#
18
#32460
0#
08
#32465
1#
18
#32470
0#
08
#32475
1#
18
#32480
0#
08
#32485
1#
18
#32490
0#
08
#32495
1#
18
#32500
0#
08
#32505
1#
18
#32510
0#
08
#32515
1#
18
#32520
0#
08
#32525
1#
18
#32530
0#
08
#32535
1#
18
#32540
0#
08
#32545
1#
18
#32550
0#
08
#32555
1#
18
#32560
0#
08
#32565
1#
18
#32570
0#
08
#32575
1#
18
#32580
0#
08
#32585
1#
18
#32590
0#
08
#32595
1#
18
#32600
0#
08
#32605
1#
18
#32610
0#
08
#32615
1#
18
#32620
0#
08
#32625
1#
18
#32630
0#
08
#32635
1#
18
#32640
0#
08
#32645
1#
18
#32650
0#
08
#32655
1#
18
#32660
0#
08
#32665
1#
18
#32670
0#
08
#32675
1#
18
#32680
0#
08
#32685
1#
18
#32690
0#
08
#32695
1#
18
#32700
0#
08
#32705
1#
18
#32710
0#
08
#32715
1#
18
#32720
0#
08
#32725
1#
18
#32730
0#
08
#32735
1#
18
#32740
0#
08
#32745
1#
18
#32750
0#
08
#32755
1#
18
#32760
0#
08
#32765
1#
18
#32770
0#
08
#32775
1#
18
#32780
0#
08
#32785
1#
18
#32790
0#
08
#32795
1#
18
#32800
0#
08
#32805
1#
18
#32810
0#
08
#32815
1#
18
#32820
0#
08
#32825
1#
18
#32830
0#
08
#32835
1#
18
#32840
0#
08
#32845
1#
18
#32850
0#
08
#32855
1#
18
#32860
0#
08
#32865
1#
18
#32870
0#
08
#32875
1#
18
#32880
0#
08
#32885
1#
18
#32890
0#
08
#32895
1#
18
#32900
0#
08
#32905
1#
18
#32910
0#
08
#32915
1#
18
#32920
0#
08
#32925
1#
18
#32930
0#
08
#32935
1#
18
#32940
0#
08
#32945
1#
18
#32950
0#
08
#32955
1#
18
#32960
0#
08
#32965
1#
18
#32970
0#
08
#32975
1#
18
#32980
0#
08
#32985
1#
18
#32990
0#
08
#32995
1#
18
#33000
0#
08
#33005
1#
18
#33010
0#
08
#33015
1#
18
#33020
0#
08
#33025
1#
18
#33030
0#
08
#33035
1#
18
#33040
0#
08
#33045
1#
18
#33050
0#
08
#33055
1#
18
#33060
0#
08
#33065
1#
18
#33070
0#
08
#33075
1#
18
#33080
0#
08
#33085
1#
18
#33090
0#
08
#33095
1#
18
#33100
0#
08
#33105
1#
18
#33110
0#
08
#33115
1#
18
#33120
0#
08
#33125
1#
18
#33130
0#
08
#33135
1#
18
#33140
0#
08
#33145
1#
18
#33150
0#
08
#33155
1#
18
#33160
0#
08
#33165
1#
18
#33170
0#
08
#33175
1#
18
#33180
0#
08
#33185
1#
18
#33190
0#
08
#33195
1#
18
#33200
0#
08
#33205
1#
18
#33210
0#
08
#33215
1#
18
#33220
0#
08
#33225
1#
18
#33230
0#
08
#33235
1#
18
#33240
0#
08
#33245
1#
18
#33250
0#
08
#33255
1#
18
#33260
0#
08
#33265
1#
18
#33270
0#
08
#33275
1#
18
#33280
0#
08
#33285
1#
18
#33290
0#
08
#33295
1#
18
#33300
0#
08
#33305
1#
18
#33310
0#
08
#33315
1#
18
#33320
0#
08
#33325
1#
18
#33330
0#
08
#33335
1#
18
#33340
0#
08
#33345
1#
18
#33350
0#
08
#33355
1#
18
#33360
0#
08
#33365
1#
18
#33370
0#
08
#33375
1#
18
#33380
0#
08
#33385
1#
18
#33390
0#
08
#33395
1#
18
#33400
0#
08
#33405
1#
18
#33410
0#
08
#33415
1#
18
#33420
0#
08
#33425
1#
18
#33430
0#
08
#33435
1#
18
#33440
0#
08
#33445
1#
18
#33450
0#
08
#33455
1#
18
#33460
0#
08
#33465
1#
18
#33470
0#
08
#33475
1#
18
#33480
0#
08
#33485
1#
18
#33490
0#
08
#33495
1#
18
#33500
0#
08
#33505
1#
18
#33510
0#
08
#33515
1#
18
#33520
0#
08
#33525
1#
18
#33530
0#
08
#33535
1#
18
#33540
0#
08
#33545
1#
18
#33550
0#
08
#33555
1#
18
#33560
0#
08
#33565
1#
18
#33570
0#
08
#33575
1#
18
#33580
0#
08
#33585
1#
18
#33590
0#
08
#33595
1#
18
#33600
0#
08
#33605
1#
18
#33610
0#
08
#33615
1#
18
#33620
0#
08
#33625
1#
18
#33630
0#
08
#33635
1#
18
#33640
0#
08
#33645
1#
18
#33650
0#
08
#33655
1#
18
#33660
0#
08
#33665
1#
18
#33670
0#
08
#33675
1#
18
#33680
0#
08
#33685
1#
18
#33690
0#
08
#33695
1#
18
#33700
0#
08
#33705
1#
18
#33710
0#
08
#33715
1#
18
#33720
0#
08
#33725
1#
18
#33730
0#
08
#33735
1#
18
#33740
0#
08
#33745
1#
18
#33750
0#
08
#33755
1#
18
#33760
0#
08
#33765
1#
18
#33770
0#
08
#33775
1#
18
#33780
0#
08
#33785
1#
18
#33790
0#
08
#33795
1#
18
#33800
0#
08
#33805
1#
18
#33810
0#
08
#33815
1#
18
#33820
0#
08
#33825
1#
18
#33830
0#
08
#33835
1#
18
#33840
0#
08
#33845
1#
18
#33850
0#
08
#33855
1#
18
#33860
0#
08
#33865
1#
18
#33870
0#
08
#33875
1#
18
#33880
0#
08
#33885
1#
18
#33890
0#
08
#33895
1#
18
#33900
0#
08
#33905
1#
18
#33910
0#
08
#33915
1#
18
#33920
0#
08
#33925
1#
18
#33930
0#
08
#33935
1#
18
#33940
0#
08
#33945
1#
18
#33950
0#
08
#33955
1#
18
#33960
0#
08
#33965
1#
18
#33970
0#
08
#33975
1#
18
#33980
0#
08
#33985
1#
18
#33990
0#
08
#33995
1#
18
#34000
0#
08
#34005
1#
18
#34010
0#
08
#34015
1#
18
#34020
0#
08
#34025
1#
18
#34030
0#
08
#34035
1#
18
#34040
0#
08
#34045
1#
18
#34050
0#
08
#34055
1#
18
#34060
0#
08
#34065
1#
18
#34070
0#
08
#34075
1#
18
#34080
0#
08
#34085
1#
18
#34090
0#
08
#34095
1#
18
#34100
0#
08
#34105
1#
18
#34110
0#
08
#34115
1#
18
#34120
0#
08
#34125
1#
18
#34130
0#
08
#34135
1#
18
#34140
0#
08
#34145
1#
18
#34150
0#
08
#34155
1#
18
#34160
0#
08
#34165
1#
18
#34170
0#
08
#34175
1#
18
#34180
0#
08
#34185
1#
18
#34190
0#
08
#34195
1#
18
#34200
0#
08
#34205
1#
18
#34210
0#
08
#34215
1#
18
#34220
0#
08
#34225
1#
18
#34230
0#
08
#34235
1#
18
#34240
0#
08
#34245
1#
18
#34250
0#
08
#34255
1#
18
#34260
0#
08
#34265
1#
18
#34270
0#
08
#34275
1#
18
#34280
0#
08
#34285
1#
18
#34290
0#
08
#34295
1#
18
#34300
0#
08
#34305
1#
18
#34310
0#
08
#34315
1#
18
#34320
0#
08
#34325
1#
18
#34330
0#
08
#34335
1#
18
#34340
0#
08
#34345
1#
18
#34350
0#
08
#34355
1#
18
#34360
0#
08
#34365
1#
18
#34370
0#
08
#34375
1#
18
#34380
0#
08
#34385
1#
18
#34390
0#
08
#34395
1#
18
#34400
0#
08
#34405
1#
18
#34410
0#
08
#34415
1#
18
#34420
0#
08
#34425
1#
18
#34430
0#
08
#34435
1#
18
#34440
0#
08
#34445
1#
18
#34450
0#
08
#34455
1#
18
#34460
0#
08
#34465
1#
18
#34470
0#
08
#34475
1#
18
#34480
0#
08
#34485
1#
18
#34490
0#
08
#34495
1#
18
#34500
0#
08
#34505
1#
18
#34510
0#
08
#34515
1#
18
#34520
0#
08
#34525
1#
18
#34530
0#
08
#34535
1#
18
#34540
0#
08
#34545
1#
18
#34550
0#
08
#34555
1#
18
#34560
0#
08
#34565
1#
18
#34570
0#
08
#34575
1#
18
#34580
0#
08
#34585
1#
18
#34590
0#
08
#34595
1#
18
#34600
0#
08
#34605
1#
18
#34610
0#
08
#34615
1#
18
#34620
0#
08
#34625
1#
18
#34630
0#
08
#34635
1#
18
#34640
0#
08
#34645
1#
18
#34650
0#
08
#34655
1#
18
#34660
0#
08
#34665
1#
18
#34670
0#
08
#34675
1#
18
#34680
0#
08
#34685
1#
18
#34690
0#
08
#34695
1#
18
#34700
0#
08
#34705
1#
18
#34710
0#
08
#34715
1#
18
#34720
0#
08
#34725
1#
18
#34730
0#
08
#34735
1#
18
#34740
0#
08
#34745
1#
18
#34750
0#
08
#34755
1#
18
#34760
0#
08
#34765
1#
18
#34770
0#
08
#34775
1#
18
#34780
0#
08
#34785
1#
18
#34790
0#
08
#34795
1#
18
#34800
0#
08
#34805
1#
18
#34810
0#
08
#34815
1#
18
#34820
0#
08
#34825
1#
18
#34830
0#
08
#34835
1#
18
#34840
0#
08
#34845
1#
18
#34850
0#
08
#34855
1#
18
#34860
0#
08
#34865
1#
18
#34870
0#
08
#34875
1#
18
#34880
0#
08
#34885
1#
18
#34890
0#
08
#34895
1#
18
#34900
0#
08
#34905
1#
18
#34910
0#
08
#34915
1#
18
#34920
0#
08
#34925
1#
18
#34930
0#
08
#34935
1#
18
#34940
0#
08
#34945
1#
18
#34950
0#
08
#34955
1#
18
#34960
0#
08
#34965
1#
18
#34970
0#
08
#34975
1#
18
#34980
0#
08
#34985
1#
18
#34990
0#
08
#34995
1#
18
#35000
0#
08
#35005
1#
18
#35010
0#
08
#35015
1#
18
#35020
0#
08
#35025
1#
18
#35030
0#
08
#35035
1#
18
#35040
0#
08
#35045
1#
18
#35050
0#
08
#35055
1#
18
#35060
0#
08
#35065
1#
18
#35070
0#
08
#35075
1#
18
#35080
0#
08
#35085
1#
18
#35090
0#
08
#35095
1#
18
#35100
0#
08
#35105
1#
18
#35110
0#
08
#35115
1#
18
#35120
0#
08
#35125
1#
18
#35130
0#
08
#35135
1#
18
#35140
0#
08
#35145
1#
18
#35150
0#
08
#35155
1#
18
#35160
0#
08
#35165
1#
18
#35170
0#
08
#35175
1#
18
#35180
0#
08
#35185
1#
18
#35190
0#
08
#35195
1#
18
#35200
0#
08
#35205
1#
18
#35210
0#
08
#35215
1#
18
#35220
0#
08
#35225
1#
18
#35230
0#
08
#35235
1#
18
#35240
0#
08
#35245
1#
18
#35250
0#
08
#35255
1#
18
#35260
0#
08
#35265
1#
18
#35270
0#
08
#35275
1#
18
#35280
0#
08
#35285
1#
18
#35290
0#
08
#35295
1#
18
#35300
0#
08
#35305
1#
18
#35310
0#
08
#35315
1#
18
#35320
0#
08
#35325
1#
18
#35330
0#
08
#35335
1#
18
#35340
0#
08
#35345
1#
18
#35350
0#
08
#35355
1#
18
#35360
0#
08
#35365
1#
18
#35370
0#
08
#35375
1#
18
#35380
0#
08
#35385
1#
18
#35390
0#
08
#35395
1#
18
#35400
0#
08
#35405
1#
18
#35410
0#
08
#35415
1#
18
#35420
0#
08
#35425
1#
18
#35430
0#
08
#35435
1#
18
#35440
0#
08
#35445
1#
18
#35450
0#
08
#35455
1#
18
#35460
0#
08
#35465
1#
18
#35470
0#
08
#35475
1#
18
#35480
0#
08
#35485
1#
18
#35490
0#
08
#35495
1#
18
#35500
0#
08
#35505
1#
18
#35510
0#
08
#35515
1#
18
#35520
0#
08
#35525
1#
18
#35530
0#
08
#35535
1#
18
#35540
0#
08
#35545
1#
18
#35550
0#
08
#35555
1#
18
#35560
0#
08
#35565
1#
18
#35570
0#
08
#35575
1#
18
#35580
0#
08
#35585
1#
18
#35590
0#
08
#35595
1#
18
#35600
0#
08
#35605
1#
18
#35610
0#
08
#35615
1#
18
#35620
0#
08
#35625
1#
18
#35630
0#
08
#35635
1#
18
#35640
0#
08
#35645
1#
18
#35650
0#
08
#35655
1#
18
#35660
0#
08
#35665
1#
18
#35670
0#
08
#35675
1#
18
#35680
0#
08
#35685
1#
18
#35690
0#
08
#35695
1#
18
#35700
0#
08
#35705
1#
18
#35710
0#
08
#35715
1#
18
#35720
0#
08
#35725
1#
18
#35730
0#
08
#35735
1#
18
#35740
0#
08
#35745
1#
18
#35750
0#
08
#35755
1#
18
#35760
0#
08
#35765
1#
18
#35770
0#
08
#35775
1#
18
#35780
0#
08
#35785
1#
18
#35790
0#
08
#35795
1#
18
#35800
0#
08
#35805
1#
18
#35810
0#
08
#35815
1#
18
#35820
0#
08
#35825
1#
18
#35830
0#
08
#35835
1#
18
#35840
0#
08
#35845
1#
18
#35850
0#
08
#35855
1#
18
#35860
0#
08
#35865
1#
18
#35870
0#
08
#35875
1#
18
#35880
0#
08
#35885
1#
18
#35890
0#
08
#35895
1#
18
#35900
0#
08
#35905
1#
18
#35910
0#
08
#35915
1#
18
#35920
0#
08
#35925
1#
18
#35930
0#
08
#35935
1#
18
#35940
0#
08
#35945
1#
18
#35950
0#
08
#35955
1#
18
#35960
0#
08
#35965
1#
18
#35970
0#
08
#35975
1#
18
#35980
0#
08
#35985
1#
18
#35990
0#
08
#35995
1#
18
#36000
0#
08
#36005
1#
18
#36010
0#
08
#36015
1#
18
#36020
0#
08
#36025
1#
18
#36030
0#
08
#36035
1#
18
#36040
0#
08
#36045
1#
18
#36050
0#
08
#36055
1#
18
#36060
0#
08
#36065
1#
18
#36070
0#
08
#36075
1#
18
#36080
0#
08
#36085
1#
18
#36090
0#
08
#36095
1#
18
#36100
0#
08
#36105
1#
18
#36110
0#
08
#36115
1#
18
#36120
0#
08
#36125
1#
18
#36130
0#
08
#36135
1#
18
#36140
0#
08
#36145
1#
18
#36150
0#
08
#36155
1#
18
#36160
0#
08
#36165
1#
18
#36170
0#
08
#36175
1#
18
#36180
0#
08
#36185
1#
18
#36190
0#
08
#36195
1#
18
#36200
0#
08
#36205
1#
18
#36210
0#
08
#36215
1#
18
#36220
0#
08
#36225
1#
18
#36230
0#
08
#36235
1#
18
#36240
0#
08
#36245
1#
18
#36250
0#
08
#36255
1#
18
#36260
0#
08
#36265
1#
18
#36270
0#
08
#36275
1#
18
#36280
0#
08
#36285
1#
18
#36290
0#
08
#36295
1#
18
#36300
0#
08
#36305
1#
18
#36310
0#
08
#36315
1#
18
#36320
0#
08
#36325
1#
18
#36330
0#
08
#36335
1#
18
#36340
0#
08
#36345
1#
18
#36350
0#
08
#36355
1#
18
#36360
0#
08
#36365
1#
18
#36370
0#
08
#36375
1#
18
#36380
0#
08
#36385
1#
18
#36390
0#
08
#36395
1#
18
#36400
0#
08
#36405
1#
18
#36410
0#
08
#36415
1#
18
#36420
0#
08
#36425
1#
18
#36430
0#
08
#36435
1#
18
#36440
0#
08
#36445
1#
18
#36450
0#
08
#36455
1#
18
#36460
0#
08
#36465
1#
18
#36470
0#
08
#36475
1#
18
#36480
0#
08
#36485
1#
18
#36490
0#
08
#36495
1#
18
#36500
0#
08
#36505
1#
18
#36510
0#
08
#36515
1#
18
#36520
0#
08
#36525
1#
18
#36530
0#
08
#36535
1#
18
#36540
0#
08
#36545
1#
18
#36550
0#
08
#36555
1#
18
#36560
0#
08
#36565
1#
18
#36570
0#
08
#36575
1#
18
#36580
0#
08
#36585
1#
18
#36590
0#
08
#36595
1#
18
#36600
0#
08
#36605
1#
18
#36610
0#
08
#36615
1#
18
#36620
0#
08
#36625
1#
18
#36630
0#
08
#36635
1#
18
#36640
0#
08
#36645
1#
18
#36650
0#
08
#36655
1#
18
#36660
0#
08
#36665
1#
18
#36670
0#
08
#36675
1#
18
#36680
0#
08
#36685
1#
18
#36690
0#
08
#36695
1#
18
#36700
0#
08
#36705
1#
18
#36710
0#
08
#36715
1#
18
#36720
0#
08
#36725
1#
18
#36730
0#
08
#36735
1#
18
#36740
0#
08
#36745
1#
18
#36750
0#
08
#36755
1#
18
#36760
0#
08
#36765
1#
18
#36770
0#
08
#36775
1#
18
#36780
0#
08
#36785
1#
18
#36790
0#
08
#36795
1#
18
#36800
0#
08
#36805
1#
18
#36810
0#
08
#36815
1#
18
#36820
0#
08
#36825
1#
18
#36830
0#
08
#36835
1#
18
#36840
0#
08
#36845
1#
18
#36850
0#
08
#36855
1#
18
#36860
0#
08
#36865
1#
18
#36870
0#
08
#36875
1#
18
#36880
0#
08
#36885
1#
18
#36890
0#
08
#36895
1#
18
#36900
0#
08
#36905
1#
18
#36910
0#
08
#36915
1#
18
#36920
0#
08
#36925
1#
18
#36930
0#
08
#36935
1#
18
#36940
0#
08
#36945
1#
18
#36950
0#
08
#36955
1#
18
#36960
0#
08
#36965
1#
18
#36970
0#
08
#36975
1#
18
#36980
0#
08
#36985
1#
18
#36990
0#
08
#36995
1#
18
#37000
0#
08
#37005
1#
18
#37010
0#
08
#37015
1#
18
#37020
0#
08
#37025
1#
18
#37030
0#
08
#37035
1#
18
#37040
0#
08
#37045
1#
18
#37050
0#
08
#37055
1#
18
#37060
0#
08
#37065
1#
18
#37070
0#
08
#37075
1#
18
#37080
0#
08
#37085
1#
18
#37090
0#
08
#37095
1#
18
#37100
0#
08
#37105
1#
18
#37110
0#
08
#37115
1#
18
#37120
0#
08
#37125
1#
18
#37130
0#
08
#37135
1#
18
#37140
0#
08
#37145
1#
18
#37150
0#
08
#37155
1#
18
#37160
0#
08
#37165
1#
18
#37170
0#
08
#37175
1#
18
#37180
0#
08
#37185
1#
18
#37190
0#
08
#37195
1#
18
#37200
0#
08
#37205
1#
18
#37210
0#
08
#37215
1#
18
#37220
0#
08
#37225
1#
18
#37230
0#
08
#37235
1#
18
#37240
0#
08
#37245
1#
18
#37250
0#
08
#37255
1#
18
#37260
0#
08
#37265
1#
18
#37270
0#
08
#37275
1#
18
#37280
0#
08
#37285
1#
18
#37290
0#
08
#37295
1#
18
#37300
0#
08
#37305
1#
18
#37310
0#
08
#37315
1#
18
#37320
0#
08
#37325
1#
18
#37330
0#
08
#37335
1#
18
#37340
0#
08
#37345
1#
18
#37350
0#
08
#37355
1#
18
#37360
0#
08
#37365
1#
18
#37370
0#
08
#37375
1#
18
#37380
0#
08
#37385
1#
18
#37390
0#
08
#37395
1#
18
#37400
0#
08
#37405
1#
18
#37410
0#
08
#37415
1#
18
#37420
0#
08
#37425
1#
18
#37430
0#
08
#37435
1#
18
#37440
0#
08
#37445
1#
18
#37450
0#
08
#37455
1#
18
#37460
0#
08
#37465
1#
18
#37470
0#
08
#37475
1#
18
#37480
0#
08
#37485
1#
18
#37490
0#
08
#37495
1#
18
#37500
0#
08
#37505
1#
18
#37510
0#
08
#37515
1#
18
#37520
0#
08
#37525
1#
18
#37530
0#
08
#37535
1#
18
#37540
0#
08
#37545
1#
18
#37550
0#
08
#37555
1#
18
#37560
0#
08
#37565
1#
18
#37570
0#
08
#37575
1#
18
#37580
0#
08
#37585
1#
18
#37590
0#
08
#37595
1#
18
#37600
0#
08
#37605
1#
18
#37610
0#
08
#37615
1#
18
#37620
0#
08
#37625
1#
18
#37630
0#
08
#37635
1#
18
#37640
0#
08
#37645
1#
18
#37650
0#
08
#37655
1#
18
#37660
0#
08
#37665
1#
18
#37670
0#
08
#37675
1#
18
#37680
0#
08
#37685
1#
18
#37690
0#
08
#37695
1#
18
#37700
0#
08
#37705
1#
18
#37710
0#
08
#37715
1#
18
#37720
0#
08
#37725
1#
18
#37730
0#
08
#37735
1#
18
#37740
0#
08
#37745
1#
18
#37750
0#
08
#37755
1#
18
#37760
0#
08
#37765
1#
18
#37770
0#
08
#37775
1#
18
#37780
0#
08
#37785
1#
18
#37790
0#
08
#37795
1#
18
#37800
0#
08
#37805
1#
18
#37810
0#
08
#37815
1#
18
#37820
0#
08
#37825
1#
18
#37830
0#
08
#37835
1#
18
#37840
0#
08
#37845
1#
18
#37850
0#
08
#37855
1#
18
#37860
0#
08
#37865
1#
18
#37870
0#
08
#37875
1#
18
#37880
0#
08
#37885
1#
18
#37890
0#
08
#37895
1#
18
#37900
0#
08
#37905
1#
18
#37910
0#
08
#37915
1#
18
#37920
0#
08
#37925
1#
18
#37930
0#
08
#37935
1#
18
#37940
0#
08
#37945
1#
18
#37950
0#
08
#37955
1#
18
#37960
0#
08
#37965
1#
18
#37970
0#
08
#37975
1#
18
#37980
0#
08
#37985
1#
18
#37990
0#
08
#37995
1#
18
#38000
0#
08
#38005
1#
18
#38010
0#
08
#38015
1#
18
#38020
0#
08
#38025
1#
18
#38030
0#
08
#38035
1#
18
#38040
0#
08
#38045
1#
18
#38050
0#
08
#38055
1#
18
#38060
0#
08
#38065
1#
18
#38070
0#
08
#38075
1#
18
#38080
0#
08
#38085
1#
18
#38090
0#
08
#38095
1#
18
#38100
0#
08
#38105
1#
18
#38110
0#
08
#38115
1#
18
#38120
0#
08
#38125
1#
18
#38130
0#
08
#38135
1#
18
#38140
0#
08
#38145
1#
18
#38150
0#
08
#38155
1#
18
#38160
0#
08
#38165
1#
18
#38170
0#
08
#38175
1#
18
#38180
0#
08
#38185
1#
18
#38190
0#
08
#38195
1#
18
#38200
0#
08
#38205
1#
18
#38210
0#
08
#38215
1#
18
#38220
0#
08
#38225
1#
18
#38230
0#
08
#38235
1#
18
#38240
0#
08
#38245
1#
18
#38250
0#
08
#38255
1#
18
#38260
0#
08
#38265
1#
18
#38270
0#
08
#38275
1#
18
#38280
0#
08
#38285
1#
18
#38290
0#
08
#38295
1#
18
#38300
0#
08
#38305
1#
18
#38310
0#
08
#38315
1#
18
#38320
0#
08
#38325
1#
18
#38330
0#
08
#38335
1#
18
#38340
0#
08
#38345
1#
18
#38350
0#
08
#38355
1#
18
#38360
0#
08
#38365
1#
18
#38370
0#
08
#38375
1#
18
#38380
0#
08
#38385
1#
18
#38390
0#
08
#38395
1#
18
#38400
0#
08
#38405
1#
18
#38410
0#
08
#38415
1#
18
#38420
0#
08
#38425
1#
18
#38430
0#
08
#38435
1#
18
#38440
0#
08
#38445
1#
18
#38450
0#
08
#38455
1#
18
#38460
0#
08
#38465
1#
18
#38470
0#
08
#38475
1#
18
#38480
0#
08
#38485
1#
18
#38490
0#
08
#38495
1#
18
#38500
0#
08
#38505
1#
18
#38510
0#
08
#38515
1#
18
#38520
0#
08
#38525
1#
18
#38530
0#
08
#38535
1#
18
#38540
0#
08
#38545
1#
18
#38550
0#
08
#38555
1#
18
#38560
0#
08
#38565
1#
18
#38570
0#
08
#38575
1#
18
#38580
0#
08
#38585
1#
18
#38590
0#
08
#38595
1#
18
#38600
0#
08
#38605
1#
18
#38610
0#
08
#38615
1#
18
#38620
0#
08
#38625
1#
18
#38630
0#
08
#38635
1#
18
#38640
0#
08
#38645
1#
18
#38650
0#
08
#38655
1#
18
#38660
0#
08
#38665
1#
18
#38670
0#
08
#38675
1#
18
#38680
0#
08
#38685
1#
18
#38690
0#
08
#38695
1#
18
#38700
0#
08
#38705
1#
18
#38710
0#
08
#38715
1#
18
#38720
0#
08
#38725
1#
18
#38730
0#
08
#38735
1#
18
#38740
0#
08
#38745
1#
18
#38750
0#
08
#38755
1#
18
#38760
0#
08
#38765
1#
18
#38770
0#
08
#38775
1#
18
#38780
0#
08
#38785
1#
18
#38790
0#
08
#38795
1#
18
#38800
0#
08
#38805
1#
18
#38810
0#
08
#38815
1#
18
#38820
0#
08
#38825
1#
18
#38830
0#
08
#38835
1#
18
#38840
0#
08
#38845
1#
18
#38850
0#
08
#38855
1#
18
#38860
0#
08
#38865
1#
18
#38870
0#
08
#38875
1#
18
#38880
0#
08
#38885
1#
18
#38890
0#
08
#38895
1#
18
#38900
0#
08
#38905
1#
18
#38910
0#
08
#38915
1#
18
#38920
0#
08
#38925
1#
18
#38930
0#
08
#38935
1#
18
#38940
0#
08
#38945
1#
18
#38950
0#
08
#38955
1#
18
#38960
0#
08
#38965
1#
18
#38970
0#
08
#38975
1#
18
#38980
0#
08
#38985
1#
18
#38990
0#
08
#38995
1#
18
#39000
0#
08
#39005
1#
18
#39010
0#
08
#39015
1#
18
#39020
0#
08
#39025
1#
18
#39030
0#
08
#39035
1#
18
#39040
0#
08
#39045
1#
18
#39050
0#
08
#39055
1#
18
#39060
0#
08
#39065
1#
18
#39070
0#
08
#39075
1#
18
#39080
0#
08
#39085
1#
18
#39090
0#
08
#39095
1#
18
#39100
0#
08
#39105
1#
18
#39110
0#
08
#39115
1#
18
#39120
0#
08
#39125
1#
18
#39130
0#
08
#39135
1#
18
#39140
0#
08
#39145
1#
18
#39150
0#
08
#39155
1#
18
#39160
0#
08
#39165
1#
18
#39170
0#
08
#39175
1#
18
#39180
0#
08
#39185
1#
18
#39190
0#
08
#39195
1#
18
#39200
0#
08
#39205
1#
18
#39210
0#
08
#39215
1#
18
#39220
0#
08
#39225
1#
18
#39230
0#
08
#39235
1#
18
#39240
0#
08
#39245
1#
18
#39250
0#
08
#39255
1#
18
#39260
0#
08
#39265
1#
18
#39270
0#
08
#39275
1#
18
#39280
0#
08
#39285
1#
18
#39290
0#
08
#39295
1#
18
#39300
0#
08
#39305
1#
18
#39310
0#
08
#39315
1#
18
#39320
0#
08
#39325
1#
18
#39330
0#
08
#39335
1#
18
#39340
0#
08
#39345
1#
18
#39350
0#
08
#39355
1#
18
#39360
0#
08
#39365
1#
18
#39370
0#
08
#39375
1#
18
#39380
0#
08
#39385
1#
18
#39390
0#
08
#39395
1#
18
#39400
0#
08
#39405
1#
18
#39410
0#
08
#39415
1#
18
#39420
0#
08
#39425
1#
18
#39430
0#
08
#39435
1#
18
#39440
0#
08
#39445
1#
18
#39450
0#
08
#39455
1#
18
#39460
0#
08
#39465
1#
18
#39470
0#
08
#39475
1#
18
#39480
0#
08
#39485
1#
18
#39490
0#
08
#39495
1#
18
#39500
0#
08
#39505
1#
18
#39510
0#
08
#39515
1#
18
#39520
0#
08
#39525
1#
18
#39530
0#
08
#39535
1#
18
#39540
0#
08
#39545
1#
18
#39550
0#
08
#39555
1#
18
#39560
0#
08
#39565
1#
18
#39570
0#
08
#39575
1#
18
#39580
0#
08
#39585
1#
18
#39590
0#
08
#39595
1#
18
#39600
0#
08
#39605
1#
18
#39610
0#
08
#39615
1#
18
#39620
0#
08
#39625
1#
18
#39630
0#
08
#39635
1#
18
#39640
0#
08
#39645
1#
18
#39650
0#
08
#39655
1#
18
#39660
0#
08
#39665
1#
18
#39670
0#
08
#39675
1#
18
#39680
0#
08
#39685
1#
18
#39690
0#
08
#39695
1#
18
#39700
0#
08
#39705
1#
18
#39710
0#
08
#39715
1#
18
#39720
0#
08
#39725
1#
18
#39730
0#
08
#39735
1#
18
#39740
0#
08
#39745
1#
18
#39750
0#
08
#39755
1#
18
#39760
0#
08
#39765
1#
18
#39770
0#
08
#39775
1#
18
#39780
0#
08
#39785
1#
18
#39790
0#
08
#39795
1#
18
#39800
0#
08
#39805
1#
18
#39810
0#
08
#39815
1#
18
#39820
0#
08
#39825
1#
18
#39830
0#
08
#39835
1#
18
#39840
0#
08
#39845
1#
18
#39850
0#
08
#39855
1#
18
#39860
0#
08
#39865
1#
18
#39870
0#
08
#39875
1#
18
#39880
0#
08
#39885
1#
18
#39890
0#
08
#39895
1#
18
#39900
0#
08
#39905
1#
18
#39910
0#
08
#39915
1#
18
#39920
0#
08
#39925
1#
18
#39930
0#
08
#39935
1#
18
#39940
0#
08
#39945
1#
18
#39950
0#
08
#39955
1#
18
#39960
0#
08
#39965
1#
18
#39970
0#
08
#39975
1#
18
#39980
0#
08
#39985
1#
18
#39990
0#
08
#39995
1#
18
#40000
0#
08
#40005
1#
18
#40010
0#
08
#40015
1#
18
#40020
0#
08
#40025
1#
18
#40030
0#
08
#40035
1#
18
#40040
0#
08
#40045
1#
18
#40050
0#
08
#40055
1#
18
#40060
0#
08
#40065
1#
18
#40070
0#
08
#40075
1#
18
#40080
0#
08
#40085
1#
18
#40090
0#
08
#40095
1#
18
#40100
0#
08
#40105
1#
18
#40110
0#
08
#40115
1#
18
#40120
0#
08
#40125
1#
18
#40130
0#
08
#40135
1#
18
#40140
0#
08
#40145
1#
18
#40150
0#
08
#40155
1#
18
#40160
0#
08
#40165
1#
18
#40170
0#
08
#40175
1#
18
#40180
0#
08
#40185
1#
18
#40190
0#
08
#40195
1#
18
#40200
0#
08
#40205
1#
18
#40210
0#
08
#40215
1#
18
#40220
0#
08
#40225
1#
18
#40230
0#
08
#40235
1#
18
#40240
0#
08
#40245
1#
18
#40250
0#
08
#40255
1#
18
#40260
0#
08
#40265
1#
18
#40270
0#
08
#40275
1#
18
#40280
0#
08
#40285
1#
18
#40290
0#
08
#40295
1#
18
#40300
0#
08
#40305
1#
18
#40310
0#
08
#40315
1#
18
#40320
0#
08
#40325
1#
18
#40330
0#
08
#40335
1#
18
#40340
0#
08
#40345
1#
18
#40350
0#
08
#40355
1#
18
#40360
0#
08
#40365
1#
18
#40370
0#
08
#40375
1#
18
#40380
0#
08
#40385
1#
18
#40390
0#
08
#40395
1#
18
#40400
0#
08
#40405
1#
18
#40410
0#
08
#40415
1#
18
#40420
0#
08
#40425
1#
18
#40430
0#
08
#40435
1#
18
#40440
0#
08
#40445
1#
18
#40450
0#
08
#40455
1#
18
#40460
0#
08
#40465
1#
18
#40470
0#
08
#40475
1#
18
#40480
0#
08
#40485
1#
18
#40490
0#
08
#40495
1#
18
#40500
0#
08
#40505
1#
18
#40510
0#
08
#40515
1#
18
#40520
0#
08
#40525
1#
18
#40530
0#
08
#40535
1#
18
#40540
0#
08
#40545
1#
18
#40550
0#
08
#40555
1#
18
#40560
0#
08
#40565
1#
18
#40570
0#
08
#40575
1#
18
#40580
0#
08
#40585
1#
18
#40590
0#
08
#40595
1#
18
#40600
0#
08
#40605
1#
18
#40610
0#
08
#40615
1#
18
#40620
0#
08
#40625
1#
18
#40630
0#
08
#40635
1#
18
#40640
0#
08
#40645
1#
18
#40650
0#
08
#40655
1#
18
#40660
0#
08
#40665
1#
18
#40670
0#
08
#40675
1#
18
#40680
0#
08
#40685
1#
18
#40690
0#
08
#40695
1#
18
#40700
0#
08
#40705
1#
18
#40710
0#
08
#40715
1#
18
#40720
0#
08
#40725
1#
18
#40730
0#
08
#40735
1#
18
#40740
0#
08
#40745
1#
18
#40750
0#
08
#40755
1#
18
#40760
0#
08
#40765
1#
18
#40770
0#
08
#40775
1#
18
#40780
0#
08
#40785
1#
18
#40790
0#
08
#40795
1#
18
#40800
0#
08
#40805
1#
18
#40810
0#
08
#40815
1#
18
#40820
0#
08
#40825
1#
18
#40830
0#
08
#40835
1#
18
#40840
0#
08
#40845
1#
18
#40850
0#
08
#40855
1#
18
#40860
0#
08
#40865
1#
18
#40870
0#
08
#40875
1#
18
#40880
0#
08
#40885
1#
18
#40890
0#
08
#40895
1#
18
#40900
0#
08
#40905
1#
18
#40910
0#
08
#40915
1#
18
#40920
0#
08
#40925
1#
18
#40930
0#
08
#40935
1#
18
#40940
0#
08
#40945
1#
18
#40950
0#
08
#40955
1#
18
#40960
0#
08
#40965
1#
18
#40970
0#
08
#40975
1#
18
#40980
0#
08
#40985
1#
18
#40990
0#
08
#40995
1#
18
#41000
0#
08
#41005
1#
18
#41010
0#
08
#41015
1#
18
#41020
0#
08
#41025
1#
18
#41030
0#
08
#41035
1#
18
#41040
0#
08
#41045
1#
18
#41050
0#
08
#41055
1#
18
#41060
0#
08
#41065
1#
18
#41070
0#
08
#41075
1#
18
#41080
0#
08
#41085
1#
18
#41090
0#
08
#41095
1#
18
#41100
0#
08
#41105
1#
18
#41110
0#
08
#41115
1#
18
#41120
0#
08
#41125
1#
18
#41130
0#
08
#41135
1#
18
#41140
0#
08
#41145
1#
18
#41150
0#
08
#41155
1#
18
#41160
0#
08
#41165
1#
18
#41170
0#
08
#41175
1#
18
#41180
0#
08
#41185
1#
18
#41190
0#
08
#41195
1#
18
#41200
0#
08
#41205
1#
18
#41210
0#
08
#41215
1#
18
#41220
0#
08
#41225
1#
18
#41230
0#
08
#41235
1#
18
#41240
0#
08
#41245
1#
18
#41250
0#
08
#41255
1#
18
#41260
0#
08
#41265
1#
18
#41270
0#
08
#41275
1#
18
#41280
0#
08
#41285
1#
18
#41290
0#
08
#41295
1#
18
#41300
0#
08
#41305
1#
18
#41310
0#
08
#41315
1#
18
#41320
0#
08
#41325
1#
18
#41330
0#
08
#41335
1#
18
#41340
0#
08
#41345
1#
18
#41350
0#
08
#41355
1#
18
#41360
0#
08
#41365
1#
18
#41370
0#
08
#41375
1#
18
#41380
0#
08
#41385
1#
18
#41390
0#
08
#41395
1#
18
#41400
0#
08
#41405
1#
18
#41410
0#
08
#41415
1#
18
#41420
0#
08
#41425
1#
18
#41430
0#
08
#41435
1#
18
#41440
0#
08
#41445
1#
18
#41450
0#
08
#41455
1#
18
#41460
0#
08
#41465
1#
18
#41470
0#
08
#41475
1#
18
#41480
0#
08
#41485
1#
18
#41490
0#
08
#41495
1#
18
#41500
0#
08
#41505
1#
18
#41510
0#
08
#41515
1#
18
#41520
0#
08
#41525
1#
18
#41530
0#
08
#41535
1#
18
#41540
0#
08
#41545
1#
18
#41550
0#
08
#41555
1#
18
#41560
0#
08
#41565
1#
18
#41570
0#
08
#41575
1#
18
#41580
0#
08
#41585
1#
18
#41590
0#
08
#41595
1#
18
#41600
0#
08
#41605
1#
18
#41610
0#
08
#41615
1#
18
#41620
0#
08
#41625
1#
18
#41630
0#
08
#41635
1#
18
#41640
0#
08
#41645
1#
18
#41650
0#
08
#41655
1#
18
#41660
0#
08
#41665
1#
18
#41670
0#
08
#41675
1#
18
#41680
0#
08
#41685
1#
18
#41690
0#
08
#41695
1#
18
#41700
0#
08
#41705
1#
18
#41710
0#
08
#41715
1#
18
#41720
0#
08
#41725
1#
18
#41730
0#
08
#41735
1#
18
#41740
0#
08
#41745
1#
18
#41750
0#
08
#41755
1#
18
#41760
0#
08
#41765
1#
18
#41770
0#
08
#41775
1#
18
#41780
0#
08
#41785
1#
18
#41790
0#
08
#41795
1#
18
#41800
0#
08
#41805
1#
18
#41810
0#
08
#41815
1#
18
#41820
0#
08
#41825
1#
18
#41830
0#
08
#41835
1#
18
#41840
0#
08
#41845
1#
18
#41850
0#
08
#41855
1#
18
#41860
0#
08
#41865
1#
18
#41870
0#
08
#41875
1#
18
#41880
0#
08
#41885
1#
18
#41890
0#
08
#41895
1#
18
#41900
0#
08
#41905
1#
18
#41910
0#
08
#41915
1#
18
#41920
0#
08
#41925
1#
18
#41930
0#
08
#41935
1#
18
#41940
0#
08
#41945
1#
18
#41950
0#
08
#41955
1#
18
#41960
0#
08
#41965
1#
18
#41970
0#
08
#41975
1#
18
#41980
0#
08
#41985
1#
18
#41990
0#
08
#41995
1#
18
#42000
0#
08
#42005
1#
18
#42010
0#
08
#42015
1#
18
#42020
0#
08
#42025
1#
18
#42030
0#
08
#42035
1#
18
#42040
0#
08
#42045
1#
18
#42050
0#
08
#42055
1#
18
#42060
0#
08
#42065
1#
18
#42070
0#
08
#42075
1#
18
#42080
0#
08
#42085
1#
18
#42090
0#
08
#42095
1#
18
#42100
0#
08
#42105
1#
18
#42110
0#
08
#42115
1#
18
#42120
0#
08
#42125
1#
18
#42130
0#
08
#42135
1#
18
#42140
0#
08
#42145
1#
18
#42150
0#
08
#42155
1#
18
#42160
0#
08
#42165
1#
18
#42170
0#
08
#42175
1#
18
#42180
0#
08
#42185
1#
18
#42190
0#
08
#42195
1#
18
#42200
0#
08
#42205
1#
18
#42210
0#
08
#42215
1#
18
#42220
0#
08
#42225
1#
18
#42230
0#
08
#42235
1#
18
#42240
0#
08
#42245
1#
18
#42250
0#
08
#42255
1#
18
#42260
0#
08
#42265
1#
18
#42270
0#
08
#42275
1#
18
#42280
0#
08
#42285
1#
18
#42290
0#
08
#42295
1#
18
#42300
0#
08
#42305
1#
18
#42310
0#
08
#42315
1#
18
#42320
0#
08
#42325
1#
18
#42330
0#
08
#42335
1#
18
#42340
0#
08
#42345
1#
18
#42350
0#
08
#42355
1#
18
#42360
0#
08
#42365
1#
18
#42370
0#
08
#42375
1#
18
#42380
0#
08
#42385
1#
18
#42390
0#
08
#42395
1#
18
#42400
0#
08
#42405
1#
18
#42410
0#
08
#42415
1#
18
#42420
0#
08
#42425
1#
18
#42430
0#
08
#42435
1#
18
#42440
0#
08
#42445
1#
18
#42450
0#
08
#42455
1#
18
#42460
0#
08
#42465
1#
18
#42470
0#
08
#42475
1#
18
#42480
0#
08
#42485
1#
18
#42490
0#
08
#42495
1#
18
#42500
0#
08
#42505
1#
18
#42510
0#
08
#42515
1#
18
#42520
0#
08
#42525
1#
18
#42530
0#
08
#42535
1#
18
#42540
0#
08
#42545
1#
18
#42550
0#
08
#42555
1#
18
#42560
0#
08
#42565
1#
18
#42570
0#
08
#42575
1#
18
#42580
0#
08
#42585
1#
18
#42590
0#
08
#42595
1#
18
#42600
0#
08
#42605
1#
18
#42610
0#
08
#42615
1#
18
#42620
0#
08
#42625
1#
18
#42630
0#
08
#42635
1#
18
#42640
0#
08
#42645
1#
18
#42650
0#
08
#42655
1#
18
#42660
0#
08
#42665
1#
18
#42670
0#
08
#42675
1#
18
#42680
0#
08
#42685
1#
18
#42690
0#
08
#42695
1#
18
#42700
0#
08
#42705
1#
18
#42710
0#
08
#42715
1#
18
#42720
0#
08
#42725
1#
18
#42730
0#
08
#42735
1#
18
#42740
0#
08
#42745
1#
18
#42750
0#
08
#42755
1#
18
#42760
0#
08
#42765
1#
18
#42770
0#
08
#42775
1#
18
#42780
0#
08
#42785
1#
18
#42790
0#
08
#42795
1#
18
#42800
0#
08
#42805
1#
18
#42810
0#
08
#42815
1#
18
#42820
0#
08
#42825
1#
18
#42830
0#
08
#42835
1#
18
#42840
0#
08
#42845
1#
18
#42850
0#
08
#42855
1#
18
#42860
0#
08
#42865
1#
18
#42870
0#
08
#42875
1#
18
#42880
0#
08
#42885
1#
18
#42890
0#
08
#42895
1#
18
#42900
0#
08
#42905
1#
18
#42910
0#
08
#42915
1#
18
#42920
0#
08
#42925
1#
18
#42930
0#
08
#42935
1#
18
#42940
0#
08
#42945
1#
18
#42950
0#
08
#42955
1#
18
#42960
0#
08
#42965
1#
18
#42970
0#
08
#42975
1#
18
#42980
0#
08
#42985
1#
18
#42990
0#
08
#42995
1#
18
#43000
0#
08
#43005
1#
18
#43010
0#
08
#43015
1#
18
#43020
0#
08
#43025
1#
18
#43030
0#
08
#43035
1#
18
#43040
0#
08
#43045
1#
18
#43050
0#
08
#43055
1#
18
#43060
0#
08
#43065
1#
18
#43070
0#
08
#43075
1#
18
#43080
0#
08
#43085
1#
18
#43090
0#
08
#43095
1#
18
#43100
0#
08
#43105
1#
18
#43110
0#
08
#43115
1#
18
#43120
0#
08
#43125
1#
18
#43130
0#
08
#43135
1#
18
#43140
0#
08
#43145
1#
18
#43150
0#
08
#43155
1#
18
#43160
0#
08
#43165
1#
18
#43170
0#
08
#43175
1#
18
#43180
0#
08
#43185
1#
18
#43190
0#
08
#43195
1#
18
#43200
0#
08
#43205
1#
18
#43210
0#
08
#43215
1#
18
#43220
0#
08
#43225
1#
18
#43230
0#
08
#43235
1#
18
#43240
0#
08
#43245
1#
18
#43250
0#
08
#43255
1#
18
#43260
0#
08
#43265
1#
18
#43270
0#
08
#43275
1#
18
#43280
0#
08
#43285
1#
18
#43290
0#
08
#43295
1#
18
#43300
0#
08
#43305
1#
18
#43310
0#
08
#43315
1#
18
#43320
0#
08
#43325
1#
18
#43330
0#
08
#43335
1#
18
#43340
0#
08
#43345
1#
18
#43350
0#
08
#43355
1#
18
#43360
0#
08
#43365
1#
18
#43370
0#
08
#43375
1#
18
#43380
0#
08
#43385
1#
18
#43390
0#
08
#43395
1#
18
#43400
0#
08
#43405
1#
18
#43410
0#
08
#43415
1#
18
#43420
0#
08
#43425
1#
18
#43430
0#
08
#43435
1#
18
#43440
0#
08
#43445
1#
18
#43450
0#
08
#43455
1#
18
#43460
0#
08
#43465
1#
18
#43470
0#
08
#43475
1#
18
#43480
0#
08
#43485
1#
18
#43490
0#
08
#43495
1#
18
#43500
0#
08
#43505
1#
18
#43510
0#
08
#43515
1#
18
#43520
0#
08
#43525
1#
18
#43530
0#
08
#43535
1#
18
#43540
0#
08
#43545
1#
18
#43550
0#
08
#43555
1#
18
#43560
0#
08
#43565
1#
18
#43570
0#
08
#43575
1#
18
#43580
0#
08
#43585
1#
18
#43590
0#
08
#43595
1#
18
#43600
0#
08
#43605
1#
18
#43610
0#
08
#43615
1#
18
#43620
0#
08
#43625
1#
18
#43630
0#
08
#43635
1#
18
#43640
0#
08
#43645
1#
18
#43650
0#
08
#43655
1#
18
#43660
0#
08
#43665
1#
18
#43670
0#
08
#43675
1#
18
#43680
0#
08
#43685
1#
18
#43690
0#
08
#43695
1#
18
#43700
0#
08
#43705
1#
18
#43710
0#
08
#43715
1#
18
#43720
0#
08
#43725
1#
18
#43730
0#
08
#43735
1#
18
#43740
0#
08
#43745
1#
18
#43750
0#
08
#43755
1#
18
#43760
0#
08
#43765
1#
18
#43770
0#
08
#43775
1#
18
#43780
0#
08
#43785
1#
18
#43790
0#
08
#43795
1#
18
#43800
0#
08
#43805
1#
18
#43810
0#
08
#43815
1#
18
#43820
0#
08
#43825
1#
18
#43830
0#
08
#43835
1#
18
#43840
0#
08
#43845
1#
18
#43850
0#
08
#43855
1#
18
#43860
0#
08
#43865
1#
18
#43870
0#
08
#43875
1#
18
#43880
0#
08
#43885
1#
18
#43890
0#
08
#43895
1#
18
#43900
0#
08
#43905
1#
18
#43910
0#
08
#43915
1#
18
#43920
0#
08
#43925
1#
18
#43930
0#
08
#43935
1#
18
#43940
0#
08
#43945
1#
18
#43950
0#
08
#43955
1#
18
#43960
0#
08
#43965
1#
18
#43970
0#
08
#43975
1#
18
#43980
0#
08
#43985
1#
18
#43990
0#
08
#43995
1#
18
#44000
0#
08
#44005
1#
18
#44010
0#
08
#44015
1#
18
#44020
0#
08
#44025
1#
18
#44030
0#
08
#44035
1#
18
#44040
0#
08
#44045
1#
18
#44050
0#
08
#44055
1#
18
#44060
0#
08
#44065
1#
18
#44070
0#
08
#44075
1#
18
#44080
0#
08
#44085
1#
18
#44090
0#
08
#44095
1#
18
#44100
0#
08
#44105
1#
18
#44110
0#
08
#44115
1#
18
#44120
0#
08
#44125
1#
18
#44130
0#
08
#44135
1#
18
#44140
0#
08
#44145
1#
18
#44150
0#
08
#44155
1#
18
#44160
0#
08
#44165
1#
18
#44170
0#
08
#44175
1#
18
#44180
0#
08
#44185
1#
18
#44190
0#
08
#44195
1#
18
#44200
0#
08
#44205
1#
18
#44210
0#
08
#44215
1#
18
#44220
0#
08
#44225
1#
18
#44230
0#
08
#44235
1#
18
#44240
0#
08
#44245
1#
18
#44250
0#
08
#44255
1#
18
#44260
0#
08
#44265
1#
18
#44270
0#
08
#44275
1#
18
#44280
0#
08
#44285
1#
18
#44290
0#
08
#44295
1#
18
#44300
0#
08
#44305
1#
18
#44310
0#
08
#44315
1#
18
#44320
0#
08
#44325
1#
18
#44330
0#
08
#44335
1#
18
#44340
0#
08
#44345
1#
18
#44350
0#
08
#44355
1#
18
#44360
0#
08
#44365
1#
18
#44370
0#
08
#44375
1#
18
#44380
0#
08
#44385
1#
18
#44390
0#
08
#44395
1#
18
#44400
0#
08
#44405
1#
18
#44410
0#
08
#44415
1#
18
#44420
0#
08
#44425
1#
18
#44430
0#
08
#44435
1#
18
#44440
0#
08
#44445
1#
18
#44450
0#
08
#44455
1#
18
#44460
0#
08
#44465
1#
18
#44470
0#
08
#44475
1#
18
#44480
0#
08
#44485
1#
18
#44490
0#
08
#44495
1#
18
#44500
0#
08
#44505
1#
18
#44510
0#
08
#44515
1#
18
#44520
0#
08
#44525
1#
18
#44530
0#
08
#44535
1#
18
#44540
0#
08
#44545
1#
18
#44550
0#
08
#44555
1#
18
#44560
0#
08
#44565
1#
18
#44570
0#
08
#44575
1#
18
#44580
0#
08
#44585
1#
18
#44590
0#
08
#44595
1#
18
#44600
0#
08
#44605
1#
18
#44610
0#
08
#44615
1#
18
#44620
0#
08
#44625
1#
18
#44630
0#
08
#44635
1#
18
#44640
0#
08
#44645
1#
18
#44650
0#
08
#44655
1#
18
#44660
0#
08
#44665
1#
18
#44670
0#
08
#44675
1#
18
#44680
0#
08
#44685
1#
18
#44690
0#
08
#44695
1#
18
#44700
0#
08
#44705
1#
18
#44710
0#
08
#44715
1#
18
#44720
0#
08
#44725
1#
18
#44730
0#
08
#44735
1#
18
#44740
0#
08
#44745
1#
18
#44750
0#
08
#44755
1#
18
#44760
0#
08
#44765
1#
18
#44770
0#
08
#44775
1#
18
#44780
0#
08
#44785
1#
18
#44790
0#
08
#44795
1#
18
#44800
0#
08
#44805
1#
18
#44810
0#
08
#44815
1#
18
#44820
0#
08
#44825
1#
18
#44830
0#
08
#44835
1#
18
#44840
0#
08
#44845
1#
18
#44850
0#
08
#44855
1#
18
#44860
0#
08
#44865
1#
18
#44870
0#
08
#44875
1#
18
#44880
0#
08
#44885
1#
18
#44890
0#
08
#44895
1#
18
#44900
0#
08
#44905
1#
18
#44910
0#
08
#44915
1#
18
#44920
0#
08
#44925
1#
18
#44930
0#
08
#44935
1#
18
#44940
0#
08
#44945
1#
18
#44950
0#
08
#44955
1#
18
#44960
0#
08
#44965
1#
18
#44970
0#
08
#44975
1#
18
#44980
0#
08
#44985
1#
18
#44990
0#
08
#44995
1#
18
#45000
0#
08
#45005
1#
18
#45010
0#
08
#45015
1#
18
#45020
0#
08
#45025
1#
18
#45030
0#
08
#45035
1#
18
#45040
0#
08
#45045
1#
18
#45050
0#
08
#45055
1#
18
#45060
0#
08
#45065
1#
18
#45070
0#
08
#45075
1#
18
#45080
0#
08
#45085
1#
18
#45090
0#
08
#45095
1#
18
#45100
0#
08
#45105
1#
18
#45110
0#
08
#45115
1#
18
#45120
0#
08
#45125
1#
18
#45130
0#
08
#45135
1#
18
#45140
0#
08
#45145
1#
18
#45150
0#
08
#45155
1#
18
#45160
0#
08
#45165
1#
18
#45170
0#
08
#45175
1#
18
#45180
0#
08
#45185
1#
18
#45190
0#
08
#45195
1#
18
#45200
0#
08
#45205
1#
18
#45210
0#
08
#45215
1#
18
#45220
0#
08
#45225
1#
18
#45230
0#
08
#45235
1#
18
#45240
0#
08
#45245
1#
18
#45250
0#
08
#45255
1#
18
#45260
0#
08
#45265
1#
18
#45270
0#
08
#45275
1#
18
#45280
0#
08
#45285
1#
18
#45290
0#
08
#45295
1#
18
#45300
0#
08
#45305
1#
18
#45310
0#
08
#45315
1#
18
#45320
0#
08
#45325
1#
18
#45330
0#
08
#45335
1#
18
#45340
0#
08
#45345
1#
18
#45350
0#
08
#45355
1#
18
#45360
0#
08
#45365
1#
18
#45370
0#
08
#45375
1#
18
#45380
0#
08
#45385
1#
18
#45390
0#
08
#45395
1#
18
#45400
0#
08
#45405
1#
18
#45410
0#
08
#45415
1#
18
#45420
0#
08
#45425
1#
18
#45430
0#
08
#45435
1#
18
#45440
0#
08
#45445
1#
18
#45450
0#
08
#45455
1#
18
#45460
0#
08
#45465
1#
18
#45470
0#
08
#45475
1#
18
#45480
0#
08
#45485
1#
18
#45490
0#
08
#45495
1#
18
#45500
0#
08
#45505
1#
18
#45510
0#
08
#45515
1#
18
#45520
0#
08
#45525
1#
18
#45530
0#
08
#45535
1#
18
#45540
0#
08
#45545
1#
18
#45550
0#
08
#45555
1#
18
#45560
0#
08
#45565
1#
18
#45570
0#
08
#45575
1#
18
#45580
0#
08
#45585
1#
18
#45590
0#
08
#45595
1#
18
#45600
0#
08
#45605
1#
18
#45610
0#
08
#45615
1#
18
#45620
0#
08
#45625
1#
18
#45630
0#
08
#45635
1#
18
#45640
0#
08
#45645
1#
18
#45650
0#
08
#45655
1#
18
#45660
0#
08
#45665
1#
18
#45670
0#
08
#45675
1#
18
#45680
0#
08
#45685
1#
18
#45690
0#
08
#45695
1#
18
#45700
0#
08
#45705
1#
18
#45710
0#
08
#45715
1#
18
#45720
0#
08
#45725
1#
18
#45730
0#
08
#45735
1#
18
#45740
0#
08
#45745
1#
18
#45750
0#
08
#45755
1#
18
#45760
0#
08
#45765
1#
18
#45770
0#
08
#45775
1#
18
#45780
0#
08
#45785
1#
18
#45790
0#
08
#45795
1#
18
#45800
0#
08
#45805
1#
18
#45810
0#
08
#45815
1#
18
#45820
0#
08
#45825
1#
18
#45830
0#
08
#45835
1#
18
#45840
0#
08
#45845
1#
18
#45850
0#
08
#45855
1#
18
#45860
0#
08
#45865
1#
18
#45870
0#
08
#45875
1#
18
#45880
0#
08
#45885
1#
18
#45890
0#
08
#45895
1#
18
#45900
0#
08
#45905
1#
18
#45910
0#
08
#45915
1#
18
#45920
0#
08
#45925
1#
18
#45930
0#
08
#45935
1#
18
#45940
0#
08
#45945
1#
18
#45950
0#
08
#45955
1#
18
#45960
0#
08
#45965
1#
18
#45970
0#
08
#45975
1#
18
#45980
0#
08
#45985
1#
18
#45990
0#
08
#45995
1#
18
#46000
0#
08
#46005
1#
18
#46010
0#
08
#46015
1#
18
#46020
0#
08
#46025
1#
18
#46030
0#
08
#46035
1#
18
#46040
0#
08
#46045
1#
18
#46050
0#
08
#46055
1#
18
#46060
0#
08
#46065
1#
18
#46070
0#
08
#46075
1#
18
#46080
0#
08
#46085
1#
18
#46090
0#
08
#46095
1#
18
#46100
0#
08
#46105
1#
18
#46110
0#
08
#46115
1#
18
#46120
0#
08
#46125
1#
18
#46130
0#
08
#46135
1#
18
#46140
0#
08
#46145
1#
18
#46150
0#
08
#46155
1#
18
#46160
0#
08
#46165
1#
18
#46170
0#
08
#46175
1#
18
#46180
0#
08
#46185
1#
18
#46190
0#
08
#46195
1#
18
#46200
0#
08
#46205
1#
18
#46210
0#
08
#46215
1#
18
#46220
0#
08
#46225
1#
18
#46230
0#
08
#46235
1#
18
#46240
0#
08
#46245
1#
18
#46250
0#
08
#46255
1#
18
#46260
0#
08
#46265
1#
18
#46270
0#
08
#46275
1#
18
#46280
0#
08
#46285
1#
18
#46290
0#
08
#46295
1#
18
#46300
0#
08
#46305
1#
18
#46310
0#
08
#46315
1#
18
#46320
0#
08
#46325
1#
18
#46330
0#
08
#46335
1#
18
#46340
0#
08
#46345
1#
18
#46350
0#
08
#46355
1#
18
#46360
0#
08
#46365
1#
18
#46370
0#
08
#46375
1#
18
#46380
0#
08
#46385
1#
18
#46390
0#
08
#46395
1#
18
#46400
0#
08
#46405
1#
18
#46410
0#
08
#46415
1#
18
#46420
0#
08
#46425
1#
18
#46430
0#
08
#46435
1#
18
#46440
0#
08
#46445
1#
18
#46450
0#
08
#46455
1#
18
#46460
0#
08
#46465
1#
18
#46470
0#
08
#46475
1#
18
#46480
0#
08
#46485
1#
18
#46490
0#
08
#46495
1#
18
#46500
0#
08
#46505
1#
18
#46510
0#
08
#46515
1#
18
#46520
0#
08
#46525
1#
18
#46530
0#
08
#46535
1#
18
#46540
0#
08
#46545
1#
18
#46550
0#
08
#46555
1#
18
#46560
0#
08
#46565
1#
18
#46570
0#
08
#46575
1#
18
#46580
0#
08
#46585
1#
18
#46590
0#
08
#46595
1#
18
#46600
0#
08
#46605
1#
18
#46610
0#
08
#46615
1#
18
#46620
0#
08
#46625
1#
18
#46630
0#
08
#46635
1#
18
#46640
0#
08
#46645
1#
18
#46650
0#
08
#46655
1#
18
#46660
0#
08
#46665
1#
18
#46670
0#
08
#46675
1#
18
#46680
0#
08
#46685
1#
18
#46690
0#
08
#46695
1#
18
#46700
0#
08
#46705
1#
18
#46710
0#
08
#46715
1#
18
#46720
0#
08
#46725
1#
18
#46730
0#
08
#46735
1#
18
#46740
0#
08
#46745
1#
18
#46750
0#
08
#46755
1#
18
#46760
0#
08
#46765
1#
18
#46770
0#
08
#46775
1#
18
#46780
0#
08
#46785
1#
18
#46790
0#
08
#46795
1#
18
#46800
0#
08
#46805
1#
18
#46810
0#
08
#46815
1#
18
#46820
0#
08
#46825
1#
18
#46830
0#
08
#46835
1#
18
#46840
0#
08
#46845
1#
18
#46850
0#
08
#46855
1#
18
#46860
0#
08
#46865
1#
18
#46870
0#
08
#46875
1#
18
#46880
0#
08
#46885
1#
18
#46890
0#
08
#46895
1#
18
#46900
0#
08
#46905
1#
18
#46910
0#
08
#46915
1#
18
#46920
0#
08
#46925
1#
18
#46930
0#
08
#46935
1#
18
#46940
0#
08
#46945
1#
18
#46950
0#
08
#46955
1#
18
#46960
0#
08
#46965
1#
18
#46970
0#
08
#46975
1#
18
#46980
0#
08
#46985
1#
18
#46990
0#
08
#46995
1#
18
#47000
0#
08
#47005
1#
18
#47010
0#
08
#47015
1#
18
#47020
0#
08
#47025
1#
18
#47030
0#
08
#47035
1#
18
#47040
0#
08
#47045
1#
18
#47050
0#
08
#47055
1#
18
#47060
0#
08
#47065
1#
18
#47070
0#
08
#47075
1#
18
#47080
0#
08
#47085
1#
18
#47090
0#
08
#47095
1#
18
#47100
0#
08
#47105
1#
18
#47110
0#
08
#47115
1#
18
#47120
0#
08
#47125
1#
18
#47130
0#
08
#47135
1#
18
#47140
0#
08
#47145
1#
18
#47150
0#
08
#47155
1#
18
#47160
0#
08
#47165
1#
18
#47170
0#
08
#47175
1#
18
#47180
0#
08
#47185
1#
18
#47190
0#
08
#47195
1#
18
#47200
0#
08
#47205
1#
18
#47210
0#
08
#47215
1#
18
#47220
0#
08
#47225
1#
18
#47230
0#
08
#47235
1#
18
#47240
0#
08
#47245
1#
18
#47250
0#
08
#47255
1#
18
#47260
0#
08
#47265
1#
18
#47270
0#
08
#47275
1#
18
#47280
0#
08
#47285
1#
18
#47290
0#
08
#47295
1#
18
#47300
0#
08
#47305
1#
18
#47310
0#
08
#47315
1#
18
#47320
0#
08
#47325
1#
18
#47330
0#
08
#47335
1#
18
#47340
0#
08
#47345
1#
18
#47350
0#
08
#47355
1#
18
#47360
0#
08
#47365
1#
18
#47370
0#
08
#47375
1#
18
#47380
0#
08
#47385
1#
18
#47390
0#
08
#47395
1#
18
#47400
0#
08
#47405
1#
18
#47410
0#
08
#47415
1#
18
#47420
0#
08
#47425
1#
18
#47430
0#
08
#47435
1#
18
#47440
0#
08
#47445
1#
18
#47450
0#
08
#47455
1#
18
#47460
0#
08
#47465
1#
18
#47470
0#
08
#47475
1#
18
#47480
0#
08
#47485
1#
18
#47490
0#
08
#47495
1#
18
#47500
0#
08
#47505
1#
18
#47510
0#
08
#47515
1#
18
#47520
0#
08
#47525
1#
18
#47530
0#
08
#47535
1#
18
#47540
0#
08
#47545
1#
18
#47550
0#
08
#47555
1#
18
#47560
0#
08
#47565
1#
18
#47570
0#
08
#47575
1#
18
#47580
0#
08
#47585
1#
18
#47590
0#
08
#47595
1#
18
#47600
0#
08
#47605
1#
18
#47610
0#
08
#47615
1#
18
#47620
0#
08
#47625
1#
18
#47630
0#
08
#47635
1#
18
#47640
0#
08
#47645
1#
18
#47650
0#
08
#47655
1#
18
#47660
0#
08
#47665
1#
18
#47670
0#
08
#47675
1#
18
#47680
0#
08
#47685
1#
18
#47690
0#
08
#47695
1#
18
#47700
0#
08
#47705
1#
18
#47710
0#
08
#47715
1#
18
#47720
0#
08
#47725
1#
18
#47730
0#
08
#47735
1#
18
#47740
0#
08
#47745
1#
18
#47750
0#
08
#47755
1#
18
#47760
0#
08
#47765
1#
18
#47770
0#
08
#47775
1#
18
#47780
0#
08
#47785
1#
18
#47790
0#
08
#47795
1#
18
#47800
0#
08
#47805
1#
18
#47810
0#
08
#47815
1#
18
#47820
0#
08
#47825
1#
18
#47830
0#
08
#47835
1#
18
#47840
0#
08
#47845
1#
18
#47850
0#
08
#47855
1#
18
#47860
0#
08
#47865
1#
18
#47870
0#
08
#47875
1#
18
#47880
0#
08
#47885
1#
18
#47890
0#
08
#47895
1#
18
#47900
0#
08
#47905
1#
18
#47910
0#
08
#47915
1#
18
#47920
0#
08
#47925
1#
18
#47930
0#
08
#47935
1#
18
#47940
0#
08
#47945
1#
18
#47950
0#
08
#47955
1#
18
#47960
0#
08
#47965
1#
18
#47970
0#
08
#47975
1#
18
#47980
0#
08
#47985
1#
18
#47990
0#
08
#47995
1#
18
#48000
0#
08
#48005
1#
18
#48010
0#
08
#48015
1#
18
#48020
0#
08
#48025
1#
18
#48030
0#
08
#48035
1#
18
#48040
0#
08
#48045
1#
18
#48050
0#
08
#48055
1#
18
#48060
0#
08
#48065
1#
18
#48070
0#
08
#48075
1#
18
#48080
0#
08
#48085
1#
18
#48090
0#
08
#48095
1#
18
#48100
0#
08
#48105
1#
18
#48110
0#
08
#48115
1#
18
#48120
0#
08
#48125
1#
18
#48130
0#
08
#48135
1#
18
#48140
0#
08
#48145
1#
18
#48150
0#
08
#48155
1#
18
#48160
0#
08
#48165
1#
18
#48170
0#
08
#48175
1#
18
#48180
0#
08
#48185
1#
18
#48190
0#
08
#48195
1#
18
#48200
0#
08
#48205
1#
18
#48210
0#
08
#48215
1#
18
#48220
0#
08
#48225
1#
18
#48230
0#
08
#48235
1#
18
#48240
0#
08
#48245
1#
18
#48250
0#
08
#48255
1#
18
#48260
0#
08
#48265
1#
18
#48270
0#
08
#48275
1#
18
#48280
0#
08
#48285
1#
18
#48290
0#
08
#48295
1#
18
#48300
0#
08
#48305
1#
18
#48310
0#
08
#48315
1#
18
#48320
0#
08
#48325
1#
18
#48330
0#
08
#48335
1#
18
#48340
0#
08
#48345
1#
18
#48350
0#
08
#48355
1#
18
#48360
0#
08
#48365
1#
18
#48370
0#
08
#48375
1#
18
#48380
0#
08
#48385
1#
18
#48390
0#
08
#48395
1#
18
#48400
0#
08
#48405
1#
18
#48410
0#
08
#48415
1#
18
#48420
0#
08
#48425
1#
18
#48430
0#
08
#48435
1#
18
#48440
0#
08
#48445
1#
18
#48450
0#
08
#48455
1#
18
#48460
0#
08
#48465
1#
18
#48470
0#
08
#48475
1#
18
#48480
0#
08
#48485
1#
18
#48490
0#
08
#48495
1#
18
#48500
0#
08
#48505
1#
18
#48510
0#
08
#48515
1#
18
#48520
0#
08
#48525
1#
18
#48530
0#
08
#48535
1#
18
#48540
0#
08
#48545
1#
18
#48550
0#
08
#48555
1#
18
#48560
0#
08
#48565
1#
18
#48570
0#
08
#48575
1#
18
#48580
0#
08
#48585
1#
18
#48590
0#
08
#48595
1#
18
#48600
0#
08
#48605
1#
18
#48610
0#
08
#48615
1#
18
#48620
0#
08
#48625
1#
18
#48630
0#
08
#48635
1#
18
#48640
0#
08
#48645
1#
18
#48650
0#
08
#48655
1#
18
#48660
0#
08
#48665
1#
18
#48670
0#
08
#48675
1#
18
#48680
0#
08
#48685
1#
18
#48690
0#
08
#48695
1#
18
#48700
0#
08
#48705
1#
18
#48710
0#
08
#48715
1#
18
#48720
0#
08
#48725
1#
18
#48730
0#
08
#48735
1#
18
#48740
0#
08
#48745
1#
18
#48750
0#
08
#48755
1#
18
#48760
0#
08
#48765
1#
18
#48770
0#
08
#48775
1#
18
#48780
0#
08
#48785
1#
18
#48790
0#
08
#48795
1#
18
#48800
0#
08
#48805
1#
18
#48810
0#
08
#48815
1#
18
#48820
0#
08
#48825
1#
18
#48830
0#
08
#48835
1#
18
#48840
0#
08
#48845
1#
18
#48850
0#
08
#48855
1#
18
#48860
0#
08
#48865
1#
18
#48870
0#
08
#48875
1#
18
#48880
0#
08
#48885
1#
18
#48890
0#
08
#48895
1#
18
#48900
0#
08
#48905
1#
18
#48910
0#
08
#48915
1#
18
#48920
0#
08
#48925
1#
18
#48930
0#
08
#48935
1#
18
#48940
0#
08
#48945
1#
18
#48950
0#
08
#48955
1#
18
#48960
0#
08
#48965
1#
18
#48970
0#
08
#48975
1#
18
#48980
0#
08
#48985
1#
18
#48990
0#
08
#48995
1#
18
#49000
0#
08
#49005
1#
18
#49010
0#
08
#49015
1#
18
#49020
0#
08
#49025
1#
18
#49030
0#
08
#49035
1#
18
#49040
0#
08
#49045
1#
18
#49050
0#
08
#49055
1#
18
#49060
0#
08
#49065
1#
18
#49070
0#
08
#49075
1#
18
#49080
0#
08
#49085
1#
18
#49090
0#
08
#49095
1#
18
#49100
0#
08
#49105
1#
18
#49110
0#
08
#49115
1#
18
#49120
0#
08
#49125
1#
18
#49130
0#
08
#49135
1#
18
#49140
0#
08
#49145
1#
18
#49150
0#
08
#49155
1#
18
#49160
0#
08
#49165
1#
18
#49170
0#
08
#49175
1#
18
#49180
0#
08
#49185
1#
18
#49190
0#
08
#49195
1#
18
#49200
0#
08
#49205
1#
18
#49210
0#
08
#49215
1#
18
#49220
0#
08
#49225
1#
18
#49230
0#
08
#49235
1#
18
#49240
0#
08
#49245
1#
18
#49250
0#
08
#49255
1#
18
#49260
0#
08
#49265
1#
18
#49270
0#
08
#49275
1#
18
#49280
0#
08
#49285
1#
18
#49290
0#
08
#49295
1#
18
#49300
0#
08
#49305
1#
18
#49310
0#
08
#49315
1#
18
#49320
0#
08
#49325
1#
18
#49330
0#
08
#49335
1#
18
#49340
0#
08
#49345
1#
18
#49350
0#
08
#49355
1#
18
#49360
0#
08
#49365
1#
18
#49370
0#
08
#49375
1#
18
#49380
0#
08
#49385
1#
18
#49390
0#
08
#49395
1#
18
#49400
0#
08
#49405
1#
18
#49410
0#
08
#49415
1#
18
#49420
0#
08
#49425
1#
18
#49430
0#
08
#49435
1#
18
#49440
0#
08
#49445
1#
18
#49450
0#
08
#49455
1#
18
#49460
0#
08
#49465
1#
18
#49470
0#
08
#49475
1#
18
#49480
0#
08
#49485
1#
18
#49490
0#
08
#49495
1#
18
#49500
0#
08
#49505
1#
18
#49510
0#
08
#49515
1#
18
#49520
0#
08
#49525
1#
18
#49530
0#
08
#49535
1#
18
#49540
0#
08
#49545
1#
18
#49550
0#
08
#49555
1#
18
#49560
0#
08
#49565
1#
18
#49570
0#
08
#49575
1#
18
#49580
0#
08
#49585
1#
18
#49590
0#
08
#49595
1#
18
#49600
0#
08
#49605
1#
18
#49610
0#
08
#49615
1#
18
#49620
0#
08
#49625
1#
18
#49630
0#
08
#49635
1#
18
#49640
0#
08
#49645
1#
18
#49650
0#
08
#49655
1#
18
#49660
0#
08
#49665
1#
18
#49670
0#
08
#49675
1#
18
#49680
0#
08
#49685
1#
18
#49690
0#
08
#49695
1#
18
#49700
0#
08
#49705
1#
18
#49710
0#
08
#49715
1#
18
#49720
0#
08
#49725
1#
18
#49730
0#
08
#49735
1#
18
#49740
0#
08
#49745
1#
18
#49750
0#
08
#49755
1#
18
#49760
0#
08
#49765
1#
18
#49770
0#
08
#49775
1#
18
#49780
0#
08
#49785
1#
18
#49790
0#
08
#49795
1#
18
#49800
0#
08
#49805
1#
18
#49810
0#
08
#49815
1#
18
#49820
0#
08
#49825
1#
18
#49830
0#
08
#49835
1#
18
#49840
0#
08
#49845
1#
18
#49850
0#
08
#49855
1#
18
#49860
0#
08
#49865
1#
18
#49870
0#
08
#49875
1#
18
#49880
0#
08
#49885
1#
18
#49890
0#
08
#49895
1#
18
#49900
0#
08
#49905
1#
18
#49910
0#
08
#49915
1#
18
#49920
0#
08
#49925
1#
18
#49930
0#
08
#49935
1#
18
#49940
0#
08
#49945
1#
18
#49950
0#
08
#49955
1#
18
#49960
0#
08
#49965
1#
18
#49970
0#
08
#49975
1#
18
#49980
0#
08
#49985
1#
18
#49990
0#
08
#49995
1#
18
#50000
0#
08
#50005
1#
18
#50010
0#
08
#50015
1#
18
#50020
0#
08
#50025
1#
18
#50030
0#
08
#50035
1#
18
#50040
0#
08
#50045
1#
18
#50050
0#
08
#50055
1#
18
#50060
0#
08
#50065
1#
18
#50070
0#
08
#50075
1#
18
#50080
0#
08
#50085
1#
18
#50090
0#
08
#50095
1#
18
#50100
0#
08
#50105
1#
18
#50110
0#
08
#50115
1#
18
#50120
0#
08
#50125
1#
18
#50130
0#
08
#50135
1#
18
#50140
0#
08
#50145
1#
18
#50150
0#
08
#50155
1#
18
#50160
0#
08
#50165
1#
18
#50170
0#
08
#50175
1#
18
#50180
0#
08
#50185
1#
18
#50190
0#
08
#50195
1#
18
#50200
0#
08
#50205
1#
18
#50210
0#
08
#50215
1#
18
#50220
0#
08
#50225
1#
18
#50230
0#
08
#50235
1#
18
#50240
0#
08
#50245
1#
18
#50250
0#
08
#50255
1#
18
#50260
0#
08
#50265
1#
18
#50270
0#
08
#50275
1#
18
#50280
0#
08
#50285
1#
18
#50290
0#
08
#50295
1#
18
#50300
0#
08
#50305
1#
18
#50310
0#
08
#50315
1#
18
#50320
0#
08
#50325
1#
18
#50330
0#
08
#50335
1#
18
#50340
0#
08
#50345
1#
18
#50350
0#
08
#50355
1#
18
#50360
0#
08
#50365
1#
18
#50370
0#
08
#50375
1#
18
#50380
0#
08
#50385
1#
18
#50390
0#
08
#50395
1#
18
#50400
0#
08
#50405
1#
18
#50410
0#
08
#50415
1#
18
#50420
0#
08
#50425
1#
18
#50430
0#
08
#50435
1#
18
#50440
0#
08
#50445
1#
18
#50450
0#
08
#50455
1#
18
#50460
0#
08
#50465
1#
18
#50470
0#
08
#50475
1#
18
#50480
0#
08
#50485
1#
18
#50490
0#
08
#50495
1#
18
#50500
0#
08
#50505
1#
18
#50510
0#
08
#50515
1#
18
#50520
0#
08
#50525
1#
18
#50530
0#
08
#50535
1#
18
#50540
0#
08
#50545
1#
18
#50550
0#
08
#50555
1#
18
#50560
0#
08
#50565
1#
18
#50570
0#
08
#50575
1#
18
#50580
0#
08
#50585
1#
18
#50590
0#
08
#50595
1#
18
#50600
0#
08
#50605
1#
18
#50610
0#
08
#50615
1#
18
#50620
0#
08
#50625
1#
18
#50630
0#
08
#50635
1#
18
#50640
0#
08
#50645
1#
18
#50650
0#
08
#50655
1#
18
#50660
0#
08
#50665
1#
18
#50670
0#
08
#50675
1#
18
#50680
0#
08
#50685
1#
18
#50690
0#
08
#50695
1#
18
#50700
0#
08
#50705
1#
18
#50710
0#
08
#50715
1#
18
#50720
0#
08
#50725
1#
18
#50730
0#
08
#50735
1#
18
#50740
0#
08
#50745
1#
18
#50750
0#
08
#50755
1#
18
#50760
0#
08
#50765
1#
18
#50770
0#
08
#50775
1#
18
#50780
0#
08
#50785
1#
18
#50790
0#
08
#50795
1#
18
#50800
0#
08
#50805
1#
18
#50810
0#
08
#50815
1#
18
#50820
0#
08
#50825
1#
18
#50830
0#
08
#50835
1#
18
#50840
0#
08
#50845
1#
18
#50850
0#
08
#50855
1#
18
#50860
0#
08
#50865
1#
18
#50870
0#
08
#50875
1#
18
#50880
0#
08
#50885
1#
18
#50890
0#
08
#50895
1#
18
#50900
0#
08
#50905
1#
18
#50910
0#
08
#50915
1#
18
#50920
0#
08
#50925
1#
18
#50930
0#
08
#50935
1#
18
#50940
0#
08
#50945
1#
18
#50950
0#
08
#50955
1#
18
#50960
0#
08
#50965
1#
18
#50970
0#
08
#50975
1#
18
#50980
0#
08
#50985
1#
18
#50990
0#
08
#50995
1#
18
#51000
0#
08
#51005
1#
18
#51010
0#
08
#51015
1#
18
#51020
0#
08
#51025
1#
18
#51030
0#
08
#51035
1#
18
#51040
0#
08
#51045
1#
18
#51050
0#
08
#51055
1#
18
#51060
0#
08
#51065
1#
18
#51070
0#
08
#51075
1#
18
#51080
0#
08
#51085
1#
18
#51090
0#
08
#51095
1#
18
#51100
0#
08
#51105
1#
18
#51110
0#
08
#51115
1#
18
#51120
0#
08
#51125
1#
18
#51130
0#
08
#51135
1#
18
#51140
0#
08
#51145
1#
18
#51150
0#
08
#51155
1#
18
#51160
0#
08
#51165
1#
18
#51170
0#
08
#51175
1#
18
#51180
0#
08
#51185
1#
18
#51190
0#
08
#51195
1#
18
#51200
0#
08
#51205
1#
18
#51210
0#
08
#51215
1#
18
#51220
0#
08
#51225
1#
18
#51230
0#
08
#51235
1#
18
#51240
0#
08
#51245
1#
18
#51250
0#
08
#51255
1#
18
#51260
0#
08
#51265
1#
18
#51270
0#
08
#51275
1#
18
#51280
0#
08
#51285
1#
18
#51290
0#
08
#51295
1#
18
#51300
0#
08
#51305
1#
18
#51310
0#
08
#51315
1#
18
#51320
0#
08
#51325
1#
18
#51330
0#
08
#51335
1#
18
#51340
0#
08
#51345
1#
18
#51350
0#
08
#51355
1#
18
#51360
0#
08
#51365
1#
18
#51370
0#
08
#51375
1#
18
#51380
0#
08
#51385
1#
18
#51390
0#
08
#51395
1#
18
#51400
0#
08
#51405
1#
18
#51410
0#
08
#51415
1#
18
#51420
0#
08
#51425
1#
18
#51430
0#
08
#51435
1#
18
#51440
0#
08
#51445
1#
18
#51450
0#
08
#51455
1#
18
#51460
0#
08
#51465
1#
18
#51470
0#
08
#51475
1#
18
#51480
0#
08
#51485
1#
18
#51490
0#
08
#51495
1#
18
#51500
0#
08
#51505
1#
18
#51510
0#
08
#51515
1#
18
#51520
0#
08
#51525
1#
18
#51530
0#
08
#51535
1#
18
#51540
0#
08
#51545
1#
18
#51550
0#
08
#51555
1#
18
#51560
0#
08
#51565
1#
18
#51570
0#
08
#51575
1#
18
#51580
0#
08
#51585
1#
18
#51590
0#
08
#51595
1#
18
#51600
0#
08
#51605
1#
18
#51610
0#
08
#51615
1#
18
#51620
0#
08
#51625
1#
18
#51630
0#
08
#51635
1#
18
#51640
0#
08
#51645
1#
18
#51650
0#
08
#51655
1#
18
#51660
0#
08
#51665
1#
18
#51670
0#
08
#51675
1#
18
#51680
0#
08
#51685
1#
18
#51690
0#
08
#51695
1#
18
#51700
0#
08
#51705
1#
18
#51710
0#
08
#51715
1#
18
#51720
0#
08
#51725
1#
18
#51730
0#
08
#51735
1#
18
#51740
0#
08
#51745
1#
18
#51750
0#
08
#51755
1#
18
#51760
0#
08
#51765
1#
18
#51770
0#
08
#51775
1#
18
#51780
0#
08
#51785
1#
18
#51790
0#
08
#51795
1#
18
#51800
0#
08
#51805
1#
18
#51810
0#
08
#51815
1#
18
#51820
0#
08
#51825
1#
18
#51830
0#
08
#51835
1#
18
#51840
0#
08
#51845
1#
18
#51850
0#
08
#51855
1#
18
#51860
0#
08
#51865
1#
18
#51870
0#
08
#51875
1#
18
#51880
0#
08
#51885
1#
18
#51890
0#
08
#51895
1#
18
#51900
0#
08
#51905
1#
18
#51910
0#
08
#51915
1#
18
#51920
0#
08
#51925
1#
18
#51930
0#
08
#51935
1#
18
#51940
0#
08
#51945
1#
18
#51950
0#
08
#51955
1#
18
#51960
0#
08
#51965
1#
18
#51970
0#
08
#51975
1#
18
#51980
0#
08
#51985
1#
18
#51990
0#
08
#51995
1#
18
#52000
0#
08
#52005
1#
18
#52010
0#
08
#52015
1#
18
#52020
0#
08
#52025
1#
18
#52030
0#
08
#52035
1#
18
#52040
0#
08
#52045
1#
18
#52050
0#
08
#52055
1#
18
#52060
0#
08
#52065
1#
18
#52070
0#
08
#52075
1#
18
#52080
0#
08
#52085
1#
18
#52090
0#
08
#52095
1#
18
#52100
0#
08
#52105
1#
18
#52110
0#
08
#52115
1#
18
#52120
0#
08
#52125
1#
18
#52130
0#
08
#52135
1#
18
#52140
0#
08
#52145
1#
18
#52150
0#
08
#52155
1#
18
#52160
0#
08
#52165
1#
18
#52170
0#
08
#52175
1#
18
#52180
0#
08
#52185
1#
18
#52190
0#
08
#52195
1#
18
#52200
0#
08
#52205
1#
18
#52210
0#
08
#52215
1#
18
#52220
0#
08
#52225
1#
18
#52230
0#
08
#52235
1#
18
#52240
0#
08
#52245
1#
18
#52250
0#
08
#52255
1#
18
#52260
0#
08
#52265
1#
18
#52270
0#
08
#52275
1#
18
#52280
0#
08
#52285
1#
18
#52290
0#
08
#52295
1#
18
#52300
0#
08
#52305
1#
18
#52310
0#
08
#52315
1#
18
#52320
0#
08
#52325
1#
18
#52330
0#
08
#52335
1#
18
#52340
0#
08
#52345
1#
18
#52350
0#
08
#52355
1#
18
#52360
0#
08
#52365
1#
18
#52370
0#
08
#52375
1#
18
#52380
0#
08
#52385
1#
18
#52390
0#
08
#52395
1#
18
#52400
0#
08
#52405
1#
18
#52410
0#
08
#52415
1#
18
#52420
0#
08
#52425
1#
18
#52430
0#
08
#52435
1#
18
#52440
0#
08
#52445
1#
18
#52450
0#
08
#52455
1#
18
#52460
0#
08
#52465
1#
18
#52470
0#
08
#52475
1#
18
#52480
0#
08
#52485
1#
18
#52490
0#
08
#52495
1#
18
#52500
0#
08
#52505
1#
18
#52510
0#
08
#52515
1#
18
#52520
0#
08
#52525
1#
18
#52530
0#
08
#52535
1#
18
#52540
0#
08
#52545
1#
18
#52550
0#
08
#52555
1#
18
#52560
0#
08
#52565
1#
18
#52570
0#
08
#52575
1#
18
#52580
0#
08
#52585
1#
18
#52590
0#
08
#52595
1#
18
#52600
0#
08
#52605
1#
18
#52610
0#
08
#52615
1#
18
#52620
0#
08
#52625
1#
18
#52630
0#
08
#52635
1#
18
#52640
0#
08
#52645
1#
18
#52650
0#
08
#52655
1#
18
#52660
0#
08
#52665
1#
18
#52670
0#
08
#52675
1#
18
#52680
0#
08
#52685
1#
18
#52690
0#
08
#52695
1#
18
#52700
0#
08
#52705
1#
18
#52710
0#
08
#52715
1#
18
#52720
0#
08
#52725
1#
18
#52730
0#
08
#52735
1#
18
#52740
0#
08
#52745
1#
18
#52750
0#
08
#52755
1#
18
#52760
0#
08
#52765
1#
18
#52770
0#
08
#52775
1#
18
#52780
0#
08
#52785
1#
18
#52790
0#
08
#52795
1#
18
#52800
0#
08
#52805
1#
18
#52810
0#
08
#52815
1#
18
#52820
0#
08
#52825
1#
18
#52830
0#
08
#52835
1#
18
#52840
0#
08
#52845
1#
18
#52850
0#
08
#52855
1#
18
#52860
0#
08
#52865
1#
18
#52870
0#
08
#52875
1#
18
#52880
0#
08
#52885
1#
18
#52890
0#
08
#52895
1#
18
#52900
0#
08
#52905
1#
18
#52910
0#
08
#52915
1#
18
#52920
0#
08
#52925
1#
18
#52930
0#
08
#52935
1#
18
#52940
0#
08
#52945
1#
18
#52950
0#
08
#52955
1#
18
#52960
0#
08
#52965
1#
18
#52970
0#
08
#52975
1#
18
#52980
0#
08
#52985
1#
18
#52990
0#
08
#52995
1#
18
#53000
0#
08
#53005
1#
18
#53010
0#
08
#53015
1#
18
#53020
0#
08
#53025
1#
18
#53030
0#
08
#53035
1#
18
#53040
0#
08
#53045
1#
18
#53050
0#
08
#53055
1#
18
#53060
0#
08
#53065
1#
18
#53070
0#
08
#53075
1#
18
#53080
0#
08
#53085
1#
18
#53090
0#
08
#53095
1#
18
#53100
0#
08
#53105
1#
18
#53110
0#
08
#53115
1#
18
#53120
0#
08
#53125
1#
18
#53130
0#
08
#53135
1#
18
#53140
0#
08
#53145
1#
18
#53150
0#
08
#53155
1#
18
#53160
0#
08
#53165
1#
18
#53170
0#
08
#53175
1#
18
#53180
0#
08
#53185
1#
18
#53190
0#
08
#53195
1#
18
#53200
0#
08
#53205
1#
18
#53210
0#
08
#53215
1#
18
#53220
0#
08
#53225
1#
18
#53230
0#
08
#53235
1#
18
#53240
0#
08
#53245
1#
18
#53250
0#
08
#53255
1#
18
#53260
0#
08
#53265
1#
18
#53270
0#
08
#53275
1#
18
#53280
0#
08
#53285
1#
18
#53290
0#
08
#53295
1#
18
#53300
0#
08
#53305
1#
18
#53310
0#
08
#53315
1#
18
#53320
0#
08
#53325
1#
18
#53330
0#
08
#53335
1#
18
#53340
0#
08
#53345
1#
18
#53350
0#
08
#53355
1#
18
#53360
0#
08
#53365
1#
18
#53370
0#
08
#53375
1#
18
#53380
0#
08
#53385
1#
18
#53390
0#
08
#53395
1#
18
#53400
0#
08
#53405
1#
18
#53410
0#
08
#53415
1#
18
#53420
0#
08
#53425
1#
18
#53430
0#
08
#53435
1#
18
#53440
0#
08
#53445
1#
18
#53450
0#
08
#53455
1#
18
#53460
0#
08
#53465
1#
18
#53470
0#
08
#53475
1#
18
#53480
0#
08
#53485
1#
18
#53490
0#
08
#53495
1#
18
#53500
0#
08
#53505
1#
18
#53510
0#
08
#53515
1#
18
#53520
0#
08
#53525
1#
18
#53530
0#
08
#53535
1#
18
#53540
0#
08
#53545
1#
18
#53550
0#
08
#53555
1#
18
#53560
0#
08
#53565
1#
18
#53570
0#
08
#53575
1#
18
#53580
0#
08
#53585
1#
18
#53590
0#
08
#53595
1#
18
#53600
0#
08
#53605
1#
18
#53610
0#
08
#53615
1#
18
#53620
0#
08
#53625
1#
18
#53630
0#
08
#53635
1#
18
#53640
0#
08
#53645
1#
18
#53650
0#
08
#53655
1#
18
#53660
0#
08
#53665
1#
18
#53670
0#
08
#53675
1#
18
#53680
0#
08
#53685
1#
18
#53690
0#
08
#53695
1#
18
#53700
0#
08
#53705
1#
18
#53710
0#
08
#53715
1#
18
#53720
0#
08
#53725
1#
18
#53730
0#
08
#53735
1#
18
#53740
0#
08
#53745
1#
18
#53750
0#
08
#53755
1#
18
#53760
0#
08
#53765
1#
18
#53770
0#
08
#53775
1#
18
#53780
0#
08
#53785
1#
18
#53790
0#
08
#53795
1#
18
#53800
0#
08
#53805
1#
18
#53810
0#
08
#53815
1#
18
#53820
0#
08
#53825
1#
18
#53830
0#
08
#53835
1#
18
#53840
0#
08
#53845
1#
18
#53850
0#
08
#53855
1#
18
#53860
0#
08
#53865
1#
18
#53870
0#
08
#53875
1#
18
#53880
0#
08
#53885
1#
18
#53890
0#
08
#53895
1#
18
#53900
0#
08
#53905
1#
18
#53910
0#
08
#53915
1#
18
#53920
0#
08
#53925
1#
18
#53930
0#
08
#53935
1#
18
#53940
0#
08
#53945
1#
18
#53950
0#
08
#53955
1#
18
#53960
0#
08
#53965
1#
18
#53970
0#
08
#53975
1#
18
#53980
0#
08
#53985
1#
18
#53990
0#
08
#53995
1#
18
#54000
0#
08
#54005
1#
18
#54010
0#
08
#54015
1#
18
#54020
0#
08
#54025
1#
18
#54030
0#
08
#54035
1#
18
#54040
0#
08
#54045
1#
18
#54050
0#
08
#54055
1#
18
#54060
0#
08
#54065
1#
18
#54070
0#
08
#54075
1#
18
#54080
0#
08
#54085
1#
18
#54090
0#
08
#54095
1#
18
#54100
0#
08
#54105
1#
18
#54110
0#
08
#54115
1#
18
#54120
0#
08
#54125
1#
18
#54130
0#
08
#54135
1#
18
#54140
0#
08
#54145
1#
18
#54150
0#
08
#54155
1#
18
#54160
0#
08
#54165
1#
18
#54170
0#
08
#54175
1#
18
#54180
0#
08
#54185
1#
18
#54190
0#
08
#54195
1#
18
#54200
0#
08
#54205
1#
18
#54210
0#
08
#54215
1#
18
#54220
0#
08
#54225
1#
18
#54230
0#
08
#54235
1#
18
#54240
0#
08
#54245
1#
18
#54250
0#
08
#54255
1#
18
#54260
0#
08
#54265
1#
18
#54270
0#
08
#54275
1#
18
#54280
0#
08
#54285
1#
18
#54290
0#
08
#54295
1#
18
#54300
0#
08
#54305
1#
18
#54310
0#
08
#54315
1#
18
#54320
0#
08
#54325
1#
18
#54330
0#
08
#54335
1#
18
#54340
0#
08
#54345
1#
18
#54350
0#
08
#54355
1#
18
#54360
0#
08
#54365
1#
18
#54370
0#
08
#54375
1#
18
#54380
0#
08
#54385
1#
18
#54390
0#
08
#54395
1#
18
#54400
0#
08
#54405
1#
18
#54410
0#
08
#54415
1#
18
#54420
0#
08
#54425
1#
18
#54430
0#
08
#54435
1#
18
#54440
0#
08
#54445
1#
18
#54450
0#
08
#54455
1#
18
#54460
0#
08
#54465
1#
18
#54470
0#
08
#54475
1#
18
#54480
0#
08
#54485
1#
18
#54490
0#
08
#54495
1#
18
#54500
0#
08
#54505
1#
18
#54510
0#
08
#54515
1#
18
#54520
0#
08
#54525
1#
18
#54530
0#
08
#54535
1#
18
#54540
0#
08
#54545
1#
18
#54550
0#
08
#54555
1#
18
#54560
0#
08
#54565
1#
18
#54570
0#
08
#54575
1#
18
#54580
0#
08
#54585
1#
18
#54590
0#
08
#54595
1#
18
#54600
0#
08
#54605
1#
18
#54610
0#
08
#54615
1#
18
#54620
0#
08
#54625
1#
18
#54630
0#
08
#54635
1#
18
#54640
0#
08
#54645
1#
18
#54650
0#
08
#54655
1#
18
#54660
0#
08
#54665
1#
18
#54670
0#
08
#54675
1#
18
#54680
0#
08
#54685
1#
18
#54690
0#
08
#54695
1#
18
#54700
0#
08
#54705
1#
18
#54710
0#
08
#54715
1#
18
#54720
0#
08
#54725
1#
18
#54730
0#
08
#54735
1#
18
#54740
0#
08
#54745
1#
18
#54750
0#
08
#54755
1#
18
#54760
0#
08
#54765
1#
18
#54770
0#
08
#54775
1#
18
#54780
0#
08
#54785
1#
18
#54790
0#
08
#54795
1#
18
#54800
0#
08
#54805
1#
18
#54810
0#
08
#54815
1#
18
#54820
0#
08
#54825
1#
18
#54830
0#
08
#54835
1#
18
#54840
0#
08
#54845
1#
18
#54850
0#
08
#54855
1#
18
#54860
0#
08
#54865
1#
18
#54870
0#
08
#54875
1#
18
#54880
0#
08
#54885
1#
18
#54890
0#
08
#54895
1#
18
#54900
0#
08
#54905
1#
18
#54910
0#
08
#54915
1#
18
#54920
0#
08
#54925
1#
18
#54930
0#
08
#54935
1#
18
#54940
0#
08
#54945
1#
18
#54950
0#
08
#54955
1#
18
#54960
0#
08
#54965
1#
18
#54970
0#
08
#54975
1#
18
#54980
0#
08
#54985
1#
18
#54990
0#
08
#54995
1#
18
#55000
0#
08
#55005
1#
18
#55010
0#
08
#55015
1#
18
#55020
0#
08
#55025
1#
18
#55030
0#
08
#55035
1#
18
#55040
0#
08
#55045
1#
18
#55050
0#
08
#55055
1#
18
#55060
0#
08
#55065
1#
18
#55070
0#
08
#55075
1#
18
#55080
0#
08
#55085
1#
18
#55090
0#
08
#55095
1#
18
#55100
0#
08
#55105
1#
18
#55110
0#
08
#55115
1#
18
#55120
0#
08
#55125
1#
18
#55130
0#
08
#55135
1#
18
#55140
0#
08
#55145
1#
18
#55150
0#
08
#55155
1#
18
#55160
0#
08
#55165
1#
18
#55170
0#
08
#55175
1#
18
#55180
0#
08
#55185
1#
18
#55190
0#
08
#55195
1#
18
#55200
0#
08
#55205
1#
18
#55210
0#
08
#55215
1#
18
#55220
0#
08
#55225
1#
18
#55230
0#
08
#55235
1#
18
#55240
0#
08
#55245
1#
18
#55250
0#
08
#55255
1#
18
#55260
0#
08
#55265
1#
18
#55270
0#
08
#55275
1#
18
#55280
0#
08
#55285
1#
18
#55290
0#
08
#55295
1#
18
#55300
0#
08
#55305
1#
18
#55310
0#
08
#55315
1#
18
#55320
0#
08
#55325
1#
18
#55330
0#
08
#55335
1#
18
#55340
0#
08
#55345
1#
18
#55350
0#
08
#55355
1#
18
#55360
0#
08
#55365
1#
18
#55370
0#
08
#55375
1#
18
#55380
0#
08
#55385
1#
18
#55390
0#
08
#55395
1#
18
#55400
0#
08
#55405
1#
18
#55410
0#
08
#55415
1#
18
#55420
0#
08
#55425
1#
18
#55430
0#
08
#55435
1#
18
#55440
0#
08
#55445
1#
18
#55450
0#
08
#55455
1#
18
#55460
0#
08
#55465
1#
18
#55470
0#
08
#55475
1#
18
#55480
0#
08
#55485
1#
18
#55490
0#
08
#55495
1#
18
#55500
0#
08
#55505
1#
18
#55510
0#
08
#55515
1#
18
#55520
0#
08
#55525
1#
18
#55530
0#
08
#55535
1#
18
#55540
0#
08
#55545
1#
18
#55550
0#
08
#55555
1#
18
#55560
0#
08
#55565
1#
18
#55570
0#
08
#55575
1#
18
#55580
0#
08
#55585
1#
18
#55590
0#
08
#55595
1#
18
#55600
0#
08
#55605
1#
18
#55610
0#
08
#55615
1#
18
#55620
0#
08
#55625
1#
18
#55630
0#
08
#55635
1#
18
#55640
0#
08
#55645
1#
18
#55650
0#
08
#55655
1#
18
#55660
0#
08
#55665
1#
18
#55670
0#
08
#55675
1#
18
#55680
0#
08
#55685
1#
18
#55690
0#
08
#55695
1#
18
#55700
0#
08
#55705
1#
18
#55710
0#
08
#55715
1#
18
#55720
0#
08
#55725
1#
18
#55730
0#
08
#55735
1#
18
#55740
0#
08
#55745
1#
18
#55750
0#
08
#55755
1#
18
#55760
0#
08
#55765
1#
18
#55770
0#
08
#55775
1#
18
#55780
0#
08
#55785
1#
18
#55790
0#
08
#55795
1#
18
#55800
0#
08
#55805
1#
18
#55810
0#
08
#55815
1#
18
#55820
0#
08
#55825
1#
18
#55830
0#
08
#55835
1#
18
#55840
0#
08
#55845
1#
18
#55850
0#
08
#55855
1#
18
#55860
0#
08
#55865
1#
18
#55870
0#
08
#55875
1#
18
#55880
0#
08
#55885
1#
18
#55890
0#
08
#55895
1#
18
#55900
0#
08
#55905
1#
18
#55910
0#
08
#55915
1#
18
#55920
0#
08
#55925
1#
18
#55930
0#
08
#55935
1#
18
#55940
0#
08
#55945
1#
18
#55950
0#
08
#55955
1#
18
#55960
0#
08
#55965
1#
18
#55970
0#
08
#55975
1#
18
#55980
0#
08
#55985
1#
18
#55990
0#
08
#55995
1#
18
#56000
0#
08
#56005
1#
18
#56010
0#
08
#56015
1#
18
#56020
0#
08
#56025
1#
18
#56030
0#
08
#56035
1#
18
#56040
0#
08
#56045
1#
18
#56050
0#
08
#56055
1#
18
#56060
0#
08
#56065
1#
18
#56070
0#
08
#56075
1#
18
#56080
0#
08
#56085
1#
18
#56090
0#
08
#56095
1#
18
#56100
0#
08
#56105
1#
18
#56110
0#
08
#56115
1#
18
#56120
0#
08
#56125
1#
18
#56130
0#
08
#56135
1#
18
#56140
0#
08
#56145
1#
18
#56150
0#
08
#56155
1#
18
#56160
0#
08
#56165
1#
18
#56170
0#
08
#56175
1#
18
#56180
0#
08
#56185
1#
18
#56190
0#
08
#56195
1#
18
#56200
0#
08
#56205
1#
18
#56210
0#
08
#56215
1#
18
#56220
0#
08
#56225
1#
18
#56230
0#
08
#56235
1#
18
#56240
0#
08
#56245
1#
18
#56250
0#
08
#56255
1#
18
#56260
0#
08
#56265
1#
18
#56270
0#
08
#56275
1#
18
#56280
0#
08
#56285
1#
18
#56290
0#
08
#56295
1#
18
#56300
0#
08
#56305
1#
18
#56310
0#
08
#56315
1#
18
#56320
0#
08
#56325
1#
18
#56330
0#
08
#56335
1#
18
#56340
0#
08
#56345
1#
18
#56350
0#
08
#56355
1#
18
#56360
0#
08
#56365
1#
18
#56370
0#
08
#56375
1#
18
#56380
0#
08
#56385
1#
18
#56390
0#
08
#56395
1#
18
#56400
0#
08
#56405
1#
18
#56410
0#
08
#56415
1#
18
#56420
0#
08
#56425
1#
18
#56430
0#
08
#56435
1#
18
#56440
0#
08
#56445
1#
18
#56450
0#
08
#56455
1#
18
#56460
0#
08
#56465
1#
18
#56470
0#
08
#56475
1#
18
#56480
0#
08
#56485
1#
18
#56490
0#
08
#56495
1#
18
#56500
0#
08
#56505
1#
18
#56510
0#
08
#56515
1#
18
#56520
0#
08
#56525
1#
18
#56530
0#
08
#56535
1#
18
#56540
0#
08
#56545
1#
18
#56550
0#
08
#56555
1#
18
#56560
0#
08
#56565
1#
18
#56570
0#
08
#56575
1#
18
#56580
0#
08
#56585
1#
18
#56590
0#
08
#56595
1#
18
#56600
0#
08
#56605
1#
18
#56610
0#
08
#56615
1#
18
#56620
0#
08
#56625
1#
18
#56630
0#
08
#56635
1#
18
#56640
0#
08
#56645
1#
18
#56650
0#
08
#56655
1#
18
#56660
0#
08
#56665
1#
18
#56670
0#
08
#56675
1#
18
#56680
0#
08
#56685
1#
18
#56690
0#
08
#56695
1#
18
#56700
0#
08
#56705
1#
18
#56710
0#
08
#56715
1#
18
#56720
0#
08
#56725
1#
18
#56730
0#
08
#56735
1#
18
#56740
0#
08
#56745
1#
18
#56750
0#
08
#56755
1#
18
#56760
0#
08
#56765
1#
18
#56770
0#
08
#56775
1#
18
#56780
0#
08
#56785
1#
18
#56790
0#
08
#56795
1#
18
#56800
0#
08
#56805
1#
18
#56810
0#
08
#56815
1#
18
#56820
0#
08
#56825
1#
18
#56830
0#
08
#56835
1#
18
#56840
0#
08
#56845
1#
18
#56850
0#
08
#56855
1#
18
#56860
0#
08
#56865
1#
18
#56870
0#
08
#56875
1#
18
#56880
0#
08
#56885
1#
18
#56890
0#
08
#56895
1#
18
#56900
0#
08
#56905
1#
18
#56910
0#
08
#56915
1#
18
#56920
0#
08
#56925
1#
18
#56930
0#
08
#56935
1#
18
#56940
0#
08
#56945
1#
18
#56950
0#
08
#56955
1#
18
#56960
0#
08
#56965
1#
18
#56970
0#
08
#56975
1#
18
#56980
0#
08
#56985
1#
18
#56990
0#
08
#56995
1#
18
#57000
0#
08
#57005
1#
18
#57010
0#
08
#57015
1#
18
#57020
0#
08
#57025
1#
18
#57030
0#
08
#57035
1#
18
#57040
0#
08
#57045
1#
18
#57050
0#
08
#57055
1#
18
#57060
0#
08
#57065
1#
18
#57070
0#
08
#57075
1#
18
#57080
0#
08
#57085
1#
18
#57090
0#
08
#57095
1#
18
#57100
0#
08
#57105
1#
18
#57110
0#
08
#57115
1#
18
#57120
0#
08
#57125
1#
18
#57130
0#
08
#57135
1#
18
#57140
0#
08
#57145
1#
18
#57150
0#
08
#57155
1#
18
#57160
0#
08
#57165
1#
18
#57170
0#
08
#57175
1#
18
#57180
0#
08
#57185
1#
18
#57190
0#
08
#57195
1#
18
#57200
0#
08
#57205
1#
18
#57210
0#
08
#57215
1#
18
#57220
0#
08
#57225
1#
18
#57230
0#
08
#57235
1#
18
#57240
0#
08
#57245
1#
18
#57250
0#
08
#57255
1#
18
#57260
0#
08
#57265
1#
18
#57270
0#
08
#57275
1#
18
#57280
0#
08
#57285
1#
18
#57290
0#
08
#57295
1#
18
#57300
0#
08
#57305
1#
18
#57310
0#
08
#57315
1#
18
#57320
0#
08
#57325
1#
18
#57330
0#
08
#57335
1#
18
#57340
0#
08
#57345
1#
18
#57350
0#
08
#57355
1#
18
#57360
0#
08
#57365
1#
18
#57370
0#
08
#57375
1#
18
#57380
0#
08
#57385
1#
18
#57390
0#
08
#57395
1#
18
#57400
0#
08
#57405
1#
18
#57410
0#
08
#57415
1#
18
#57420
0#
08
#57425
1#
18
#57430
0#
08
#57435
1#
18
#57440
0#
08
#57445
1#
18
#57450
0#
08
#57455
1#
18
#57460
0#
08
#57465
1#
18
#57470
0#
08
#57475
1#
18
#57480
0#
08
#57485
1#
18
#57490
0#
08
#57495
1#
18
#57500
0#
08
#57505
1#
18
#57510
0#
08
#57515
1#
18
#57520
0#
08
#57525
1#
18
#57530
0#
08
#57535
1#
18
#57540
0#
08
#57545
1#
18
#57550
0#
08
#57555
1#
18
#57560
0#
08
#57565
1#
18
#57570
0#
08
#57575
1#
18
#57580
0#
08
#57585
1#
18
#57590
0#
08
#57595
1#
18
#57600
0#
08
#57605
1#
18
#57610
0#
08
#57615
1#
18
#57620
0#
08
#57625
1#
18
#57630
0#
08
#57635
1#
18
#57640
0#
08
#57645
1#
18
#57650
0#
08
#57655
1#
18
#57660
0#
08
#57665
1#
18
#57670
0#
08
#57675
1#
18
#57680
0#
08
#57685
1#
18
#57690
0#
08
#57695
1#
18
#57700
0#
08
#57705
1#
18
#57710
0#
08
#57715
1#
18
#57720
0#
08
#57725
1#
18
#57730
0#
08
#57735
1#
18
#57740
0#
08
#57745
1#
18
#57750
0#
08
#57755
1#
18
#57760
0#
08
#57765
1#
18
#57770
0#
08
#57775
1#
18
#57780
0#
08
#57785
1#
18
#57790
0#
08
#57795
1#
18
#57800
0#
08
#57805
1#
18
#57810
0#
08
#57815
1#
18
#57820
0#
08
#57825
1#
18
#57830
0#
08
#57835
1#
18
#57840
0#
08
#57845
1#
18
#57850
0#
08
#57855
1#
18
#57860
0#
08
#57865
1#
18
#57870
0#
08
#57875
1#
18
#57880
0#
08
#57885
1#
18
#57890
0#
08
#57895
1#
18
#57900
0#
08
#57905
1#
18
#57910
0#
08
#57915
1#
18
#57920
0#
08
#57925
1#
18
#57930
0#
08
#57935
1#
18
#57940
0#
08
#57945
1#
18
#57950
0#
08
#57955
1#
18
#57960
0#
08
#57965
1#
18
#57970
0#
08
#57975
1#
18
#57980
0#
08
#57985
1#
18
#57990
0#
08
#57995
1#
18
#58000
0#
08
#58005
1#
18
#58010
0#
08
#58015
1#
18
#58020
0#
08
#58025
1#
18
#58030
0#
08
#58035
1#
18
#58040
0#
08
#58045
1#
18
#58050
0#
08
#58055
1#
18
#58060
0#
08
#58065
1#
18
#58070
0#
08
#58075
1#
18
#58080
0#
08
#58085
1#
18
#58090
0#
08
#58095
1#
18
#58100
0#
08
#58105
1#
18
#58110
0#
08
#58115
1#
18
#58120
0#
08
#58125
1#
18
#58130
0#
08
#58135
1#
18
#58140
0#
08
#58145
1#
18
#58150
0#
08
#58155
1#
18
#58160
0#
08
#58165
1#
18
#58170
0#
08
#58175
1#
18
#58180
0#
08
#58185
1#
18
#58190
0#
08
#58195
1#
18
#58200
0#
08
#58205
1#
18
#58210
0#
08
#58215
1#
18
#58220
0#
08
#58225
1#
18
#58230
0#
08
#58235
1#
18
#58240
0#
08
#58245
1#
18
#58250
0#
08
#58255
1#
18
#58260
0#
08
#58265
1#
18
#58270
0#
08
#58275
1#
18
#58280
0#
08
#58285
1#
18
#58290
0#
08
#58295
1#
18
#58300
0#
08
#58305
1#
18
#58310
0#
08
#58315
1#
18
#58320
0#
08
#58325
1#
18
#58330
0#
08
#58335
1#
18
#58340
0#
08
#58345
1#
18
#58350
0#
08
#58355
1#
18
#58360
0#
08
#58365
1#
18
#58370
0#
08
#58375
1#
18
#58380
0#
08
#58385
1#
18
#58390
0#
08
#58395
1#
18
#58400
0#
08
#58405
1#
18
#58410
0#
08
#58415
1#
18
#58420
0#
08
#58425
1#
18
#58430
0#
08
#58435
1#
18
#58440
0#
08
#58445
1#
18
#58450
0#
08
#58455
1#
18
#58460
0#
08
#58465
1#
18
#58470
0#
08
#58475
1#
18
#58480
0#
08
#58485
1#
18
#58490
0#
08
#58495
1#
18
#58500
0#
08
#58505
1#
18
#58510
0#
08
#58515
1#
18
#58520
0#
08
#58525
1#
18
#58530
0#
08
#58535
1#
18
#58540
0#
08
#58545
1#
18
#58550
0#
08
#58555
1#
18
#58560
0#
08
#58565
1#
18
#58570
0#
08
#58575
1#
18
#58580
0#
08
#58585
1#
18
#58590
0#
08
#58595
1#
18
#58600
0#
08
#58605
1#
18
#58610
0#
08
#58615
1#
18
#58620
0#
08
#58625
1#
18
#58630
0#
08
#58635
1#
18
#58640
0#
08
#58645
1#
18
#58650
0#
08
#58655
1#
18
#58660
0#
08
#58665
1#
18
#58670
0#
08
#58675
1#
18
#58680
0#
08
#58685
1#
18
#58690
0#
08
#58695
1#
18
#58700
0#
08
#58705
1#
18
#58710
0#
08
#58715
1#
18
#58720
0#
08
#58725
1#
18
#58730
0#
08
#58735
1#
18
#58740
0#
08
#58745
1#
18
#58750
0#
08
#58755
1#
18
#58760
0#
08
#58765
1#
18
#58770
0#
08
#58775
1#
18
#58780
0#
08
#58785
1#
18
#58790
0#
08
#58795
1#
18
#58800
0#
08
#58805
1#
18
#58810
0#
08
#58815
1#
18
#58820
0#
08
#58825
1#
18
#58830
0#
08
#58835
1#
18
#58840
0#
08
#58845
1#
18
#58850
0#
08
#58855
1#
18
#58860
0#
08
#58865
1#
18
#58870
0#
08
#58875
1#
18
#58880
0#
08
#58885
1#
18
#58890
0#
08
#58895
1#
18
#58900
0#
08
#58905
1#
18
#58910
0#
08
#58915
1#
18
#58920
0#
08
#58925
1#
18
#58930
0#
08
#58935
1#
18
#58940
0#
08
#58945
1#
18
#58950
0#
08
#58955
1#
18
#58960
0#
08
#58965
1#
18
#58970
0#
08
#58975
1#
18
#58980
0#
08
#58985
1#
18
#58990
0#
08
#58995
1#
18
#59000
0#
08
#59005
1#
18
#59010
0#
08
#59015
1#
18
#59020
0#
08
#59025
1#
18
#59030
0#
08
#59035
1#
18
#59040
0#
08
#59045
1#
18
#59050
0#
08
#59055
1#
18
#59060
0#
08
#59065
1#
18
#59070
0#
08
#59075
1#
18
#59080
0#
08
#59085
1#
18
#59090
0#
08
#59095
1#
18
#59100
0#
08
#59105
1#
18
#59110
0#
08
#59115
1#
18
#59120
0#
08
#59125
1#
18
#59130
0#
08
#59135
1#
18
#59140
0#
08
#59145
1#
18
#59150
0#
08
#59155
1#
18
#59160
0#
08
#59165
1#
18
#59170
0#
08
#59175
1#
18
#59180
0#
08
#59185
1#
18
#59190
0#
08
#59195
1#
18
#59200
0#
08
#59205
1#
18
#59210
0#
08
#59215
1#
18
#59220
0#
08
#59225
1#
18
#59230
0#
08
#59235
1#
18
#59240
0#
08
#59245
1#
18
#59250
0#
08
#59255
1#
18
#59260
0#
08
#59265
1#
18
#59270
0#
08
#59275
1#
18
#59280
0#
08
#59285
1#
18
#59290
0#
08
#59295
1#
18
#59300
0#
08
#59305
1#
18
#59310
0#
08
#59315
1#
18
#59320
0#
08
#59325
1#
18
#59330
0#
08
#59335
1#
18
#59340
0#
08
#59345
1#
18
#59350
0#
08
#59355
1#
18
#59360
0#
08
#59365
1#
18
#59370
0#
08
#59375
1#
18
#59380
0#
08
#59385
1#
18
#59390
0#
08
#59395
1#
18
#59400
0#
08
#59405
1#
18
#59410
0#
08
#59415
1#
18
#59420
0#
08
#59425
1#
18
#59430
0#
08
#59435
1#
18
#59440
0#
08
#59445
1#
18
#59450
0#
08
#59455
1#
18
#59460
0#
08
#59465
1#
18
#59470
0#
08
#59475
1#
18
#59480
0#
08
#59485
1#
18
#59490
0#
08
#59495
1#
18
#59500
0#
08
#59505
1#
18
#59510
0#
08
#59515
1#
18
#59520
0#
08
#59525
1#
18
#59530
0#
08
#59535
1#
18
#59540
0#
08
#59545
1#
18
#59550
0#
08
#59555
1#
18
#59560
0#
08
#59565
1#
18
#59570
0#
08
#59575
1#
18
#59580
0#
08
#59585
1#
18
#59590
0#
08
#59595
1#
18
#59600
0#
08
#59605
1#
18
#59610
0#
08
#59615
1#
18
#59620
0#
08
#59625
1#
18
#59630
0#
08
#59635
1#
18
#59640
0#
08
#59645
1#
18
#59650
0#
08
#59655
1#
18
#59660
0#
08
#59665
1#
18
#59670
0#
08
#59675
1#
18
#59680
0#
08
#59685
1#
18
#59690
0#
08
#59695
1#
18
#59700
0#
08
#59705
1#
18
#59710
0#
08
#59715
1#
18
#59720
0#
08
#59725
1#
18
#59730
0#
08
#59735
1#
18
#59740
0#
08
#59745
1#
18
#59750
0#
08
#59755
1#
18
#59760
0#
08
#59765
1#
18
#59770
0#
08
#59775
1#
18
#59780
0#
08
#59785
1#
18
#59790
0#
08
#59795
1#
18
#59800
0#
08
#59805
1#
18
#59810
0#
08
#59815
1#
18
#59820
0#
08
#59825
1#
18
#59830
0#
08
#59835
1#
18
#59840
0#
08
#59845
1#
18
#59850
0#
08
#59855
1#
18
#59860
0#
08
#59865
1#
18
#59870
0#
08
#59875
1#
18
#59880
0#
08
#59885
1#
18
#59890
0#
08
#59895
1#
18
#59900
0#
08
#59905
1#
18
#59910
0#
08
#59915
1#
18
#59920
0#
08
#59925
1#
18
#59930
0#
08
#59935
1#
18
#59940
0#
08
#59945
1#
18
#59950
0#
08
#59955
1#
18
#59960
0#
08
#59965
1#
18
#59970
0#
08
#59975
1#
18
#59980
0#
08
#59985
1#
18
#59990
0#
08
#59995
1#
18
#60000
0#
08
#60005
1#
18
#60010
0#
08
#60015
1#
18
#60020
0#
08
#60025
1#
18
#60030
0#
08
#60035
1#
18
#60040
0#
08
#60045
1#
18
#60050
0#
08
#60055
1#
18
#60060
0#
08
#60065
1#
18
#60070
0#
08
#60075
1#
18
#60080
0#
08
#60085
1#
18
#60090
0#
08
#60095
1#
18
#60100
0#
08
#60105
1#
18
#60110
0#
08
#60115
1#
18
#60120
0#
08
#60125
1#
18
#60130
0#
08
#60135
1#
18
#60140
0#
08
#60145
1#
18
#60150
0#
08
#60155
1#
18
#60160
0#
08
#60165
1#
18
#60170
0#
08
#60175
1#
18
#60180
0#
08
#60185
1#
18
#60190
0#
08
#60195
1#
18
#60200
0#
08
#60205
1#
18
#60210
0#
08
#60215
1#
18
#60220
0#
08
#60225
1#
18
#60230
0#
08
#60235
1#
18
#60240
0#
08
#60245
1#
18
#60250
0#
08
#60255
1#
18
#60260
0#
08
#60265
1#
18
#60270
0#
08
#60275
1#
18
#60280
0#
08
#60285
1#
18
#60290
0#
08
#60295
1#
18
#60300
0#
08
#60305
1#
18
#60310
0#
08
#60315
1#
18
#60320
0#
08
#60325
1#
18
#60330
0#
08
#60335
1#
18
#60340
0#
08
#60345
1#
18
#60350
0#
08
#60355
1#
18
#60360
0#
08
#60365
1#
18
#60370
0#
08
#60375
1#
18
#60380
0#
08
#60385
1#
18
#60390
0#
08
#60395
1#
18
#60400
0#
08
#60405
1#
18
#60410
0#
08
#60415
1#
18
#60420
0#
08
#60425
1#
18
#60430
0#
08
#60435
1#
18
#60440
0#
08
#60445
1#
18
#60450
0#
08
#60455
1#
18
#60460
0#
08
#60465
1#
18
#60470
0#
08
#60475
1#
18
#60480
0#
08
#60485
1#
18
#60490
0#
08
#60495
1#
18
#60500
0#
08
#60505
1#
18
#60510
0#
08
#60515
1#
18
#60520
0#
08
#60525
1#
18
#60530
0#
08
#60535
1#
18
#60540
0#
08
#60545
1#
18
#60550
0#
08
#60555
1#
18
#60560
0#
08
#60565
1#
18
#60570
0#
08
#60575
1#
18
#60580
0#
08
#60585
1#
18
#60590
0#
08
#60595
1#
18
#60600
0#
08
#60605
1#
18
#60610
0#
08
#60615
1#
18
#60620
0#
08
#60625
1#
18
#60630
0#
08
#60635
1#
18
#60640
0#
08
#60645
1#
18
#60650
0#
08
#60655
1#
18
#60660
0#
08
#60665
1#
18
#60670
0#
08
#60675
1#
18
#60680
0#
08
#60685
1#
18
#60690
0#
08
#60695
1#
18
#60700
0#
08
#60705
1#
18
#60710
0#
08
#60715
1#
18
#60720
0#
08
#60725
1#
18
#60730
0#
08
#60735
1#
18
#60740
0#
08
#60745
1#
18
#60750
0#
08
#60755
1#
18
#60760
0#
08
#60765
1#
18
#60770
0#
08
#60775
1#
18
#60780
0#
08
#60785
1#
18
#60790
0#
08
#60795
1#
18
#60800
0#
08
#60805
1#
18
#60810
0#
08
#60815
1#
18
#60820
0#
08
#60825
1#
18
#60830
0#
08
#60835
1#
18
#60840
0#
08
#60845
1#
18
#60850
0#
08
#60855
1#
18
#60860
0#
08
#60865
1#
18
#60870
0#
08
#60875
1#
18
#60880
0#
08
#60885
1#
18
#60890
0#
08
#60895
1#
18
#60900
0#
08
#60905
1#
18
#60910
0#
08
#60915
1#
18
#60920
0#
08
#60925
1#
18
#60930
0#
08
#60935
1#
18
#60940
0#
08
#60945
1#
18
#60950
0#
08
#60955
1#
18
#60960
0#
08
#60965
1#
18
#60970
0#
08
#60975
1#
18
#60980
0#
08
#60985
1#
18
#60990
0#
08
#60995
1#
18
#61000
0#
08
#61005
1#
18
#61010
0#
08
#61015
1#
18
#61020
0#
08
#61025
1#
18
#61030
0#
08
#61035
1#
18
#61040
0#
08
#61045
1#
18
#61050
0#
08
#61055
1#
18
#61060
0#
08
#61065
1#
18
#61070
0#
08
#61075
1#
18
#61080
0#
08
#61085
1#
18
#61090
0#
08
#61095
1#
18
#61100
0#
08
#61105
1#
18
#61110
0#
08
#61115
1#
18
#61120
0#
08
#61125
1#
18
#61130
0#
08
#61135
1#
18
#61140
0#
08
#61145
1#
18
#61150
0#
08
#61155
1#
18
#61160
0#
08
#61165
1#
18
#61170
0#
08
#61175
1#
18
#61180
0#
08
#61185
1#
18
#61190
0#
08
#61195
1#
18
#61200
0#
08
#61205
1#
18
#61210
0#
08
#61215
1#
18
#61220
0#
08
#61225
1#
18
#61230
0#
08
#61235
1#
18
#61240
0#
08
#61245
1#
18
#61250
0#
08
#61255
1#
18
#61260
0#
08
#61265
1#
18
#61270
0#
08
#61275
1#
18
#61280
0#
08
#61285
1#
18
#61290
0#
08
#61295
1#
18
#61300
0#
08
#61305
1#
18
#61310
0#
08
#61315
1#
18
#61320
0#
08
#61325
1#
18
#61330
0#
08
#61335
1#
18
#61340
0#
08
#61345
1#
18
#61350
0#
08
#61355
1#
18
#61360
0#
08
#61365
1#
18
#61370
0#
08
#61375
1#
18
#61380
0#
08
#61385
1#
18
#61390
0#
08
#61395
1#
18
#61400
0#
08
#61405
1#
18
#61410
0#
08
#61415
1#
18
#61420
0#
08
#61425
1#
18
#61430
0#
08
#61435
1#
18
#61440
0#
08
#61445
1#
18
#61450
0#
08
#61455
1#
18
#61460
0#
08
#61465
1#
18
#61470
0#
08
#61475
1#
18
#61480
0#
08
#61485
1#
18
#61490
0#
08
#61495
1#
18
#61500
0#
08
#61505
1#
18
#61510
0#
08
#61515
1#
18
#61520
0#
08
#61525
1#
18
#61530
0#
08
#61535
1#
18
#61540
0#
08
#61545
1#
18
#61550
0#
08
#61555
1#
18
#61560
0#
08
#61565
1#
18
#61570
0#
08
#61575
1#
18
#61580
0#
08
#61585
1#
18
#61590
0#
08
#61595
1#
18
#61600
0#
08
#61605
1#
18
#61610
0#
08
#61615
1#
18
#61620
0#
08
#61625
1#
18
#61630
0#
08
#61635
1#
18
#61640
0#
08
#61645
1#
18
#61650
0#
08
#61655
1#
18
#61660
0#
08
#61665
1#
18
#61670
0#
08
#61675
1#
18
#61680
0#
08
#61685
1#
18
#61690
0#
08
#61695
1#
18
#61700
0#
08
#61705
1#
18
#61710
0#
08
#61715
1#
18
#61720
0#
08
#61725
1#
18
#61730
0#
08
#61735
1#
18
#61740
0#
08
#61745
1#
18
#61750
0#
08
#61755
1#
18
#61760
0#
08
#61765
1#
18
#61770
0#
08
#61775
1#
18
#61780
0#
08
#61785
1#
18
#61790
0#
08
#61795
1#
18
#61800
0#
08
#61805
1#
18
#61810
0#
08
#61815
1#
18
#61820
0#
08
#61825
1#
18
#61830
0#
08
#61835
1#
18
#61840
0#
08
#61845
1#
18
#61850
0#
08
#61855
1#
18
#61860
0#
08
#61865
1#
18
#61870
0#
08
#61875
1#
18
#61880
0#
08
#61885
1#
18
#61890
0#
08
#61895
1#
18
#61900
0#
08
#61905
1#
18
#61910
0#
08
#61915
1#
18
#61920
0#
08
#61925
1#
18
#61930
0#
08
#61935
1#
18
#61940
0#
08
#61945
1#
18
#61950
0#
08
#61955
1#
18
#61960
0#
08
#61965
1#
18
#61970
0#
08
#61975
1#
18
#61980
0#
08
#61985
1#
18
#61990
0#
08
#61995
1#
18
#62000
0#
08
#62005
1#
18
#62010
0#
08
#62015
1#
18
#62020
0#
08
#62025
1#
18
#62030
0#
08
#62035
1#
18
#62040
0#
08
#62045
1#
18
#62050
0#
08
#62055
1#
18
#62060
0#
08
#62065
1#
18
#62070
0#
08
#62075
1#
18
#62080
0#
08
#62085
1#
18
#62090
0#
08
#62095
1#
18
#62100
0#
08
#62105
1#
18
#62110
0#
08
#62115
1#
18
#62120
0#
08
#62125
1#
18
#62130
0#
08
#62135
1#
18
#62140
0#
08
#62145
1#
18
#62150
0#
08
#62155
1#
18
#62160
0#
08
#62165
1#
18
#62170
0#
08
#62175
1#
18
#62180
0#
08
#62185
1#
18
#62190
0#
08
#62195
1#
18
#62200
0#
08
#62205
1#
18
#62210
0#
08
#62215
1#
18
#62220
0#
08
#62225
1#
18
#62230
0#
08
#62235
1#
18
#62240
0#
08
#62245
1#
18
#62250
0#
08
#62255
1#
18
#62260
0#
08
#62265
1#
18
#62270
0#
08
#62275
1#
18
#62280
0#
08
#62285
1#
18
#62290
0#
08
#62295
1#
18
#62300
0#
08
#62305
1#
18
#62310
0#
08
#62315
1#
18
#62320
0#
08
#62325
1#
18
#62330
0#
08
#62335
1#
18
#62340
0#
08
#62345
1#
18
#62350
0#
08
#62355
1#
18
#62360
0#
08
#62365
1#
18
#62370
0#
08
#62375
1#
18
#62380
0#
08
#62385
1#
18
#62390
0#
08
#62395
1#
18
#62400
0#
08
#62405
1#
18
#62410
0#
08
#62415
1#
18
#62420
0#
08
#62425
1#
18
#62430
0#
08
#62435
1#
18
#62440
0#
08
#62445
1#
18
#62450
0#
08
#62455
1#
18
#62460
0#
08
#62465
1#
18
#62470
0#
08
#62475
1#
18
#62480
0#
08
#62485
1#
18
#62490
0#
08
#62495
1#
18
#62500
0#
08
#62505
1#
18
#62510
0#
08
#62515
1#
18
#62520
0#
08
#62525
1#
18
#62530
0#
08
#62535
1#
18
#62540
0#
08
#62545
1#
18
#62550
0#
08
#62555
1#
18
#62560
0#
08
#62565
1#
18
#62570
0#
08
#62575
1#
18
#62580
0#
08
#62585
1#
18
#62590
0#
08
#62595
1#
18
#62600
0#
08
#62605
1#
18
#62610
0#
08
#62615
1#
18
#62620
0#
08
#62625
1#
18
#62630
0#
08
#62635
1#
18
#62640
0#
08
#62645
1#
18
#62650
0#
08
#62655
1#
18
#62660
0#
08
#62665
1#
18
#62670
0#
08
#62675
1#
18
#62680
0#
08
#62685
1#
18
#62690
0#
08
#62695
1#
18
#62700
0#
08
#62705
1#
18
#62710
0#
08
#62715
1#
18
#62720
0#
08
#62725
1#
18
#62730
0#
08
#62735
1#
18
#62740
0#
08
#62745
1#
18
#62750
0#
08
#62755
1#
18
#62760
0#
08
#62765
1#
18
#62770
0#
08
#62775
1#
18
#62780
0#
08
#62785
1#
18
#62790
0#
08
#62795
1#
18
#62800
0#
08
#62805
1#
18
#62810
0#
08
#62815
1#
18
#62820
0#
08
#62825
1#
18
#62830
0#
08
#62835
1#
18
#62840
0#
08
#62845
1#
18
#62850
0#
08
#62855
1#
18
#62860
0#
08
#62865
1#
18
#62870
0#
08
#62875
1#
18
#62880
0#
08
#62885
1#
18
#62890
0#
08
#62895
1#
18
#62900
0#
08
#62905
1#
18
#62910
0#
08
#62915
1#
18
#62920
0#
08
#62925
1#
18
#62930
0#
08
#62935
1#
18
#62940
0#
08
#62945
1#
18
#62950
0#
08
#62955
1#
18
#62960
0#
08
#62965
1#
18
#62970
0#
08
#62975
1#
18
#62980
0#
08
#62985
1#
18
#62990
0#
08
#62995
1#
18
#63000
0#
08
#63005
1#
18
#63010
0#
08
#63015
1#
18
#63020
0#
08
#63025
1#
18
#63030
0#
08
#63035
1#
18
#63040
0#
08
#63045
1#
18
#63050
0#
08
#63055
1#
18
#63060
0#
08
#63065
1#
18
#63070
0#
08
#63075
1#
18
#63080
0#
08
#63085
1#
18
#63090
0#
08
#63095
1#
18
#63100
0#
08
#63105
1#
18
#63110
0#
08
#63115
1#
18
#63120
0#
08
#63125
1#
18
#63130
0#
08
#63135
1#
18
#63140
0#
08
#63145
1#
18
#63150
0#
08
#63155
1#
18
#63160
0#
08
#63165
1#
18
#63170
0#
08
#63175
1#
18
#63180
0#
08
#63185
1#
18
#63190
0#
08
#63195
1#
18
#63200
0#
08
#63205
1#
18
#63210
0#
08
#63215
1#
18
#63220
0#
08
#63225
1#
18
#63230
0#
08
#63235
1#
18
#63240
0#
08
#63245
1#
18
#63250
0#
08
#63255
1#
18
#63260
0#
08
#63265
1#
18
#63270
0#
08
#63275
1#
18
#63280
0#
08
#63285
1#
18
#63290
0#
08
#63295
1#
18
#63300
0#
08
#63305
1#
18
#63310
0#
08
#63315
1#
18
#63320
0#
08
#63325
1#
18
#63330
0#
08
#63335
1#
18
#63340
0#
08
#63345
1#
18
#63350
0#
08
#63355
1#
18
#63360
0#
08
#63365
1#
18
#63370
0#
08
#63375
1#
18
#63380
0#
08
#63385
1#
18
#63390
0#
08
#63395
1#
18
#63400
0#
08
#63405
1#
18
#63410
0#
08
#63415
1#
18
#63420
0#
08
#63425
1#
18
#63430
0#
08
#63435
1#
18
#63440
0#
08
#63445
1#
18
#63450
0#
08
#63455
1#
18
#63460
0#
08
#63465
1#
18
#63470
0#
08
#63475
1#
18
#63480
0#
08
#63485
1#
18
#63490
0#
08
#63495
1#
18
#63500
0#
08
#63505
1#
18
#63510
0#
08
#63515
1#
18
#63520
0#
08
#63525
1#
18
#63530
0#
08
#63535
1#
18
#63540
0#
08
#63545
1#
18
#63550
0#
08
#63555
1#
18
#63560
0#
08
#63565
1#
18
#63570
0#
08
#63575
1#
18
#63580
0#
08
#63585
1#
18
#63590
0#
08
#63595
1#
18
#63600
0#
08
#63605
1#
18
#63610
0#
08
#63615
1#
18
#63620
0#
08
#63625
1#
18
#63630
0#
08
#63635
1#
18
#63640
0#
08
#63645
1#
18
#63650
0#
08
#63655
1#
18
#63660
0#
08
#63665
1#
18
#63670
0#
08
#63675
1#
18
#63680
0#
08
#63685
1#
18
#63690
0#
08
#63695
1#
18
#63700
0#
08
#63705
1#
18
#63710
0#
08
#63715
1#
18
#63720
0#
08
#63725
1#
18
#63730
0#
08
#63735
1#
18
#63740
0#
08
#63745
1#
18
#63750
0#
08
#63755
1#
18
#63760
0#
08
#63765
1#
18
#63770
0#
08
#63775
1#
18
#63780
0#
08
#63785
1#
18
#63790
0#
08
#63795
1#
18
#63800
0#
08
#63805
1#
18
#63810
0#
08
#63815
1#
18
#63820
0#
08
#63825
1#
18
#63830
0#
08
#63835
1#
18
#63840
0#
08
#63845
1#
18
#63850
0#
08
#63855
1#
18
#63860
0#
08
#63865
1#
18
#63870
0#
08
#63875
1#
18
#63880
0#
08
#63885
1#
18
#63890
0#
08
#63895
1#
18
#63900
0#
08
#63905
1#
18
#63910
0#
08
#63915
1#
18
#63920
0#
08
#63925
1#
18
#63930
0#
08
#63935
1#
18
#63940
0#
08
#63945
1#
18
#63950
0#
08
#63955
1#
18
#63960
0#
08
#63965
1#
18
#63970
0#
08
#63975
1#
18
#63980
0#
08
#63985
1#
18
#63990
0#
08
#63995
1#
18
#64000
0#
08
#64005
1#
18
#64010
0#
08
#64015
1#
18
#64020
0#
08
#64025
1#
18
#64030
0#
08
#64035
1#
18
#64040
0#
08
#64045
1#
18
#64050
0#
08
#64055
1#
18
#64060
0#
08
#64065
1#
18
#64070
0#
08
#64075
1#
18
#64080
0#
08
#64085
1#
18
#64090
0#
08
#64095
1#
18
#64100
0#
08
#64105
1#
18
#64110
0#
08
#64115
1#
18
#64120
0#
08
#64125
1#
18
#64130
0#
08
#64135
1#
18
#64140
0#
08
#64145
1#
18
#64150
0#
08
#64155
1#
18
#64160
0#
08
#64165
1#
18
#64170
0#
08
#64175
1#
18
#64180
0#
08
#64185
1#
18
#64190
0#
08
#64195
1#
18
#64200
0#
08
#64205
1#
18
#64210
0#
08
#64215
1#
18
#64220
0#
08
#64225
1#
18
#64230
0#
08
#64235
1#
18
#64240
0#
08
#64245
1#
18
#64250
0#
08
#64255
1#
18
#64260
0#
08
#64265
1#
18
#64270
0#
08
#64275
1#
18
#64280
0#
08
#64285
1#
18
#64290
0#
08
#64295
1#
18
#64300
0#
08
#64305
1#
18
#64310
0#
08
#64315
1#
18
#64320
0#
08
#64325
1#
18
#64330
0#
08
#64335
1#
18
#64340
0#
08
#64345
1#
18
#64350
0#
08
#64355
1#
18
#64360
0#
08
#64365
1#
18
#64370
0#
08
#64375
1#
18
#64380
0#
08
#64385
1#
18
#64390
0#
08
#64395
1#
18
#64400
0#
08
#64405
1#
18
#64410
0#
08
#64415
1#
18
#64420
0#
08
#64425
1#
18
#64430
0#
08
#64435
1#
18
#64440
0#
08
#64445
1#
18
#64450
0#
08
#64455
1#
18
#64460
0#
08
#64465
1#
18
#64470
0#
08
#64475
1#
18
#64480
0#
08
#64485
1#
18
#64490
0#
08
#64495
1#
18
#64500
0#
08
#64505
1#
18
#64510
0#
08
#64515
1#
18
#64520
0#
08
#64525
1#
18
#64530
0#
08
#64535
1#
18
#64540
0#
08
#64545
1#
18
#64550
0#
08
#64555
1#
18
#64560
0#
08
#64565
1#
18
#64570
0#
08
#64575
1#
18
#64580
0#
08
#64585
1#
18
#64590
0#
08
#64595
1#
18
#64600
0#
08
#64605
1#
18
#64610
0#
08
#64615
1#
18
#64620
0#
08
#64625
1#
18
#64630
0#
08
#64635
1#
18
#64640
0#
08
#64645
1#
18
#64650
0#
08
#64655
1#
18
#64660
0#
08
#64665
1#
18
#64670
0#
08
#64675
1#
18
#64680
0#
08
#64685
1#
18
#64690
0#
08
#64695
1#
18
#64700
0#
08
#64705
1#
18
#64710
0#
08
#64715
1#
18
#64720
0#
08
#64725
1#
18
#64730
0#
08
#64735
1#
18
#64740
0#
08
#64745
1#
18
#64750
0#
08
#64755
1#
18
#64760
0#
08
#64765
1#
18
#64770
0#
08
#64775
1#
18
#64780
0#
08
#64785
1#
18
#64790
0#
08
#64795
1#
18
#64800
0#
08
#64805
1#
18
#64810
0#
08
#64815
1#
18
#64820
0#
08
#64825
1#
18
#64830
0#
08
#64835
1#
18
#64840
0#
08
#64845
1#
18
#64850
0#
08
#64855
1#
18
#64860
0#
08
#64865
1#
18
#64870
0#
08
#64875
1#
18
#64880
0#
08
#64885
1#
18
#64890
0#
08
#64895
1#
18
#64900
0#
08
#64905
1#
18
#64910
0#
08
#64915
1#
18
#64920
0#
08
#64925
1#
18
#64930
0#
08
#64935
1#
18
#64940
0#
08
#64945
1#
18
#64950
0#
08
#64955
1#
18
#64960
0#
08
#64965
1#
18
#64970
0#
08
#64975
1#
18
#64980
0#
08
#64985
1#
18
#64990
0#
08
#64995
1#
18
#65000
0#
08
#65005
1#
18
#65010
0#
08
#65015
1#
18
#65020
0#
08
#65025
1#
18
#65030
0#
08
#65035
1#
18
#65040
0#
08
#65045
1#
18
#65050
0#
08
#65055
1#
18
#65060
0#
08
#65065
1#
18
#65070
0#
08
#65075
1#
18
#65080
0#
08
#65085
1#
18
#65090
0#
08
#65095
1#
18
#65100
0#
08
#65105
1#
18
#65110
0#
08
#65115
1#
18
#65120
0#
08
#65125
1#
18
#65130
0#
08
#65135
1#
18
#65140
0#
08
#65145
1#
18
#65150
0#
08
#65155
1#
18
#65160
0#
08
#65165
1#
18
#65170
0#
08
#65175
1#
18
#65180
0#
08
#65185
1#
18
#65190
0#
08
#65195
1#
18
#65200
0#
08
#65205
1#
18
#65210
0#
08
#65215
1#
18
#65220
0#
08
#65225
1#
18
#65230
0#
08
#65235
1#
18
#65240
0#
08
#65245
1#
18
#65250
0#
08
#65255
1#
18
#65260
0#
08
#65265
1#
18
#65270
0#
08
#65275
1#
18
#65280
0#
08
#65285
1#
18
#65290
0#
08
#65295
1#
18
#65300
0#
08
#65305
1#
18
#65310
0#
08
#65315
1#
18
#65320
0#
08
#65325
1#
18
#65330
0#
08
#65335
1#
18
#65340
0#
08
#65345
1#
18
#65350
0#
08
#65355
1#
18
#65360
0#
08
#65365
1#
18
#65370
0#
08
#65375
1#
18
#65380
0#
08
#65385
1#
18
#65390
0#
08
#65395
1#
18
#65400
0#
08
#65405
1#
18
#65410
0#
08
#65415
1#
18
#65420
0#
08
#65425
1#
18
#65430
0#
08
#65435
1#
18
#65440
0#
08
#65445
1#
18
#65450
0#
08
#65455
1#
18
#65460
0#
08
#65465
1#
18
#65470
0#
08
#65475
1#
18
#65480
0#
08
#65485
1#
18
#65490
0#
08
#65495
1#
18
#65500
0#
08
#65505
1#
18
#65510
0#
08
#65515
1#
18
#65520
0#
08
#65525
1#
18
#65530
0#
08
#65535
1#
18
#65540
0#
08
#65545
1#
18
#65550
0#
08
#65555
1#
18
#65560
0#
08
#65565
1#
18
#65570
0#
08
#65575
1#
18
#65580
0#
08
#65585
1#
18
#65590
0#
08
#65595
1#
18
#65600
0#
08
#65605
1#
18
#65610
0#
08
#65615
1#
18
#65620
0#
08
#65625
1#
18
#65630
0#
08
#65635
1#
18
#65640
0#
08
#65645
1#
18
#65650
0#
08
#65655
1#
18
#65660
0#
08
#65665
1#
18
#65670
0#
08
#65675
1#
18
#65680
0#
08
#65685
1#
18
#65690
0#
08
#65695
1#
18
#65700
0#
08
#65705
1#
18
#65710
0#
08
#65715
1#
18
#65720
0#
08
#65725
1#
18
#65730
0#
08
#65735
1#
18
#65740
0#
08
#65745
1#
18
#65750
0#
08
#65755
1#
18
#65760
0#
08
#65765
1#
18
#65770
0#
08
#65775
1#
18
#65780
0#
08
#65785
1#
18
#65790
0#
08
#65795
1#
18
#65800
0#
08
#65805
1#
18
#65810
0#
08
#65815
1#
18
#65820
0#
08
#65825
1#
18
#65830
0#
08
#65835
1#
18
#65840
0#
08
#65845
1#
18
#65850
0#
08
#65855
1#
18
#65860
0#
08
#65865
1#
18
#65870
0#
08
#65875
1#
18
#65880
0#
08
#65885
1#
18
#65890
0#
08
#65895
1#
18
#65900
0#
08
#65905
1#
18
#65910
0#
08
#65915
1#
18
#65920
0#
08
#65925
1#
18
#65930
0#
08
#65935
1#
18
#65940
0#
08
#65945
1#
18
#65950
0#
08
#65955
1#
18
#65960
0#
08
#65965
1#
18
#65970
0#
08
#65975
1#
18
#65980
0#
08
#65985
1#
18
#65990
0#
08
#65995
1#
18
#66000
0#
08
#66005
1#
18
#66010
0#
08
#66015
1#
18
#66020
0#
08
#66025
1#
18
#66030
0#
08
#66035
1#
18
#66040
0#
08
#66045
1#
18
#66050
0#
08
#66055
1#
18
#66060
0#
08
#66065
1#
18
#66070
0#
08
#66075
1#
18
#66080
0#
08
#66085
1#
18
#66090
0#
08
#66095
1#
18
#66100
0#
08
#66105
1#
18
#66110
0#
08
#66115
1#
18
#66120
0#
08
#66125
1#
18
#66130
0#
08
#66135
1#
18
#66140
0#
08
#66145
1#
18
#66150
0#
08
#66155
1#
18
#66160
0#
08
#66165
1#
18
#66170
0#
08
#66175
1#
18
#66180
0#
08
#66185
1#
18
#66190
0#
08
#66195
1#
18
#66200
0#
08
#66205
1#
18
#66210
0#
08
#66215
1#
18
#66220
0#
08
#66225
1#
18
#66230
0#
08
#66235
1#
18
#66240
0#
08
#66245
1#
18
#66250
0#
08
#66255
1#
18
#66260
0#
08
#66265
1#
18
#66270
0#
08
#66275
1#
18
#66280
0#
08
#66285
1#
18
#66290
0#
08
#66295
1#
18
#66300
0#
08
#66305
1#
18
#66310
0#
08
#66315
1#
18
#66320
0#
08
#66325
1#
18
#66330
0#
08
#66335
1#
18
#66340
0#
08
#66345
1#
18
#66350
0#
08
#66355
1#
18
#66360
0#
08
#66365
1#
18
#66370
0#
08
#66375
1#
18
#66380
0#
08
#66385
1#
18
#66390
0#
08
#66395
1#
18
#66400
0#
08
#66405
1#
18
#66410
0#
08
#66415
1#
18
#66420
0#
08
#66425
1#
18
#66430
0#
08
#66435
1#
18
#66440
0#
08
#66445
1#
18
#66450
0#
08
#66455
1#
18
#66460
0#
08
#66465
1#
18
#66470
0#
08
#66475
1#
18
#66480
0#
08
#66485
1#
18
#66490
0#
08
#66495
1#
18
#66500
0#
08
#66505
1#
18
#66510
0#
08
#66515
1#
18
#66520
0#
08
#66525
1#
18
#66530
0#
08
#66535
1#
18
#66540
0#
08
#66545
1#
18
#66550
0#
08
#66555
1#
18
#66560
0#
08
#66565
1#
18
#66570
0#
08
#66575
1#
18
#66580
0#
08
#66585
1#
18
#66590
0#
08
#66595
1#
18
#66600
0#
08
#66605
1#
18
#66610
0#
08
#66615
1#
18
#66620
0#
08
#66625
1#
18
#66630
0#
08
#66635
1#
18
#66640
0#
08
#66645
1#
18
#66650
0#
08
#66655
1#
18
#66660
0#
08
#66665
1#
18
#66670
0#
08
#66675
1#
18
#66680
0#
08
#66685
1#
18
#66690
0#
08
#66695
1#
18
#66700
0#
08
#66705
1#
18
#66710
0#
08
#66715
1#
18
#66720
0#
08
#66725
1#
18
#66730
0#
08
#66735
1#
18
#66740
0#
08
#66745
1#
18
#66750
0#
08
#66755
1#
18
#66760
0#
08
#66765
1#
18
#66770
0#
08
#66775
1#
18
#66780
0#
08
#66785
1#
18
#66790
0#
08
#66795
1#
18
#66800
0#
08
#66805
1#
18
#66810
0#
08
#66815
1#
18
#66820
0#
08
#66825
1#
18
#66830
0#
08
#66835
1#
18
#66840
0#
08
#66845
1#
18
#66850
0#
08
#66855
1#
18
#66860
0#
08
#66865
1#
18
#66870
0#
08
#66875
1#
18
#66880
0#
08
#66885
1#
18
#66890
0#
08
#66895
1#
18
#66900
0#
08
#66905
1#
18
#66910
0#
08
#66915
1#
18
#66920
0#
08
#66925
1#
18
#66930
0#
08
#66935
1#
18
#66940
0#
08
#66945
1#
18
#66950
0#
08
#66955
1#
18
#66960
0#
08
#66965
1#
18
#66970
0#
08
#66975
1#
18
#66980
0#
08
#66985
1#
18
#66990
0#
08
#66995
1#
18
#67000
0#
08
#67005
1#
18
#67010
0#
08
#67015
1#
18
#67020
0#
08
#67025
1#
18
#67030
0#
08
#67035
1#
18
#67040
0#
08
#67045
1#
18
#67050
0#
08
#67055
1#
18
#67060
0#
08
#67065
1#
18
#67070
0#
08
#67075
1#
18
#67080
0#
08
#67085
1#
18
#67090
0#
08
#67095
1#
18
#67100
0#
08
#67105
1#
18
#67110
0#
08
#67115
1#
18
#67120
0#
08
#67125
1#
18
#67130
0#
08
#67135
1#
18
#67140
0#
08
#67145
1#
18
#67150
0#
08
#67155
1#
18
#67160
0#
08
#67165
1#
18
#67170
0#
08
#67175
1#
18
#67180
0#
08
#67185
1#
18
#67190
0#
08
#67195
1#
18
#67200
0#
08
#67205
1#
18
#67210
0#
08
#67215
1#
18
#67220
0#
08
#67225
1#
18
#67230
0#
08
#67235
1#
18
#67240
0#
08
#67245
1#
18
#67250
0#
08
#67255
1#
18
#67260
0#
08
#67265
1#
18
#67270
0#
08
#67275
1#
18
#67280
0#
08
#67285
1#
18
#67290
0#
08
#67295
1#
18
#67300
0#
08
#67305
1#
18
#67310
0#
08
#67315
1#
18
#67320
0#
08
#67325
1#
18
#67330
0#
08
#67335
1#
18
#67340
0#
08
#67345
1#
18
#67350
0#
08
#67355
1#
18
#67360
0#
08
#67365
1#
18
#67370
0#
08
#67375
1#
18
#67380
0#
08
#67385
1#
18
#67390
0#
08
#67395
1#
18
#67400
0#
08
#67405
1#
18
#67410
0#
08
#67415
1#
18
#67420
0#
08
#67425
1#
18
#67430
0#
08
#67435
1#
18
#67440
0#
08
#67445
1#
18
#67450
0#
08
#67455
1#
18
#67460
0#
08
#67465
1#
18
#67470
0#
08
#67475
1#
18
#67480
0#
08
#67485
1#
18
#67490
0#
08
#67495
1#
18
#67500
0#
08
#67505
1#
18
#67510
0#
08
#67515
1#
18
#67520
0#
08
#67525
1#
18
#67530
0#
08
#67535
1#
18
#67540
0#
08
#67545
1#
18
#67550
0#
08
#67555
1#
18
#67560
0#
08
#67565
1#
18
#67570
0#
08
#67575
1#
18
#67580
0#
08
#67585
1#
18
#67590
0#
08
#67595
1#
18
#67600
0#
08
#67605
1#
18
#67610
0#
08
#67615
1#
18
#67620
0#
08
#67625
1#
18
#67630
0#
08
#67635
1#
18
#67640
0#
08
#67645
1#
18
#67650
0#
08
#67655
1#
18
#67660
0#
08
#67665
1#
18
#67670
0#
08
#67675
1#
18
#67680
0#
08
#67685
1#
18
#67690
0#
08
#67695
1#
18
#67700
0#
08
#67705
1#
18
#67710
0#
08
#67715
1#
18
#67720
0#
08
#67725
1#
18
#67730
0#
08
#67735
1#
18
#67740
0#
08
#67745
1#
18
#67750
0#
08
#67755
1#
18
#67760
0#
08
#67765
1#
18
#67770
0#
08
#67775
1#
18
#67780
0#
08
#67785
1#
18
#67790
0#
08
#67795
1#
18
#67800
0#
08
#67805
1#
18
#67810
0#
08
#67815
1#
18
#67820
0#
08
#67825
1#
18
#67830
0#
08
#67835
1#
18
#67840
0#
08
#67845
1#
18
#67850
0#
08
#67855
1#
18
#67860
0#
08
#67865
1#
18
#67870
0#
08
#67875
1#
18
#67880
0#
08
#67885
1#
18
#67890
0#
08
#67895
1#
18
#67900
0#
08
#67905
1#
18
#67910
0#
08
#67915
1#
18
#67920
0#
08
#67925
1#
18
#67930
0#
08
#67935
1#
18
#67940
0#
08
#67945
1#
18
#67950
0#
08
#67955
1#
18
#67960
0#
08
#67965
1#
18
#67970
0#
08
#67975
1#
18
#67980
0#
08
#67985
1#
18
#67990
0#
08
#67995
1#
18
#68000
0#
08
#68005
1#
18
#68010
0#
08
#68015
1#
18
#68020
0#
08
#68025
1#
18
#68030
0#
08
#68035
1#
18
#68040
0#
08
#68045
1#
18
#68050
0#
08
#68055
1#
18
#68060
0#
08
#68065
1#
18
#68070
0#
08
#68075
1#
18
#68080
0#
08
#68085
1#
18
#68090
0#
08
#68095
1#
18
#68100
0#
08
#68105
1#
18
#68110
0#
08
#68115
1#
18
#68120
0#
08
#68125
1#
18
#68130
0#
08
#68135
1#
18
#68140
0#
08
#68145
1#
18
#68150
0#
08
#68155
1#
18
#68160
0#
08
#68165
1#
18
#68170
0#
08
#68175
1#
18
#68180
0#
08
#68185
1#
18
#68190
0#
08
#68195
1#
18
#68200
0#
08
#68205
1#
18
#68210
0#
08
#68215
1#
18
#68220
0#
08
#68225
1#
18
#68230
0#
08
#68235
1#
18
#68240
0#
08
#68245
1#
18
#68250
0#
08
#68255
1#
18
#68260
0#
08
#68265
1#
18
#68270
0#
08
#68275
1#
18
#68280
0#
08
#68285
1#
18
#68290
0#
08
#68295
1#
18
#68300
0#
08
#68305
1#
18
#68310
0#
08
#68315
1#
18
#68320
0#
08
#68325
1#
18
#68330
0#
08
#68335
1#
18
#68340
0#
08
#68345
1#
18
#68350
0#
08
#68355
1#
18
#68360
0#
08
#68365
1#
18
#68370
0#
08
#68375
1#
18
#68380
0#
08
#68385
1#
18
#68390
0#
08
#68395
1#
18
#68400
0#
08
#68405
1#
18
#68410
0#
08
#68415
1#
18
#68420
0#
08
#68425
1#
18
#68430
0#
08
#68435
1#
18
#68440
0#
08
#68445
1#
18
#68450
0#
08
#68455
1#
18
#68460
0#
08
#68465
1#
18
#68470
0#
08
#68475
1#
18
#68480
0#
08
#68485
1#
18
#68490
0#
08
#68495
1#
18
#68500
0#
08
#68505
1#
18
#68510
0#
08
#68515
1#
18
#68520
0#
08
#68525
1#
18
#68530
0#
08
#68535
1#
18
#68540
0#
08
#68545
1#
18
#68550
0#
08
#68555
1#
18
#68560
0#
08
#68565
1#
18
#68570
0#
08
#68575
1#
18
#68580
0#
08
#68585
1#
18
#68590
0#
08
#68595
1#
18
#68600
0#
08
#68605
1#
18
#68610
0#
08
#68615
1#
18
#68620
0#
08
#68625
1#
18
#68630
0#
08
#68635
1#
18
#68640
0#
08
#68645
1#
18
#68650
0#
08
#68655
1#
18
#68660
0#
08
#68665
1#
18
#68670
0#
08
#68675
1#
18
#68680
0#
08
#68685
1#
18
#68690
0#
08
#68695
1#
18
#68700
0#
08
#68705
1#
18
#68710
0#
08
#68715
1#
18
#68720
0#
08
#68725
1#
18
#68730
0#
08
#68735
1#
18
#68740
0#
08
#68745
1#
18
#68750
0#
08
#68755
1#
18
#68760
0#
08
#68765
1#
18
#68770
0#
08
#68775
1#
18
#68780
0#
08
#68785
1#
18
#68790
0#
08
#68795
1#
18
#68800
0#
08
#68805
1#
18
#68810
0#
08
#68815
1#
18
#68820
0#
08
#68825
1#
18
#68830
0#
08
#68835
1#
18
#68840
0#
08
#68845
1#
18
#68850
0#
08
#68855
1#
18
#68860
0#
08
#68865
1#
18
#68870
0#
08
#68875
1#
18
#68880
0#
08
#68885
1#
18
#68890
0#
08
#68895
1#
18
#68900
0#
08
#68905
1#
18
#68910
0#
08
#68915
1#
18
#68920
0#
08
#68925
1#
18
#68930
0#
08
#68935
1#
18
#68940
0#
08
#68945
1#
18
#68950
0#
08
#68955
1#
18
#68960
0#
08
#68965
1#
18
#68970
0#
08
#68975
1#
18
#68980
0#
08
#68985
1#
18
#68990
0#
08
#68995
1#
18
#69000
0#
08
#69005
1#
18
#69010
0#
08
#69015
1#
18
#69020
0#
08
#69025
1#
18
#69030
0#
08
#69035
1#
18
#69040
0#
08
#69045
1#
18
#69050
0#
08
#69055
1#
18
#69060
0#
08
#69065
1#
18
#69070
0#
08
#69075
1#
18
#69080
0#
08
#69085
1#
18
#69090
0#
08
#69095
1#
18
#69100
0#
08
#69105
1#
18
#69110
0#
08
#69115
1#
18
#69120
0#
08
#69125
1#
18
#69130
0#
08
#69135
1#
18
#69140
0#
08
#69145
1#
18
#69150
0#
08
#69155
1#
18
#69160
0#
08
#69165
1#
18
#69170
0#
08
#69175
1#
18
#69180
0#
08
#69185
1#
18
#69190
0#
08
#69195
1#
18
#69200
0#
08
#69205
1#
18
#69210
0#
08
#69215
1#
18
#69220
0#
08
#69225
1#
18
#69230
0#
08
#69235
1#
18
#69240
0#
08
#69245
1#
18
#69250
0#
08
#69255
1#
18
#69260
0#
08
#69265
1#
18
#69270
0#
08
#69275
1#
18
#69280
0#
08
#69285
1#
18
#69290
0#
08
#69295
1#
18
#69300
0#
08
#69305
1#
18
#69310
0#
08
#69315
1#
18
#69320
0#
08
#69325
1#
18
#69330
0#
08
#69335
1#
18
#69340
0#
08
#69345
1#
18
#69350
0#
08
#69355
1#
18
#69360
0#
08
#69365
1#
18
#69370
0#
08
#69375
1#
18
#69380
0#
08
#69385
1#
18
#69390
0#
08
#69395
1#
18
#69400
0#
08
#69405
1#
18
#69410
0#
08
#69415
1#
18
#69420
0#
08
#69425
1#
18
#69430
0#
08
#69435
1#
18
#69440
0#
08
#69445
1#
18
#69450
0#
08
#69455
1#
18
#69460
0#
08
#69465
1#
18
#69470
0#
08
#69475
1#
18
#69480
0#
08
#69485
1#
18
#69490
0#
08
#69495
1#
18
#69500
0#
08
#69505
1#
18
#69510
0#
08
#69515
1#
18
#69520
0#
08
#69525
1#
18
#69530
0#
08
#69535
1#
18
#69540
0#
08
#69545
1#
18
#69550
0#
08
#69555
1#
18
#69560
0#
08
#69565
1#
18
#69570
0#
08
#69575
1#
18
#69580
0#
08
#69585
1#
18
#69590
0#
08
#69595
1#
18
#69600
0#
08
#69605
1#
18
#69610
0#
08
#69615
1#
18
#69620
0#
08
#69625
1#
18
#69630
0#
08
#69635
1#
18
#69640
0#
08
#69645
1#
18
#69650
0#
08
#69655
1#
18
#69660
0#
08
#69665
1#
18
#69670
0#
08
#69675
1#
18
#69680
0#
08
#69685
1#
18
#69690
0#
08
#69695
1#
18
#69700
0#
08
#69705
1#
18
#69710
0#
08
#69715
1#
18
#69720
0#
08
#69725
1#
18
#69730
0#
08
#69735
1#
18
#69740
0#
08
#69745
1#
18
#69750
0#
08
#69755
1#
18
#69760
0#
08
#69765
1#
18
#69770
0#
08
#69775
1#
18
#69780
0#
08
#69785
1#
18
#69790
0#
08
#69795
1#
18
#69800
0#
08
#69805
1#
18
#69810
0#
08
#69815
1#
18
#69820
0#
08
#69825
1#
18
#69830
0#
08
#69835
1#
18
#69840
0#
08
#69845
1#
18
#69850
0#
08
#69855
1#
18
#69860
0#
08
#69865
1#
18
#69870
0#
08
#69875
1#
18
#69880
0#
08
#69885
1#
18
#69890
0#
08
#69895
1#
18
#69900
0#
08
#69905
1#
18
#69910
0#
08
#69915
1#
18
#69920
0#
08
#69925
1#
18
#69930
0#
08
#69935
1#
18
#69940
0#
08
#69945
1#
18
#69950
0#
08
#69955
1#
18
#69960
0#
08
#69965
1#
18
#69970
0#
08
#69975
1#
18
#69980
0#
08
#69985
1#
18
#69990
0#
08
#69995
1#
18
#70000
0#
08
#70005
1#
18
#70010
0#
08
#70015
1#
18
#70020
0#
08
#70025
1#
18
#70030
0#
08
#70035
1#
18
#70040
0#
08
#70045
1#
18
#70050
0#
08
#70055
1#
18
#70060
0#
08
#70065
1#
18
#70070
0#
08
#70075
1#
18
#70080
0#
08
#70085
1#
18
#70090
0#
08
#70095
1#
18
#70100
0#
08
#70105
1#
18
#70110
0#
08
#70115
1#
18
#70120
0#
08
#70125
1#
18
#70130
0#
08
#70135
1#
18
#70140
0#
08
#70145
1#
18
#70150
0#
08
#70155
1#
18
#70160
0#
08
#70165
1#
18
#70170
0#
08
#70175
1#
18
#70180
0#
08
#70185
1#
18
#70190
0#
08
#70195
1#
18
#70200
0#
08
#70205
1#
18
#70210
0#
08
#70215
1#
18
#70220
0#
08
#70225
1#
18
#70230
0#
08
#70235
1#
18
#70240
0#
08
#70245
1#
18
#70250
0#
08
#70255
1#
18
#70260
0#
08
#70265
1#
18
#70270
0#
08
#70275
1#
18
#70280
0#
08
#70285
1#
18
#70290
0#
08
#70295
1#
18
#70300
0#
08
#70305
1#
18
#70310
0#
08
#70315
1#
18
#70320
0#
08
#70325
1#
18
#70330
0#
08
#70335
1#
18
#70340
0#
08
#70345
1#
18
#70350
0#
08
#70355
1#
18
#70360
0#
08
#70365
1#
18
#70370
0#
08
#70375
1#
18
#70380
0#
08
#70385
1#
18
#70390
0#
08
#70395
1#
18
#70400
0#
08
#70405
1#
18
#70410
0#
08
#70415
1#
18
#70420
0#
08
#70425
1#
18
#70430
0#
08
#70435
1#
18
#70440
0#
08
#70445
1#
18
#70450
0#
08
#70455
1#
18
#70460
0#
08
#70465
1#
18
#70470
0#
08
#70475
1#
18
#70480
0#
08
#70485
1#
18
#70490
0#
08
#70495
1#
18
#70500
0#
08
#70505
1#
18
#70510
0#
08
#70515
1#
18
#70520
0#
08
#70525
1#
18
#70530
0#
08
#70535
1#
18
#70540
0#
08
#70545
1#
18
#70550
0#
08
#70555
1#
18
#70560
0#
08
#70565
1#
18
#70570
0#
08
#70575
1#
18
#70580
0#
08
#70585
1#
18
#70590
0#
08
#70595
1#
18
#70600
0#
08
#70605
1#
18
#70610
0#
08
#70615
1#
18
#70620
0#
08
#70625
1#
18
#70630
0#
08
#70635
1#
18
#70640
0#
08
#70645
1#
18
#70650
0#
08
#70655
1#
18
#70660
0#
08
#70665
1#
18
#70670
0#
08
#70675
1#
18
#70680
0#
08
#70685
1#
18
#70690
0#
08
#70695
1#
18
#70700
0#
08
#70705
1#
18
#70710
0#
08
#70715
1#
18
#70720
0#
08
#70725
1#
18
#70730
0#
08
#70735
1#
18
#70740
0#
08
#70745
1#
18
#70750
0#
08
#70755
1#
18
#70760
0#
08
#70765
1#
18
#70770
0#
08
#70775
1#
18
#70780
0#
08
#70785
1#
18
#70790
0#
08
#70795
1#
18
#70800
0#
08
#70805
1#
18
#70810
0#
08
#70815
1#
18
#70820
0#
08
#70825
1#
18
#70830
0#
08
#70835
1#
18
#70840
0#
08
#70845
1#
18
#70850
0#
08
#70855
1#
18
#70860
0#
08
#70865
1#
18
#70870
0#
08
#70875
1#
18
#70880
0#
08
#70885
1#
18
#70890
0#
08
#70895
1#
18
#70900
0#
08
#70905
1#
18
#70910
0#
08
#70915
1#
18
#70920
0#
08
#70925
1#
18
#70930
0#
08
#70935
1#
18
#70940
0#
08
#70945
1#
18
#70950
0#
08
#70955
1#
18
#70960
0#
08
#70965
1#
18
#70970
0#
08
#70975
1#
18
#70980
0#
08
#70985
1#
18
#70990
0#
08
#70995
1#
18
#71000
0#
08
#71005
1#
18
#71010
0#
08
#71015
1#
18
#71020
0#
08
#71025
1#
18
#71030
0#
08
#71035
1#
18
#71040
0#
08
#71045
1#
18
#71050
0#
08
#71055
1#
18
#71060
0#
08
#71065
1#
18
#71070
0#
08
#71075
1#
18
#71080
0#
08
#71085
1#
18
#71090
0#
08
#71095
1#
18
#71100
0#
08
#71105
1#
18
#71110
0#
08
#71115
1#
18
#71120
0#
08
#71125
1#
18
#71130
0#
08
#71135
1#
18
#71140
0#
08
#71145
1#
18
#71150
0#
08
#71155
1#
18
#71160
0#
08
#71165
1#
18
#71170
0#
08
#71175
1#
18
#71180
0#
08
#71185
1#
18
#71190
0#
08
#71195
1#
18
#71200
0#
08
#71205
1#
18
#71210
0#
08
#71215
1#
18
#71220
0#
08
#71225
1#
18
#71230
0#
08
#71235
1#
18
#71240
0#
08
#71245
1#
18
#71250
0#
08
#71255
1#
18
#71260
0#
08
#71265
1#
18
#71270
0#
08
#71275
1#
18
#71280
0#
08
#71285
1#
18
#71290
0#
08
#71295
1#
18
#71300
0#
08
#71305
1#
18
#71310
0#
08
#71315
1#
18
#71320
0#
08
#71325
1#
18
#71330
0#
08
#71335
1#
18
#71340
0#
08
#71345
1#
18
#71350
0#
08
#71355
1#
18
#71360
0#
08
#71365
1#
18
#71370
0#
08
#71375
1#
18
#71380
0#
08
#71385
1#
18
#71390
0#
08
#71395
1#
18
#71400
0#
08
#71405
1#
18
#71410
0#
08
#71415
1#
18
#71420
0#
08
#71425
1#
18
#71430
0#
08
#71435
1#
18
#71440
0#
08
#71445
1#
18
#71450
0#
08
#71455
1#
18
#71460
0#
08
#71465
1#
18
#71470
0#
08
#71475
1#
18
#71480
0#
08
#71485
1#
18
#71490
0#
08
#71495
1#
18
#71500
0#
08
#71505
1#
18
#71510
0#
08
#71515
1#
18
#71520
0#
08
#71525
1#
18
#71530
0#
08
#71535
1#
18
#71540
0#
08
#71545
1#
18
#71550
0#
08
#71555
1#
18
#71560
0#
08
#71565
1#
18
#71570
0#
08
#71575
1#
18
#71580
0#
08
#71585
1#
18
#71590
0#
08
#71595
1#
18
#71600
0#
08
#71605
1#
18
#71610
0#
08
#71615
1#
18
#71620
0#
08
#71625
1#
18
#71630
0#
08
#71635
1#
18
#71640
0#
08
#71645
1#
18
#71650
0#
08
#71655
1#
18
#71660
0#
08
#71665
1#
18
#71670
0#
08
#71675
1#
18
#71680
0#
08
#71685
1#
18
#71690
0#
08
#71695
1#
18
#71700
0#
08
#71705
1#
18
#71710
0#
08
#71715
1#
18
#71720
0#
08
#71725
1#
18
#71730
0#
08
#71735
1#
18
#71740
0#
08
#71745
1#
18
#71750
0#
08
#71755
1#
18
#71760
0#
08
#71765
1#
18
#71770
0#
08
#71775
1#
18
#71780
0#
08
#71785
1#
18
#71790
0#
08
#71795
1#
18
#71800
0#
08
#71805
1#
18
#71810
0#
08
#71815
1#
18
#71820
0#
08
#71825
1#
18
#71830
0#
08
#71835
1#
18
#71840
0#
08
#71845
1#
18
#71850
0#
08
#71855
1#
18
#71860
0#
08
#71865
1#
18
#71870
0#
08
#71875
1#
18
#71880
0#
08
#71885
1#
18
#71890
0#
08
#71895
1#
18
#71900
0#
08
#71905
1#
18
#71910
0#
08
#71915
1#
18
#71920
0#
08
#71925
1#
18
#71930
0#
08
#71935
1#
18
#71940
0#
08
#71945
1#
18
#71950
0#
08
#71955
1#
18
#71960
0#
08
#71965
1#
18
#71970
0#
08
#71975
1#
18
#71980
0#
08
#71985
1#
18
#71990
0#
08
#71995
1#
18
#72000
0#
08
#72005
1#
18
#72010
0#
08
#72015
1#
18
#72020
0#
08
#72025
1#
18
#72030
0#
08
#72035
1#
18
#72040
0#
08
#72045
1#
18
#72050
0#
08
#72055
1#
18
#72060
0#
08
#72065
1#
18
#72070
0#
08
#72075
1#
18
#72080
0#
08
#72085
1#
18
#72090
0#
08
#72095
1#
18
#72100
0#
08
#72105
1#
18
#72110
0#
08
#72115
1#
18
#72120
0#
08
#72125
1#
18
#72130
0#
08
#72135
1#
18
#72140
0#
08
#72145
1#
18
#72150
0#
08
#72155
1#
18
#72160
0#
08
#72165
1#
18
#72170
0#
08
#72175
1#
18
#72180
0#
08
#72185
1#
18
#72190
0#
08
#72195
1#
18
#72200
0#
08
#72205
1#
18
#72210
0#
08
#72215
1#
18
#72220
0#
08
#72225
1#
18
#72230
0#
08
#72235
1#
18
#72240
0#
08
#72245
1#
18
#72250
0#
08
#72255
1#
18
#72260
0#
08
#72265
1#
18
#72270
0#
08
#72275
1#
18
#72280
0#
08
#72285
1#
18
#72290
0#
08
#72295
1#
18
#72300
0#
08
#72305
1#
18
#72310
0#
08
#72315
1#
18
#72320
0#
08
#72325
1#
18
#72330
0#
08
#72335
1#
18
#72340
0#
08
#72345
1#
18
#72350
0#
08
#72355
1#
18
#72360
0#
08
#72365
1#
18
#72370
0#
08
#72375
1#
18
#72380
0#
08
#72385
1#
18
#72390
0#
08
#72395
1#
18
#72400
0#
08
#72405
1#
18
#72410
0#
08
#72415
1#
18
#72420
0#
08
#72425
1#
18
#72430
0#
08
#72435
1#
18
#72440
0#
08
#72445
1#
18
#72450
0#
08
#72455
1#
18
#72460
0#
08
#72465
1#
18
#72470
0#
08
#72475
1#
18
#72480
0#
08
#72485
1#
18
#72490
0#
08
#72495
1#
18
#72500
0#
08
#72505
1#
18
#72510
0#
08
#72515
1#
18
#72520
0#
08
#72525
1#
18
#72530
0#
08
#72535
1#
18
#72540
0#
08
#72545
1#
18
#72550
0#
08
#72555
1#
18
#72560
0#
08
#72565
1#
18
#72570
0#
08
#72575
1#
18
#72580
0#
08
#72585
1#
18
#72590
0#
08
#72595
1#
18
#72600
0#
08
#72605
1#
18
#72610
0#
08
#72615
1#
18
#72620
0#
08
#72625
1#
18
#72630
0#
08
#72635
1#
18
#72640
0#
08
#72645
1#
18
#72650
0#
08
#72655
1#
18
#72660
0#
08
#72665
1#
18
#72670
0#
08
#72675
1#
18
#72680
0#
08
#72685
1#
18
#72690
0#
08
#72695
1#
18
#72700
0#
08
#72705
1#
18
#72710
0#
08
#72715
1#
18
#72720
0#
08
#72725
1#
18
#72730
0#
08
#72735
1#
18
#72740
0#
08
#72745
1#
18
#72750
0#
08
#72755
1#
18
#72760
0#
08
#72765
1#
18
#72770
0#
08
#72775
1#
18
#72780
0#
08
#72785
1#
18
#72790
0#
08
#72795
1#
18
#72800
0#
08
#72805
1#
18
#72810
0#
08
#72815
1#
18
#72820
0#
08
#72825
1#
18
#72830
0#
08
#72835
1#
18
#72840
0#
08
#72845
1#
18
#72850
0#
08
#72855
1#
18
#72860
0#
08
#72865
1#
18
#72870
0#
08
#72875
1#
18
#72880
0#
08
#72885
1#
18
#72890
0#
08
#72895
1#
18
#72900
0#
08
#72905
1#
18
#72910
0#
08
#72915
1#
18
#72920
0#
08
#72925
1#
18
#72930
0#
08
#72935
1#
18
#72940
0#
08
#72945
1#
18
#72950
0#
08
#72955
1#
18
#72960
0#
08
#72965
1#
18
#72970
0#
08
#72975
1#
18
#72980
0#
08
#72985
1#
18
#72990
0#
08
#72995
1#
18
#73000
0#
08
#73005
1#
18
#73010
0#
08
#73015
1#
18
#73020
0#
08
#73025
1#
18
#73030
0#
08
#73035
1#
18
#73040
0#
08
#73045
1#
18
#73050
0#
08
#73055
1#
18
#73060
0#
08
#73065
1#
18
#73070
0#
08
#73075
1#
18
#73080
0#
08
#73085
1#
18
#73090
0#
08
#73095
1#
18
#73100
0#
08
#73105
1#
18
#73110
0#
08
#73115
1#
18
#73120
0#
08
#73125
1#
18
#73130
0#
08
#73135
1#
18
#73140
0#
08
#73145
1#
18
#73150
0#
08
#73155
1#
18
#73160
0#
08
#73165
1#
18
#73170
0#
08
#73175
1#
18
#73180
0#
08
#73185
1#
18
#73190
0#
08
#73195
1#
18
#73200
0#
08
#73205
1#
18
#73210
0#
08
#73215
1#
18
#73220
0#
08
#73225
1#
18
#73230
0#
08
#73235
1#
18
#73240
0#
08
#73245
1#
18
#73250
0#
08
#73255
1#
18
#73260
0#
08
#73265
1#
18
#73270
0#
08
#73275
1#
18
#73280
0#
08
#73285
1#
18
#73290
0#
08
#73295
1#
18
#73300
0#
08
#73305
1#
18
#73310
0#
08
#73315
1#
18
#73320
0#
08
#73325
1#
18
#73330
0#
08
#73335
1#
18
#73340
0#
08
#73345
1#
18
#73350
0#
08
#73355
1#
18
#73360
0#
08
#73365
1#
18
#73370
0#
08
#73375
1#
18
#73380
0#
08
#73385
1#
18
#73390
0#
08
#73395
1#
18
#73400
0#
08
#73405
1#
18
#73410
0#
08
#73415
1#
18
#73420
0#
08
#73425
1#
18
#73430
0#
08
#73435
1#
18
#73440
0#
08
#73445
1#
18
#73450
0#
08
#73455
1#
18
#73460
0#
08
#73465
1#
18
#73470
0#
08
#73475
1#
18
#73480
0#
08
#73485
1#
18
#73490
0#
08
#73495
1#
18
#73500
0#
08
#73505
1#
18
#73510
0#
08
#73515
1#
18
#73520
0#
08
#73525
1#
18
#73530
0#
08
#73535
1#
18
#73540
0#
08
#73545
1#
18
#73550
0#
08
#73555
1#
18
#73560
0#
08
#73565
1#
18
#73570
0#
08
#73575
1#
18
#73580
0#
08
#73585
1#
18
#73590
0#
08
#73595
1#
18
#73600
0#
08
#73605
1#
18
#73610
0#
08
#73615
1#
18
#73620
0#
08
#73625
1#
18
#73630
0#
08
#73635
1#
18
#73640
0#
08
#73645
1#
18
#73650
0#
08
#73655
1#
18
#73660
0#
08
#73665
1#
18
#73670
0#
08
#73675
1#
18
#73680
0#
08
#73685
1#
18
#73690
0#
08
#73695
1#
18
#73700
0#
08
#73705
1#
18
#73710
0#
08
#73715
1#
18
#73720
0#
08
#73725
1#
18
#73730
0#
08
#73735
1#
18
#73740
0#
08
#73745
1#
18
#73750
0#
08
#73755
1#
18
#73760
0#
08
#73765
1#
18
#73770
0#
08
#73775
1#
18
#73780
0#
08
#73785
1#
18
#73790
0#
08
#73795
1#
18
#73800
0#
08
#73805
1#
18
#73810
0#
08
#73815
1#
18
#73820
0#
08
#73825
1#
18
#73830
0#
08
#73835
1#
18
#73840
0#
08
#73845
1#
18
#73850
0#
08
#73855
1#
18
#73860
0#
08
#73865
1#
18
#73870
0#
08
#73875
1#
18
#73880
0#
08
#73885
1#
18
#73890
0#
08
#73895
1#
18
#73900
0#
08
#73905
1#
18
#73910
0#
08
#73915
1#
18
#73920
0#
08
#73925
1#
18
#73930
0#
08
#73935
1#
18
#73940
0#
08
#73945
1#
18
#73950
0#
08
#73955
1#
18
#73960
0#
08
#73965
1#
18
#73970
0#
08
#73975
1#
18
#73980
0#
08
#73985
1#
18
#73990
0#
08
#73995
1#
18
#74000
0#
08
#74005
1#
18
#74010
0#
08
#74015
1#
18
#74020
0#
08
#74025
1#
18
#74030
0#
08
#74035
1#
18
#74040
0#
08
#74045
1#
18
#74050
0#
08
#74055
1#
18
#74060
0#
08
#74065
1#
18
#74070
0#
08
#74075
1#
18
#74080
0#
08
#74085
1#
18
#74090
0#
08
#74095
1#
18
#74100
0#
08
#74105
1#
18
#74110
0#
08
#74115
1#
18
#74120
0#
08
#74125
1#
18
#74130
0#
08
#74135
1#
18
#74140
0#
08
#74145
1#
18
#74150
0#
08
#74155
1#
18
#74160
0#
08
#74165
1#
18
#74170
0#
08
#74175
1#
18
#74180
0#
08
#74185
1#
18
#74190
0#
08
#74195
1#
18
#74200
0#
08
#74205
1#
18
#74210
0#
08
#74215
1#
18
#74220
0#
08
#74225
1#
18
#74230
0#
08
#74235
1#
18
#74240
0#
08
#74245
1#
18
#74250
0#
08
#74255
1#
18
#74260
0#
08
#74265
1#
18
#74270
0#
08
#74275
1#
18
#74280
0#
08
#74285
1#
18
#74290
0#
08
#74295
1#
18
#74300
0#
08
#74305
1#
18
#74310
0#
08
#74315
1#
18
#74320
0#
08
#74325
1#
18
#74330
0#
08
#74335
1#
18
#74340
0#
08
#74345
1#
18
#74350
0#
08
#74355
1#
18
#74360
0#
08
#74365
1#
18
#74370
0#
08
#74375
1#
18
#74380
0#
08
#74385
1#
18
#74390
0#
08
#74395
1#
18
#74400
0#
08
#74405
1#
18
#74410
0#
08
#74415
1#
18
#74420
0#
08
#74425
1#
18
#74430
0#
08
#74435
1#
18
#74440
0#
08
#74445
1#
18
#74450
0#
08
#74455
1#
18
#74460
0#
08
#74465
1#
18
#74470
0#
08
#74475
1#
18
#74480
0#
08
#74485
1#
18
#74490
0#
08
#74495
1#
18
#74500
0#
08
#74505
1#
18
#74510
0#
08
#74515
1#
18
#74520
0#
08
#74525
1#
18
#74530
0#
08
#74535
1#
18
#74540
0#
08
#74545
1#
18
#74550
0#
08
#74555
1#
18
#74560
0#
08
#74565
1#
18
#74570
0#
08
#74575
1#
18
#74580
0#
08
#74585
1#
18
#74590
0#
08
#74595
1#
18
#74600
0#
08
#74605
1#
18
#74610
0#
08
#74615
1#
18
#74620
0#
08
#74625
1#
18
#74630
0#
08
#74635
1#
18
#74640
0#
08
#74645
1#
18
#74650
0#
08
#74655
1#
18
#74660
0#
08
#74665
1#
18
#74670
0#
08
#74675
1#
18
#74680
0#
08
#74685
1#
18
#74690
0#
08
#74695
1#
18
#74700
0#
08
#74705
1#
18
#74710
0#
08
#74715
1#
18
#74720
0#
08
#74725
1#
18
#74730
0#
08
#74735
1#
18
#74740
0#
08
#74745
1#
18
#74750
0#
08
#74755
1#
18
#74760
0#
08
#74765
1#
18
#74770
0#
08
#74775
1#
18
#74780
0#
08
#74785
1#
18
#74790
0#
08
#74795
1#
18
#74800
0#
08
#74805
1#
18
#74810
0#
08
#74815
1#
18
#74820
0#
08
#74825
1#
18
#74830
0#
08
#74835
1#
18
#74840
0#
08
#74845
1#
18
#74850
0#
08
#74855
1#
18
#74860
0#
08
#74865
1#
18
#74870
0#
08
#74875
1#
18
#74880
0#
08
#74885
1#
18
#74890
0#
08
#74895
1#
18
#74900
0#
08
#74905
1#
18
#74910
0#
08
#74915
1#
18
#74920
0#
08
#74925
1#
18
#74930
0#
08
#74935
1#
18
#74940
0#
08
#74945
1#
18
#74950
0#
08
#74955
1#
18
#74960
0#
08
#74965
1#
18
#74970
0#
08
#74975
1#
18
#74980
0#
08
#74985
1#
18
#74990
0#
08
#74995
1#
18
#75000
0#
08
#75005
1#
18
#75010
0#
08
#75015
1#
18
#75020
0#
08
#75025
1#
18
#75030
0#
08
#75035
1#
18
#75040
0#
08
#75045
1#
18
#75050
0#
08
#75055
1#
18
#75060
0#
08
#75065
1#
18
#75070
0#
08
#75075
1#
18
#75080
0#
08
#75085
1#
18
#75090
0#
08
#75095
1#
18
#75100
0#
08
#75105
1#
18
#75110
0#
08
#75115
1#
18
#75120
0#
08
#75125
1#
18
#75130
0#
08
#75135
1#
18
#75140
0#
08
#75145
1#
18
#75150
0#
08
#75155
1#
18
#75160
0#
08
#75165
1#
18
#75170
0#
08
#75175
1#
18
#75180
0#
08
#75185
1#
18
#75190
0#
08
#75195
1#
18
#75200
0#
08
#75205
1#
18
#75210
0#
08
#75215
1#
18
#75220
0#
08
#75225
1#
18
#75230
0#
08
#75235
1#
18
#75240
0#
08
#75245
1#
18
#75250
0#
08
#75255
1#
18
#75260
0#
08
#75265
1#
18
#75270
0#
08
#75275
1#
18
#75280
0#
08
#75285
1#
18
#75290
0#
08
#75295
1#
18
#75300
0#
08
#75305
1#
18
#75310
0#
08
#75315
1#
18
#75320
0#
08
#75325
1#
18
#75330
0#
08
#75335
1#
18
#75340
0#
08
#75345
1#
18
#75350
0#
08
#75355
1#
18
#75360
0#
08
#75365
1#
18
#75370
0#
08
#75375
1#
18
#75380
0#
08
#75385
1#
18
#75390
0#
08
#75395
1#
18
#75400
0#
08
#75405
1#
18
#75410
0#
08
#75415
1#
18
#75420
0#
08
#75425
1#
18
#75430
0#
08
#75435
1#
18
#75440
0#
08
#75445
1#
18
#75450
0#
08
#75455
1#
18
#75460
0#
08
#75465
1#
18
#75470
0#
08
#75475
1#
18
#75480
0#
08
#75485
1#
18
#75490
0#
08
#75495
1#
18
#75500
0#
08
#75505
1#
18
#75510
0#
08
#75515
1#
18
#75520
0#
08
#75525
1#
18
#75530
0#
08
#75535
1#
18
#75540
0#
08
#75545
1#
18
#75550
0#
08
#75555
1#
18
#75560
0#
08
#75565
1#
18
#75570
0#
08
#75575
1#
18
#75580
0#
08
#75585
1#
18
#75590
0#
08
#75595
1#
18
#75600
0#
08
#75605
1#
18
#75610
0#
08
#75615
1#
18
#75620
0#
08
#75625
1#
18
#75630
0#
08
#75635
1#
18
#75640
0#
08
#75645
1#
18
#75650
0#
08
#75655
1#
18
#75660
0#
08
#75665
1#
18
#75670
0#
08
#75675
1#
18
#75680
0#
08
#75685
1#
18
#75690
0#
08
#75695
1#
18
#75700
0#
08
#75705
1#
18
#75710
0#
08
#75715
1#
18
#75720
0#
08
#75725
1#
18
#75730
0#
08
#75735
1#
18
#75740
0#
08
#75745
1#
18
#75750
0#
08
#75755
1#
18
#75760
0#
08
#75765
1#
18
#75770
0#
08
#75775
1#
18
#75780
0#
08
#75785
1#
18
#75790
0#
08
#75795
1#
18
#75800
0#
08
#75805
1#
18
#75810
0#
08
#75815
1#
18
#75820
0#
08
#75825
1#
18
#75830
0#
08
#75835
1#
18
#75840
0#
08
#75845
1#
18
#75850
0#
08
#75855
1#
18
#75860
0#
08
#75865
1#
18
#75870
0#
08
#75875
1#
18
#75880
0#
08
#75885
1#
18
#75890
0#
08
#75895
1#
18
#75900
0#
08
#75905
1#
18
#75910
0#
08
#75915
1#
18
#75920
0#
08
#75925
1#
18
#75930
0#
08
#75935
1#
18
#75940
0#
08
#75945
1#
18
#75950
0#
08
#75955
1#
18
#75960
0#
08
#75965
1#
18
#75970
0#
08
#75975
1#
18
#75980
0#
08
#75985
1#
18
#75990
0#
08
#75995
1#
18
#76000
0#
08
#76005
1#
18
#76010
0#
08
#76015
1#
18
#76020
0#
08
#76025
1#
18
#76030
0#
08
#76035
1#
18
#76040
0#
08
#76045
1#
18
#76050
0#
08
#76055
1#
18
#76060
0#
08
#76065
1#
18
#76070
0#
08
#76075
1#
18
#76080
0#
08
#76085
1#
18
#76090
0#
08
#76095
1#
18
#76100
0#
08
#76105
1#
18
#76110
0#
08
#76115
1#
18
#76120
0#
08
#76125
1#
18
#76130
0#
08
#76135
1#
18
#76140
0#
08
#76145
1#
18
#76150
0#
08
#76155
1#
18
#76160
0#
08
#76165
1#
18
#76170
0#
08
#76175
1#
18
#76180
0#
08
#76185
1#
18
#76190
0#
08
#76195
1#
18
#76200
0#
08
#76205
1#
18
#76210
0#
08
#76215
1#
18
#76220
0#
08
#76225
1#
18
#76230
0#
08
#76235
1#
18
#76240
0#
08
#76245
1#
18
#76250
0#
08
#76255
1#
18
#76260
0#
08
#76265
1#
18
#76270
0#
08
#76275
1#
18
#76280
0#
08
#76285
1#
18
#76290
0#
08
#76295
1#
18
#76300
0#
08
#76305
1#
18
#76310
0#
08
#76315
1#
18
#76320
0#
08
#76325
1#
18
#76330
0#
08
#76335
1#
18
#76340
0#
08
#76345
1#
18
#76350
0#
08
#76355
1#
18
#76360
0#
08
#76365
1#
18
#76370
0#
08
#76375
1#
18
#76380
0#
08
#76385
1#
18
#76390
0#
08
#76395
1#
18
#76400
0#
08
#76405
1#
18
#76410
0#
08
#76415
1#
18
#76420
0#
08
#76425
1#
18
#76430
0#
08
#76435
1#
18
#76440
0#
08
#76445
1#
18
#76450
0#
08
#76455
1#
18
#76460
0#
08
#76465
1#
18
#76470
0#
08
#76475
1#
18
#76480
0#
08
#76485
1#
18
#76490
0#
08
#76495
1#
18
#76500
0#
08
#76505
1#
18
#76510
0#
08
#76515
1#
18
#76520
0#
08
#76525
1#
18
#76530
0#
08
#76535
1#
18
#76540
0#
08
#76545
1#
18
#76550
0#
08
#76555
1#
18
#76560
0#
08
#76565
1#
18
#76570
0#
08
#76575
1#
18
#76580
0#
08
#76585
1#
18
#76590
0#
08
#76595
1#
18
#76600
0#
08
#76605
1#
18
#76610
0#
08
#76615
1#
18
#76620
0#
08
#76625
1#
18
#76630
0#
08
#76635
1#
18
#76640
0#
08
#76645
1#
18
#76650
0#
08
#76655
1#
18
#76660
0#
08
#76665
1#
18
#76670
0#
08
#76675
1#
18
#76680
0#
08
#76685
1#
18
#76690
0#
08
#76695
1#
18
#76700
0#
08
#76705
1#
18
#76710
0#
08
#76715
1#
18
#76720
0#
08
#76725
1#
18
#76730
0#
08
#76735
1#
18
#76740
0#
08
#76745
1#
18
#76750
0#
08
#76755
1#
18
#76760
0#
08
#76765
1#
18
#76770
0#
08
#76775
1#
18
#76780
0#
08
#76785
1#
18
#76790
0#
08
#76795
1#
18
#76800
0#
08
#76805
1#
18
#76810
0#
08
#76815
1#
18
#76820
0#
08
#76825
1#
18
#76830
0#
08
#76835
1#
18
#76840
0#
08
#76845
1#
18
#76850
0#
08
#76855
1#
18
#76860
0#
08
#76865
1#
18
#76870
0#
08
#76875
1#
18
#76880
0#
08
#76885
1#
18
#76890
0#
08
#76895
1#
18
#76900
0#
08
#76905
1#
18
#76910
0#
08
#76915
1#
18
#76920
0#
08
#76925
1#
18
#76930
0#
08
#76935
1#
18
#76940
0#
08
#76945
1#
18
#76950
0#
08
#76955
1#
18
#76960
0#
08
#76965
1#
18
#76970
0#
08
#76975
1#
18
#76980
0#
08
#76985
1#
18
#76990
0#
08
#76995
1#
18
#77000
0#
08
#77005
1#
18
#77010
0#
08
#77015
1#
18
#77020
0#
08
#77025
1#
18
#77030
0#
08
#77035
1#
18
#77040
0#
08
#77045
1#
18
#77050
0#
08
#77055
1#
18
#77060
0#
08
#77065
1#
18
#77070
0#
08
#77075
1#
18
#77080
0#
08
#77085
1#
18
#77090
0#
08
#77095
1#
18
#77100
0#
08
#77105
1#
18
#77110
0#
08
#77115
1#
18
#77120
0#
08
#77125
1#
18
#77130
0#
08
#77135
1#
18
#77140
0#
08
#77145
1#
18
#77150
0#
08
#77155
1#
18
#77160
0#
08
#77165
1#
18
#77170
0#
08
#77175
1#
18
#77180
0#
08
#77185
1#
18
#77190
0#
08
#77195
1#
18
#77200
0#
08
#77205
1#
18
#77210
0#
08
#77215
1#
18
#77220
0#
08
#77225
1#
18
#77230
0#
08
#77235
1#
18
#77240
0#
08
#77245
1#
18
#77250
0#
08
#77255
1#
18
#77260
0#
08
#77265
1#
18
#77270
0#
08
#77275
1#
18
#77280
0#
08
#77285
1#
18
#77290
0#
08
#77295
1#
18
#77300
0#
08
#77305
1#
18
#77310
0#
08
#77315
1#
18
#77320
0#
08
#77325
1#
18
#77330
0#
08
#77335
1#
18
#77340
0#
08
#77345
1#
18
#77350
0#
08
#77355
1#
18
#77360
0#
08
#77365
1#
18
#77370
0#
08
#77375
1#
18
#77380
0#
08
#77385
1#
18
#77390
0#
08
#77395
1#
18
#77400
0#
08
#77405
1#
18
#77410
0#
08
#77415
1#
18
#77420
0#
08
#77425
1#
18
#77430
0#
08
#77435
1#
18
#77440
0#
08
#77445
1#
18
#77450
0#
08
#77455
1#
18
#77460
0#
08
#77465
1#
18
#77470
0#
08
#77475
1#
18
#77480
0#
08
#77485
1#
18
#77490
0#
08
#77495
1#
18
#77500
0#
08
#77505
1#
18
#77510
0#
08
#77515
1#
18
#77520
0#
08
#77525
1#
18
#77530
0#
08
#77535
1#
18
#77540
0#
08
#77545
1#
18
#77550
0#
08
#77555
1#
18
#77560
0#
08
#77565
1#
18
#77570
0#
08
#77575
1#
18
#77580
0#
08
#77585
1#
18
#77590
0#
08
#77595
1#
18
#77600
0#
08
#77605
1#
18
#77610
0#
08
#77615
1#
18
#77620
0#
08
#77625
1#
18
#77630
0#
08
#77635
1#
18
#77640
0#
08
#77645
1#
18
#77650
0#
08
#77655
1#
18
#77660
0#
08
#77665
1#
18
#77670
0#
08
#77675
1#
18
#77680
0#
08
#77685
1#
18
#77690
0#
08
#77695
1#
18
#77700
0#
08
#77705
1#
18
#77710
0#
08
#77715
1#
18
#77720
0#
08
#77725
1#
18
#77730
0#
08
#77735
1#
18
#77740
0#
08
#77745
1#
18
#77750
0#
08
#77755
1#
18
#77760
0#
08
#77765
1#
18
#77770
0#
08
#77775
1#
18
#77780
0#
08
#77785
1#
18
#77790
0#
08
#77795
1#
18
#77800
0#
08
#77805
1#
18
#77810
0#
08
#77815
1#
18
#77820
0#
08
#77825
1#
18
#77830
0#
08
#77835
1#
18
#77840
0#
08
#77845
1#
18
#77850
0#
08
#77855
1#
18
#77860
0#
08
#77865
1#
18
#77870
0#
08
#77875
1#
18
#77880
0#
08
#77885
1#
18
#77890
0#
08
#77895
1#
18
#77900
0#
08
#77905
1#
18
#77910
0#
08
#77915
1#
18
#77920
0#
08
#77925
1#
18
#77930
0#
08
#77935
1#
18
#77940
0#
08
#77945
1#
18
#77950
0#
08
#77955
1#
18
#77960
0#
08
#77965
1#
18
#77970
0#
08
#77975
1#
18
#77980
0#
08
#77985
1#
18
#77990
0#
08
#77995
1#
18
#78000
0#
08
#78005
1#
18
#78010
0#
08
#78015
1#
18
#78020
0#
08
#78025
1#
18
#78030
0#
08
#78035
1#
18
#78040
0#
08
#78045
1#
18
#78050
0#
08
#78055
1#
18
#78060
0#
08
#78065
1#
18
#78070
0#
08
#78075
1#
18
#78080
0#
08
#78085
1#
18
#78090
0#
08
#78095
1#
18
#78100
0#
08
#78105
1#
18
#78110
0#
08
#78115
1#
18
#78120
0#
08
#78125
1#
18
#78130
0#
08
#78135
1#
18
#78140
0#
08
#78145
1#
18
#78150
0#
08
#78155
1#
18
#78160
0#
08
#78165
1#
18
#78170
0#
08
#78175
1#
18
#78180
0#
08
#78185
1#
18
#78190
0#
08
#78195
1#
18
#78200
0#
08
#78205
1#
18
#78210
0#
08
#78215
1#
18
#78220
0#
08
#78225
1#
18
#78230
0#
08
#78235
1#
18
#78240
0#
08
#78245
1#
18
#78250
0#
08
#78255
1#
18
#78260
0#
08
#78265
1#
18
#78270
0#
08
#78275
1#
18
#78280
0#
08
#78285
1#
18
#78290
0#
08
#78295
1#
18
#78300
0#
08
#78305
1#
18
#78310
0#
08
#78315
1#
18
#78320
0#
08
#78325
1#
18
#78330
0#
08
#78335
1#
18
#78340
0#
08
#78345
1#
18
#78350
0#
08
#78355
1#
18
#78360
0#
08
#78365
1#
18
#78370
0#
08
#78375
1#
18
#78380
0#
08
#78385
1#
18
#78390
0#
08
#78395
1#
18
#78400
0#
08
#78405
1#
18
#78410
0#
08
#78415
1#
18
#78420
0#
08
#78425
1#
18
#78430
0#
08
#78435
1#
18
#78440
0#
08
#78445
1#
18
#78450
0#
08
#78455
1#
18
#78460
0#
08
#78465
1#
18
#78470
0#
08
#78475
1#
18
#78480
0#
08
#78485
1#
18
#78490
0#
08
#78495
1#
18
#78500
0#
08
#78505
1#
18
#78510
0#
08
#78515
1#
18
#78520
0#
08
#78525
1#
18
#78530
0#
08
#78535
1#
18
#78540
0#
08
#78545
1#
18
#78550
0#
08
#78555
1#
18
#78560
0#
08
#78565
1#
18
#78570
0#
08
#78575
1#
18
#78580
0#
08
#78585
1#
18
#78590
0#
08
#78595
1#
18
#78600
0#
08
#78605
1#
18
#78610
0#
08
#78615
1#
18
#78620
0#
08
#78625
1#
18
#78630
0#
08
#78635
1#
18
#78640
0#
08
#78645
1#
18
#78650
0#
08
#78655
1#
18
#78660
0#
08
#78665
1#
18
#78670
0#
08
#78675
1#
18
#78680
0#
08
#78685
1#
18
#78690
0#
08
#78695
1#
18
#78700
0#
08
#78705
1#
18
#78710
0#
08
#78715
1#
18
#78720
0#
08
#78725
1#
18
#78730
0#
08
#78735
1#
18
#78740
0#
08
#78745
1#
18
#78750
0#
08
#78755
1#
18
#78760
0#
08
#78765
1#
18
#78770
0#
08
#78775
1#
18
#78780
0#
08
#78785
1#
18
#78790
0#
08
#78795
1#
18
#78800
0#
08
#78805
1#
18
#78810
0#
08
#78815
1#
18
#78820
0#
08
#78825
1#
18
#78830
0#
08
#78835
1#
18
#78840
0#
08
#78845
1#
18
#78850
0#
08
#78855
1#
18
#78860
0#
08
#78865
1#
18
#78870
0#
08
#78875
1#
18
#78880
0#
08
#78885
1#
18
#78890
0#
08
#78895
1#
18
#78900
0#
08
#78905
1#
18
#78910
0#
08
#78915
1#
18
#78920
0#
08
#78925
1#
18
#78930
0#
08
#78935
1#
18
#78940
0#
08
#78945
1#
18
#78950
0#
08
#78955
1#
18
#78960
0#
08
#78965
1#
18
#78970
0#
08
#78975
1#
18
#78980
0#
08
#78985
1#
18
#78990
0#
08
#78995
1#
18
#79000
0#
08
#79005
1#
18
#79010
0#
08
#79015
1#
18
#79020
0#
08
#79025
1#
18
#79030
0#
08
#79035
1#
18
#79040
0#
08
#79045
1#
18
#79050
0#
08
#79055
1#
18
#79060
0#
08
#79065
1#
18
#79070
0#
08
#79075
1#
18
#79080
0#
08
#79085
1#
18
#79090
0#
08
#79095
1#
18
#79100
0#
08
#79105
1#
18
#79110
0#
08
#79115
1#
18
#79120
0#
08
#79125
1#
18
#79130
0#
08
#79135
1#
18
#79140
0#
08
#79145
1#
18
#79150
0#
08
#79155
1#
18
#79160
0#
08
#79165
1#
18
#79170
0#
08
#79175
1#
18
#79180
0#
08
#79185
1#
18
#79190
0#
08
#79195
1#
18
#79200
0#
08
#79205
1#
18
#79210
0#
08
#79215
1#
18
#79220
0#
08
#79225
1#
18
#79230
0#
08
#79235
1#
18
#79240
0#
08
#79245
1#
18
#79250
0#
08
#79255
1#
18
#79260
0#
08
#79265
1#
18
#79270
0#
08
#79275
1#
18
#79280
0#
08
#79285
1#
18
#79290
0#
08
#79295
1#
18
#79300
0#
08
#79305
1#
18
#79310
0#
08
#79315
1#
18
#79320
0#
08
#79325
1#
18
#79330
0#
08
#79335
1#
18
#79340
0#
08
#79345
1#
18
#79350
0#
08
#79355
1#
18
#79360
0#
08
#79365
1#
18
#79370
0#
08
#79375
1#
18
#79380
0#
08
#79385
1#
18
#79390
0#
08
#79395
1#
18
#79400
0#
08
#79405
1#
18
#79410
0#
08
#79415
1#
18
#79420
0#
08
#79425
1#
18
#79430
0#
08
#79435
1#
18
#79440
0#
08
#79445
1#
18
#79450
0#
08
#79455
1#
18
#79460
0#
08
#79465
1#
18
#79470
0#
08
#79475
1#
18
#79480
0#
08
#79485
1#
18
#79490
0#
08
#79495
1#
18
#79500
0#
08
#79505
1#
18
#79510
0#
08
#79515
1#
18
#79520
0#
08
#79525
1#
18
#79530
0#
08
#79535
1#
18
#79540
0#
08
#79545
1#
18
#79550
0#
08
#79555
1#
18
#79560
0#
08
#79565
1#
18
#79570
0#
08
#79575
1#
18
#79580
0#
08
#79585
1#
18
#79590
0#
08
#79595
1#
18
#79600
0#
08
#79605
1#
18
#79610
0#
08
#79615
1#
18
#79620
0#
08
#79625
1#
18
#79630
0#
08
#79635
1#
18
#79640
0#
08
#79645
1#
18
#79650
0#
08
#79655
1#
18
#79660
0#
08
#79665
1#
18
#79670
0#
08
#79675
1#
18
#79680
0#
08
#79685
1#
18
#79690
0#
08
#79695
1#
18
#79700
0#
08
#79705
1#
18
#79710
0#
08
#79715
1#
18
#79720
0#
08
#79725
1#
18
#79730
0#
08
#79735
1#
18
#79740
0#
08
#79745
1#
18
#79750
0#
08
#79755
1#
18
#79760
0#
08
#79765
1#
18
#79770
0#
08
#79775
1#
18
#79780
0#
08
#79785
1#
18
#79790
0#
08
#79795
1#
18
#79800
0#
08
#79805
1#
18
#79810
0#
08
#79815
1#
18
#79820
0#
08
#79825
1#
18
#79830
0#
08
#79835
1#
18
#79840
0#
08
#79845
1#
18
#79850
0#
08
#79855
1#
18
#79860
0#
08
#79865
1#
18
#79870
0#
08
#79875
1#
18
#79880
0#
08
#79885
1#
18
#79890
0#
08
#79895
1#
18
#79900
0#
08
#79905
1#
18
#79910
0#
08
#79915
1#
18
#79920
0#
08
#79925
1#
18
#79930
0#
08
#79935
1#
18
#79940
0#
08
#79945
1#
18
#79950
0#
08
#79955
1#
18
#79960
0#
08
#79965
1#
18
#79970
0#
08
#79975
1#
18
#79980
0#
08
#79985
1#
18
#79990
0#
08
#79995
1#
18
#80000
0#
08
#80005
1#
18
#80010
0#
08
#80015
1#
18
#80020
0#
08
#80025
1#
18
#80030
0#
08
#80035
1#
18
#80040
0#
08
#80045
1#
18
#80050
0#
08
#80055
1#
18
#80060
0#
08
#80065
1#
18
#80070
0#
08
#80075
1#
18
#80080
0#
08
#80085
1#
18
#80090
0#
08
#80095
1#
18
#80100
0#
08
#80105
1#
18
#80110
0#
08
#80115
1#
18
#80120
0#
08
#80125
1#
18
#80130
0#
08
#80135
1#
18
#80140
0#
08
#80145
1#
18
#80150
0#
08
#80155
1#
18
#80160
0#
08
#80165
1#
18
#80170
0#
08
#80175
1#
18
#80180
0#
08
#80185
1#
18
#80190
0#
08
#80195
1#
18
#80200
0#
08
#80205
1#
18
#80210
0#
08
#80215
1#
18
#80220
0#
08
#80225
1#
18
#80230
0#
08
#80235
1#
18
#80240
0#
08
#80245
1#
18
#80250
0#
08
#80255
1#
18
#80260
0#
08
#80265
1#
18
#80270
0#
08
#80275
1#
18
#80280
0#
08
#80285
1#
18
#80290
0#
08
#80295
1#
18
#80300
0#
08
#80305
1#
18
#80310
0#
08
#80315
1#
18
#80320
0#
08
#80325
1#
18
#80330
0#
08
#80335
1#
18
#80340
0#
08
#80345
1#
18
#80350
0#
08
#80355
1#
18
#80360
0#
08
#80365
1#
18
#80370
0#
08
#80375
1#
18
#80380
0#
08
#80385
1#
18
#80390
0#
08
#80395
1#
18
#80400
0#
08
#80405
1#
18
#80410
0#
08
#80415
1#
18
#80420
0#
08
#80425
1#
18
#80430
0#
08
#80435
1#
18
#80440
0#
08
#80445
1#
18
#80450
0#
08
#80455
1#
18
#80460
0#
08
#80465
1#
18
#80470
0#
08
#80475
1#
18
#80480
0#
08
#80485
1#
18
#80490
0#
08
#80495
1#
18
#80500
0#
08
#80505
1#
18
#80510
0#
08
#80515
1#
18
#80520
0#
08
#80525
1#
18
#80530
0#
08
#80535
1#
18
#80540
0#
08
#80545
1#
18
#80550
0#
08
#80555
1#
18
#80560
0#
08
#80565
1#
18
#80570
0#
08
#80575
1#
18
#80580
0#
08
#80585
1#
18
#80590
0#
08
#80595
1#
18
#80600
0#
08
#80605
1#
18
#80610
0#
08
#80615
1#
18
#80620
0#
08
#80625
1#
18
#80630
0#
08
#80635
1#
18
#80640
0#
08
#80645
1#
18
#80650
0#
08
#80655
1#
18
#80660
0#
08
#80665
1#
18
#80670
0#
08
#80675
1#
18
#80680
0#
08
#80685
1#
18
#80690
0#
08
#80695
1#
18
#80700
0#
08
#80705
1#
18
#80710
0#
08
#80715
1#
18
#80720
0#
08
#80725
1#
18
#80730
0#
08
#80735
1#
18
#80740
0#
08
#80745
1#
18
#80750
0#
08
#80755
1#
18
#80760
0#
08
#80765
1#
18
#80770
0#
08
#80775
1#
18
#80780
0#
08
#80785
1#
18
#80790
0#
08
#80795
1#
18
#80800
0#
08
#80805
1#
18
#80810
0#
08
#80815
1#
18
#80820
0#
08
#80825
1#
18
#80830
0#
08
#80835
1#
18
#80840
0#
08
#80845
1#
18
#80850
0#
08
#80855
1#
18
#80860
0#
08
#80865
1#
18
#80870
0#
08
#80875
1#
18
#80880
0#
08
#80885
1#
18
#80890
0#
08
#80895
1#
18
#80900
0#
08
#80905
1#
18
#80910
0#
08
#80915
1#
18
#80920
0#
08
#80925
1#
18
#80930
0#
08
#80935
1#
18
#80940
0#
08
#80945
1#
18
#80950
0#
08
#80955
1#
18
#80960
0#
08
#80965
1#
18
#80970
0#
08
#80975
1#
18
#80980
0#
08
#80985
1#
18
#80990
0#
08
#80995
1#
18
#81000
0#
08
#81005
1#
18
#81010
0#
08
#81015
1#
18
#81020
0#
08
#81025
1#
18
#81030
0#
08
#81035
1#
18
#81040
0#
08
#81045
1#
18
#81050
0#
08
#81055
1#
18
#81060
0#
08
#81065
1#
18
#81070
0#
08
#81075
1#
18
#81080
0#
08
#81085
1#
18
#81090
0#
08
#81095
1#
18
#81100
0#
08
#81105
1#
18
#81110
0#
08
#81115
1#
18
#81120
0#
08
#81125
1#
18
#81130
0#
08
#81135
1#
18
#81140
0#
08
#81145
1#
18
#81150
0#
08
#81155
1#
18
#81160
0#
08
#81165
1#
18
#81170
0#
08
#81175
1#
18
#81180
0#
08
#81185
1#
18
#81190
0#
08
#81195
1#
18
#81200
0#
08
#81205
1#
18
#81210
0#
08
#81215
1#
18
#81220
0#
08
#81225
1#
18
#81230
0#
08
#81235
1#
18
#81240
0#
08
#81245
1#
18
#81250
0#
08
#81255
1#
18
#81260
0#
08
#81265
1#
18
#81270
0#
08
#81275
1#
18
#81280
0#
08
#81285
1#
18
#81290
0#
08
#81295
1#
18
#81300
0#
08
#81305
1#
18
#81310
0#
08
#81315
1#
18
#81320
0#
08
#81325
1#
18
#81330
0#
08
#81335
1#
18
#81340
0#
08
#81345
1#
18
#81350
0#
08
#81355
1#
18
#81360
0#
08
#81365
1#
18
#81370
0#
08
#81375
1#
18
#81380
0#
08
#81385
1#
18
#81390
0#
08
#81395
1#
18
#81400
0#
08
#81405
1#
18
#81410
0#
08
#81415
1#
18
#81420
0#
08
#81425
1#
18
#81430
0#
08
#81435
1#
18
#81440
0#
08
#81445
1#
18
#81450
0#
08
#81455
1#
18
#81460
0#
08
#81465
1#
18
#81470
0#
08
#81475
1#
18
#81480
0#
08
#81485
1#
18
#81490
0#
08
#81495
1#
18
#81500
0#
08
#81505
1#
18
#81510
0#
08
#81515
1#
18
#81520
0#
08
#81525
1#
18
#81530
0#
08
#81535
1#
18
#81540
0#
08
#81545
1#
18
#81550
0#
08
#81555
1#
18
#81560
0#
08
#81565
1#
18
#81570
0#
08
#81575
1#
18
#81580
0#
08
#81585
1#
18
#81590
0#
08
#81595
1#
18
#81600
0#
08
#81605
1#
18
#81610
0#
08
#81615
1#
18
#81620
0#
08
#81625
1#
18
#81630
0#
08
#81635
1#
18
#81640
0#
08
#81645
1#
18
#81650
0#
08
#81655
1#
18
#81660
0#
08
#81665
1#
18
#81670
0#
08
#81675
1#
18
#81680
0#
08
#81685
1#
18
#81690
0#
08
#81695
1#
18
#81700
0#
08
#81705
1#
18
#81710
0#
08
#81715
1#
18
#81720
0#
08
#81725
1#
18
#81730
0#
08
#81735
1#
18
#81740
0#
08
#81745
1#
18
#81750
0#
08
#81755
1#
18
#81760
0#
08
#81765
1#
18
#81770
0#
08
#81775
1#
18
#81780
0#
08
#81785
1#
18
#81790
0#
08
#81795
1#
18
#81800
0#
08
#81805
1#
18
#81810
0#
08
#81815
1#
18
#81820
0#
08
#81825
1#
18
#81830
0#
08
#81835
1#
18
#81840
0#
08
#81845
1#
18
#81850
0#
08
#81855
1#
18
#81860
0#
08
#81865
1#
18
#81870
0#
08
#81875
1#
18
#81880
0#
08
#81885
1#
18
#81890
0#
08
#81895
1#
18
#81900
0#
08
#81905
1#
18
#81910
0#
08
#81915
1#
18
#81920
0#
08
#81925
1#
18
#81930
0#
08
#81935
1#
18
#81940
0#
08
#81945
1#
18
#81950
0#
08
#81955
1#
18
#81960
0#
08
#81965
1#
18
#81970
0#
08
#81975
1#
18
#81980
0#
08
#81985
1#
18
#81990
0#
08
#81995
1#
18
#82000
0#
08
#82005
1#
18
#82010
0#
08
#82015
1#
18
#82020
0#
08
#82025
1#
18
#82030
0#
08
#82035
1#
18
#82040
0#
08
#82045
1#
18
#82050
0#
08
#82055
1#
18
#82060
0#
08
#82065
1#
18
#82070
0#
08
#82075
1#
18
#82080
0#
08
#82085
1#
18
#82090
0#
08
#82095
1#
18
#82100
0#
08
#82105
1#
18
#82110
0#
08
#82115
1#
18
#82120
0#
08
#82125
1#
18
#82130
0#
08
#82135
1#
18
#82140
0#
08
#82145
1#
18
#82150
0#
08
#82155
1#
18
#82160
0#
08
#82165
1#
18
#82170
0#
08
#82175
1#
18
#82180
0#
08
#82185
1#
18
#82190
0#
08
#82195
1#
18
#82200
0#
08
#82205
1#
18
#82210
0#
08
#82215
1#
18
#82220
0#
08
#82225
1#
18
#82230
0#
08
#82235
1#
18
#82240
0#
08
#82245
1#
18
#82250
0#
08
#82255
1#
18
#82260
0#
08
#82265
1#
18
#82270
0#
08
#82275
1#
18
#82280
0#
08
#82285
1#
18
#82290
0#
08
#82295
1#
18
#82300
0#
08
#82305
1#
18
#82310
0#
08
#82315
1#
18
#82320
0#
08
#82325
1#
18
#82330
0#
08
#82335
1#
18
#82340
0#
08
#82345
1#
18
#82350
0#
08
#82355
1#
18
#82360
0#
08
#82365
1#
18
#82370
0#
08
#82375
1#
18
#82380
0#
08
#82385
1#
18
#82390
0#
08
#82395
1#
18
#82400
0#
08
#82405
1#
18
#82410
0#
08
#82415
1#
18
#82420
0#
08
#82425
1#
18
#82430
0#
08
#82435
1#
18
#82440
0#
08
#82445
1#
18
#82450
0#
08
#82455
1#
18
#82460
0#
08
#82465
1#
18
#82470
0#
08
#82475
1#
18
#82480
0#
08
#82485
1#
18
#82490
0#
08
#82495
1#
18
#82500
0#
08
#82505
1#
18
#82510
0#
08
#82515
1#
18
#82520
0#
08
#82525
1#
18
#82530
0#
08
#82535
1#
18
#82540
0#
08
#82545
1#
18
#82550
0#
08
#82555
1#
18
#82560
0#
08
#82565
1#
18
#82570
0#
08
#82575
1#
18
#82580
0#
08
#82585
1#
18
#82590
0#
08
#82595
1#
18
#82600
0#
08
#82605
1#
18
#82610
0#
08
#82615
1#
18
#82620
0#
08
#82625
1#
18
#82630
0#
08
#82635
1#
18
#82640
0#
08
#82645
1#
18
#82650
0#
08
#82655
1#
18
#82660
0#
08
#82665
1#
18
#82670
0#
08
#82675
1#
18
#82680
0#
08
#82685
1#
18
#82690
0#
08
#82695
1#
18
#82700
0#
08
#82705
1#
18
#82710
0#
08
#82715
1#
18
#82720
0#
08
#82725
1#
18
#82730
0#
08
#82735
1#
18
#82740
0#
08
#82745
1#
18
#82750
0#
08
#82755
1#
18
#82760
0#
08
#82765
1#
18
#82770
0#
08
#82775
1#
18
#82780
0#
08
#82785
1#
18
#82790
0#
08
#82795
1#
18
#82800
0#
08
#82805
1#
18
#82810
0#
08
#82815
1#
18
#82820
0#
08
#82825
1#
18
#82830
0#
08
#82835
1#
18
#82840
0#
08
#82845
1#
18
#82850
0#
08
#82855
1#
18
#82860
0#
08
#82865
1#
18
#82870
0#
08
#82875
1#
18
#82880
0#
08
#82885
1#
18
#82890
0#
08
#82895
1#
18
#82900
0#
08
#82905
1#
18
#82910
0#
08
#82915
1#
18
#82920
0#
08
#82925
1#
18
#82930
0#
08
#82935
1#
18
#82940
0#
08
#82945
1#
18
#82950
0#
08
#82955
1#
18
#82960
0#
08
#82965
1#
18
#82970
0#
08
#82975
1#
18
#82980
0#
08
#82985
1#
18
#82990
0#
08
#82995
1#
18
#83000
0#
08
#83005
1#
18
#83010
0#
08
#83015
1#
18
#83020
0#
08
#83025
1#
18
#83030
0#
08
#83035
1#
18
#83040
0#
08
#83045
1#
18
#83050
0#
08
#83055
1#
18
#83060
0#
08
#83065
1#
18
#83070
0#
08
#83075
1#
18
#83080
0#
08
#83085
1#
18
#83090
0#
08
#83095
1#
18
#83100
0#
08
#83105
1#
18
#83110
0#
08
#83115
1#
18
#83120
0#
08
#83125
1#
18
#83130
0#
08
#83135
1#
18
#83140
0#
08
#83145
1#
18
#83150
0#
08
#83155
1#
18
#83160
0#
08
#83165
1#
18
#83170
0#
08
#83175
1#
18
#83180
0#
08
#83185
1#
18
#83190
0#
08
#83195
1#
18
#83200
0#
08
#83205
1#
18
#83210
0#
08
#83215
1#
18
#83220
0#
08
#83225
1#
18
#83230
0#
08
#83235
1#
18
#83240
0#
08
#83245
1#
18
#83250
0#
08
#83255
1#
18
#83260
0#
08
#83265
1#
18
#83270
0#
08
#83275
1#
18
#83280
0#
08
#83285
1#
18
#83290
0#
08
#83295
1#
18
#83300
0#
08
#83305
1#
18
#83310
0#
08
#83315
1#
18
#83320
0#
08
#83325
1#
18
#83330
0#
08
#83335
1#
18
#83340
0#
08
#83345
1#
18
#83350
0#
08
#83355
1#
18
#83360
0#
08
#83365
1#
18
#83370
0#
08
#83375
1#
18
#83380
0#
08
#83385
1#
18
#83390
0#
08
#83395
1#
18
#83400
0#
08
#83405
1#
18
#83410
0#
08
#83415
1#
18
#83420
0#
08
#83425
1#
18
#83430
0#
08
#83435
1#
18
#83440
0#
08
#83445
1#
18
#83450
0#
08
#83455
1#
18
#83460
0#
08
#83465
1#
18
#83470
0#
08
#83475
1#
18
#83480
0#
08
#83485
1#
18
#83490
0#
08
#83495
1#
18
#83500
0#
08
#83505
1#
18
#83510
0#
08
#83515
1#
18
#83520
0#
08
#83525
1#
18
#83530
0#
08
#83535
1#
18
#83540
0#
08
#83545
1#
18
#83550
0#
08
#83555
1#
18
#83560
0#
08
#83565
1#
18
#83570
0#
08
#83575
1#
18
#83580
0#
08
#83585
1#
18
#83590
0#
08
#83595
1#
18
#83600
0#
08
#83605
1#
18
#83610
0#
08
#83615
1#
18
#83620
0#
08
#83625
1#
18
#83630
0#
08
#83635
1#
18
#83640
0#
08
#83645
1#
18
#83650
0#
08
#83655
1#
18
#83660
0#
08
#83665
1#
18
#83670
0#
08
#83675
1#
18
#83680
0#
08
#83685
1#
18
#83690
0#
08
#83695
1#
18
#83700
0#
08
#83705
1#
18
#83710
0#
08
#83715
1#
18
#83720
0#
08
#83725
1#
18
#83730
0#
08
#83735
1#
18
#83740
0#
08
#83745
1#
18
#83750
0#
08
#83755
1#
18
#83760
0#
08
#83765
1#
18
#83770
0#
08
#83775
1#
18
#83780
0#
08
#83785
1#
18
#83790
0#
08
#83795
1#
18
#83800
0#
08
#83805
1#
18
#83810
0#
08
#83815
1#
18
#83820
0#
08
#83825
1#
18
#83830
0#
08
#83835
1#
18
#83840
0#
08
#83845
1#
18
#83850
0#
08
#83855
1#
18
#83860
0#
08
#83865
1#
18
#83870
0#
08
#83875
1#
18
#83880
0#
08
#83885
1#
18
#83890
0#
08
#83895
1#
18
#83900
0#
08
#83905
1#
18
#83910
0#
08
#83915
1#
18
#83920
0#
08
#83925
1#
18
#83930
0#
08
#83935
1#
18
#83940
0#
08
#83945
1#
18
#83950
0#
08
#83955
1#
18
#83960
0#
08
#83965
1#
18
#83970
0#
08
#83975
1#
18
#83980
0#
08
#83985
1#
18
#83990
0#
08
#83995
1#
18
#84000
0#
08
#84005
1#
18
#84010
0#
08
#84015
1#
18
#84020
0#
08
#84025
1#
18
#84030
0#
08
#84035
1#
18
#84040
0#
08
#84045
1#
18
#84050
0#
08
#84055
1#
18
#84060
0#
08
#84065
1#
18
#84070
0#
08
#84075
1#
18
#84080
0#
08
#84085
1#
18
#84090
0#
08
#84095
1#
18
#84100
0#
08
#84105
1#
18
#84110
0#
08
#84115
1#
18
#84120
0#
08
#84125
1#
18
#84130
0#
08
#84135
1#
18
#84140
0#
08
#84145
1#
18
#84150
0#
08
#84155
1#
18
#84160
0#
08
#84165
1#
18
#84170
0#
08
#84175
1#
18
#84180
0#
08
#84185
1#
18
#84190
0#
08
#84195
1#
18
#84200
0#
08
#84205
1#
18
#84210
0#
08
#84215
1#
18
#84220
0#
08
#84225
1#
18
#84230
0#
08
#84235
1#
18
#84240
0#
08
#84245
1#
18
#84250
0#
08
#84255
1#
18
#84260
0#
08
#84265
1#
18
#84270
0#
08
#84275
1#
18
#84280
0#
08
#84285
1#
18
#84290
0#
08
#84295
1#
18
#84300
0#
08
#84305
1#
18
#84310
0#
08
#84315
1#
18
#84320
0#
08
#84325
1#
18
#84330
0#
08
#84335
1#
18
#84340
0#
08
#84345
1#
18
#84350
0#
08
#84355
1#
18
#84360
0#
08
#84365
1#
18
#84370
0#
08
#84375
1#
18
#84380
0#
08
#84385
1#
18
#84390
0#
08
#84395
1#
18
#84400
0#
08
#84405
1#
18
#84410
0#
08
#84415
1#
18
#84420
0#
08
#84425
1#
18
#84430
0#
08
#84435
1#
18
#84440
0#
08
#84445
1#
18
#84450
0#
08
#84455
1#
18
#84460
0#
08
#84465
1#
18
#84470
0#
08
#84475
1#
18
#84480
0#
08
#84485
1#
18
#84490
0#
08
#84495
1#
18
#84500
0#
08
#84505
1#
18
#84510
0#
08
#84515
1#
18
#84520
0#
08
#84525
1#
18
#84530
0#
08
#84535
1#
18
#84540
0#
08
#84545
1#
18
#84550
0#
08
#84555
1#
18
#84560
0#
08
#84565
1#
18
#84570
0#
08
#84575
1#
18
#84580
0#
08
#84585
1#
18
#84590
0#
08
#84595
1#
18
#84600
0#
08
#84605
1#
18
#84610
0#
08
#84615
1#
18
#84620
0#
08
#84625
1#
18
#84630
0#
08
#84635
1#
18
#84640
0#
08
#84645
1#
18
#84650
0#
08
#84655
1#
18
#84660
0#
08
#84665
1#
18
#84670
0#
08
#84675
1#
18
#84680
0#
08
#84685
1#
18
#84690
0#
08
#84695
1#
18
#84700
0#
08
#84705
1#
18
#84710
0#
08
#84715
1#
18
#84720
0#
08
#84725
1#
18
#84730
0#
08
#84735
1#
18
#84740
0#
08
#84745
1#
18
#84750
0#
08
#84755
1#
18
#84760
0#
08
#84765
1#
18
#84770
0#
08
#84775
1#
18
#84780
0#
08
#84785
1#
18
#84790
0#
08
#84795
1#
18
#84800
0#
08
#84805
1#
18
#84810
0#
08
#84815
1#
18
#84820
0#
08
#84825
1#
18
#84830
0#
08
#84835
1#
18
#84840
0#
08
#84845
1#
18
#84850
0#
08
#84855
1#
18
#84860
0#
08
#84865
1#
18
#84870
0#
08
#84875
1#
18
#84880
0#
08
#84885
1#
18
#84890
0#
08
#84895
1#
18
#84900
0#
08
#84905
1#
18
#84910
0#
08
#84915
1#
18
#84920
0#
08
#84925
1#
18
#84930
0#
08
#84935
1#
18
#84940
0#
08
#84945
1#
18
#84950
0#
08
#84955
1#
18
#84960
0#
08
#84965
1#
18
#84970
0#
08
#84975
1#
18
#84980
0#
08
#84985
1#
18
#84990
0#
08
#84995
1#
18
#85000
0#
08
#85005
1#
18
#85010
0#
08
#85015
1#
18
#85020
0#
08
#85025
1#
18
#85030
0#
08
#85035
1#
18
#85040
0#
08
#85045
1#
18
#85050
0#
08
#85055
1#
18
#85060
0#
08
#85065
1#
18
#85070
0#
08
#85075
1#
18
#85080
0#
08
#85085
1#
18
#85090
0#
08
#85095
1#
18
#85100
0#
08
#85105
1#
18
#85110
0#
08
#85115
1#
18
#85120
0#
08
#85125
1#
18
#85130
0#
08
#85135
1#
18
#85140
0#
08
#85145
1#
18
#85150
0#
08
#85155
1#
18
#85160
0#
08
#85165
1#
18
#85170
0#
08
#85175
1#
18
#85180
0#
08
#85185
1#
18
#85190
0#
08
#85195
1#
18
#85200
0#
08
#85205
1#
18
#85210
0#
08
#85215
1#
18
#85220
0#
08
#85225
1#
18
#85230
0#
08
#85235
1#
18
#85240
0#
08
#85245
1#
18
#85250
0#
08
#85255
1#
18
#85260
0#
08
#85265
1#
18
#85270
0#
08
#85275
1#
18
#85280
0#
08
#85285
1#
18
#85290
0#
08
#85295
1#
18
#85300
0#
08
#85305
1#
18
#85310
0#
08
#85315
1#
18
#85320
0#
08
#85325
1#
18
#85330
0#
08
#85335
1#
18
#85340
0#
08
#85345
1#
18
#85350
0#
08
#85355
1#
18
#85360
0#
08
#85365
1#
18
#85370
0#
08
#85375
1#
18
#85380
0#
08
#85385
1#
18
#85390
0#
08
#85395
1#
18
#85400
0#
08
#85405
1#
18
#85410
0#
08
#85415
1#
18
#85420
0#
08
#85425
1#
18
#85430
0#
08
#85435
1#
18
#85440
0#
08
#85445
1#
18
#85450
0#
08
#85455
1#
18
#85460
0#
08
#85465
1#
18
#85470
0#
08
#85475
1#
18
#85480
0#
08
#85485
1#
18
#85490
0#
08
#85495
1#
18
#85500
0#
08
#85505
1#
18
#85510
0#
08
#85515
1#
18
#85520
0#
08
#85525
1#
18
#85530
0#
08
#85535
1#
18
#85540
0#
08
#85545
1#
18
#85550
0#
08
#85555
1#
18
#85560
0#
08
#85565
1#
18
#85570
0#
08
#85575
1#
18
#85580
0#
08
#85585
1#
18
#85590
0#
08
#85595
1#
18
#85600
0#
08
#85605
1#
18
#85610
0#
08
#85615
1#
18
#85620
0#
08
#85625
1#
18
#85630
0#
08
#85635
1#
18
#85640
0#
08
#85645
1#
18
#85650
0#
08
#85655
1#
18
#85660
0#
08
#85665
1#
18
#85670
0#
08
#85675
1#
18
#85680
0#
08
#85685
1#
18
#85690
0#
08
#85695
1#
18
#85700
0#
08
#85705
1#
18
#85710
0#
08
#85715
1#
18
#85720
0#
08
#85725
1#
18
#85730
0#
08
#85735
1#
18
#85740
0#
08
#85745
1#
18
#85750
0#
08
#85755
1#
18
#85760
0#
08
#85765
1#
18
#85770
0#
08
#85775
1#
18
#85780
0#
08
#85785
1#
18
#85790
0#
08
#85795
1#
18
#85800
0#
08
#85805
1#
18
#85810
0#
08
#85815
1#
18
#85820
0#
08
#85825
1#
18
#85830
0#
08
#85835
1#
18
#85840
0#
08
#85845
1#
18
#85850
0#
08
#85855
1#
18
#85860
0#
08
#85865
1#
18
#85870
0#
08
#85875
1#
18
#85880
0#
08
#85885
1#
18
#85890
0#
08
#85895
1#
18
#85900
0#
08
#85905
1#
18
#85910
0#
08
#85915
1#
18
#85920
0#
08
#85925
1#
18
#85930
0#
08
#85935
1#
18
#85940
0#
08
#85945
1#
18
#85950
0#
08
#85955
1#
18
#85960
0#
08
#85965
1#
18
#85970
0#
08
#85975
1#
18
#85980
0#
08
#85985
1#
18
#85990
0#
08
#85995
1#
18
#86000
0#
08
#86005
1#
18
#86010
0#
08
#86015
1#
18
#86020
0#
08
#86025
1#
18
#86030
0#
08
#86035
1#
18
#86040
0#
08
#86045
1#
18
#86050
0#
08
#86055
1#
18
#86060
0#
08
#86065
1#
18
#86070
0#
08
#86075
1#
18
#86080
0#
08
#86085
1#
18
#86090
0#
08
#86095
1#
18
#86100
0#
08
#86105
1#
18
#86110
0#
08
#86115
1#
18
#86120
0#
08
#86125
1#
18
#86130
0#
08
#86135
1#
18
#86140
0#
08
#86145
1#
18
#86150
0#
08
#86155
1#
18
#86160
0#
08
#86165
1#
18
#86170
0#
08
#86175
1#
18
#86180
0#
08
#86185
1#
18
#86190
0#
08
#86195
1#
18
#86200
0#
08
#86205
1#
18
#86210
0#
08
#86215
1#
18
#86220
0#
08
#86225
1#
18
#86230
0#
08
#86235
1#
18
#86240
0#
08
#86245
1#
18
#86250
0#
08
#86255
1#
18
#86260
0#
08
#86265
1#
18
#86270
0#
08
#86275
1#
18
#86280
0#
08
#86285
1#
18
#86290
0#
08
#86295
1#
18
#86300
0#
08
#86305
1#
18
#86310
0#
08
#86315
1#
18
#86320
0#
08
#86325
1#
18
#86330
0#
08
#86335
1#
18
#86340
0#
08
#86345
1#
18
#86350
0#
08
#86355
1#
18
#86360
0#
08
#86365
1#
18
#86370
0#
08
#86375
1#
18
#86380
0#
08
#86385
1#
18
#86390
0#
08
#86395
1#
18
#86400
0#
08
#86405
1#
18
#86410
0#
08
#86415
1#
18
#86420
0#
08
#86425
1#
18
#86430
0#
08
#86435
1#
18
#86440
0#
08
#86445
1#
18
#86450
0#
08
#86455
1#
18
#86460
0#
08
#86465
1#
18
#86470
0#
08
#86475
1#
18
#86480
0#
08
#86485
1#
18
#86490
0#
08
#86495
1#
18
#86500
0#
08
#86505
1#
18
#86510
0#
08
#86515
1#
18
#86520
0#
08
#86525
1#
18
#86530
0#
08
#86535
1#
18
#86540
0#
08
#86545
1#
18
#86550
0#
08
#86555
1#
18
#86560
0#
08
#86565
1#
18
#86570
0#
08
#86575
1#
18
#86580
0#
08
#86585
1#
18
#86590
0#
08
#86595
1#
18
#86600
0#
08
#86605
1#
18
#86610
0#
08
#86615
1#
18
#86620
0#
08
#86625
1#
18
#86630
0#
08
#86635
1#
18
#86640
0#
08
#86645
1#
18
#86650
0#
08
#86655
1#
18
#86660
0#
08
#86665
1#
18
#86670
0#
08
#86675
1#
18
#86680
0#
08
#86685
1#
18
#86690
0#
08
#86695
1#
18
#86700
0#
08
#86705
1#
18
#86710
0#
08
#86715
1#
18
#86720
0#
08
#86725
1#
18
#86730
0#
08
#86735
1#
18
#86740
0#
08
#86745
1#
18
#86750
0#
08
#86755
1#
18
#86760
0#
08
#86765
1#
18
#86770
0#
08
#86775
1#
18
#86780
0#
08
#86785
1#
18
#86790
0#
08
#86795
1#
18
#86800
0#
08
#86805
1#
18
#86810
0#
08
#86815
1#
18
#86820
0#
08
#86825
1#
18
#86830
0#
08
#86835
1#
18
#86840
0#
08
#86845
1#
18
#86850
0#
08
#86855
1#
18
#86860
0#
08
#86865
1#
18
#86870
0#
08
#86875
1#
18
#86880
0#
08
#86885
1#
18
#86890
0#
08
#86895
1#
18
#86900
0#
08
#86905
1#
18
#86910
0#
08
#86915
1#
18
#86920
0#
08
#86925
1#
18
#86930
0#
08
#86935
1#
18
#86940
0#
08
#86945
1#
18
#86950
0#
08
#86955
1#
18
#86960
0#
08
#86965
1#
18
#86970
0#
08
#86975
1#
18
#86980
0#
08
#86985
1#
18
#86990
0#
08
#86995
1#
18
#87000
0#
08
#87005
1#
18
#87010
0#
08
#87015
1#
18
#87020
0#
08
#87025
1#
18
#87030
0#
08
#87035
1#
18
#87040
0#
08
#87045
1#
18
#87050
0#
08
#87055
1#
18
#87060
0#
08
#87065
1#
18
#87070
0#
08
#87075
1#
18
#87080
0#
08
#87085
1#
18
#87090
0#
08
#87095
1#
18
#87100
0#
08
#87105
1#
18
#87110
0#
08
#87115
1#
18
#87120
0#
08
#87125
1#
18
#87130
0#
08
#87135
1#
18
#87140
0#
08
#87145
1#
18
#87150
0#
08
#87155
1#
18
#87160
0#
08
#87165
1#
18
#87170
0#
08
#87175
1#
18
#87180
0#
08
#87185
1#
18
#87190
0#
08
#87195
1#
18
#87200
0#
08
#87205
1#
18
#87210
0#
08
#87215
1#
18
#87220
0#
08
#87225
1#
18
#87230
0#
08
#87235
1#
18
#87240
0#
08
#87245
1#
18
#87250
0#
08
#87255
1#
18
#87260
0#
08
#87265
1#
18
#87270
0#
08
#87275
1#
18
#87280
0#
08
#87285
1#
18
#87290
0#
08
#87295
1#
18
#87300
0#
08
#87305
1#
18
#87310
0#
08
#87315
1#
18
#87320
0#
08
#87325
1#
18
#87330
0#
08
#87335
1#
18
#87340
0#
08
#87345
1#
18
#87350
0#
08
#87355
1#
18
#87360
0#
08
#87365
1#
18
#87370
0#
08
#87375
1#
18
#87380
0#
08
#87385
1#
18
#87390
0#
08
#87395
1#
18
#87400
0#
08
#87405
1#
18
#87410
0#
08
#87415
1#
18
#87420
0#
08
#87425
1#
18
#87430
0#
08
#87435
1#
18
#87440
0#
08
#87445
1#
18
#87450
0#
08
#87455
1#
18
#87460
0#
08
#87465
1#
18
#87470
0#
08
#87475
1#
18
#87480
0#
08
#87485
1#
18
#87490
0#
08
#87495
1#
18
#87500
0#
08
#87505
1#
18
#87510
0#
08
#87515
1#
18
#87520
0#
08
#87525
1#
18
#87530
0#
08
#87535
1#
18
#87540
0#
08
#87545
1#
18
#87550
0#
08
#87555
1#
18
#87560
0#
08
#87565
1#
18
#87570
0#
08
#87575
1#
18
#87580
0#
08
#87585
1#
18
#87590
0#
08
#87595
1#
18
#87600
0#
08
#87605
1#
18
#87610
0#
08
#87615
1#
18
#87620
0#
08
#87625
1#
18
#87630
0#
08
#87635
1#
18
#87640
0#
08
#87645
1#
18
#87650
0#
08
#87655
1#
18
#87660
0#
08
#87665
1#
18
#87670
0#
08
#87675
1#
18
#87680
0#
08
#87685
1#
18
#87690
0#
08
#87695
1#
18
#87700
0#
08
#87705
1#
18
#87710
0#
08
#87715
1#
18
#87720
0#
08
#87725
1#
18
#87730
0#
08
#87735
1#
18
#87740
0#
08
#87745
1#
18
#87750
0#
08
#87755
1#
18
#87760
0#
08
#87765
1#
18
#87770
0#
08
#87775
1#
18
#87780
0#
08
#87785
1#
18
#87790
0#
08
#87795
1#
18
#87800
0#
08
#87805
1#
18
#87810
0#
08
#87815
1#
18
#87820
0#
08
#87825
1#
18
#87830
0#
08
#87835
1#
18
#87840
0#
08
#87845
1#
18
#87850
0#
08
#87855
1#
18
#87860
0#
08
#87865
1#
18
#87870
0#
08
#87875
1#
18
#87880
0#
08
#87885
1#
18
#87890
0#
08
#87895
1#
18
#87900
0#
08
#87905
1#
18
#87910
0#
08
#87915
1#
18
#87920
0#
08
#87925
1#
18
#87930
0#
08
#87935
1#
18
#87940
0#
08
#87945
1#
18
#87950
0#
08
#87955
1#
18
#87960
0#
08
#87965
1#
18
#87970
0#
08
#87975
1#
18
#87980
0#
08
#87985
1#
18
#87990
0#
08
#87995
1#
18
#88000
0#
08
#88005
1#
18
#88010
0#
08
#88015
1#
18
#88020
0#
08
#88025
1#
18
#88030
0#
08
#88035
1#
18
#88040
0#
08
#88045
1#
18
#88050
0#
08
#88055
1#
18
#88060
0#
08
#88065
1#
18
#88070
0#
08
#88075
1#
18
#88080
0#
08
#88085
1#
18
#88090
0#
08
#88095
1#
18
#88100
0#
08
#88105
1#
18
#88110
0#
08
#88115
1#
18
#88120
0#
08
#88125
1#
18
#88130
0#
08
#88135
1#
18
#88140
0#
08
#88145
1#
18
#88150
0#
08
#88155
1#
18
#88160
0#
08
#88165
1#
18
#88170
0#
08
#88175
1#
18
#88180
0#
08
#88185
1#
18
#88190
0#
08
#88195
1#
18
#88200
0#
08
#88205
1#
18
#88210
0#
08
#88215
1#
18
#88220
0#
08
#88225
1#
18
#88230
0#
08
#88235
1#
18
#88240
0#
08
#88245
1#
18
#88250
0#
08
#88255
1#
18
#88260
0#
08
#88265
1#
18
#88270
0#
08
#88275
1#
18
#88280
0#
08
#88285
1#
18
#88290
0#
08
#88295
1#
18
#88300
0#
08
#88305
1#
18
#88310
0#
08
#88315
1#
18
#88320
0#
08
#88325
1#
18
#88330
0#
08
#88335
1#
18
#88340
0#
08
#88345
1#
18
#88350
0#
08
#88355
1#
18
#88360
0#
08
#88365
1#
18
#88370
0#
08
#88375
1#
18
#88380
0#
08
#88385
1#
18
#88390
0#
08
#88395
1#
18
#88400
0#
08
#88405
1#
18
#88410
0#
08
#88415
1#
18
#88420
0#
08
#88425
1#
18
#88430
0#
08
#88435
1#
18
#88440
0#
08
#88445
1#
18
#88450
0#
08
#88455
1#
18
#88460
0#
08
#88465
1#
18
#88470
0#
08
#88475
1#
18
#88480
0#
08
#88485
1#
18
#88490
0#
08
#88495
1#
18
#88500
0#
08
#88505
1#
18
#88510
0#
08
#88515
1#
18
#88520
0#
08
#88525
1#
18
#88530
0#
08
#88535
1#
18
#88540
0#
08
#88545
1#
18
#88550
0#
08
#88555
1#
18
#88560
0#
08
#88565
1#
18
#88570
0#
08
#88575
1#
18
#88580
0#
08
#88585
1#
18
#88590
0#
08
#88595
1#
18
#88600
0#
08
#88605
1#
18
#88610
0#
08
#88615
1#
18
#88620
0#
08
#88625
1#
18
#88630
0#
08
#88635
1#
18
#88640
0#
08
#88645
1#
18
#88650
0#
08
#88655
1#
18
#88660
0#
08
#88665
1#
18
#88670
0#
08
#88675
1#
18
#88680
0#
08
#88685
1#
18
#88690
0#
08
#88695
1#
18
#88700
0#
08
#88705
1#
18
#88710
0#
08
#88715
1#
18
#88720
0#
08
#88725
1#
18
#88730
0#
08
#88735
1#
18
#88740
0#
08
#88745
1#
18
#88750
0#
08
#88755
1#
18
#88760
0#
08
#88765
1#
18
#88770
0#
08
#88775
1#
18
#88780
0#
08
#88785
1#
18
#88790
0#
08
#88795
1#
18
#88800
0#
08
#88805
1#
18
#88810
0#
08
#88815
1#
18
#88820
0#
08
#88825
1#
18
#88830
0#
08
#88835
1#
18
#88840
0#
08
#88845
1#
18
#88850
0#
08
#88855
1#
18
#88860
0#
08
#88865
1#
18
#88870
0#
08
#88875
1#
18
#88880
0#
08
#88885
1#
18
#88890
0#
08
#88895
1#
18
#88900
0#
08
#88905
1#
18
#88910
0#
08
#88915
1#
18
#88920
0#
08
#88925
1#
18
#88930
0#
08
#88935
1#
18
#88940
0#
08
#88945
1#
18
#88950
0#
08
#88955
1#
18
#88960
0#
08
#88965
1#
18
#88970
0#
08
#88975
1#
18
#88980
0#
08
#88985
1#
18
#88990
0#
08
#88995
1#
18
#89000
0#
08
#89005
1#
18
#89010
0#
08
#89015
1#
18
#89020
0#
08
#89025
1#
18
#89030
0#
08
#89035
1#
18
#89040
0#
08
#89045
1#
18
#89050
0#
08
#89055
1#
18
#89060
0#
08
#89065
1#
18
#89070
0#
08
#89075
1#
18
#89080
0#
08
#89085
1#
18
#89090
0#
08
#89095
1#
18
#89100
0#
08
#89105
1#
18
#89110
0#
08
#89115
1#
18
#89120
0#
08
#89125
1#
18
#89130
0#
08
#89135
1#
18
#89140
0#
08
#89145
1#
18
#89150
0#
08
#89155
1#
18
#89160
0#
08
#89165
1#
18
#89170
0#
08
#89175
1#
18
#89180
0#
08
#89185
1#
18
#89190
0#
08
#89195
1#
18
#89200
0#
08
#89205
1#
18
#89210
0#
08
#89215
1#
18
#89220
0#
08
#89225
1#
18
#89230
0#
08
#89235
1#
18
#89240
0#
08
#89245
1#
18
#89250
0#
08
#89255
1#
18
#89260
0#
08
#89265
1#
18
#89270
0#
08
#89275
1#
18
#89280
0#
08
#89285
1#
18
#89290
0#
08
#89295
1#
18
#89300
0#
08
#89305
1#
18
#89310
0#
08
#89315
1#
18
#89320
0#
08
#89325
1#
18
#89330
0#
08
#89335
1#
18
#89340
0#
08
#89345
1#
18
#89350
0#
08
#89355
1#
18
#89360
0#
08
#89365
1#
18
#89370
0#
08
#89375
1#
18
#89380
0#
08
#89385
1#
18
#89390
0#
08
#89395
1#
18
#89400
0#
08
#89405
1#
18
#89410
0#
08
#89415
1#
18
#89420
0#
08
#89425
1#
18
#89430
0#
08
#89435
1#
18
#89440
0#
08
#89445
1#
18
#89450
0#
08
#89455
1#
18
#89460
0#
08
#89465
1#
18
#89470
0#
08
#89475
1#
18
#89480
0#
08
#89485
1#
18
#89490
0#
08
#89495
1#
18
#89500
0#
08
#89505
1#
18
#89510
0#
08
#89515
1#
18
#89520
0#
08
#89525
1#
18
#89530
0#
08
#89535
1#
18
#89540
0#
08
#89545
1#
18
#89550
0#
08
#89555
1#
18
#89560
0#
08
#89565
1#
18
#89570
0#
08
#89575
1#
18
#89580
0#
08
#89585
1#
18
#89590
0#
08
#89595
1#
18
#89600
0#
08
#89605
1#
18
#89610
0#
08
#89615
1#
18
#89620
0#
08
#89625
1#
18
#89630
0#
08
#89635
1#
18
#89640
0#
08
#89645
1#
18
#89650
0#
08
#89655
1#
18
#89660
0#
08
#89665
1#
18
#89670
0#
08
#89675
1#
18
#89680
0#
08
#89685
1#
18
#89690
0#
08
#89695
1#
18
#89700
0#
08
#89705
1#
18
#89710
0#
08
#89715
1#
18
#89720
0#
08
#89725
1#
18
#89730
0#
08
#89735
1#
18
#89740
0#
08
#89745
1#
18
#89750
0#
08
#89755
1#
18
#89760
0#
08
#89765
1#
18
#89770
0#
08
#89775
1#
18
#89780
0#
08
#89785
1#
18
#89790
0#
08
#89795
1#
18
#89800
0#
08
#89805
1#
18
#89810
0#
08
#89815
1#
18
#89820
0#
08
#89825
1#
18
#89830
0#
08
#89835
1#
18
#89840
0#
08
#89845
1#
18
#89850
0#
08
#89855
1#
18
#89860
0#
08
#89865
1#
18
#89870
0#
08
#89875
1#
18
#89880
0#
08
#89885
1#
18
#89890
0#
08
#89895
1#
18
#89900
0#
08
#89905
1#
18
#89910
0#
08
#89915
1#
18
#89920
0#
08
#89925
1#
18
#89930
0#
08
#89935
1#
18
#89940
0#
08
#89945
1#
18
#89950
0#
08
#89955
1#
18
#89960
0#
08
#89965
1#
18
#89970
0#
08
#89975
1#
18
#89980
0#
08
#89985
1#
18
#89990
0#
08
#89995
1#
18
#90000
0#
08
#90005
1#
18
#90010
0#
08
#90015
1#
18
#90020
0#
08
#90025
1#
18
#90030
0#
08
#90035
1#
18
#90040
0#
08
#90045
1#
18
#90050
0#
08
#90055
1#
18
#90060
0#
08
#90065
1#
18
#90070
0#
08
#90075
1#
18
#90080
0#
08
#90085
1#
18
#90090
0#
08
#90095
1#
18
#90100
0#
08
#90105
1#
18
#90110
0#
08
#90115
1#
18
#90120
0#
08
#90125
1#
18
#90130
0#
08
#90135
1#
18
#90140
0#
08
#90145
1#
18
#90150
0#
08
#90155
1#
18
#90160
0#
08
#90165
1#
18
#90170
0#
08
#90175
1#
18
#90180
0#
08
#90185
1#
18
#90190
0#
08
#90195
1#
18
#90200
0#
08
#90205
1#
18
#90210
0#
08
#90215
1#
18
#90220
0#
08
#90225
1#
18
#90230
0#
08
#90235
1#
18
#90240
0#
08
#90245
1#
18
#90250
0#
08
#90255
1#
18
#90260
0#
08
#90265
1#
18
#90270
0#
08
#90275
1#
18
#90280
0#
08
#90285
1#
18
#90290
0#
08
#90295
1#
18
#90300
0#
08
#90305
1#
18
#90310
0#
08
#90315
1#
18
#90320
0#
08
#90325
1#
18
#90330
0#
08
#90335
1#
18
#90340
0#
08
#90345
1#
18
#90350
0#
08
#90355
1#
18
#90360
0#
08
#90365
1#
18
#90370
0#
08
#90375
1#
18
#90380
0#
08
#90385
1#
18
#90390
0#
08
#90395
1#
18
#90400
0#
08
#90405
1#
18
#90410
0#
08
#90415
1#
18
#90420
0#
08
#90425
1#
18
#90430
0#
08
#90435
1#
18
#90440
0#
08
#90445
1#
18
#90450
0#
08
#90455
1#
18
#90460
0#
08
#90465
1#
18
#90470
0#
08
#90475
1#
18
#90480
0#
08
#90485
1#
18
#90490
0#
08
#90495
1#
18
#90500
0#
08
#90505
1#
18
#90510
0#
08
#90515
1#
18
#90520
0#
08
#90525
1#
18
#90530
0#
08
#90535
1#
18
#90540
0#
08
#90545
1#
18
#90550
0#
08
#90555
1#
18
#90560
0#
08
#90565
1#
18
#90570
0#
08
#90575
1#
18
#90580
0#
08
#90585
1#
18
#90590
0#
08
#90595
1#
18
#90600
0#
08
#90605
1#
18
#90610
0#
08
#90615
1#
18
#90620
0#
08
#90625
1#
18
#90630
0#
08
#90635
1#
18
#90640
0#
08
#90645
1#
18
#90650
0#
08
#90655
1#
18
#90660
0#
08
#90665
1#
18
#90670
0#
08
#90675
1#
18
#90680
0#
08
#90685
1#
18
#90690
0#
08
#90695
1#
18
#90700
0#
08
#90705
1#
18
#90710
0#
08
#90715
1#
18
#90720
0#
08
#90725
1#
18
#90730
0#
08
#90735
1#
18
#90740
0#
08
#90745
1#
18
#90750
0#
08
#90755
1#
18
#90760
0#
08
#90765
1#
18
#90770
0#
08
#90775
1#
18
#90780
0#
08
#90785
1#
18
#90790
0#
08
#90795
1#
18
#90800
0#
08
#90805
1#
18
#90810
0#
08
#90815
1#
18
#90820
0#
08
#90825
1#
18
#90830
0#
08
#90835
1#
18
#90840
0#
08
#90845
1#
18
#90850
0#
08
#90855
1#
18
#90860
0#
08
#90865
1#
18
#90870
0#
08
#90875
1#
18
#90880
0#
08
#90885
1#
18
#90890
0#
08
#90895
1#
18
#90900
0#
08
#90905
1#
18
#90910
0#
08
#90915
1#
18
#90920
0#
08
#90925
1#
18
#90930
0#
08
#90935
1#
18
#90940
0#
08
#90945
1#
18
#90950
0#
08
#90955
1#
18
#90960
0#
08
#90965
1#
18
#90970
0#
08
#90975
1#
18
#90980
0#
08
#90985
1#
18
#90990
0#
08
#90995
1#
18
#91000
0#
08
#91005
1#
18
#91010
0#
08
#91015
1#
18
#91020
0#
08
#91025
1#
18
#91030
0#
08
#91035
1#
18
#91040
0#
08
#91045
1#
18
#91050
0#
08
#91055
1#
18
#91060
0#
08
#91065
1#
18
#91070
0#
08
#91075
1#
18
#91080
0#
08
#91085
1#
18
#91090
0#
08
#91095
1#
18
#91100
0#
08
#91105
1#
18
#91110
0#
08
#91115
1#
18
#91120
0#
08
#91125
1#
18
#91130
0#
08
#91135
1#
18
#91140
0#
08
#91145
1#
18
#91150
0#
08
#91155
1#
18
#91160
0#
08
#91165
1#
18
#91170
0#
08
#91175
1#
18
#91180
0#
08
#91185
1#
18
#91190
0#
08
#91195
1#
18
#91200
0#
08
#91205
1#
18
#91210
0#
08
#91215
1#
18
#91220
0#
08
#91225
1#
18
#91230
0#
08
#91235
1#
18
#91240
0#
08
#91245
1#
18
#91250
0#
08
#91255
1#
18
#91260
0#
08
#91265
1#
18
#91270
0#
08
#91275
1#
18
#91280
0#
08
#91285
1#
18
#91290
0#
08
#91295
1#
18
#91300
0#
08
#91305
1#
18
#91310
0#
08
#91315
1#
18
#91320
0#
08
#91325
1#
18
#91330
0#
08
#91335
1#
18
#91340
0#
08
#91345
1#
18
#91350
0#
08
#91355
1#
18
#91360
0#
08
#91365
1#
18
#91370
0#
08
#91375
1#
18
#91380
0#
08
#91385
1#
18
#91390
0#
08
#91395
1#
18
#91400
0#
08
#91405
1#
18
#91410
0#
08
#91415
1#
18
#91420
0#
08
#91425
1#
18
#91430
0#
08
#91435
1#
18
#91440
0#
08
#91445
1#
18
#91450
0#
08
#91455
1#
18
#91460
0#
08
#91465
1#
18
#91470
0#
08
#91475
1#
18
#91480
0#
08
#91485
1#
18
#91490
0#
08
#91495
1#
18
#91500
0#
08
#91505
1#
18
#91510
0#
08
#91515
1#
18
#91520
0#
08
#91525
1#
18
#91530
0#
08
#91535
1#
18
#91540
0#
08
#91545
1#
18
#91550
0#
08
#91555
1#
18
#91560
0#
08
#91565
1#
18
#91570
0#
08
#91575
1#
18
#91580
0#
08
#91585
1#
18
#91590
0#
08
#91595
1#
18
#91600
0#
08
#91605
1#
18
#91610
0#
08
#91615
1#
18
#91620
0#
08
#91625
1#
18
#91630
0#
08
#91635
1#
18
#91640
0#
08
#91645
1#
18
#91650
0#
08
#91655
1#
18
#91660
0#
08
#91665
1#
18
#91670
0#
08
#91675
1#
18
#91680
0#
08
#91685
1#
18
#91690
0#
08
#91695
1#
18
#91700
0#
08
#91705
1#
18
#91710
0#
08
#91715
1#
18
#91720
0#
08
#91725
1#
18
#91730
0#
08
#91735
1#
18
#91740
0#
08
#91745
1#
18
#91750
0#
08
#91755
1#
18
#91760
0#
08
#91765
1#
18
#91770
0#
08
#91775
1#
18
#91780
0#
08
#91785
1#
18
#91790
0#
08
#91795
1#
18
#91800
0#
08
#91805
1#
18
#91810
0#
08
#91815
1#
18
#91820
0#
08
#91825
1#
18
#91830
0#
08
#91835
1#
18
#91840
0#
08
#91845
1#
18
#91850
0#
08
#91855
1#
18
#91860
0#
08
#91865
1#
18
#91870
0#
08
#91875
1#
18
#91880
0#
08
#91885
1#
18
#91890
0#
08
#91895
1#
18
#91900
0#
08
#91905
1#
18
#91910
0#
08
#91915
1#
18
#91920
0#
08
#91925
1#
18
#91930
0#
08
#91935
1#
18
#91940
0#
08
#91945
1#
18
#91950
0#
08
#91955
1#
18
#91960
0#
08
#91965
1#
18
#91970
0#
08
#91975
1#
18
#91980
0#
08
#91985
1#
18
#91990
0#
08
#91995
1#
18
#92000
0#
08
#92005
1#
18
#92010
0#
08
#92015
1#
18
#92020
0#
08
#92025
1#
18
#92030
0#
08
#92035
1#
18
#92040
0#
08
#92045
1#
18
#92050
0#
08
#92055
1#
18
#92060
0#
08
#92065
1#
18
#92070
0#
08
#92075
1#
18
#92080
0#
08
#92085
1#
18
#92090
0#
08
#92095
1#
18
#92100
0#
08
#92105
1#
18
#92110
0#
08
#92115
1#
18
#92120
0#
08
#92125
1#
18
#92130
0#
08
#92135
1#
18
#92140
0#
08
#92145
1#
18
#92150
0#
08
#92155
1#
18
#92160
0#
08
#92165
1#
18
#92170
0#
08
#92175
1#
18
#92180
0#
08
#92185
1#
18
#92190
0#
08
#92195
1#
18
#92200
0#
08
#92205
1#
18
#92210
0#
08
#92215
1#
18
#92220
0#
08
#92225
1#
18
#92230
0#
08
#92235
1#
18
#92240
0#
08
#92245
1#
18
#92250
0#
08
#92255
1#
18
#92260
0#
08
#92265
1#
18
#92270
0#
08
#92275
1#
18
#92280
0#
08
#92285
1#
18
#92290
0#
08
#92295
1#
18
#92300
0#
08
#92305
1#
18
#92310
0#
08
#92315
1#
18
#92320
0#
08
#92325
1#
18
#92330
0#
08
#92335
1#
18
#92340
0#
08
#92345
1#
18
#92350
0#
08
#92355
1#
18
#92360
0#
08
#92365
1#
18
#92370
0#
08
#92375
1#
18
#92380
0#
08
#92385
1#
18
#92390
0#
08
#92395
1#
18
#92400
0#
08
#92405
1#
18
#92410
0#
08
#92415
1#
18
#92420
0#
08
#92425
1#
18
#92430
0#
08
#92435
1#
18
#92440
0#
08
#92445
1#
18
#92450
0#
08
#92455
1#
18
#92460
0#
08
#92465
1#
18
#92470
0#
08
#92475
1#
18
#92480
0#
08
#92485
1#
18
#92490
0#
08
#92495
1#
18
#92500
0#
08
#92505
1#
18
#92510
0#
08
#92515
1#
18
#92520
0#
08
#92525
1#
18
#92530
0#
08
#92535
1#
18
#92540
0#
08
#92545
1#
18
#92550
0#
08
#92555
1#
18
#92560
0#
08
#92565
1#
18
#92570
0#
08
#92575
1#
18
#92580
0#
08
#92585
1#
18
#92590
0#
08
#92595
1#
18
#92600
0#
08
#92605
1#
18
#92610
0#
08
#92615
1#
18
#92620
0#
08
#92625
1#
18
#92630
0#
08
#92635
1#
18
#92640
0#
08
#92645
1#
18
#92650
0#
08
#92655
1#
18
#92660
0#
08
#92665
1#
18
#92670
0#
08
#92675
1#
18
#92680
0#
08
#92685
1#
18
#92690
0#
08
#92695
1#
18
#92700
0#
08
#92705
1#
18
#92710
0#
08
#92715
1#
18
#92720
0#
08
#92725
1#
18
#92730
0#
08
#92735
1#
18
#92740
0#
08
#92745
1#
18
#92750
0#
08
#92755
1#
18
#92760
0#
08
#92765
1#
18
#92770
0#
08
#92775
1#
18
#92780
0#
08
#92785
1#
18
#92790
0#
08
#92795
1#
18
#92800
0#
08
#92805
1#
18
#92810
0#
08
#92815
1#
18
#92820
0#
08
#92825
1#
18
#92830
0#
08
#92835
1#
18
#92840
0#
08
#92845
1#
18
#92850
0#
08
#92855
1#
18
#92860
0#
08
#92865
1#
18
#92870
0#
08
#92875
1#
18
#92880
0#
08
#92885
1#
18
#92890
0#
08
#92895
1#
18
#92900
0#
08
#92905
1#
18
#92910
0#
08
#92915
1#
18
#92920
0#
08
#92925
1#
18
#92930
0#
08
#92935
1#
18
#92940
0#
08
#92945
1#
18
#92950
0#
08
#92955
1#
18
#92960
0#
08
#92965
1#
18
#92970
0#
08
#92975
1#
18
#92980
0#
08
#92985
1#
18
#92990
0#
08
#92995
1#
18
#93000
0#
08
#93005
1#
18
#93010
0#
08
#93015
1#
18
#93020
0#
08
#93025
1#
18
#93030
0#
08
#93035
1#
18
#93040
0#
08
#93045
1#
18
#93050
0#
08
#93055
1#
18
#93060
0#
08
#93065
1#
18
#93070
0#
08
#93075
1#
18
#93080
0#
08
#93085
1#
18
#93090
0#
08
#93095
1#
18
#93100
0#
08
#93105
1#
18
#93110
0#
08
#93115
1#
18
#93120
0#
08
#93125
1#
18
#93130
0#
08
#93135
1#
18
#93140
0#
08
#93145
1#
18
#93150
0#
08
#93155
1#
18
#93160
0#
08
#93165
1#
18
#93170
0#
08
#93175
1#
18
#93180
0#
08
#93185
1#
18
#93190
0#
08
#93195
1#
18
#93200
0#
08
#93205
1#
18
#93210
0#
08
#93215
1#
18
#93220
0#
08
#93225
1#
18
#93230
0#
08
#93235
1#
18
#93240
0#
08
#93245
1#
18
#93250
0#
08
#93255
1#
18
#93260
0#
08
#93265
1#
18
#93270
0#
08
#93275
1#
18
#93280
0#
08
#93285
1#
18
#93290
0#
08
#93295
1#
18
#93300
0#
08
#93305
1#
18
#93310
0#
08
#93315
1#
18
#93320
0#
08
#93325
1#
18
#93330
0#
08
#93335
1#
18
#93340
0#
08
#93345
1#
18
#93350
0#
08
#93355
1#
18
#93360
0#
08
#93365
1#
18
#93370
0#
08
#93375
1#
18
#93380
0#
08
#93385
1#
18
#93390
0#
08
#93395
1#
18
#93400
0#
08
#93405
1#
18
#93410
0#
08
#93415
1#
18
#93420
0#
08
#93425
1#
18
#93430
0#
08
#93435
1#
18
#93440
0#
08
#93445
1#
18
#93450
0#
08
#93455
1#
18
#93460
0#
08
#93465
1#
18
#93470
0#
08
#93475
1#
18
#93480
0#
08
#93485
1#
18
#93490
0#
08
#93495
1#
18
#93500
0#
08
#93505
1#
18
#93510
0#
08
#93515
1#
18
#93520
0#
08
#93525
1#
18
#93530
0#
08
#93535
1#
18
#93540
0#
08
#93545
1#
18
#93550
0#
08
#93555
1#
18
#93560
0#
08
#93565
1#
18
#93570
0#
08
#93575
1#
18
#93580
0#
08
#93585
1#
18
#93590
0#
08
#93595
1#
18
#93600
0#
08
#93605
1#
18
#93610
0#
08
#93615
1#
18
#93620
0#
08
#93625
1#
18
#93630
0#
08
#93635
1#
18
#93640
0#
08
#93645
1#
18
#93650
0#
08
#93655
1#
18
#93660
0#
08
#93665
1#
18
#93670
0#
08
#93675
1#
18
#93680
0#
08
#93685
1#
18
#93690
0#
08
#93695
1#
18
#93700
0#
08
#93705
1#
18
#93710
0#
08
#93715
1#
18
#93720
0#
08
#93725
1#
18
#93730
0#
08
#93735
1#
18
#93740
0#
08
#93745
1#
18
#93750
0#
08
#93755
1#
18
#93760
0#
08
#93765
1#
18
#93770
0#
08
#93775
1#
18
#93780
0#
08
#93785
1#
18
#93790
0#
08
#93795
1#
18
#93800
0#
08
#93805
1#
18
#93810
0#
08
#93815
1#
18
#93820
0#
08
#93825
1#
18
#93830
0#
08
#93835
1#
18
#93840
0#
08
#93845
1#
18
#93850
0#
08
#93855
1#
18
#93860
0#
08
#93865
1#
18
#93870
0#
08
#93875
1#
18
#93880
0#
08
#93885
1#
18
#93890
0#
08
#93895
1#
18
#93900
0#
08
#93905
1#
18
#93910
0#
08
#93915
1#
18
#93920
0#
08
#93925
1#
18
#93930
0#
08
#93935
1#
18
#93940
0#
08
#93945
1#
18
#93950
0#
08
#93955
1#
18
#93960
0#
08
#93965
1#
18
#93970
0#
08
#93975
1#
18
#93980
0#
08
#93985
1#
18
#93990
0#
08
#93995
1#
18
#94000
0#
08
#94005
1#
18
#94010
0#
08
#94015
1#
18
#94020
0#
08
#94025
1#
18
#94030
0#
08
#94035
1#
18
#94040
0#
08
#94045
1#
18
#94050
0#
08
#94055
1#
18
#94060
0#
08
#94065
1#
18
#94070
0#
08
#94075
1#
18
#94080
0#
08
#94085
1#
18
#94090
0#
08
#94095
1#
18
#94100
0#
08
#94105
1#
18
#94110
0#
08
#94115
1#
18
#94120
0#
08
#94125
1#
18
#94130
0#
08
#94135
1#
18
#94140
0#
08
#94145
1#
18
#94150
0#
08
#94155
1#
18
#94160
0#
08
#94165
1#
18
#94170
0#
08
#94175
1#
18
#94180
0#
08
#94185
1#
18
#94190
0#
08
#94195
1#
18
#94200
0#
08
#94205
1#
18
#94210
0#
08
#94215
1#
18
#94220
0#
08
#94225
1#
18
#94230
0#
08
#94235
1#
18
#94240
0#
08
#94245
1#
18
#94250
0#
08
#94255
1#
18
#94260
0#
08
#94265
1#
18
#94270
0#
08
#94275
1#
18
#94280
0#
08
#94285
1#
18
#94290
0#
08
#94295
1#
18
#94300
0#
08
#94305
1#
18
#94310
0#
08
#94315
1#
18
#94320
0#
08
#94325
1#
18
#94330
0#
08
#94335
1#
18
#94340
0#
08
#94345
1#
18
#94350
0#
08
#94355
1#
18
#94360
0#
08
#94365
1#
18
#94370
0#
08
#94375
1#
18
#94380
0#
08
#94385
1#
18
#94390
0#
08
#94395
1#
18
#94400
0#
08
#94405
1#
18
#94410
0#
08
#94415
1#
18
#94420
0#
08
#94425
1#
18
#94430
0#
08
#94435
1#
18
#94440
0#
08
#94445
1#
18
#94450
0#
08
#94455
1#
18
#94460
0#
08
#94465
1#
18
#94470
0#
08
#94475
1#
18
#94480
0#
08
#94485
1#
18
#94490
0#
08
#94495
1#
18
#94500
0#
08
#94505
1#
18
#94510
0#
08
#94515
1#
18
#94520
0#
08
#94525
1#
18
#94530
0#
08
#94535
1#
18
#94540
0#
08
#94545
1#
18
#94550
0#
08
#94555
1#
18
#94560
0#
08
#94565
1#
18
#94570
0#
08
#94575
1#
18
#94580
0#
08
#94585
1#
18
#94590
0#
08
#94595
1#
18
#94600
0#
08
#94605
1#
18
#94610
0#
08
#94615
1#
18
#94620
0#
08
#94625
1#
18
#94630
0#
08
#94635
1#
18
#94640
0#
08
#94645
1#
18
#94650
0#
08
#94655
1#
18
#94660
0#
08
#94665
1#
18
#94670
0#
08
#94675
1#
18
#94680
0#
08
#94685
1#
18
#94690
0#
08
#94695
1#
18
#94700
0#
08
#94705
1#
18
#94710
0#
08
#94715
1#
18
#94720
0#
08
#94725
1#
18
#94730
0#
08
#94735
1#
18
#94740
0#
08
#94745
1#
18
#94750
0#
08
#94755
1#
18
#94760
0#
08
#94765
1#
18
#94770
0#
08
#94775
1#
18
#94780
0#
08
#94785
1#
18
#94790
0#
08
#94795
1#
18
#94800
0#
08
#94805
1#
18
#94810
0#
08
#94815
1#
18
#94820
0#
08
#94825
1#
18
#94830
0#
08
#94835
1#
18
#94840
0#
08
#94845
1#
18
#94850
0#
08
#94855
1#
18
#94860
0#
08
#94865
1#
18
#94870
0#
08
#94875
1#
18
#94880
0#
08
#94885
1#
18
#94890
0#
08
#94895
1#
18
#94900
0#
08
#94905
1#
18
#94910
0#
08
#94915
1#
18
#94920
0#
08
#94925
1#
18
#94930
0#
08
#94935
1#
18
#94940
0#
08
#94945
1#
18
#94950
0#
08
#94955
1#
18
#94960
0#
08
#94965
1#
18
#94970
0#
08
#94975
1#
18
#94980
0#
08
#94985
1#
18
#94990
0#
08
#94995
1#
18
#95000
0#
08
#95005
1#
18
#95010
0#
08
#95015
1#
18
#95020
0#
08
#95025
1#
18
#95030
0#
08
#95035
1#
18
#95040
0#
08
#95045
1#
18
#95050
0#
08
#95055
1#
18
#95060
0#
08
#95065
1#
18
#95070
0#
08
#95075
1#
18
#95080
0#
08
#95085
1#
18
#95090
0#
08
#95095
1#
18
#95100
0#
08
#95105
1#
18
#95110
0#
08
#95115
1#
18
#95120
0#
08
#95125
1#
18
#95130
0#
08
#95135
1#
18
#95140
0#
08
#95145
1#
18
#95150
0#
08
#95155
1#
18
#95160
0#
08
#95165
1#
18
#95170
0#
08
#95175
1#
18
#95180
0#
08
#95185
1#
18
#95190
0#
08
#95195
1#
18
#95200
0#
08
#95205
1#
18
#95210
0#
08
#95215
1#
18
#95220
0#
08
#95225
1#
18
#95230
0#
08
#95235
1#
18
#95240
0#
08
#95245
1#
18
#95250
0#
08
#95255
1#
18
#95260
0#
08
#95265
1#
18
#95270
0#
08
#95275
1#
18
#95280
0#
08
#95285
1#
18
#95290
0#
08
#95295
1#
18
#95300
0#
08
#95305
1#
18
#95310
0#
08
#95315
1#
18
#95320
0#
08
#95325
1#
18
#95330
0#
08
#95335
1#
18
#95340
0#
08
#95345
1#
18
#95350
0#
08
#95355
1#
18
#95360
0#
08
#95365
1#
18
#95370
0#
08
#95375
1#
18
#95380
0#
08
#95385
1#
18
#95390
0#
08
#95395
1#
18
#95400
0#
08
#95405
1#
18
#95410
0#
08
#95415
1#
18
#95420
0#
08
#95425
1#
18
#95430
0#
08
#95435
1#
18
#95440
0#
08
#95445
1#
18
#95450
0#
08
#95455
1#
18
#95460
0#
08
#95465
1#
18
#95470
0#
08
#95475
1#
18
#95480
0#
08
#95485
1#
18
#95490
0#
08
#95495
1#
18
#95500
0#
08
#95505
1#
18
#95510
0#
08
#95515
1#
18
#95520
0#
08
#95525
1#
18
#95530
0#
08
#95535
1#
18
#95540
0#
08
#95545
1#
18
#95550
0#
08
#95555
1#
18
#95560
0#
08
#95565
1#
18
#95570
0#
08
#95575
1#
18
#95580
0#
08
#95585
1#
18
#95590
0#
08
#95595
1#
18
#95600
0#
08
#95605
1#
18
#95610
0#
08
#95615
1#
18
#95620
0#
08
#95625
1#
18
#95630
0#
08
#95635
1#
18
#95640
0#
08
#95645
1#
18
#95650
0#
08
#95655
1#
18
#95660
0#
08
#95665
1#
18
#95670
0#
08
#95675
1#
18
#95680
0#
08
#95685
1#
18
#95690
0#
08
#95695
1#
18
#95700
0#
08
#95705
1#
18
#95710
0#
08
#95715
1#
18
#95720
0#
08
#95725
1#
18
#95730
0#
08
#95735
1#
18
#95740
0#
08
#95745
1#
18
#95750
0#
08
#95755
1#
18
#95760
0#
08
#95765
1#
18
#95770
0#
08
#95775
1#
18
#95780
0#
08
#95785
1#
18
#95790
0#
08
#95795
1#
18
#95800
0#
08
#95805
1#
18
#95810
0#
08
#95815
1#
18
#95820
0#
08
#95825
1#
18
#95830
0#
08
#95835
1#
18
#95840
0#
08
#95845
1#
18
#95850
0#
08
#95855
1#
18
#95860
0#
08
#95865
1#
18
#95870
0#
08
#95875
1#
18
#95880
0#
08
#95885
1#
18
#95890
0#
08
#95895
1#
18
#95900
0#
08
#95905
1#
18
#95910
0#
08
#95915
1#
18
#95920
0#
08
#95925
1#
18
#95930
0#
08
#95935
1#
18
#95940
0#
08
#95945
1#
18
#95950
0#
08
#95955
1#
18
#95960
0#
08
#95965
1#
18
#95970
0#
08
#95975
1#
18
#95980
0#
08
#95985
1#
18
#95990
0#
08
#95995
1#
18
#96000
0#
08
#96005
1#
18
#96010
0#
08
#96015
1#
18
#96020
0#
08
#96025
1#
18
#96030
0#
08
#96035
1#
18
#96040
0#
08
#96045
1#
18
#96050
0#
08
#96055
1#
18
#96060
0#
08
#96065
1#
18
#96070
0#
08
#96075
1#
18
#96080
0#
08
#96085
1#
18
#96090
0#
08
#96095
1#
18
#96100
0#
08
#96105
1#
18
#96110
0#
08
#96115
1#
18
#96120
0#
08
#96125
1#
18
#96130
0#
08
#96135
1#
18
#96140
0#
08
#96145
1#
18
#96150
0#
08
#96155
1#
18
#96160
0#
08
#96165
1#
18
#96170
0#
08
#96175
1#
18
#96180
0#
08
#96185
1#
18
#96190
0#
08
#96195
1#
18
#96200
0#
08
#96205
1#
18
#96210
0#
08
#96215
1#
18
#96220
0#
08
#96225
1#
18
#96230
0#
08
#96235
1#
18
#96240
0#
08
#96245
1#
18
#96250
0#
08
#96255
1#
18
#96260
0#
08
#96265
1#
18
#96270
0#
08
#96275
1#
18
#96280
0#
08
#96285
1#
18
#96290
0#
08
#96295
1#
18
#96300
0#
08
#96305
1#
18
#96310
0#
08
#96315
1#
18
#96320
0#
08
#96325
1#
18
#96330
0#
08
#96335
1#
18
#96340
0#
08
#96345
1#
18
#96350
0#
08
#96355
1#
18
#96360
0#
08
#96365
1#
18
#96370
0#
08
#96375
1#
18
#96380
0#
08
#96385
1#
18
#96390
0#
08
#96395
1#
18
#96400
0#
08
#96405
1#
18
#96410
0#
08
#96415
1#
18
#96420
0#
08
#96425
1#
18
#96430
0#
08
#96435
1#
18
#96440
0#
08
#96445
1#
18
#96450
0#
08
#96455
1#
18
#96460
0#
08
#96465
1#
18
#96470
0#
08
#96475
1#
18
#96480
0#
08
#96485
1#
18
#96490
0#
08
#96495
1#
18
#96500
0#
08
#96505
1#
18
#96510
0#
08
#96515
1#
18
#96520
0#
08
#96525
1#
18
#96530
0#
08
#96535
1#
18
#96540
0#
08
#96545
1#
18
#96550
0#
08
#96555
1#
18
#96560
0#
08
#96565
1#
18
#96570
0#
08
#96575
1#
18
#96580
0#
08
#96585
1#
18
#96590
0#
08
#96595
1#
18
#96600
0#
08
#96605
1#
18
#96610
0#
08
#96615
1#
18
#96620
0#
08
#96625
1#
18
#96630
0#
08
#96635
1#
18
#96640
0#
08
#96645
1#
18
#96650
0#
08
#96655
1#
18
#96660
0#
08
#96665
1#
18
#96670
0#
08
#96675
1#
18
#96680
0#
08
#96685
1#
18
#96690
0#
08
#96695
1#
18
#96700
0#
08
#96705
1#
18
#96710
0#
08
#96715
1#
18
#96720
0#
08
#96725
1#
18
#96730
0#
08
#96735
1#
18
#96740
0#
08
#96745
1#
18
#96750
0#
08
#96755
1#
18
#96760
0#
08
#96765
1#
18
#96770
0#
08
#96775
1#
18
#96780
0#
08
#96785
1#
18
#96790
0#
08
#96795
1#
18
#96800
0#
08
#96805
1#
18
#96810
0#
08
#96815
1#
18
#96820
0#
08
#96825
1#
18
#96830
0#
08
#96835
1#
18
#96840
0#
08
#96845
1#
18
#96850
0#
08
#96855
1#
18
#96860
0#
08
#96865
1#
18
#96870
0#
08
#96875
1#
18
#96880
0#
08
#96885
1#
18
#96890
0#
08
#96895
1#
18
#96900
0#
08
#96905
1#
18
#96910
0#
08
#96915
1#
18
#96920
0#
08
#96925
1#
18
#96930
0#
08
#96935
1#
18
#96940
0#
08
#96945
1#
18
#96950
0#
08
#96955
1#
18
#96960
0#
08
#96965
1#
18
#96970
0#
08
#96975
1#
18
#96980
0#
08
#96985
1#
18
#96990
0#
08
#96995
1#
18
#97000
0#
08
#97005
1#
18
#97010
0#
08
#97015
1#
18
#97020
0#
08
#97025
1#
18
#97030
0#
08
#97035
1#
18
#97040
0#
08
#97045
1#
18
#97050
0#
08
#97055
1#
18
#97060
0#
08
#97065
1#
18
#97070
0#
08
#97075
1#
18
#97080
0#
08
#97085
1#
18
#97090
0#
08
#97095
1#
18
#97100
0#
08
#97105
1#
18
#97110
0#
08
#97115
1#
18
#97120
0#
08
#97125
1#
18
#97130
0#
08
#97135
1#
18
#97140
0#
08
#97145
1#
18
#97150
0#
08
#97155
1#
18
#97160
0#
08
#97165
1#
18
#97170
0#
08
#97175
1#
18
#97180
0#
08
#97185
1#
18
#97190
0#
08
#97195
1#
18
#97200
0#
08
#97205
1#
18
#97210
0#
08
#97215
1#
18
#97220
0#
08
#97225
1#
18
#97230
0#
08
#97235
1#
18
#97240
0#
08
#97245
1#
18
#97250
0#
08
#97255
1#
18
#97260
0#
08
#97265
1#
18
#97270
0#
08
#97275
1#
18
#97280
0#
08
#97285
1#
18
#97290
0#
08
#97295
1#
18
#97300
0#
08
#97305
1#
18
#97310
0#
08
#97315
1#
18
#97320
0#
08
#97325
1#
18
#97330
0#
08
#97335
1#
18
#97340
0#
08
#97345
1#
18
#97350
0#
08
#97355
1#
18
#97360
0#
08
#97365
1#
18
#97370
0#
08
#97375
1#
18
#97380
0#
08
#97385
1#
18
#97390
0#
08
#97395
1#
18
#97400
0#
08
#97405
1#
18
#97410
0#
08
#97415
1#
18
#97420
0#
08
#97425
1#
18
#97430
0#
08
#97435
1#
18
#97440
0#
08
#97445
1#
18
#97450
0#
08
#97455
1#
18
#97460
0#
08
#97465
1#
18
#97470
0#
08
#97475
1#
18
#97480
0#
08
#97485
1#
18
#97490
0#
08
#97495
1#
18
#97500
0#
08
#97505
1#
18
#97510
0#
08
#97515
1#
18
#97520
0#
08
#97525
1#
18
#97530
0#
08
#97535
1#
18
#97540
0#
08
#97545
1#
18
#97550
0#
08
#97555
1#
18
#97560
0#
08
#97565
1#
18
#97570
0#
08
#97575
1#
18
#97580
0#
08
#97585
1#
18
#97590
0#
08
#97595
1#
18
#97600
0#
08
#97605
1#
18
#97610
0#
08
#97615
1#
18
#97620
0#
08
#97625
1#
18
#97630
0#
08
#97635
1#
18
#97640
0#
08
#97645
1#
18
#97650
0#
08
#97655
1#
18
#97660
0#
08
#97665
1#
18
#97670
0#
08
#97675
1#
18
#97680
0#
08
#97685
1#
18
#97690
0#
08
#97695
1#
18
#97700
0#
08
#97705
1#
18
#97710
0#
08
#97715
1#
18
#97720
0#
08
#97725
1#
18
#97730
0#
08
#97735
1#
18
#97740
0#
08
#97745
1#
18
#97750
0#
08
#97755
1#
18
#97760
0#
08
#97765
1#
18
#97770
0#
08
#97775
1#
18
#97780
0#
08
#97785
1#
18
#97790
0#
08
#97795
1#
18
#97800
0#
08
#97805
1#
18
#97810
0#
08
#97815
1#
18
#97820
0#
08
#97825
1#
18
#97830
0#
08
#97835
1#
18
#97840
0#
08
#97845
1#
18
#97850
0#
08
#97855
1#
18
#97860
0#
08
#97865
1#
18
#97870
0#
08
#97875
1#
18
#97880
0#
08
#97885
1#
18
#97890
0#
08
#97895
1#
18
#97900
0#
08
#97905
1#
18
#97910
0#
08
#97915
1#
18
#97920
0#
08
#97925
1#
18
#97930
0#
08
#97935
1#
18
#97940
0#
08
#97945
1#
18
#97950
0#
08
#97955
1#
18
#97960
0#
08
#97965
1#
18
#97970
0#
08
#97975
1#
18
#97980
0#
08
#97985
1#
18
#97990
0#
08
#97995
1#
18
#98000
0#
08
#98005
1#
18
#98010
0#
08
#98015
1#
18
#98020
0#
08
#98025
1#
18
#98030
0#
08
#98035
1#
18
#98040
0#
08
#98045
1#
18
#98050
0#
08
#98055
1#
18
#98060
0#
08
#98065
1#
18
#98070
0#
08
#98075
1#
18
#98080
0#
08
#98085
1#
18
#98090
0#
08
#98095
1#
18
#98100
0#
08
#98105
1#
18
#98110
0#
08
#98115
1#
18
#98120
0#
08
#98125
1#
18
#98130
0#
08
#98135
1#
18
#98140
0#
08
#98145
1#
18
#98150
0#
08
#98155
1#
18
#98160
0#
08
#98165
1#
18
#98170
0#
08
#98175
1#
18
#98180
0#
08
#98185
1#
18
#98190
0#
08
#98195
1#
18
#98200
0#
08
#98205
1#
18
#98210
0#
08
#98215
1#
18
#98220
0#
08
#98225
1#
18
#98230
0#
08
#98235
1#
18
#98240
0#
08
#98245
1#
18
#98250
0#
08
#98255
1#
18
#98260
0#
08
#98265
1#
18
#98270
0#
08
#98275
1#
18
#98280
0#
08
#98285
1#
18
#98290
0#
08
#98295
1#
18
#98300
0#
08
#98305
1#
18
#98310
0#
08
#98315
1#
18
#98320
0#
08
#98325
1#
18
#98330
0#
08
#98335
1#
18
#98340
0#
08
#98345
1#
18
#98350
0#
08
#98355
1#
18
#98360
0#
08
#98365
1#
18
#98370
0#
08
#98375
1#
18
#98380
0#
08
#98385
1#
18
#98390
0#
08
#98395
1#
18
#98400
0#
08
#98405
1#
18
#98410
0#
08
#98415
1#
18
#98420
0#
08
#98425
1#
18
#98430
0#
08
#98435
1#
18
#98440
0#
08
#98445
1#
18
#98450
0#
08
#98455
1#
18
#98460
0#
08
#98465
1#
18
#98470
0#
08
#98475
1#
18
#98480
0#
08
#98485
1#
18
#98490
0#
08
#98495
1#
18
#98500
0#
08
#98505
1#
18
#98510
0#
08
#98515
1#
18
#98520
0#
08
#98525
1#
18
#98530
0#
08
#98535
1#
18
#98540
0#
08
#98545
1#
18
#98550
0#
08
#98555
1#
18
#98560
0#
08
#98565
1#
18
#98570
0#
08
#98575
1#
18
#98580
0#
08
#98585
1#
18
#98590
0#
08
#98595
1#
18
#98600
0#
08
#98605
1#
18
#98610
0#
08
#98615
1#
18
#98620
0#
08
#98625
1#
18
#98630
0#
08
#98635
1#
18
#98640
0#
08
#98645
1#
18
#98650
0#
08
#98655
1#
18
#98660
0#
08
#98665
1#
18
#98670
0#
08
#98675
1#
18
#98680
0#
08
#98685
1#
18
#98690
0#
08
#98695
1#
18
#98700
0#
08
#98705
1#
18
#98710
0#
08
#98715
1#
18
#98720
0#
08
#98725
1#
18
#98730
0#
08
#98735
1#
18
#98740
0#
08
#98745
1#
18
#98750
0#
08
#98755
1#
18
#98760
0#
08
#98765
1#
18
#98770
0#
08
#98775
1#
18
#98780
0#
08
#98785
1#
18
#98790
0#
08
#98795
1#
18
#98800
0#
08
#98805
1#
18
#98810
0#
08
#98815
1#
18
#98820
0#
08
#98825
1#
18
#98830
0#
08
#98835
1#
18
#98840
0#
08
#98845
1#
18
#98850
0#
08
#98855
1#
18
#98860
0#
08
#98865
1#
18
#98870
0#
08
#98875
1#
18
#98880
0#
08
#98885
1#
18
#98890
0#
08
#98895
1#
18
#98900
0#
08
#98905
1#
18
#98910
0#
08
#98915
1#
18
#98920
0#
08
#98925
1#
18
#98930
0#
08
#98935
1#
18
#98940
0#
08
#98945
1#
18
#98950
0#
08
#98955
1#
18
#98960
0#
08
#98965
1#
18
#98970
0#
08
#98975
1#
18
#98980
0#
08
#98985
1#
18
#98990
0#
08
#98995
1#
18
#99000
0#
08
#99005
1#
18
#99010
0#
08
#99015
1#
18
#99020
0#
08
#99025
1#
18
#99030
0#
08
#99035
1#
18
#99040
0#
08
#99045
1#
18
#99050
0#
08
#99055
1#
18
#99060
0#
08
#99065
1#
18
#99070
0#
08
#99075
1#
18
#99080
0#
08
#99085
1#
18
#99090
0#
08
#99095
1#
18
#99100
0#
08
#99105
1#
18
#99110
0#
08
#99115
1#
18
#99120
0#
08
#99125
1#
18
#99130
0#
08
#99135
1#
18
#99140
0#
08
#99145
1#
18
#99150
0#
08
#99155
1#
18
#99160
0#
08
#99165
1#
18
#99170
0#
08
#99175
1#
18
#99180
0#
08
#99185
1#
18
#99190
0#
08
#99195
1#
18
#99200
0#
08
#99205
1#
18
#99210
0#
08
#99215
1#
18
#99220
0#
08
#99225
1#
18
#99230
0#
08
#99235
1#
18
#99240
0#
08
#99245
1#
18
#99250
0#
08
#99255
1#
18
#99260
0#
08
#99265
1#
18
#99270
0#
08
#99275
1#
18
#99280
0#
08
#99285
1#
18
#99290
0#
08
#99295
1#
18
#99300
0#
08
#99305
1#
18
#99310
0#
08
#99315
1#
18
#99320
0#
08
#99325
1#
18
#99330
0#
08
#99335
1#
18
#99340
0#
08
#99345
1#
18
#99350
0#
08
#99355
1#
18
#99360
0#
08
#99365
1#
18
#99370
0#
08
#99375
1#
18
#99380
0#
08
#99385
1#
18
#99390
0#
08
#99395
1#
18
#99400
0#
08
#99405
1#
18
#99410
0#
08
#99415
1#
18
#99420
0#
08
#99425
1#
18
#99430
0#
08
#99435
1#
18
#99440
0#
08
#99445
1#
18
#99450
0#
08
#99455
1#
18
#99460
0#
08
#99465
1#
18
#99470
0#
08
#99475
1#
18
#99480
0#
08
#99485
1#
18
#99490
0#
08
#99495
1#
18
#99500
0#
08
#99505
1#
18
#99510
0#
08
#99515
1#
18
#99520
0#
08
#99525
1#
18
#99530
0#
08
#99535
1#
18
#99540
0#
08
#99545
1#
18
#99550
0#
08
#99555
1#
18
#99560
0#
08
#99565
1#
18
#99570
0#
08
#99575
1#
18
#99580
0#
08
#99585
1#
18
#99590
0#
08
#99595
1#
18
#99600
0#
08
#99605
1#
18
#99610
0#
08
#99615
1#
18
#99620
0#
08
#99625
1#
18
#99630
0#
08
#99635
1#
18
#99640
0#
08
#99645
1#
18
#99650
0#
08
#99655
1#
18
#99660
0#
08
#99665
1#
18
#99670
0#
08
#99675
1#
18
#99680
0#
08
#99685
1#
18
#99690
0#
08
#99695
1#
18
#99700
0#
08
#99705
1#
18
#99710
0#
08
#99715
1#
18
#99720
0#
08
#99725
1#
18
#99730
0#
08
#99735
1#
18
#99740
0#
08
#99745
1#
18
#99750
0#
08
#99755
1#
18
#99760
0#
08
#99765
1#
18
#99770
0#
08
#99775
1#
18
#99780
0#
08
#99785
1#
18
#99790
0#
08
#99795
1#
18
#99800
0#
08
#99805
1#
18
#99810
0#
08
#99815
1#
18
#99820
0#
08
#99825
1#
18
#99830
0#
08
#99835
1#
18
#99840
0#
08
#99845
1#
18
#99850
0#
08
#99855
1#
18
#99860
0#
08
#99865
1#
18
#99870
0#
08
#99875
1#
18
#99880
0#
08
#99885
1#
18
#99890
0#
08
#99895
1#
18
#99900
0#
08
#99905
1#
18
#99910
0#
08
#99915
1#
18
#99920
0#
08
#99925
1#
18
#99930
0#
08
#99935
1#
18
#99940
0#
08
#99945
1#
18
#99950
0#
08
#99955
1#
18
#99960
0#
08
#99965
1#
18
#99970
0#
08
#99975
1#
18
#99980
0#
08
#99985
1#
18
#99990
0#
08
#99995
1#
18
#100000
0#
08
